DEBUG - 2026-08-08 13:37:58 --> Session: Class initialized using 'CodeIgniter\Session\Handlers\FileHandler' driver.
DEBUG - 2026-08-08 13:38:12 --> Session: Class initialized using 'CodeIgniter\Session\Handlers\FileHandler' driver.
DEBUG - 2026-08-08 13:38:12 --> Session: Class initialized using 'CodeIgniter\Session\Handlers\FileHandler' driver.
DEBUG - 2026-08-08 13:38:53 --> Session: Class initialized using 'CodeIgniter\Session\Handlers\FileHandler' driver.
ERROR - 2026-08-08 13:38:53 --> mysqli_sql_exception: Unknown column 's.total_amount' in 'field list' in C:\laragon\www\pharmacy-project\system\Database\MySQLi\Connection.php:327
Stack trace:
#0 C:\laragon\www\pharmacy-project\system\Database\MySQLi\Connection.php(327): mysqli->query('SELECT\r\n       ...', 0)
#1 C:\laragon\www\pharmacy-project\system\Database\BaseConnection.php(729): CodeIgniter\Database\MySQLi\Connection->execute('SELECT\r\n       ...')
#2 C:\laragon\www\pharmacy-project\system\Database\BaseConnection.php(646): CodeIgniter\Database\BaseConnection->simpleQuery('SELECT\r\n       ...')
#3 C:\laragon\www\pharmacy-project\app\Controllers\SaleReturnListController.php(65): CodeIgniter\Database\BaseConnection->query('SELECT\r\n       ...')
#4 C:\laragon\www\pharmacy-project\system\CodeIgniter.php(933): App\Controllers\SaleReturnListController->index()
#5 C:\laragon\www\pharmacy-project\system\CodeIgniter.php(507): CodeIgniter\CodeIgniter->runController(Object(App\Controllers\SaleReturnListController))
#6 C:\laragon\www\pharmacy-project\system\CodeIgniter.php(354): CodeIgniter\CodeIgniter->handleRequest(NULL, Object(Config\Cache), false)
#7 C:\laragon\www\pharmacy-project\system\Boot.php(363): CodeIgniter\CodeIgniter->run()
#8 C:\laragon\www\pharmacy-project\system\Boot.php(68): CodeIgniter\Boot::runCodeIgniter(Object(CodeIgniter\CodeIgniter))
#9 C:\laragon\www\pharmacy-project\index.php(59): CodeIgniter\Boot::bootWeb(Object(Config\Paths))
#10 {main}
CRITICAL - 2026-08-08 13:38:53 --> CodeIgniter\Database\Exceptions\DatabaseException: Unknown column 's.total_amount' in 'field list'
[Method: GET, Route: return]
in SYSTEMPATH\Database\BaseConnection.php on line 684.
 1 APPPATH\Controllers\SaleReturnListController.php(65): CodeIgniter\Database\BaseConnection->query('SELECT
        s.sales_id,
        s.sales_invoice,
        s.sales_date,
    
        c.customer_name AS customer_name,
    
        u.user_name AS seller_name,
    
        s.total_amount AS total_sale,
        s.product_vat,
        s.product_discount,
        s.other_charge_on_all,
    
        s.paid_amount AS total_paid,
    
        IFNULL(cd.total_due, 0) AS customer_due,
    
        CASE
            WHEN IFNULL(cd.total_due, 0) = 0
                THEN \'Fully Paid\'
            ELSE \'Partially Paid\'
        END AS payment_status
    
    FROM sales s
    
    LEFT JOIN customer c
        ON c.customer_id = s.customer_id
    
    LEFT JOIN user u
        ON u.user_id = s.seller_id
    
    LEFT JOIN
    (
        SELECT
            sales_id,
            SUM(due_amount) AS total_due
        FROM customer_due
        GROUP BY sales_id
    ) cd
        ON cd.sales_id = s.sales_id
    
    WHERE s.return_status <> \'FULL\'
    
    ORDER BY s.sales_date DESC,
             s.sales_invoice DESC')
 2 SYSTEMPATH\CodeIgniter.php(933): App\Controllers\SaleReturnListController->index()
 3 SYSTEMPATH\CodeIgniter.php(507): CodeIgniter\CodeIgniter->runController(Object(App\Controllers\SaleReturnListController))
 4 SYSTEMPATH\CodeIgniter.php(354): CodeIgniter\CodeIgniter->handleRequest(null, Object(Config\Cache), false)
 5 SYSTEMPATH\Boot.php(363): CodeIgniter\CodeIgniter->run()
 6 SYSTEMPATH\Boot.php(68): CodeIgniter\Boot::runCodeIgniter(Object(CodeIgniter\CodeIgniter))
 7 FCPATH\index.php(59): CodeIgniter\Boot::bootWeb(Object(Config\Paths))
CRITICAL - 2026-08-08 13:38:53 --> [Caused by] CodeIgniter\Database\Exceptions\DatabaseException: Unknown column 's.total_amount' in 'field list'
in SYSTEMPATH\Database\MySQLi\Connection.php on line 332.
 1 SYSTEMPATH\Database\BaseConnection.php(729): CodeIgniter\Database\MySQLi\Connection->execute('SELECT
        s.sales_id,
        s.sales_invoice,
        s.sales_date,
    
        c.customer_name AS customer_name,
    
        u.user_name AS seller_name,
    
        s.total_amount AS total_sale,
        s.product_vat,
        s.product_discount,
        s.other_charge_on_all,
    
        s.paid_amount AS total_paid,
    
        IFNULL(cd.total_due, 0) AS customer_due,
    
        CASE
            WHEN IFNULL(cd.total_due, 0) = 0
                THEN \'Fully Paid\'
            ELSE \'Partially Paid\'
        END AS payment_status
    
    FROM sales s
    
    LEFT JOIN customer c
        ON c.customer_id = s.customer_id
    
    LEFT JOIN user u
        ON u.user_id = s.seller_id
    
    LEFT JOIN
    (
        SELECT
            sales_id,
            SUM(due_amount) AS total_due
        FROM customer_due
        GROUP BY sales_id
    ) cd
        ON cd.sales_id = s.sales_id
    
    WHERE s.return_status <> \'FULL\'
    
    ORDER BY s.sales_date DESC,
             s.sales_invoice DESC')
 2 SYSTEMPATH\Database\BaseConnection.php(646): CodeIgniter\Database\BaseConnection->simpleQuery('SELECT
        s.sales_id,
        s.sales_invoice,
        s.sales_date,
    
        c.customer_name AS customer_name,
    
        u.user_name AS seller_name,
    
        s.total_amount AS total_sale,
        s.product_vat,
        s.product_discount,
        s.other_charge_on_all,
    
        s.paid_amount AS total_paid,
    
        IFNULL(cd.total_due, 0) AS customer_due,
    
        CASE
            WHEN IFNULL(cd.total_due, 0) = 0
                THEN \'Fully Paid\'
            ELSE \'Partially Paid\'
        END AS payment_status
    
    FROM sales s
    
    LEFT JOIN customer c
        ON c.customer_id = s.customer_id
    
    LEFT JOIN user u
        ON u.user_id = s.seller_id
    
    LEFT JOIN
    (
        SELECT
            sales_id,
            SUM(due_amount) AS total_due
        FROM customer_due
        GROUP BY sales_id
    ) cd
        ON cd.sales_id = s.sales_id
    
    WHERE s.return_status <> \'FULL\'
    
    ORDER BY s.sales_date DESC,
             s.sales_invoice DESC')
 3 APPPATH\Controllers\SaleReturnListController.php(65): CodeIgniter\Database\BaseConnection->query('SELECT
        s.sales_id,
        s.sales_invoice,
        s.sales_date,
    
        c.customer_name AS customer_name,
    
        u.user_name AS seller_name,
    
        s.total_amount AS total_sale,
        s.product_vat,
        s.product_discount,
        s.other_charge_on_all,
    
        s.paid_amount AS total_paid,
    
        IFNULL(cd.total_due, 0) AS customer_due,
    
        CASE
            WHEN IFNULL(cd.total_due, 0) = 0
                THEN \'Fully Paid\'
            ELSE \'Partially Paid\'
        END AS payment_status
    
    FROM sales s
    
    LEFT JOIN customer c
        ON c.customer_id = s.customer_id
    
    LEFT JOIN user u
        ON u.user_id = s.seller_id
    
    LEFT JOIN
    (
        SELECT
            sales_id,
            SUM(due_amount) AS total_due
        FROM customer_due
        GROUP BY sales_id
    ) cd
        ON cd.sales_id = s.sales_id
    
    WHERE s.return_status <> \'FULL\'
    
    ORDER BY s.sales_date DESC,
             s.sales_invoice DESC')
 4 SYSTEMPATH\CodeIgniter.php(933): App\Controllers\SaleReturnListController->index()
 5 SYSTEMPATH\CodeIgniter.php(507): CodeIgniter\CodeIgniter->runController(Object(App\Controllers\SaleReturnListController))
 6 SYSTEMPATH\CodeIgniter.php(354): CodeIgniter\CodeIgniter->handleRequest(null, Object(Config\Cache), false)
 7 SYSTEMPATH\Boot.php(363): CodeIgniter\CodeIgniter->run()
 8 SYSTEMPATH\Boot.php(68): CodeIgniter\Boot::runCodeIgniter(Object(CodeIgniter\CodeIgniter))
 9 FCPATH\index.php(59): CodeIgniter\Boot::bootWeb(Object(Config\Paths))
CRITICAL - 2026-08-08 13:38:53 --> [Caused by] mysqli_sql_exception: Unknown column 's.total_amount' in 'field list'
in SYSTEMPATH\Database\MySQLi\Connection.php on line 327.
 1 SYSTEMPATH\Database\MySQLi\Connection.php(327): mysqli->query('SELECT
        s.sales_id,
        s.sales_invoice,
        s.sales_date,
    
        c.customer_name AS customer_name,
    
        u.user_name AS seller_name,
    
        s.total_amount AS total_sale,
        s.product_vat,
        s.product_discount,
        s.other_charge_on_all,
    
        s.paid_amount AS total_paid,
    
        IFNULL(cd.total_due, 0) AS customer_due,
    
        CASE
            WHEN IFNULL(cd.total_due, 0) = 0
                THEN \'Fully Paid\'
            ELSE \'Partially Paid\'
        END AS payment_status
    
    FROM sales s
    
    LEFT JOIN customer c
        ON c.customer_id = s.customer_id
    
    LEFT JOIN user u
        ON u.user_id = s.seller_id
    
    LEFT JOIN
    (
        SELECT
            sales_id,
            SUM(due_amount) AS total_due
        FROM customer_due
        GROUP BY sales_id
    ) cd
        ON cd.sales_id = s.sales_id
    
    WHERE s.return_status <> \'FULL\'
    
    ORDER BY s.sales_date DESC,
             s.sales_invoice DESC', 0)
 2 SYSTEMPATH\Database\BaseConnection.php(729): CodeIgniter\Database\MySQLi\Connection->execute('SELECT
        s.sales_id,
        s.sales_invoice,
        s.sales_date,
    
        c.customer_name AS customer_name,
    
        u.user_name AS seller_name,
    
        s.total_amount AS total_sale,
        s.product_vat,
        s.product_discount,
        s.other_charge_on_all,
    
        s.paid_amount AS total_paid,
    
        IFNULL(cd.total_due, 0) AS customer_due,
    
        CASE
            WHEN IFNULL(cd.total_due, 0) = 0
                THEN \'Fully Paid\'
            ELSE \'Partially Paid\'
        END AS payment_status
    
    FROM sales s
    
    LEFT JOIN customer c
        ON c.customer_id = s.customer_id
    
    LEFT JOIN user u
        ON u.user_id = s.seller_id
    
    LEFT JOIN
    (
        SELECT
            sales_id,
            SUM(due_amount) AS total_due
        FROM customer_due
        GROUP BY sales_id
    ) cd
        ON cd.sales_id = s.sales_id
    
    WHERE s.return_status <> \'FULL\'
    
    ORDER BY s.sales_date DESC,
             s.sales_invoice DESC')
 3 SYSTEMPATH\Database\BaseConnection.php(646): CodeIgniter\Database\BaseConnection->simpleQuery('SELECT
        s.sales_id,
        s.sales_invoice,
        s.sales_date,
    
        c.customer_name AS customer_name,
    
        u.user_name AS seller_name,
    
        s.total_amount AS total_sale,
        s.product_vat,
        s.product_discount,
        s.other_charge_on_all,
    
        s.paid_amount AS total_paid,
    
        IFNULL(cd.total_due, 0) AS customer_due,
    
        CASE
            WHEN IFNULL(cd.total_due, 0) = 0
                THEN \'Fully Paid\'
            ELSE \'Partially Paid\'
        END AS payment_status
    
    FROM sales s
    
    LEFT JOIN customer c
        ON c.customer_id = s.customer_id
    
    LEFT JOIN user u
        ON u.user_id = s.seller_id
    
    LEFT JOIN
    (
        SELECT
            sales_id,
            SUM(due_amount) AS total_due
        FROM customer_due
        GROUP BY sales_id
    ) cd
        ON cd.sales_id = s.sales_id
    
    WHERE s.return_status <> \'FULL\'
    
    ORDER BY s.sales_date DESC,
             s.sales_invoice DESC')
 4 APPPATH\Controllers\SaleReturnListController.php(65): CodeIgniter\Database\BaseConnection->query('SELECT
        s.sales_id,
        s.sales_invoice,
        s.sales_date,
    
        c.customer_name AS customer_name,
    
        u.user_name AS seller_name,
    
        s.total_amount AS total_sale,
        s.product_vat,
        s.product_discount,
        s.other_charge_on_all,
    
        s.paid_amount AS total_paid,
    
        IFNULL(cd.total_due, 0) AS customer_due,
    
        CASE
            WHEN IFNULL(cd.total_due, 0) = 0
                THEN \'Fully Paid\'
            ELSE \'Partially Paid\'
        END AS payment_status
    
    FROM sales s
    
    LEFT JOIN customer c
        ON c.customer_id = s.customer_id
    
    LEFT JOIN user u
        ON u.user_id = s.seller_id
    
    LEFT JOIN
    (
        SELECT
            sales_id,
            SUM(due_amount) AS total_due
        FROM customer_due
        GROUP BY sales_id
    ) cd
        ON cd.sales_id = s.sales_id
    
    WHERE s.return_status <> \'FULL\'
    
    ORDER BY s.sales_date DESC,
             s.sales_invoice DESC')
 5 SYSTEMPATH\CodeIgniter.php(933): App\Controllers\SaleReturnListController->index()
 6 SYSTEMPATH\CodeIgniter.php(507): CodeIgniter\CodeIgniter->runController(Object(App\Controllers\SaleReturnListController))
 7 SYSTEMPATH\CodeIgniter.php(354): CodeIgniter\CodeIgniter->handleRequest(null, Object(Config\Cache), false)
 8 SYSTEMPATH\Boot.php(363): CodeIgniter\CodeIgniter->run()
 9 SYSTEMPATH\Boot.php(68): CodeIgniter\Boot::runCodeIgniter(Object(CodeIgniter\CodeIgniter))
10 FCPATH\index.php(59): CodeIgniter\Boot::bootWeb(Object(Config\Paths))
DEBUG - 2026-08-08 13:57:05 --> Session: Class initialized using 'CodeIgniter\Session\Handlers\FileHandler' driver.
DEBUG - 2026-08-08 13:57:05 --> Session: Class initialized using 'CodeIgniter\Session\Handlers\FileHandler' driver.
DEBUG - 2026-08-08 14:04:55 --> Session: Class initialized using 'CodeIgniter\Session\Handlers\FileHandler' driver.
DEBUG - 2026-08-08 14:11:46 --> Session: Class initialized using 'CodeIgniter\Session\Handlers\FileHandler' driver.
ERROR - 2026-08-08 14:11:46 --> mysqli_sql_exception: Table 'pharmacy_db.product_inital_stock' doesn't exist in C:\laragon\www\pharmacy-project\system\Database\MySQLi\Connection.php:327
Stack trace:
#0 C:\laragon\www\pharmacy-project\system\Database\MySQLi\Connection.php(327): mysqli->query('\r\n             ...', 0)
#1 C:\laragon\www\pharmacy-project\system\Database\BaseConnection.php(729): CodeIgniter\Database\MySQLi\Connection->execute('\r\n             ...')
#2 C:\laragon\www\pharmacy-project\system\Database\BaseConnection.php(646): CodeIgniter\Database\BaseConnection->simpleQuery('\r\n             ...')
#3 C:\laragon\www\pharmacy-project\app\Controllers\ReturnController.php(78): CodeIgniter\Database\BaseConnection->query('\r\n             ...', Array)
#4 C:\laragon\www\pharmacy-project\system\CodeIgniter.php(933): App\Controllers\ReturnController->getProducts()
#5 C:\laragon\www\pharmacy-project\system\CodeIgniter.php(507): CodeIgniter\CodeIgniter->runController(Object(App\Controllers\ReturnController))
#6 C:\laragon\www\pharmacy-project\system\CodeIgniter.php(354): CodeIgniter\CodeIgniter->handleRequest(NULL, Object(Config\Cache), false)
#7 C:\laragon\www\pharmacy-project\system\Boot.php(363): CodeIgniter\CodeIgniter->run()
#8 C:\laragon\www\pharmacy-project\system\Boot.php(68): CodeIgniter\Boot::runCodeIgniter(Object(CodeIgniter\CodeIgniter))
#9 C:\laragon\www\pharmacy-project\index.php(59): CodeIgniter\Boot::bootWeb(Object(Config\Paths))
#10 {main}
CRITICAL - 2026-08-08 14:11:46 --> CodeIgniter\Database\Exceptions\DatabaseException: Table 'pharmacy_db.product_inital_stock' doesn't exist
[Method: POST, Route: return/products]
in SYSTEMPATH\Database\BaseConnection.php on line 684.
 1 APPPATH\Controllers\ReturnController.php(78): CodeIgniter\Database\BaseConnection->query('
                    SELECT
                        sd.sales_details_invoice,
                        sd.product_id,
                        p.product_name,
                        sd.unit_price,
                        sd.total_buy_price,
                        sd.total_sale_price,
                        sd.product_quantity_sold AS sold_qty,

                        IFNULL(r.return_qty,0) AS return_qty,
                        sd.product_quantity_sold - IFNULL(r.return_qty, 0) AS remaining_qty,

                        CASE
                            WHEN IFNULL(r.return_qty,0) = 0 THEN \'ACTIVE\'
                            WHEN IFNULL(r.return_qty,0) < sd.product_quantity_sold THEN \'PARTIAL\'
                            WHEN IFNULL(r.return_qty,0) = sd.product_quantity_sold THEN \'FULL\'
                        END AS return_status

                    FROM sales_details sd

                    LEFT JOIN product_inital_stock p
                        ON p.product_id = sd.product_id

                    LEFT JOIN (
                        SELECT
                            sales_details_invoice,
                            product_id,
                            SUM(return_qty) AS return_qty
                        FROM return_sales_details
                        GROUP BY sales_details_invoice, product_id
                    ) r
                        ON r.sales_details_invoice = sd.sales_details_invoice
                        AND r.product_id = sd.product_id

                    WHERE sd.sales_details_invoice = ?
                ', [...])
 2 SYSTEMPATH\CodeIgniter.php(933): App\Controllers\ReturnController->getProducts()
 3 SYSTEMPATH\CodeIgniter.php(507): CodeIgniter\CodeIgniter->runController(Object(App\Controllers\ReturnController))
 4 SYSTEMPATH\CodeIgniter.php(354): CodeIgniter\CodeIgniter->handleRequest(null, Object(Config\Cache), false)
 5 SYSTEMPATH\Boot.php(363): CodeIgniter\CodeIgniter->run()
 6 SYSTEMPATH\Boot.php(68): CodeIgniter\Boot::runCodeIgniter(Object(CodeIgniter\CodeIgniter))
 7 FCPATH\index.php(59): CodeIgniter\Boot::bootWeb(Object(Config\Paths))
CRITICAL - 2026-08-08 14:11:46 --> [Caused by] CodeIgniter\Database\Exceptions\DatabaseException: Table 'pharmacy_db.product_inital_stock' doesn't exist
in SYSTEMPATH\Database\MySQLi\Connection.php on line 332.
 1 SYSTEMPATH\Database\BaseConnection.php(729): CodeIgniter\Database\MySQLi\Connection->execute('
                    SELECT
                        sd.sales_details_invoice,
                        sd.product_id,
                        p.product_name,
                        sd.unit_price,
                        sd.total_buy_price,
                        sd.total_sale_price,
                        sd.product_quantity_sold AS sold_qty,

                        IFNULL(r.return_qty,0) AS return_qty,
                        sd.product_quantity_sold - IFNULL(r.return_qty, 0) AS remaining_qty,

                        CASE
                            WHEN IFNULL(r.return_qty,0) = 0 THEN \'ACTIVE\'
                            WHEN IFNULL(r.return_qty,0) < sd.product_quantity_sold THEN \'PARTIAL\'
                            WHEN IFNULL(r.return_qty,0) = sd.product_quantity_sold THEN \'FULL\'
                        END AS return_status

                    FROM sales_details sd

                    LEFT JOIN product_inital_stock p
                        ON p.product_id = sd.product_id

                    LEFT JOIN (
                        SELECT
                            sales_details_invoice,
                            product_id,
                            SUM(return_qty) AS return_qty
                        FROM return_sales_details
                        GROUP BY sales_details_invoice, product_id
                    ) r
                        ON r.sales_details_invoice = sd.sales_details_invoice
                        AND r.product_id = sd.product_id

                    WHERE sd.sales_details_invoice = \'INV26215D1574\'
                ')
 2 SYSTEMPATH\Database\BaseConnection.php(646): CodeIgniter\Database\BaseConnection->simpleQuery('
                    SELECT
                        sd.sales_details_invoice,
                        sd.product_id,
                        p.product_name,
                        sd.unit_price,
                        sd.total_buy_price,
                        sd.total_sale_price,
                        sd.product_quantity_sold AS sold_qty,

                        IFNULL(r.return_qty,0) AS return_qty,
                        sd.product_quantity_sold - IFNULL(r.return_qty, 0) AS remaining_qty,

                        CASE
                            WHEN IFNULL(r.return_qty,0) = 0 THEN \'ACTIVE\'
                            WHEN IFNULL(r.return_qty,0) < sd.product_quantity_sold THEN \'PARTIAL\'
                            WHEN IFNULL(r.return_qty,0) = sd.product_quantity_sold THEN \'FULL\'
                        END AS return_status

                    FROM sales_details sd

                    LEFT JOIN product_inital_stock p
                        ON p.product_id = sd.product_id

                    LEFT JOIN (
                        SELECT
                            sales_details_invoice,
                            product_id,
                            SUM(return_qty) AS return_qty
                        FROM return_sales_details
                        GROUP BY sales_details_invoice, product_id
                    ) r
                        ON r.sales_details_invoice = sd.sales_details_invoice
                        AND r.product_id = sd.product_id

                    WHERE sd.sales_details_invoice = \'INV26215D1574\'
                ')
 3 APPPATH\Controllers\ReturnController.php(78): CodeIgniter\Database\BaseConnection->query('
                    SELECT
                        sd.sales_details_invoice,
                        sd.product_id,
                        p.product_name,
                        sd.unit_price,
                        sd.total_buy_price,
                        sd.total_sale_price,
                        sd.product_quantity_sold AS sold_qty,

                        IFNULL(r.return_qty,0) AS return_qty,
                        sd.product_quantity_sold - IFNULL(r.return_qty, 0) AS remaining_qty,

                        CASE
                            WHEN IFNULL(r.return_qty,0) = 0 THEN \'ACTIVE\'
                            WHEN IFNULL(r.return_qty,0) < sd.product_quantity_sold THEN \'PARTIAL\'
                            WHEN IFNULL(r.return_qty,0) = sd.product_quantity_sold THEN \'FULL\'
                        END AS return_status

                    FROM sales_details sd

                    LEFT JOIN product_inital_stock p
                        ON p.product_id = sd.product_id

                    LEFT JOIN (
                        SELECT
                            sales_details_invoice,
                            product_id,
                            SUM(return_qty) AS return_qty
                        FROM return_sales_details
                        GROUP BY sales_details_invoice, product_id
                    ) r
                        ON r.sales_details_invoice = sd.sales_details_invoice
                        AND r.product_id = sd.product_id

                    WHERE sd.sales_details_invoice = ?
                ', [...])
 4 SYSTEMPATH\CodeIgniter.php(933): App\Controllers\ReturnController->getProducts()
 5 SYSTEMPATH\CodeIgniter.php(507): CodeIgniter\CodeIgniter->runController(Object(App\Controllers\ReturnController))
 6 SYSTEMPATH\CodeIgniter.php(354): CodeIgniter\CodeIgniter->handleRequest(null, Object(Config\Cache), false)
 7 SYSTEMPATH\Boot.php(363): CodeIgniter\CodeIgniter->run()
 8 SYSTEMPATH\Boot.php(68): CodeIgniter\Boot::runCodeIgniter(Object(CodeIgniter\CodeIgniter))
 9 FCPATH\index.php(59): CodeIgniter\Boot::bootWeb(Object(Config\Paths))
CRITICAL - 2026-08-08 14:11:46 --> [Caused by] mysqli_sql_exception: Table 'pharmacy_db.product_inital_stock' doesn't exist
in SYSTEMPATH\Database\MySQLi\Connection.php on line 327.
 1 SYSTEMPATH\Database\MySQLi\Connection.php(327): mysqli->query('
                    SELECT
                        sd.sales_details_invoice,
                        sd.product_id,
                        p.product_name,
                        sd.unit_price,
                        sd.total_buy_price,
                        sd.total_sale_price,
                        sd.product_quantity_sold AS sold_qty,

                        IFNULL(r.return_qty,0) AS return_qty,
                        sd.product_quantity_sold - IFNULL(r.return_qty, 0) AS remaining_qty,

                        CASE
                            WHEN IFNULL(r.return_qty,0) = 0 THEN \'ACTIVE\'
                            WHEN IFNULL(r.return_qty,0) < sd.product_quantity_sold THEN \'PARTIAL\'
                            WHEN IFNULL(r.return_qty,0) = sd.product_quantity_sold THEN \'FULL\'
                        END AS return_status

                    FROM sales_details sd

                    LEFT JOIN product_inital_stock p
                        ON p.product_id = sd.product_id

                    LEFT JOIN (
                        SELECT
                            sales_details_invoice,
                            product_id,
                            SUM(return_qty) AS return_qty
                        FROM return_sales_details
                        GROUP BY sales_details_invoice, product_id
                    ) r
                        ON r.sales_details_invoice = sd.sales_details_invoice
                        AND r.product_id = sd.product_id

                    WHERE sd.sales_details_invoice = \'INV26215D1574\'
                ', 0)
 2 SYSTEMPATH\Database\BaseConnection.php(729): CodeIgniter\Database\MySQLi\Connection->execute('
                    SELECT
                        sd.sales_details_invoice,
                        sd.product_id,
                        p.product_name,
                        sd.unit_price,
                        sd.total_buy_price,
                        sd.total_sale_price,
                        sd.product_quantity_sold AS sold_qty,

                        IFNULL(r.return_qty,0) AS return_qty,
                        sd.product_quantity_sold - IFNULL(r.return_qty, 0) AS remaining_qty,

                        CASE
                            WHEN IFNULL(r.return_qty,0) = 0 THEN \'ACTIVE\'
                            WHEN IFNULL(r.return_qty,0) < sd.product_quantity_sold THEN \'PARTIAL\'
                            WHEN IFNULL(r.return_qty,0) = sd.product_quantity_sold THEN \'FULL\'
                        END AS return_status

                    FROM sales_details sd

                    LEFT JOIN product_inital_stock p
                        ON p.product_id = sd.product_id

                    LEFT JOIN (
                        SELECT
                            sales_details_invoice,
                            product_id,
                            SUM(return_qty) AS return_qty
                        FROM return_sales_details
                        GROUP BY sales_details_invoice, product_id
                    ) r
                        ON r.sales_details_invoice = sd.sales_details_invoice
                        AND r.product_id = sd.product_id

                    WHERE sd.sales_details_invoice = \'INV26215D1574\'
                ')
 3 SYSTEMPATH\Database\BaseConnection.php(646): CodeIgniter\Database\BaseConnection->simpleQuery('
                    SELECT
                        sd.sales_details_invoice,
                        sd.product_id,
                        p.product_name,
                        sd.unit_price,
                        sd.total_buy_price,
                        sd.total_sale_price,
                        sd.product_quantity_sold AS sold_qty,

                        IFNULL(r.return_qty,0) AS return_qty,
                        sd.product_quantity_sold - IFNULL(r.return_qty, 0) AS remaining_qty,

                        CASE
                            WHEN IFNULL(r.return_qty,0) = 0 THEN \'ACTIVE\'
                            WHEN IFNULL(r.return_qty,0) < sd.product_quantity_sold THEN \'PARTIAL\'
                            WHEN IFNULL(r.return_qty,0) = sd.product_quantity_sold THEN \'FULL\'
                        END AS return_status

                    FROM sales_details sd

                    LEFT JOIN product_inital_stock p
                        ON p.product_id = sd.product_id

                    LEFT JOIN (
                        SELECT
                            sales_details_invoice,
                            product_id,
                            SUM(return_qty) AS return_qty
                        FROM return_sales_details
                        GROUP BY sales_details_invoice, product_id
                    ) r
                        ON r.sales_details_invoice = sd.sales_details_invoice
                        AND r.product_id = sd.product_id

                    WHERE sd.sales_details_invoice = \'INV26215D1574\'
                ')
 4 APPPATH\Controllers\ReturnController.php(78): CodeIgniter\Database\BaseConnection->query('
                    SELECT
                        sd.sales_details_invoice,
                        sd.product_id,
                        p.product_name,
                        sd.unit_price,
                        sd.total_buy_price,
                        sd.total_sale_price,
                        sd.product_quantity_sold AS sold_qty,

                        IFNULL(r.return_qty,0) AS return_qty,
                        sd.product_quantity_sold - IFNULL(r.return_qty, 0) AS remaining_qty,

                        CASE
                            WHEN IFNULL(r.return_qty,0) = 0 THEN \'ACTIVE\'
                            WHEN IFNULL(r.return_qty,0) < sd.product_quantity_sold THEN \'PARTIAL\'
                            WHEN IFNULL(r.return_qty,0) = sd.product_quantity_sold THEN \'FULL\'
                        END AS return_status

                    FROM sales_details sd

                    LEFT JOIN product_inital_stock p
                        ON p.product_id = sd.product_id

                    LEFT JOIN (
                        SELECT
                            sales_details_invoice,
                            product_id,
                            SUM(return_qty) AS return_qty
                        FROM return_sales_details
                        GROUP BY sales_details_invoice, product_id
                    ) r
                        ON r.sales_details_invoice = sd.sales_details_invoice
                        AND r.product_id = sd.product_id

                    WHERE sd.sales_details_invoice = ?
                ', [...])
 5 SYSTEMPATH\CodeIgniter.php(933): App\Controllers\ReturnController->getProducts()
 6 SYSTEMPATH\CodeIgniter.php(507): CodeIgniter\CodeIgniter->runController(Object(App\Controllers\ReturnController))
 7 SYSTEMPATH\CodeIgniter.php(354): CodeIgniter\CodeIgniter->handleRequest(null, Object(Config\Cache), false)
 8 SYSTEMPATH\Boot.php(363): CodeIgniter\CodeIgniter->run()
 9 SYSTEMPATH\Boot.php(68): CodeIgniter\Boot::runCodeIgniter(Object(CodeIgniter\CodeIgniter))
10 FCPATH\index.php(59): CodeIgniter\Boot::bootWeb(Object(Config\Paths))
DEBUG - 2026-08-08 14:13:22 --> Session: Class initialized using 'CodeIgniter\Session\Handlers\FileHandler' driver.
ERROR - 2026-08-08 14:13:22 --> mysqli_sql_exception: Table 'pharmacy_db.product_inital_stock' doesn't exist in C:\laragon\www\pharmacy-project\system\Database\MySQLi\Connection.php:327
Stack trace:
#0 C:\laragon\www\pharmacy-project\system\Database\MySQLi\Connection.php(327): mysqli->query('\r\n             ...', 0)
#1 C:\laragon\www\pharmacy-project\system\Database\BaseConnection.php(729): CodeIgniter\Database\MySQLi\Connection->execute('\r\n             ...')
#2 C:\laragon\www\pharmacy-project\system\Database\BaseConnection.php(646): CodeIgniter\Database\BaseConnection->simpleQuery('\r\n             ...')
#3 C:\laragon\www\pharmacy-project\app\Controllers\ReturnController.php(78): CodeIgniter\Database\BaseConnection->query('\r\n             ...', Array)
#4 C:\laragon\www\pharmacy-project\system\CodeIgniter.php(933): App\Controllers\ReturnController->getProducts()
#5 C:\laragon\www\pharmacy-project\system\CodeIgniter.php(507): CodeIgniter\CodeIgniter->runController(Object(App\Controllers\ReturnController))
#6 C:\laragon\www\pharmacy-project\system\CodeIgniter.php(354): CodeIgniter\CodeIgniter->handleRequest(NULL, Object(Config\Cache), false)
#7 C:\laragon\www\pharmacy-project\system\Boot.php(363): CodeIgniter\CodeIgniter->run()
#8 C:\laragon\www\pharmacy-project\system\Boot.php(68): CodeIgniter\Boot::runCodeIgniter(Object(CodeIgniter\CodeIgniter))
#9 C:\laragon\www\pharmacy-project\index.php(59): CodeIgniter\Boot::bootWeb(Object(Config\Paths))
#10 {main}
CRITICAL - 2026-08-08 14:13:22 --> CodeIgniter\Database\Exceptions\DatabaseException: Table 'pharmacy_db.product_inital_stock' doesn't exist
[Method: POST, Route: return/products]
in SYSTEMPATH\Database\BaseConnection.php on line 684.
 1 APPPATH\Controllers\ReturnController.php(78): CodeIgniter\Database\BaseConnection->query('
                    SELECT
                        sd.sales_details_invoice,
                        sd.product_id,
                        p.product_name,
                        sd.unit_price,
                        sd.total_buy_price,
                        sd.total_sale_price,
                        sd.product_quantity_sold AS sold_qty,

                        IFNULL(r.return_qty,0) AS return_qty,
                        sd.product_quantity_sold - IFNULL(r.return_qty, 0) AS remaining_qty,

                        CASE
                            WHEN IFNULL(r.return_qty,0) = 0 THEN \'ACTIVE\'
                            WHEN IFNULL(r.return_qty,0) < sd.product_quantity_sold THEN \'PARTIAL\'
                            WHEN IFNULL(r.return_qty,0) = sd.product_quantity_sold THEN \'FULL\'
                        END AS return_status

                    FROM sales_details sd

                    LEFT JOIN product_inital_stock p
                        ON p.product_id = sd.product_id

                    LEFT JOIN (
                        SELECT
                            sales_details_invoice,
                            product_id,
                            SUM(return_qty) AS return_qty
                        FROM return_sales_details
                        GROUP BY sales_details_invoice, product_id
                    ) r
                        ON r.sales_details_invoice = sd.sales_details_invoice
                        AND r.product_id = sd.product_id

                    WHERE sd.sales_details_invoice = ?
                ', [...])
 2 SYSTEMPATH\CodeIgniter.php(933): App\Controllers\ReturnController->getProducts()
 3 SYSTEMPATH\CodeIgniter.php(507): CodeIgniter\CodeIgniter->runController(Object(App\Controllers\ReturnController))
 4 SYSTEMPATH\CodeIgniter.php(354): CodeIgniter\CodeIgniter->handleRequest(null, Object(Config\Cache), false)
 5 SYSTEMPATH\Boot.php(363): CodeIgniter\CodeIgniter->run()
 6 SYSTEMPATH\Boot.php(68): CodeIgniter\Boot::runCodeIgniter(Object(CodeIgniter\CodeIgniter))
 7 FCPATH\index.php(59): CodeIgniter\Boot::bootWeb(Object(Config\Paths))
CRITICAL - 2026-08-08 14:13:22 --> [Caused by] CodeIgniter\Database\Exceptions\DatabaseException: Table 'pharmacy_db.product_inital_stock' doesn't exist
in SYSTEMPATH\Database\MySQLi\Connection.php on line 332.
 1 SYSTEMPATH\Database\BaseConnection.php(729): CodeIgniter\Database\MySQLi\Connection->execute('
                    SELECT
                        sd.sales_details_invoice,
                        sd.product_id,
                        p.product_name,
                        sd.unit_price,
                        sd.total_buy_price,
                        sd.total_sale_price,
                        sd.product_quantity_sold AS sold_qty,

                        IFNULL(r.return_qty,0) AS return_qty,
                        sd.product_quantity_sold - IFNULL(r.return_qty, 0) AS remaining_qty,

                        CASE
                            WHEN IFNULL(r.return_qty,0) = 0 THEN \'ACTIVE\'
                            WHEN IFNULL(r.return_qty,0) < sd.product_quantity_sold THEN \'PARTIAL\'
                            WHEN IFNULL(r.return_qty,0) = sd.product_quantity_sold THEN \'FULL\'
                        END AS return_status

                    FROM sales_details sd

                    LEFT JOIN product_inital_stock p
                        ON p.product_id = sd.product_id

                    LEFT JOIN (
                        SELECT
                            sales_details_invoice,
                            product_id,
                            SUM(return_qty) AS return_qty
                        FROM return_sales_details
                        GROUP BY sales_details_invoice, product_id
                    ) r
                        ON r.sales_details_invoice = sd.sales_details_invoice
                        AND r.product_id = sd.product_id

                    WHERE sd.sales_details_invoice = \'INV26215D1574\'
                ')
 2 SYSTEMPATH\Database\BaseConnection.php(646): CodeIgniter\Database\BaseConnection->simpleQuery('
                    SELECT
                        sd.sales_details_invoice,
                        sd.product_id,
                        p.product_name,
                        sd.unit_price,
                        sd.total_buy_price,
                        sd.total_sale_price,
                        sd.product_quantity_sold AS sold_qty,

                        IFNULL(r.return_qty,0) AS return_qty,
                        sd.product_quantity_sold - IFNULL(r.return_qty, 0) AS remaining_qty,

                        CASE
                            WHEN IFNULL(r.return_qty,0) = 0 THEN \'ACTIVE\'
                            WHEN IFNULL(r.return_qty,0) < sd.product_quantity_sold THEN \'PARTIAL\'
                            WHEN IFNULL(r.return_qty,0) = sd.product_quantity_sold THEN \'FULL\'
                        END AS return_status

                    FROM sales_details sd

                    LEFT JOIN product_inital_stock p
                        ON p.product_id = sd.product_id

                    LEFT JOIN (
                        SELECT
                            sales_details_invoice,
                            product_id,
                            SUM(return_qty) AS return_qty
                        FROM return_sales_details
                        GROUP BY sales_details_invoice, product_id
                    ) r
                        ON r.sales_details_invoice = sd.sales_details_invoice
                        AND r.product_id = sd.product_id

                    WHERE sd.sales_details_invoice = \'INV26215D1574\'
                ')
 3 APPPATH\Controllers\ReturnController.php(78): CodeIgniter\Database\BaseConnection->query('
                    SELECT
                        sd.sales_details_invoice,
                        sd.product_id,
                        p.product_name,
                        sd.unit_price,
                        sd.total_buy_price,
                        sd.total_sale_price,
                        sd.product_quantity_sold AS sold_qty,

                        IFNULL(r.return_qty,0) AS return_qty,
                        sd.product_quantity_sold - IFNULL(r.return_qty, 0) AS remaining_qty,

                        CASE
                            WHEN IFNULL(r.return_qty,0) = 0 THEN \'ACTIVE\'
                            WHEN IFNULL(r.return_qty,0) < sd.product_quantity_sold THEN \'PARTIAL\'
                            WHEN IFNULL(r.return_qty,0) = sd.product_quantity_sold THEN \'FULL\'
                        END AS return_status

                    FROM sales_details sd

                    LEFT JOIN product_inital_stock p
                        ON p.product_id = sd.product_id

                    LEFT JOIN (
                        SELECT
                            sales_details_invoice,
                            product_id,
                            SUM(return_qty) AS return_qty
                        FROM return_sales_details
                        GROUP BY sales_details_invoice, product_id
                    ) r
                        ON r.sales_details_invoice = sd.sales_details_invoice
                        AND r.product_id = sd.product_id

                    WHERE sd.sales_details_invoice = ?
                ', [...])
 4 SYSTEMPATH\CodeIgniter.php(933): App\Controllers\ReturnController->getProducts()
 5 SYSTEMPATH\CodeIgniter.php(507): CodeIgniter\CodeIgniter->runController(Object(App\Controllers\ReturnController))
 6 SYSTEMPATH\CodeIgniter.php(354): CodeIgniter\CodeIgniter->handleRequest(null, Object(Config\Cache), false)
 7 SYSTEMPATH\Boot.php(363): CodeIgniter\CodeIgniter->run()
 8 SYSTEMPATH\Boot.php(68): CodeIgniter\Boot::runCodeIgniter(Object(CodeIgniter\CodeIgniter))
 9 FCPATH\index.php(59): CodeIgniter\Boot::bootWeb(Object(Config\Paths))
CRITICAL - 2026-08-08 14:13:22 --> [Caused by] mysqli_sql_exception: Table 'pharmacy_db.product_inital_stock' doesn't exist
in SYSTEMPATH\Database\MySQLi\Connection.php on line 327.
 1 SYSTEMPATH\Database\MySQLi\Connection.php(327): mysqli->query('
                    SELECT
                        sd.sales_details_invoice,
                        sd.product_id,
                        p.product_name,
                        sd.unit_price,
                        sd.total_buy_price,
                        sd.total_sale_price,
                        sd.product_quantity_sold AS sold_qty,

                        IFNULL(r.return_qty,0) AS return_qty,
                        sd.product_quantity_sold - IFNULL(r.return_qty, 0) AS remaining_qty,

                        CASE
                            WHEN IFNULL(r.return_qty,0) = 0 THEN \'ACTIVE\'
                            WHEN IFNULL(r.return_qty,0) < sd.product_quantity_sold THEN \'PARTIAL\'
                            WHEN IFNULL(r.return_qty,0) = sd.product_quantity_sold THEN \'FULL\'
                        END AS return_status

                    FROM sales_details sd

                    LEFT JOIN product_inital_stock p
                        ON p.product_id = sd.product_id

                    LEFT JOIN (
                        SELECT
                            sales_details_invoice,
                            product_id,
                            SUM(return_qty) AS return_qty
                        FROM return_sales_details
                        GROUP BY sales_details_invoice, product_id
                    ) r
                        ON r.sales_details_invoice = sd.sales_details_invoice
                        AND r.product_id = sd.product_id

                    WHERE sd.sales_details_invoice = \'INV26215D1574\'
                ', 0)
 2 SYSTEMPATH\Database\BaseConnection.php(729): CodeIgniter\Database\MySQLi\Connection->execute('
                    SELECT
                        sd.sales_details_invoice,
                        sd.product_id,
                        p.product_name,
                        sd.unit_price,
                        sd.total_buy_price,
                        sd.total_sale_price,
                        sd.product_quantity_sold AS sold_qty,

                        IFNULL(r.return_qty,0) AS return_qty,
                        sd.product_quantity_sold - IFNULL(r.return_qty, 0) AS remaining_qty,

                        CASE
                            WHEN IFNULL(r.return_qty,0) = 0 THEN \'ACTIVE\'
                            WHEN IFNULL(r.return_qty,0) < sd.product_quantity_sold THEN \'PARTIAL\'
                            WHEN IFNULL(r.return_qty,0) = sd.product_quantity_sold THEN \'FULL\'
                        END AS return_status

                    FROM sales_details sd

                    LEFT JOIN product_inital_stock p
                        ON p.product_id = sd.product_id

                    LEFT JOIN (
                        SELECT
                            sales_details_invoice,
                            product_id,
                            SUM(return_qty) AS return_qty
                        FROM return_sales_details
                        GROUP BY sales_details_invoice, product_id
                    ) r
                        ON r.sales_details_invoice = sd.sales_details_invoice
                        AND r.product_id = sd.product_id

                    WHERE sd.sales_details_invoice = \'INV26215D1574\'
                ')
 3 SYSTEMPATH\Database\BaseConnection.php(646): CodeIgniter\Database\BaseConnection->simpleQuery('
                    SELECT
                        sd.sales_details_invoice,
                        sd.product_id,
                        p.product_name,
                        sd.unit_price,
                        sd.total_buy_price,
                        sd.total_sale_price,
                        sd.product_quantity_sold AS sold_qty,

                        IFNULL(r.return_qty,0) AS return_qty,
                        sd.product_quantity_sold - IFNULL(r.return_qty, 0) AS remaining_qty,

                        CASE
                            WHEN IFNULL(r.return_qty,0) = 0 THEN \'ACTIVE\'
                            WHEN IFNULL(r.return_qty,0) < sd.product_quantity_sold THEN \'PARTIAL\'
                            WHEN IFNULL(r.return_qty,0) = sd.product_quantity_sold THEN \'FULL\'
                        END AS return_status

                    FROM sales_details sd

                    LEFT JOIN product_inital_stock p
                        ON p.product_id = sd.product_id

                    LEFT JOIN (
                        SELECT
                            sales_details_invoice,
                            product_id,
                            SUM(return_qty) AS return_qty
                        FROM return_sales_details
                        GROUP BY sales_details_invoice, product_id
                    ) r
                        ON r.sales_details_invoice = sd.sales_details_invoice
                        AND r.product_id = sd.product_id

                    WHERE sd.sales_details_invoice = \'INV26215D1574\'
                ')
 4 APPPATH\Controllers\ReturnController.php(78): CodeIgniter\Database\BaseConnection->query('
                    SELECT
                        sd.sales_details_invoice,
                        sd.product_id,
                        p.product_name,
                        sd.unit_price,
                        sd.total_buy_price,
                        sd.total_sale_price,
                        sd.product_quantity_sold AS sold_qty,

                        IFNULL(r.return_qty,0) AS return_qty,
                        sd.product_quantity_sold - IFNULL(r.return_qty, 0) AS remaining_qty,

                        CASE
                            WHEN IFNULL(r.return_qty,0) = 0 THEN \'ACTIVE\'
                            WHEN IFNULL(r.return_qty,0) < sd.product_quantity_sold THEN \'PARTIAL\'
                            WHEN IFNULL(r.return_qty,0) = sd.product_quantity_sold THEN \'FULL\'
                        END AS return_status

                    FROM sales_details sd

                    LEFT JOIN product_inital_stock p
                        ON p.product_id = sd.product_id

                    LEFT JOIN (
                        SELECT
                            sales_details_invoice,
                            product_id,
                            SUM(return_qty) AS return_qty
                        FROM return_sales_details
                        GROUP BY sales_details_invoice, product_id
                    ) r
                        ON r.sales_details_invoice = sd.sales_details_invoice
                        AND r.product_id = sd.product_id

                    WHERE sd.sales_details_invoice = ?
                ', [...])
 5 SYSTEMPATH\CodeIgniter.php(933): App\Controllers\ReturnController->getProducts()
 6 SYSTEMPATH\CodeIgniter.php(507): CodeIgniter\CodeIgniter->runController(Object(App\Controllers\ReturnController))
 7 SYSTEMPATH\CodeIgniter.php(354): CodeIgniter\CodeIgniter->handleRequest(null, Object(Config\Cache), false)
 8 SYSTEMPATH\Boot.php(363): CodeIgniter\CodeIgniter->run()
 9 SYSTEMPATH\Boot.php(68): CodeIgniter\Boot::runCodeIgniter(Object(CodeIgniter\CodeIgniter))
10 FCPATH\index.php(59): CodeIgniter\Boot::bootWeb(Object(Config\Paths))
DEBUG - 2026-08-08 14:13:27 --> Session: Class initialized using 'CodeIgniter\Session\Handlers\FileHandler' driver.
ERROR - 2026-08-08 14:13:27 --> mysqli_sql_exception: Table 'pharmacy_db.product_inital_stock' doesn't exist in C:\laragon\www\pharmacy-project\system\Database\MySQLi\Connection.php:327
Stack trace:
#0 C:\laragon\www\pharmacy-project\system\Database\MySQLi\Connection.php(327): mysqli->query('\r\n             ...', 0)
#1 C:\laragon\www\pharmacy-project\system\Database\BaseConnection.php(729): CodeIgniter\Database\MySQLi\Connection->execute('\r\n             ...')
#2 C:\laragon\www\pharmacy-project\system\Database\BaseConnection.php(646): CodeIgniter\Database\BaseConnection->simpleQuery('\r\n             ...')
#3 C:\laragon\www\pharmacy-project\app\Controllers\ReturnController.php(78): CodeIgniter\Database\BaseConnection->query('\r\n             ...', Array)
#4 C:\laragon\www\pharmacy-project\system\CodeIgniter.php(933): App\Controllers\ReturnController->getProducts()
#5 C:\laragon\www\pharmacy-project\system\CodeIgniter.php(507): CodeIgniter\CodeIgniter->runController(Object(App\Controllers\ReturnController))
#6 C:\laragon\www\pharmacy-project\system\CodeIgniter.php(354): CodeIgniter\CodeIgniter->handleRequest(NULL, Object(Config\Cache), false)
#7 C:\laragon\www\pharmacy-project\system\Boot.php(363): CodeIgniter\CodeIgniter->run()
#8 C:\laragon\www\pharmacy-project\system\Boot.php(68): CodeIgniter\Boot::runCodeIgniter(Object(CodeIgniter\CodeIgniter))
#9 C:\laragon\www\pharmacy-project\index.php(59): CodeIgniter\Boot::bootWeb(Object(Config\Paths))
#10 {main}
CRITICAL - 2026-08-08 14:13:27 --> CodeIgniter\Database\Exceptions\DatabaseException: Table 'pharmacy_db.product_inital_stock' doesn't exist
[Method: POST, Route: return/products]
in SYSTEMPATH\Database\BaseConnection.php on line 684.
 1 APPPATH\Controllers\ReturnController.php(78): CodeIgniter\Database\BaseConnection->query('
                    SELECT
                        sd.sales_details_invoice,
                        sd.product_id,
                        p.product_name,
                        sd.unit_price,
                        sd.total_buy_price,
                        sd.total_sale_price,
                        sd.product_quantity_sold AS sold_qty,

                        IFNULL(r.return_qty,0) AS return_qty,
                        sd.product_quantity_sold - IFNULL(r.return_qty, 0) AS remaining_qty,

                        CASE
                            WHEN IFNULL(r.return_qty,0) = 0 THEN \'ACTIVE\'
                            WHEN IFNULL(r.return_qty,0) < sd.product_quantity_sold THEN \'PARTIAL\'
                            WHEN IFNULL(r.return_qty,0) = sd.product_quantity_sold THEN \'FULL\'
                        END AS return_status

                    FROM sales_details sd

                    LEFT JOIN product_inital_stock p
                        ON p.product_id = sd.product_id

                    LEFT JOIN (
                        SELECT
                            sales_details_invoice,
                            product_id,
                            SUM(return_qty) AS return_qty
                        FROM return_sales_details
                        GROUP BY sales_details_invoice, product_id
                    ) r
                        ON r.sales_details_invoice = sd.sales_details_invoice
                        AND r.product_id = sd.product_id

                    WHERE sd.sales_details_invoice = ?
                ', [...])
 2 SYSTEMPATH\CodeIgniter.php(933): App\Controllers\ReturnController->getProducts()
 3 SYSTEMPATH\CodeIgniter.php(507): CodeIgniter\CodeIgniter->runController(Object(App\Controllers\ReturnController))
 4 SYSTEMPATH\CodeIgniter.php(354): CodeIgniter\CodeIgniter->handleRequest(null, Object(Config\Cache), false)
 5 SYSTEMPATH\Boot.php(363): CodeIgniter\CodeIgniter->run()
 6 SYSTEMPATH\Boot.php(68): CodeIgniter\Boot::runCodeIgniter(Object(CodeIgniter\CodeIgniter))
 7 FCPATH\index.php(59): CodeIgniter\Boot::bootWeb(Object(Config\Paths))
CRITICAL - 2026-08-08 14:13:27 --> [Caused by] CodeIgniter\Database\Exceptions\DatabaseException: Table 'pharmacy_db.product_inital_stock' doesn't exist
in SYSTEMPATH\Database\MySQLi\Connection.php on line 332.
 1 SYSTEMPATH\Database\BaseConnection.php(729): CodeIgniter\Database\MySQLi\Connection->execute('
                    SELECT
                        sd.sales_details_invoice,
                        sd.product_id,
                        p.product_name,
                        sd.unit_price,
                        sd.total_buy_price,
                        sd.total_sale_price,
                        sd.product_quantity_sold AS sold_qty,

                        IFNULL(r.return_qty,0) AS return_qty,
                        sd.product_quantity_sold - IFNULL(r.return_qty, 0) AS remaining_qty,

                        CASE
                            WHEN IFNULL(r.return_qty,0) = 0 THEN \'ACTIVE\'
                            WHEN IFNULL(r.return_qty,0) < sd.product_quantity_sold THEN \'PARTIAL\'
                            WHEN IFNULL(r.return_qty,0) = sd.product_quantity_sold THEN \'FULL\'
                        END AS return_status

                    FROM sales_details sd

                    LEFT JOIN product_inital_stock p
                        ON p.product_id = sd.product_id

                    LEFT JOIN (
                        SELECT
                            sales_details_invoice,
                            product_id,
                            SUM(return_qty) AS return_qty
                        FROM return_sales_details
                        GROUP BY sales_details_invoice, product_id
                    ) r
                        ON r.sales_details_invoice = sd.sales_details_invoice
                        AND r.product_id = sd.product_id

                    WHERE sd.sales_details_invoice = \'INV26215D1574\'
                ')
 2 SYSTEMPATH\Database\BaseConnection.php(646): CodeIgniter\Database\BaseConnection->simpleQuery('
                    SELECT
                        sd.sales_details_invoice,
                        sd.product_id,
                        p.product_name,
                        sd.unit_price,
                        sd.total_buy_price,
                        sd.total_sale_price,
                        sd.product_quantity_sold AS sold_qty,

                        IFNULL(r.return_qty,0) AS return_qty,
                        sd.product_quantity_sold - IFNULL(r.return_qty, 0) AS remaining_qty,

                        CASE
                            WHEN IFNULL(r.return_qty,0) = 0 THEN \'ACTIVE\'
                            WHEN IFNULL(r.return_qty,0) < sd.product_quantity_sold THEN \'PARTIAL\'
                            WHEN IFNULL(r.return_qty,0) = sd.product_quantity_sold THEN \'FULL\'
                        END AS return_status

                    FROM sales_details sd

                    LEFT JOIN product_inital_stock p
                        ON p.product_id = sd.product_id

                    LEFT JOIN (
                        SELECT
                            sales_details_invoice,
                            product_id,
                            SUM(return_qty) AS return_qty
                        FROM return_sales_details
                        GROUP BY sales_details_invoice, product_id
                    ) r
                        ON r.sales_details_invoice = sd.sales_details_invoice
                        AND r.product_id = sd.product_id

                    WHERE sd.sales_details_invoice = \'INV26215D1574\'
                ')
 3 APPPATH\Controllers\ReturnController.php(78): CodeIgniter\Database\BaseConnection->query('
                    SELECT
                        sd.sales_details_invoice,
                        sd.product_id,
                        p.product_name,
                        sd.unit_price,
                        sd.total_buy_price,
                        sd.total_sale_price,
                        sd.product_quantity_sold AS sold_qty,

                        IFNULL(r.return_qty,0) AS return_qty,
                        sd.product_quantity_sold - IFNULL(r.return_qty, 0) AS remaining_qty,

                        CASE
                            WHEN IFNULL(r.return_qty,0) = 0 THEN \'ACTIVE\'
                            WHEN IFNULL(r.return_qty,0) < sd.product_quantity_sold THEN \'PARTIAL\'
                            WHEN IFNULL(r.return_qty,0) = sd.product_quantity_sold THEN \'FULL\'
                        END AS return_status

                    FROM sales_details sd

                    LEFT JOIN product_inital_stock p
                        ON p.product_id = sd.product_id

                    LEFT JOIN (
                        SELECT
                            sales_details_invoice,
                            product_id,
                            SUM(return_qty) AS return_qty
                        FROM return_sales_details
                        GROUP BY sales_details_invoice, product_id
                    ) r
                        ON r.sales_details_invoice = sd.sales_details_invoice
                        AND r.product_id = sd.product_id

                    WHERE sd.sales_details_invoice = ?
                ', [...])
 4 SYSTEMPATH\CodeIgniter.php(933): App\Controllers\ReturnController->getProducts()
 5 SYSTEMPATH\CodeIgniter.php(507): CodeIgniter\CodeIgniter->runController(Object(App\Controllers\ReturnController))
 6 SYSTEMPATH\CodeIgniter.php(354): CodeIgniter\CodeIgniter->handleRequest(null, Object(Config\Cache), false)
 7 SYSTEMPATH\Boot.php(363): CodeIgniter\CodeIgniter->run()
 8 SYSTEMPATH\Boot.php(68): CodeIgniter\Boot::runCodeIgniter(Object(CodeIgniter\CodeIgniter))
 9 FCPATH\index.php(59): CodeIgniter\Boot::bootWeb(Object(Config\Paths))
CRITICAL - 2026-08-08 14:13:27 --> [Caused by] mysqli_sql_exception: Table 'pharmacy_db.product_inital_stock' doesn't exist
in SYSTEMPATH\Database\MySQLi\Connection.php on line 327.
 1 SYSTEMPATH\Database\MySQLi\Connection.php(327): mysqli->query('
                    SELECT
                        sd.sales_details_invoice,
                        sd.product_id,
                        p.product_name,
                        sd.unit_price,
                        sd.total_buy_price,
                        sd.total_sale_price,
                        sd.product_quantity_sold AS sold_qty,

                        IFNULL(r.return_qty,0) AS return_qty,
                        sd.product_quantity_sold - IFNULL(r.return_qty, 0) AS remaining_qty,

                        CASE
                            WHEN IFNULL(r.return_qty,0) = 0 THEN \'ACTIVE\'
                            WHEN IFNULL(r.return_qty,0) < sd.product_quantity_sold THEN \'PARTIAL\'
                            WHEN IFNULL(r.return_qty,0) = sd.product_quantity_sold THEN \'FULL\'
                        END AS return_status

                    FROM sales_details sd

                    LEFT JOIN product_inital_stock p
                        ON p.product_id = sd.product_id

                    LEFT JOIN (
                        SELECT
                            sales_details_invoice,
                            product_id,
                            SUM(return_qty) AS return_qty
                        FROM return_sales_details
                        GROUP BY sales_details_invoice, product_id
                    ) r
                        ON r.sales_details_invoice = sd.sales_details_invoice
                        AND r.product_id = sd.product_id

                    WHERE sd.sales_details_invoice = \'INV26215D1574\'
                ', 0)
 2 SYSTEMPATH\Database\BaseConnection.php(729): CodeIgniter\Database\MySQLi\Connection->execute('
                    SELECT
                        sd.sales_details_invoice,
                        sd.product_id,
                        p.product_name,
                        sd.unit_price,
                        sd.total_buy_price,
                        sd.total_sale_price,
                        sd.product_quantity_sold AS sold_qty,

                        IFNULL(r.return_qty,0) AS return_qty,
                        sd.product_quantity_sold - IFNULL(r.return_qty, 0) AS remaining_qty,

                        CASE
                            WHEN IFNULL(r.return_qty,0) = 0 THEN \'ACTIVE\'
                            WHEN IFNULL(r.return_qty,0) < sd.product_quantity_sold THEN \'PARTIAL\'
                            WHEN IFNULL(r.return_qty,0) = sd.product_quantity_sold THEN \'FULL\'
                        END AS return_status

                    FROM sales_details sd

                    LEFT JOIN product_inital_stock p
                        ON p.product_id = sd.product_id

                    LEFT JOIN (
                        SELECT
                            sales_details_invoice,
                            product_id,
                            SUM(return_qty) AS return_qty
                        FROM return_sales_details
                        GROUP BY sales_details_invoice, product_id
                    ) r
                        ON r.sales_details_invoice = sd.sales_details_invoice
                        AND r.product_id = sd.product_id

                    WHERE sd.sales_details_invoice = \'INV26215D1574\'
                ')
 3 SYSTEMPATH\Database\BaseConnection.php(646): CodeIgniter\Database\BaseConnection->simpleQuery('
                    SELECT
                        sd.sales_details_invoice,
                        sd.product_id,
                        p.product_name,
                        sd.unit_price,
                        sd.total_buy_price,
                        sd.total_sale_price,
                        sd.product_quantity_sold AS sold_qty,

                        IFNULL(r.return_qty,0) AS return_qty,
                        sd.product_quantity_sold - IFNULL(r.return_qty, 0) AS remaining_qty,

                        CASE
                            WHEN IFNULL(r.return_qty,0) = 0 THEN \'ACTIVE\'
                            WHEN IFNULL(r.return_qty,0) < sd.product_quantity_sold THEN \'PARTIAL\'
                            WHEN IFNULL(r.return_qty,0) = sd.product_quantity_sold THEN \'FULL\'
                        END AS return_status

                    FROM sales_details sd

                    LEFT JOIN product_inital_stock p
                        ON p.product_id = sd.product_id

                    LEFT JOIN (
                        SELECT
                            sales_details_invoice,
                            product_id,
                            SUM(return_qty) AS return_qty
                        FROM return_sales_details
                        GROUP BY sales_details_invoice, product_id
                    ) r
                        ON r.sales_details_invoice = sd.sales_details_invoice
                        AND r.product_id = sd.product_id

                    WHERE sd.sales_details_invoice = \'INV26215D1574\'
                ')
 4 APPPATH\Controllers\ReturnController.php(78): CodeIgniter\Database\BaseConnection->query('
                    SELECT
                        sd.sales_details_invoice,
                        sd.product_id,
                        p.product_name,
                        sd.unit_price,
                        sd.total_buy_price,
                        sd.total_sale_price,
                        sd.product_quantity_sold AS sold_qty,

                        IFNULL(r.return_qty,0) AS return_qty,
                        sd.product_quantity_sold - IFNULL(r.return_qty, 0) AS remaining_qty,

                        CASE
                            WHEN IFNULL(r.return_qty,0) = 0 THEN \'ACTIVE\'
                            WHEN IFNULL(r.return_qty,0) < sd.product_quantity_sold THEN \'PARTIAL\'
                            WHEN IFNULL(r.return_qty,0) = sd.product_quantity_sold THEN \'FULL\'
                        END AS return_status

                    FROM sales_details sd

                    LEFT JOIN product_inital_stock p
                        ON p.product_id = sd.product_id

                    LEFT JOIN (
                        SELECT
                            sales_details_invoice,
                            product_id,
                            SUM(return_qty) AS return_qty
                        FROM return_sales_details
                        GROUP BY sales_details_invoice, product_id
                    ) r
                        ON r.sales_details_invoice = sd.sales_details_invoice
                        AND r.product_id = sd.product_id

                    WHERE sd.sales_details_invoice = ?
                ', [...])
 5 SYSTEMPATH\CodeIgniter.php(933): App\Controllers\ReturnController->getProducts()
 6 SYSTEMPATH\CodeIgniter.php(507): CodeIgniter\CodeIgniter->runController(Object(App\Controllers\ReturnController))
 7 SYSTEMPATH\CodeIgniter.php(354): CodeIgniter\CodeIgniter->handleRequest(null, Object(Config\Cache), false)
 8 SYSTEMPATH\Boot.php(363): CodeIgniter\CodeIgniter->run()
 9 SYSTEMPATH\Boot.php(68): CodeIgniter\Boot::runCodeIgniter(Object(CodeIgniter\CodeIgniter))
10 FCPATH\index.php(59): CodeIgniter\Boot::bootWeb(Object(Config\Paths))
DEBUG - 2026-08-08 14:16:57 --> Session: Class initialized using 'CodeIgniter\Session\Handlers\FileHandler' driver.
DEBUG - 2026-08-08 14:18:19 --> Session: Class initialized using 'CodeIgniter\Session\Handlers\FileHandler' driver.
DEBUG - 2026-08-08 14:18:24 --> Session: Class initialized using 'CodeIgniter\Session\Handlers\FileHandler' driver.
ERROR - 2026-08-08 14:18:24 --> mysqli_sql_exception: Table 'pharmacy_db.product_inital_stock' doesn't exist in C:\laragon\www\pharmacy-project\system\Database\MySQLi\Connection.php:327
Stack trace:
#0 C:\laragon\www\pharmacy-project\system\Database\MySQLi\Connection.php(327): mysqli->query('\r\n             ...', 0)
#1 C:\laragon\www\pharmacy-project\system\Database\BaseConnection.php(729): CodeIgniter\Database\MySQLi\Connection->execute('\r\n             ...')
#2 C:\laragon\www\pharmacy-project\system\Database\BaseConnection.php(646): CodeIgniter\Database\BaseConnection->simpleQuery('\r\n             ...')
#3 C:\laragon\www\pharmacy-project\app\Controllers\ReturnController.php(78): CodeIgniter\Database\BaseConnection->query('\r\n             ...', Array)
#4 C:\laragon\www\pharmacy-project\system\CodeIgniter.php(933): App\Controllers\ReturnController->getProducts()
#5 C:\laragon\www\pharmacy-project\system\CodeIgniter.php(507): CodeIgniter\CodeIgniter->runController(Object(App\Controllers\ReturnController))
#6 C:\laragon\www\pharmacy-project\system\CodeIgniter.php(354): CodeIgniter\CodeIgniter->handleRequest(NULL, Object(Config\Cache), false)
#7 C:\laragon\www\pharmacy-project\system\Boot.php(363): CodeIgniter\CodeIgniter->run()
#8 C:\laragon\www\pharmacy-project\system\Boot.php(68): CodeIgniter\Boot::runCodeIgniter(Object(CodeIgniter\CodeIgniter))
#9 C:\laragon\www\pharmacy-project\index.php(59): CodeIgniter\Boot::bootWeb(Object(Config\Paths))
#10 {main}
CRITICAL - 2026-08-08 14:18:24 --> CodeIgniter\Database\Exceptions\DatabaseException: Table 'pharmacy_db.product_inital_stock' doesn't exist
[Method: POST, Route: return/products]
in SYSTEMPATH\Database\BaseConnection.php on line 684.
 1 APPPATH\Controllers\ReturnController.php(78): CodeIgniter\Database\BaseConnection->query('
                    SELECT
                        sd.sales_details_invoice,
                        sd.product_id,
                        p.product_name,
                        sd.unit_price,
                        sd.total_buy_price,
                        sd.total_sale_price,
                        sd.product_quantity_sold AS sold_qty,

                        IFNULL(r.return_qty,0) AS return_qty,
                        sd.product_quantity_sold - IFNULL(r.return_qty, 0) AS remaining_qty,

                        CASE
                            WHEN IFNULL(r.return_qty,0) = 0 THEN \'ACTIVE\'
                            WHEN IFNULL(r.return_qty,0) < sd.product_quantity_sold THEN \'PARTIAL\'
                            WHEN IFNULL(r.return_qty,0) = sd.product_quantity_sold THEN \'FULL\'
                        END AS return_status

                    FROM sales_details sd

                    LEFT JOIN product_inital_stock p
                        ON p.product_id = sd.product_id

                    LEFT JOIN (
                        SELECT
                            sales_details_invoice,
                            product_id,
                            SUM(return_qty) AS return_qty
                        FROM return_sales_details
                        GROUP BY sales_details_invoice, product_id
                    ) r
                        ON r.sales_details_invoice = sd.sales_details_invoice
                        AND r.product_id = sd.product_id

                    WHERE sd.sales_details_invoice = ?
                ', [...])
 2 SYSTEMPATH\CodeIgniter.php(933): App\Controllers\ReturnController->getProducts()
 3 SYSTEMPATH\CodeIgniter.php(507): CodeIgniter\CodeIgniter->runController(Object(App\Controllers\ReturnController))
 4 SYSTEMPATH\CodeIgniter.php(354): CodeIgniter\CodeIgniter->handleRequest(null, Object(Config\Cache), false)
 5 SYSTEMPATH\Boot.php(363): CodeIgniter\CodeIgniter->run()
 6 SYSTEMPATH\Boot.php(68): CodeIgniter\Boot::runCodeIgniter(Object(CodeIgniter\CodeIgniter))
 7 FCPATH\index.php(59): CodeIgniter\Boot::bootWeb(Object(Config\Paths))
CRITICAL - 2026-08-08 14:18:24 --> [Caused by] CodeIgniter\Database\Exceptions\DatabaseException: Table 'pharmacy_db.product_inital_stock' doesn't exist
in SYSTEMPATH\Database\MySQLi\Connection.php on line 332.
 1 SYSTEMPATH\Database\BaseConnection.php(729): CodeIgniter\Database\MySQLi\Connection->execute('
                    SELECT
                        sd.sales_details_invoice,
                        sd.product_id,
                        p.product_name,
                        sd.unit_price,
                        sd.total_buy_price,
                        sd.total_sale_price,
                        sd.product_quantity_sold AS sold_qty,

                        IFNULL(r.return_qty,0) AS return_qty,
                        sd.product_quantity_sold - IFNULL(r.return_qty, 0) AS remaining_qty,

                        CASE
                            WHEN IFNULL(r.return_qty,0) = 0 THEN \'ACTIVE\'
                            WHEN IFNULL(r.return_qty,0) < sd.product_quantity_sold THEN \'PARTIAL\'
                            WHEN IFNULL(r.return_qty,0) = sd.product_quantity_sold THEN \'FULL\'
                        END AS return_status

                    FROM sales_details sd

                    LEFT JOIN product_inital_stock p
                        ON p.product_id = sd.product_id

                    LEFT JOIN (
                        SELECT
                            sales_details_invoice,
                            product_id,
                            SUM(return_qty) AS return_qty
                        FROM return_sales_details
                        GROUP BY sales_details_invoice, product_id
                    ) r
                        ON r.sales_details_invoice = sd.sales_details_invoice
                        AND r.product_id = sd.product_id

                    WHERE sd.sales_details_invoice = NULL
                ')
 2 SYSTEMPATH\Database\BaseConnection.php(646): CodeIgniter\Database\BaseConnection->simpleQuery('
                    SELECT
                        sd.sales_details_invoice,
                        sd.product_id,
                        p.product_name,
                        sd.unit_price,
                        sd.total_buy_price,
                        sd.total_sale_price,
                        sd.product_quantity_sold AS sold_qty,

                        IFNULL(r.return_qty,0) AS return_qty,
                        sd.product_quantity_sold - IFNULL(r.return_qty, 0) AS remaining_qty,

                        CASE
                            WHEN IFNULL(r.return_qty,0) = 0 THEN \'ACTIVE\'
                            WHEN IFNULL(r.return_qty,0) < sd.product_quantity_sold THEN \'PARTIAL\'
                            WHEN IFNULL(r.return_qty,0) = sd.product_quantity_sold THEN \'FULL\'
                        END AS return_status

                    FROM sales_details sd

                    LEFT JOIN product_inital_stock p
                        ON p.product_id = sd.product_id

                    LEFT JOIN (
                        SELECT
                            sales_details_invoice,
                            product_id,
                            SUM(return_qty) AS return_qty
                        FROM return_sales_details
                        GROUP BY sales_details_invoice, product_id
                    ) r
                        ON r.sales_details_invoice = sd.sales_details_invoice
                        AND r.product_id = sd.product_id

                    WHERE sd.sales_details_invoice = NULL
                ')
 3 APPPATH\Controllers\ReturnController.php(78): CodeIgniter\Database\BaseConnection->query('
                    SELECT
                        sd.sales_details_invoice,
                        sd.product_id,
                        p.product_name,
                        sd.unit_price,
                        sd.total_buy_price,
                        sd.total_sale_price,
                        sd.product_quantity_sold AS sold_qty,

                        IFNULL(r.return_qty,0) AS return_qty,
                        sd.product_quantity_sold - IFNULL(r.return_qty, 0) AS remaining_qty,

                        CASE
                            WHEN IFNULL(r.return_qty,0) = 0 THEN \'ACTIVE\'
                            WHEN IFNULL(r.return_qty,0) < sd.product_quantity_sold THEN \'PARTIAL\'
                            WHEN IFNULL(r.return_qty,0) = sd.product_quantity_sold THEN \'FULL\'
                        END AS return_status

                    FROM sales_details sd

                    LEFT JOIN product_inital_stock p
                        ON p.product_id = sd.product_id

                    LEFT JOIN (
                        SELECT
                            sales_details_invoice,
                            product_id,
                            SUM(return_qty) AS return_qty
                        FROM return_sales_details
                        GROUP BY sales_details_invoice, product_id
                    ) r
                        ON r.sales_details_invoice = sd.sales_details_invoice
                        AND r.product_id = sd.product_id

                    WHERE sd.sales_details_invoice = ?
                ', [...])
 4 SYSTEMPATH\CodeIgniter.php(933): App\Controllers\ReturnController->getProducts()
 5 SYSTEMPATH\CodeIgniter.php(507): CodeIgniter\CodeIgniter->runController(Object(App\Controllers\ReturnController))
 6 SYSTEMPATH\CodeIgniter.php(354): CodeIgniter\CodeIgniter->handleRequest(null, Object(Config\Cache), false)
 7 SYSTEMPATH\Boot.php(363): CodeIgniter\CodeIgniter->run()
 8 SYSTEMPATH\Boot.php(68): CodeIgniter\Boot::runCodeIgniter(Object(CodeIgniter\CodeIgniter))
 9 FCPATH\index.php(59): CodeIgniter\Boot::bootWeb(Object(Config\Paths))
CRITICAL - 2026-08-08 14:18:24 --> [Caused by] mysqli_sql_exception: Table 'pharmacy_db.product_inital_stock' doesn't exist
in SYSTEMPATH\Database\MySQLi\Connection.php on line 327.
 1 SYSTEMPATH\Database\MySQLi\Connection.php(327): mysqli->query('
                    SELECT
                        sd.sales_details_invoice,
                        sd.product_id,
                        p.product_name,
                        sd.unit_price,
                        sd.total_buy_price,
                        sd.total_sale_price,
                        sd.product_quantity_sold AS sold_qty,

                        IFNULL(r.return_qty,0) AS return_qty,
                        sd.product_quantity_sold - IFNULL(r.return_qty, 0) AS remaining_qty,

                        CASE
                            WHEN IFNULL(r.return_qty,0) = 0 THEN \'ACTIVE\'
                            WHEN IFNULL(r.return_qty,0) < sd.product_quantity_sold THEN \'PARTIAL\'
                            WHEN IFNULL(r.return_qty,0) = sd.product_quantity_sold THEN \'FULL\'
                        END AS return_status

                    FROM sales_details sd

                    LEFT JOIN product_inital_stock p
                        ON p.product_id = sd.product_id

                    LEFT JOIN (
                        SELECT
                            sales_details_invoice,
                            product_id,
                            SUM(return_qty) AS return_qty
                        FROM return_sales_details
                        GROUP BY sales_details_invoice, product_id
                    ) r
                        ON r.sales_details_invoice = sd.sales_details_invoice
                        AND r.product_id = sd.product_id

                    WHERE sd.sales_details_invoice = NULL
                ', 0)
 2 SYSTEMPATH\Database\BaseConnection.php(729): CodeIgniter\Database\MySQLi\Connection->execute('
                    SELECT
                        sd.sales_details_invoice,
                        sd.product_id,
                        p.product_name,
                        sd.unit_price,
                        sd.total_buy_price,
                        sd.total_sale_price,
                        sd.product_quantity_sold AS sold_qty,

                        IFNULL(r.return_qty,0) AS return_qty,
                        sd.product_quantity_sold - IFNULL(r.return_qty, 0) AS remaining_qty,

                        CASE
                            WHEN IFNULL(r.return_qty,0) = 0 THEN \'ACTIVE\'
                            WHEN IFNULL(r.return_qty,0) < sd.product_quantity_sold THEN \'PARTIAL\'
                            WHEN IFNULL(r.return_qty,0) = sd.product_quantity_sold THEN \'FULL\'
                        END AS return_status

                    FROM sales_details sd

                    LEFT JOIN product_inital_stock p
                        ON p.product_id = sd.product_id

                    LEFT JOIN (
                        SELECT
                            sales_details_invoice,
                            product_id,
                            SUM(return_qty) AS return_qty
                        FROM return_sales_details
                        GROUP BY sales_details_invoice, product_id
                    ) r
                        ON r.sales_details_invoice = sd.sales_details_invoice
                        AND r.product_id = sd.product_id

                    WHERE sd.sales_details_invoice = NULL
                ')
 3 SYSTEMPATH\Database\BaseConnection.php(646): CodeIgniter\Database\BaseConnection->simpleQuery('
                    SELECT
                        sd.sales_details_invoice,
                        sd.product_id,
                        p.product_name,
                        sd.unit_price,
                        sd.total_buy_price,
                        sd.total_sale_price,
                        sd.product_quantity_sold AS sold_qty,

                        IFNULL(r.return_qty,0) AS return_qty,
                        sd.product_quantity_sold - IFNULL(r.return_qty, 0) AS remaining_qty,

                        CASE
                            WHEN IFNULL(r.return_qty,0) = 0 THEN \'ACTIVE\'
                            WHEN IFNULL(r.return_qty,0) < sd.product_quantity_sold THEN \'PARTIAL\'
                            WHEN IFNULL(r.return_qty,0) = sd.product_quantity_sold THEN \'FULL\'
                        END AS return_status

                    FROM sales_details sd

                    LEFT JOIN product_inital_stock p
                        ON p.product_id = sd.product_id

                    LEFT JOIN (
                        SELECT
                            sales_details_invoice,
                            product_id,
                            SUM(return_qty) AS return_qty
                        FROM return_sales_details
                        GROUP BY sales_details_invoice, product_id
                    ) r
                        ON r.sales_details_invoice = sd.sales_details_invoice
                        AND r.product_id = sd.product_id

                    WHERE sd.sales_details_invoice = NULL
                ')
 4 APPPATH\Controllers\ReturnController.php(78): CodeIgniter\Database\BaseConnection->query('
                    SELECT
                        sd.sales_details_invoice,
                        sd.product_id,
                        p.product_name,
                        sd.unit_price,
                        sd.total_buy_price,
                        sd.total_sale_price,
                        sd.product_quantity_sold AS sold_qty,

                        IFNULL(r.return_qty,0) AS return_qty,
                        sd.product_quantity_sold - IFNULL(r.return_qty, 0) AS remaining_qty,

                        CASE
                            WHEN IFNULL(r.return_qty,0) = 0 THEN \'ACTIVE\'
                            WHEN IFNULL(r.return_qty,0) < sd.product_quantity_sold THEN \'PARTIAL\'
                            WHEN IFNULL(r.return_qty,0) = sd.product_quantity_sold THEN \'FULL\'
                        END AS return_status

                    FROM sales_details sd

                    LEFT JOIN product_inital_stock p
                        ON p.product_id = sd.product_id

                    LEFT JOIN (
                        SELECT
                            sales_details_invoice,
                            product_id,
                            SUM(return_qty) AS return_qty
                        FROM return_sales_details
                        GROUP BY sales_details_invoice, product_id
                    ) r
                        ON r.sales_details_invoice = sd.sales_details_invoice
                        AND r.product_id = sd.product_id

                    WHERE sd.sales_details_invoice = ?
                ', [...])
 5 SYSTEMPATH\CodeIgniter.php(933): App\Controllers\ReturnController->getProducts()
 6 SYSTEMPATH\CodeIgniter.php(507): CodeIgniter\CodeIgniter->runController(Object(App\Controllers\ReturnController))
 7 SYSTEMPATH\CodeIgniter.php(354): CodeIgniter\CodeIgniter->handleRequest(null, Object(Config\Cache), false)
 8 SYSTEMPATH\Boot.php(363): CodeIgniter\CodeIgniter->run()
 9 SYSTEMPATH\Boot.php(68): CodeIgniter\Boot::runCodeIgniter(Object(CodeIgniter\CodeIgniter))
10 FCPATH\index.php(59): CodeIgniter\Boot::bootWeb(Object(Config\Paths))
DEBUG - 2026-08-08 14:25:07 --> Session: Class initialized using 'CodeIgniter\Session\Handlers\FileHandler' driver.
DEBUG - 2026-08-08 14:25:13 --> Session: Class initialized using 'CodeIgniter\Session\Handlers\FileHandler' driver.
ERROR - 2026-08-08 14:25:13 --> mysqli_sql_exception: Table 'pharmacy_db.product_inital_stock' doesn't exist in C:\laragon\www\pharmacy-project\system\Database\MySQLi\Connection.php:327
Stack trace:
#0 C:\laragon\www\pharmacy-project\system\Database\MySQLi\Connection.php(327): mysqli->query('\r\n    SELECT\r\n ...', 0)
#1 C:\laragon\www\pharmacy-project\system\Database\BaseConnection.php(729): CodeIgniter\Database\MySQLi\Connection->execute('\r\n    SELECT\r\n ...')
#2 C:\laragon\www\pharmacy-project\system\Database\BaseConnection.php(646): CodeIgniter\Database\BaseConnection->simpleQuery('\r\n    SELECT\r\n ...')
#3 C:\laragon\www\pharmacy-project\app\Controllers\ReturnController.php(81): CodeIgniter\Database\BaseConnection->query('\r\n    SELECT\r\n ...', Array)
#4 C:\laragon\www\pharmacy-project\system\CodeIgniter.php(933): App\Controllers\ReturnController->getProducts()
#5 C:\laragon\www\pharmacy-project\system\CodeIgniter.php(507): CodeIgniter\CodeIgniter->runController(Object(App\Controllers\ReturnController))
#6 C:\laragon\www\pharmacy-project\system\CodeIgniter.php(354): CodeIgniter\CodeIgniter->handleRequest(NULL, Object(Config\Cache), false)
#7 C:\laragon\www\pharmacy-project\system\Boot.php(363): CodeIgniter\CodeIgniter->run()
#8 C:\laragon\www\pharmacy-project\system\Boot.php(68): CodeIgniter\Boot::runCodeIgniter(Object(CodeIgniter\CodeIgniter))
#9 C:\laragon\www\pharmacy-project\index.php(59): CodeIgniter\Boot::bootWeb(Object(Config\Paths))
#10 {main}
CRITICAL - 2026-08-08 14:25:13 --> CodeIgniter\Database\Exceptions\DatabaseException: Table 'pharmacy_db.product_inital_stock' doesn't exist
[Method: POST, Route: return/products]
in SYSTEMPATH\Database\BaseConnection.php on line 684.
 1 APPPATH\Controllers\ReturnController.php(81): CodeIgniter\Database\BaseConnection->query('
    SELECT
        sd.sales_id,
        sd.sales_details_id,
        sd.product_id,

        p.product_name,

        sd.unit_price,
        sd.total_buy_price,
        sd.total_sale_price,

        sd.product_quantity_sold AS sold_qty,

        IFNULL(sd.returned_qty, 0) AS return_qty,

        (
            sd.product_quantity_sold
            - IFNULL(sd.returned_qty, 0)
        ) AS remaining_qty,

        CASE
            WHEN IFNULL(sd.returned_qty, 0) = 0
                THEN \'ACTIVE\'

            WHEN IFNULL(sd.returned_qty, 0) < sd.product_quantity_sold
                THEN \'PARTIAL\'

            WHEN IFNULL(sd.returned_qty, 0) >= sd.product_quantity_sold
                THEN \'FULL\'
        END AS return_status

    FROM sales_details sd

    LEFT JOIN product_inital_stock p
        ON p.product_id = sd.product_id

    WHERE sd.sales_id = ?

    ORDER BY sd.sales_details_id ASC
', [...])
 2 SYSTEMPATH\CodeIgniter.php(933): App\Controllers\ReturnController->getProducts()
 3 SYSTEMPATH\CodeIgniter.php(507): CodeIgniter\CodeIgniter->runController(Object(App\Controllers\ReturnController))
 4 SYSTEMPATH\CodeIgniter.php(354): CodeIgniter\CodeIgniter->handleRequest(null, Object(Config\Cache), false)
 5 SYSTEMPATH\Boot.php(363): CodeIgniter\CodeIgniter->run()
 6 SYSTEMPATH\Boot.php(68): CodeIgniter\Boot::runCodeIgniter(Object(CodeIgniter\CodeIgniter))
 7 FCPATH\index.php(59): CodeIgniter\Boot::bootWeb(Object(Config\Paths))
CRITICAL - 2026-08-08 14:25:13 --> [Caused by] CodeIgniter\Database\Exceptions\DatabaseException: Table 'pharmacy_db.product_inital_stock' doesn't exist
in SYSTEMPATH\Database\MySQLi\Connection.php on line 332.
 1 SYSTEMPATH\Database\BaseConnection.php(729): CodeIgniter\Database\MySQLi\Connection->execute('
    SELECT
        sd.sales_id,
        sd.sales_details_id,
        sd.product_id,

        p.product_name,

        sd.unit_price,
        sd.total_buy_price,
        sd.total_sale_price,

        sd.product_quantity_sold AS sold_qty,

        IFNULL(sd.returned_qty, 0) AS return_qty,

        (
            sd.product_quantity_sold
            - IFNULL(sd.returned_qty, 0)
        ) AS remaining_qty,

        CASE
            WHEN IFNULL(sd.returned_qty, 0) = 0
                THEN \'ACTIVE\'

            WHEN IFNULL(sd.returned_qty, 0) < sd.product_quantity_sold
                THEN \'PARTIAL\'

            WHEN IFNULL(sd.returned_qty, 0) >= sd.product_quantity_sold
                THEN \'FULL\'
        END AS return_status

    FROM sales_details sd

    LEFT JOIN product_inital_stock p
        ON p.product_id = sd.product_id

    WHERE sd.sales_id = NULL

    ORDER BY sd.sales_details_id ASC
')
 2 SYSTEMPATH\Database\BaseConnection.php(646): CodeIgniter\Database\BaseConnection->simpleQuery('
    SELECT
        sd.sales_id,
        sd.sales_details_id,
        sd.product_id,

        p.product_name,

        sd.unit_price,
        sd.total_buy_price,
        sd.total_sale_price,

        sd.product_quantity_sold AS sold_qty,

        IFNULL(sd.returned_qty, 0) AS return_qty,

        (
            sd.product_quantity_sold
            - IFNULL(sd.returned_qty, 0)
        ) AS remaining_qty,

        CASE
            WHEN IFNULL(sd.returned_qty, 0) = 0
                THEN \'ACTIVE\'

            WHEN IFNULL(sd.returned_qty, 0) < sd.product_quantity_sold
                THEN \'PARTIAL\'

            WHEN IFNULL(sd.returned_qty, 0) >= sd.product_quantity_sold
                THEN \'FULL\'
        END AS return_status

    FROM sales_details sd

    LEFT JOIN product_inital_stock p
        ON p.product_id = sd.product_id

    WHERE sd.sales_id = NULL

    ORDER BY sd.sales_details_id ASC
')
 3 APPPATH\Controllers\ReturnController.php(81): CodeIgniter\Database\BaseConnection->query('
    SELECT
        sd.sales_id,
        sd.sales_details_id,
        sd.product_id,

        p.product_name,

        sd.unit_price,
        sd.total_buy_price,
        sd.total_sale_price,

        sd.product_quantity_sold AS sold_qty,

        IFNULL(sd.returned_qty, 0) AS return_qty,

        (
            sd.product_quantity_sold
            - IFNULL(sd.returned_qty, 0)
        ) AS remaining_qty,

        CASE
            WHEN IFNULL(sd.returned_qty, 0) = 0
                THEN \'ACTIVE\'

            WHEN IFNULL(sd.returned_qty, 0) < sd.product_quantity_sold
                THEN \'PARTIAL\'

            WHEN IFNULL(sd.returned_qty, 0) >= sd.product_quantity_sold
                THEN \'FULL\'
        END AS return_status

    FROM sales_details sd

    LEFT JOIN product_inital_stock p
        ON p.product_id = sd.product_id

    WHERE sd.sales_id = ?

    ORDER BY sd.sales_details_id ASC
', [...])
 4 SYSTEMPATH\CodeIgniter.php(933): App\Controllers\ReturnController->getProducts()
 5 SYSTEMPATH\CodeIgniter.php(507): CodeIgniter\CodeIgniter->runController(Object(App\Controllers\ReturnController))
 6 SYSTEMPATH\CodeIgniter.php(354): CodeIgniter\CodeIgniter->handleRequest(null, Object(Config\Cache), false)
 7 SYSTEMPATH\Boot.php(363): CodeIgniter\CodeIgniter->run()
 8 SYSTEMPATH\Boot.php(68): CodeIgniter\Boot::runCodeIgniter(Object(CodeIgniter\CodeIgniter))
 9 FCPATH\index.php(59): CodeIgniter\Boot::bootWeb(Object(Config\Paths))
CRITICAL - 2026-08-08 14:25:13 --> [Caused by] mysqli_sql_exception: Table 'pharmacy_db.product_inital_stock' doesn't exist
in SYSTEMPATH\Database\MySQLi\Connection.php on line 327.
 1 SYSTEMPATH\Database\MySQLi\Connection.php(327): mysqli->query('
    SELECT
        sd.sales_id,
        sd.sales_details_id,
        sd.product_id,

        p.product_name,

        sd.unit_price,
        sd.total_buy_price,
        sd.total_sale_price,

        sd.product_quantity_sold AS sold_qty,

        IFNULL(sd.returned_qty, 0) AS return_qty,

        (
            sd.product_quantity_sold
            - IFNULL(sd.returned_qty, 0)
        ) AS remaining_qty,

        CASE
            WHEN IFNULL(sd.returned_qty, 0) = 0
                THEN \'ACTIVE\'

            WHEN IFNULL(sd.returned_qty, 0) < sd.product_quantity_sold
                THEN \'PARTIAL\'

            WHEN IFNULL(sd.returned_qty, 0) >= sd.product_quantity_sold
                THEN \'FULL\'
        END AS return_status

    FROM sales_details sd

    LEFT JOIN product_inital_stock p
        ON p.product_id = sd.product_id

    WHERE sd.sales_id = NULL

    ORDER BY sd.sales_details_id ASC
', 0)
 2 SYSTEMPATH\Database\BaseConnection.php(729): CodeIgniter\Database\MySQLi\Connection->execute('
    SELECT
        sd.sales_id,
        sd.sales_details_id,
        sd.product_id,

        p.product_name,

        sd.unit_price,
        sd.total_buy_price,
        sd.total_sale_price,

        sd.product_quantity_sold AS sold_qty,

        IFNULL(sd.returned_qty, 0) AS return_qty,

        (
            sd.product_quantity_sold
            - IFNULL(sd.returned_qty, 0)
        ) AS remaining_qty,

        CASE
            WHEN IFNULL(sd.returned_qty, 0) = 0
                THEN \'ACTIVE\'

            WHEN IFNULL(sd.returned_qty, 0) < sd.product_quantity_sold
                THEN \'PARTIAL\'

            WHEN IFNULL(sd.returned_qty, 0) >= sd.product_quantity_sold
                THEN \'FULL\'
        END AS return_status

    FROM sales_details sd

    LEFT JOIN product_inital_stock p
        ON p.product_id = sd.product_id

    WHERE sd.sales_id = NULL

    ORDER BY sd.sales_details_id ASC
')
 3 SYSTEMPATH\Database\BaseConnection.php(646): CodeIgniter\Database\BaseConnection->simpleQuery('
    SELECT
        sd.sales_id,
        sd.sales_details_id,
        sd.product_id,

        p.product_name,

        sd.unit_price,
        sd.total_buy_price,
        sd.total_sale_price,

        sd.product_quantity_sold AS sold_qty,

        IFNULL(sd.returned_qty, 0) AS return_qty,

        (
            sd.product_quantity_sold
            - IFNULL(sd.returned_qty, 0)
        ) AS remaining_qty,

        CASE
            WHEN IFNULL(sd.returned_qty, 0) = 0
                THEN \'ACTIVE\'

            WHEN IFNULL(sd.returned_qty, 0) < sd.product_quantity_sold
                THEN \'PARTIAL\'

            WHEN IFNULL(sd.returned_qty, 0) >= sd.product_quantity_sold
                THEN \'FULL\'
        END AS return_status

    FROM sales_details sd

    LEFT JOIN product_inital_stock p
        ON p.product_id = sd.product_id

    WHERE sd.sales_id = NULL

    ORDER BY sd.sales_details_id ASC
')
 4 APPPATH\Controllers\ReturnController.php(81): CodeIgniter\Database\BaseConnection->query('
    SELECT
        sd.sales_id,
        sd.sales_details_id,
        sd.product_id,

        p.product_name,

        sd.unit_price,
        sd.total_buy_price,
        sd.total_sale_price,

        sd.product_quantity_sold AS sold_qty,

        IFNULL(sd.returned_qty, 0) AS return_qty,

        (
            sd.product_quantity_sold
            - IFNULL(sd.returned_qty, 0)
        ) AS remaining_qty,

        CASE
            WHEN IFNULL(sd.returned_qty, 0) = 0
                THEN \'ACTIVE\'

            WHEN IFNULL(sd.returned_qty, 0) < sd.product_quantity_sold
                THEN \'PARTIAL\'

            WHEN IFNULL(sd.returned_qty, 0) >= sd.product_quantity_sold
                THEN \'FULL\'
        END AS return_status

    FROM sales_details sd

    LEFT JOIN product_inital_stock p
        ON p.product_id = sd.product_id

    WHERE sd.sales_id = ?

    ORDER BY sd.sales_details_id ASC
', [...])
 5 SYSTEMPATH\CodeIgniter.php(933): App\Controllers\ReturnController->getProducts()
 6 SYSTEMPATH\CodeIgniter.php(507): CodeIgniter\CodeIgniter->runController(Object(App\Controllers\ReturnController))
 7 SYSTEMPATH\CodeIgniter.php(354): CodeIgniter\CodeIgniter->handleRequest(null, Object(Config\Cache), false)
 8 SYSTEMPATH\Boot.php(363): CodeIgniter\CodeIgniter->run()
 9 SYSTEMPATH\Boot.php(68): CodeIgniter\Boot::runCodeIgniter(Object(CodeIgniter\CodeIgniter))
10 FCPATH\index.php(59): CodeIgniter\Boot::bootWeb(Object(Config\Paths))
DEBUG - 2026-08-08 14:27:52 --> Session: Class initialized using 'CodeIgniter\Session\Handlers\FileHandler' driver.
DEBUG - 2026-08-08 14:27:54 --> Session: Class initialized using 'CodeIgniter\Session\Handlers\FileHandler' driver.
DEBUG - 2026-08-08 14:28:04 --> Session: Class initialized using 'CodeIgniter\Session\Handlers\FileHandler' driver.
DEBUG - 2026-08-08 14:30:54 --> Session: Class initialized using 'CodeIgniter\Session\Handlers\FileHandler' driver.
DEBUG - 2026-08-08 14:30:57 --> Session: Class initialized using 'CodeIgniter\Session\Handlers\FileHandler' driver.
DEBUG - 2026-08-08 14:31:18 --> Session: Class initialized using 'CodeIgniter\Session\Handlers\FileHandler' driver.
DEBUG - 2026-08-08 14:31:20 --> Session: Class initialized using 'CodeIgniter\Session\Handlers\FileHandler' driver.
DEBUG - 2026-08-08 14:31:57 --> Session: Class initialized using 'CodeIgniter\Session\Handlers\FileHandler' driver.
DEBUG - 2026-08-08 14:32:00 --> Session: Class initialized using 'CodeIgniter\Session\Handlers\FileHandler' driver.
DEBUG - 2026-08-08 14:33:10 --> Session: Class initialized using 'CodeIgniter\Session\Handlers\FileHandler' driver.
DEBUG - 2026-08-08 14:33:12 --> Session: Class initialized using 'CodeIgniter\Session\Handlers\FileHandler' driver.
DEBUG - 2026-08-08 14:33:24 --> Session: Class initialized using 'CodeIgniter\Session\Handlers\FileHandler' driver.
DEBUG - 2026-08-08 14:36:23 --> Session: Class initialized using 'CodeIgniter\Session\Handlers\FileHandler' driver.
DEBUG - 2026-08-08 14:36:26 --> Session: Class initialized using 'CodeIgniter\Session\Handlers\FileHandler' driver.
DEBUG - 2026-08-08 14:37:18 --> Session: Class initialized using 'CodeIgniter\Session\Handlers\FileHandler' driver.
DEBUG - 2026-08-08 14:37:22 --> Session: Class initialized using 'CodeIgniter\Session\Handlers\FileHandler' driver.
DEBUG - 2026-08-08 14:37:37 --> Session: Class initialized using 'CodeIgniter\Session\Handlers\FileHandler' driver.
DEBUG - 2026-08-08 14:38:27 --> Session: Class initialized using 'CodeIgniter\Session\Handlers\FileHandler' driver.
DEBUG - 2026-08-08 14:38:31 --> Session: Class initialized using 'CodeIgniter\Session\Handlers\FileHandler' driver.
CRITICAL - 2026-08-08 14:38:31 --> ParseError: syntax error, unexpected token "return"
[Method: POST, Route: return/products]
in APPPATH\Controllers\ReturnController.php on line 91.
 1 SYSTEMPATH\Autoloader\Autoloader.php(295): CodeIgniter\Autoloader\Autoloader->includeFile('C:\\laragon\\www\\pharmacy-project\\app\\Controllers\\ReturnController.php')
 2 SYSTEMPATH\Autoloader\Autoloader.php(271): CodeIgniter\Autoloader\Autoloader->loadInNamespace('App\\Controllers\\ReturnController')
 3 [internal function]: CodeIgniter\Autoloader\Autoloader->loadClass('App\\Controllers\\ReturnController')
 4 SYSTEMPATH\CodeIgniter.php(885): class_exists('\\App\\Controllers\\ReturnController', true)
 5 SYSTEMPATH\CodeIgniter.php(494): CodeIgniter\CodeIgniter->startController()
 6 SYSTEMPATH\CodeIgniter.php(354): CodeIgniter\CodeIgniter->handleRequest(null, Object(Config\Cache), false)
 7 SYSTEMPATH\Boot.php(363): CodeIgniter\CodeIgniter->run()
 8 SYSTEMPATH\Boot.php(68): CodeIgniter\Boot::runCodeIgniter(Object(CodeIgniter\CodeIgniter))
 9 FCPATH\index.php(59): CodeIgniter\Boot::bootWeb(Object(Config\Paths))
DEBUG - 2026-08-08 14:39:54 --> Session: Class initialized using 'CodeIgniter\Session\Handlers\FileHandler' driver.
DEBUG - 2026-08-08 14:39:59 --> Session: Class initialized using 'CodeIgniter\Session\Handlers\FileHandler' driver.
DEBUG - 2026-08-08 14:40:56 --> Session: Class initialized using 'CodeIgniter\Session\Handlers\FileHandler' driver.
DEBUG - 2026-08-08 15:16:06 --> Session: Class initialized using 'CodeIgniter\Session\Handlers\FileHandler' driver.
DEBUG - 2026-08-08 15:16:09 --> Session: Class initialized using 'CodeIgniter\Session\Handlers\FileHandler' driver.
DEBUG - 2026-08-08 15:18:45 --> Session: Class initialized using 'CodeIgniter\Session\Handlers\FileHandler' driver.
DEBUG - 2026-08-08 15:18:48 --> Session: Class initialized using 'CodeIgniter\Session\Handlers\FileHandler' driver.
DEBUG - 2026-08-08 15:19:24 --> Session: Class initialized using 'CodeIgniter\Session\Handlers\FileHandler' driver.
DEBUG - 2026-08-08 15:23:11 --> Session: Class initialized using 'CodeIgniter\Session\Handlers\FileHandler' driver.
DEBUG - 2026-08-08 15:23:15 --> Session: Class initialized using 'CodeIgniter\Session\Handlers\FileHandler' driver.
DEBUG - 2026-08-08 15:23:31 --> Session: Class initialized using 'CodeIgniter\Session\Handlers\FileHandler' driver.
DEBUG - 2026-08-08 15:23:44 --> Session: Class initialized using 'CodeIgniter\Session\Handlers\FileHandler' driver.
DEBUG - 2026-08-08 15:23:53 --> Session: Class initialized using 'CodeIgniter\Session\Handlers\FileHandler' driver.
DEBUG - 2026-08-08 15:23:57 --> Session: Class initialized using 'CodeIgniter\Session\Handlers\FileHandler' driver.
DEBUG - 2026-08-08 15:24:02 --> Session: Class initialized using 'CodeIgniter\Session\Handlers\FileHandler' driver.
DEBUG - 2026-08-08 15:24:08 --> Session: Class initialized using 'CodeIgniter\Session\Handlers\FileHandler' driver.
DEBUG - 2026-08-08 15:24:12 --> Session: Class initialized using 'CodeIgniter\Session\Handlers\FileHandler' driver.
DEBUG - 2026-08-08 15:24:15 --> Session: Class initialized using 'CodeIgniter\Session\Handlers\FileHandler' driver.
DEBUG - 2026-08-08 15:24:34 --> Session: Class initialized using 'CodeIgniter\Session\Handlers\FileHandler' driver.
DEBUG - 2026-08-08 15:25:01 --> Session: Class initialized using 'CodeIgniter\Session\Handlers\FileHandler' driver.
DEBUG - 2026-08-08 15:25:06 --> Session: Class initialized using 'CodeIgniter\Session\Handlers\FileHandler' driver.
DEBUG - 2026-08-08 15:25:09 --> Session: Class initialized using 'CodeIgniter\Session\Handlers\FileHandler' driver.
DEBUG - 2026-08-08 15:25:13 --> Session: Class initialized using 'CodeIgniter\Session\Handlers\FileHandler' driver.
DEBUG - 2026-08-08 15:25:19 --> Session: Class initialized using 'CodeIgniter\Session\Handlers\FileHandler' driver.
DEBUG - 2026-08-08 15:25:23 --> Session: Class initialized using 'CodeIgniter\Session\Handlers\FileHandler' driver.
DEBUG - 2026-08-08 15:39:48 --> Session: Class initialized using 'CodeIgniter\Session\Handlers\FileHandler' driver.
DEBUG - 2026-08-08 15:39:51 --> Session: Class initialized using 'CodeIgniter\Session\Handlers\FileHandler' driver.
DEBUG - 2026-08-08 15:39:55 --> Session: Class initialized using 'CodeIgniter\Session\Handlers\FileHandler' driver.
DEBUG - 2026-08-08 15:40:05 --> Session: Class initialized using 'CodeIgniter\Session\Handlers\FileHandler' driver.
DEBUG - 2026-08-08 15:42:14 --> Session: Class initialized using 'CodeIgniter\Session\Handlers\FileHandler' driver.
DEBUG - 2026-08-08 15:42:16 --> Session: Class initialized using 'CodeIgniter\Session\Handlers\FileHandler' driver.
DEBUG - 2026-08-08 15:42:24 --> Session: Class initialized using 'CodeIgniter\Session\Handlers\FileHandler' driver.
DEBUG - 2026-08-08 15:43:51 --> Session: Class initialized using 'CodeIgniter\Session\Handlers\FileHandler' driver.
DEBUG - 2026-08-08 15:45:50 --> Session: Class initialized using 'CodeIgniter\Session\Handlers\FileHandler' driver.
DEBUG - 2026-08-08 15:51:33 --> Session: Class initialized using 'CodeIgniter\Session\Handlers\FileHandler' driver.
DEBUG - 2026-08-08 15:51:35 --> Session: Class initialized using 'CodeIgniter\Session\Handlers\FileHandler' driver.
DEBUG - 2026-08-08 15:51:55 --> Session: Class initialized using 'CodeIgniter\Session\Handlers\FileHandler' driver.
WARNING - 2026-08-08 15:51:55 --> [DEPRECATED] trim(): Passing null to parameter #1 ($string) of type string is deprecated in APPPATH\Controllers\ReturnController.php on line 297.
 1 APPPATH\Controllers\ReturnController.php(297): trim(null)
 2 SYSTEMPATH\CodeIgniter.php(933): App\Controllers\ReturnController->process()
 3 SYSTEMPATH\CodeIgniter.php(507): CodeIgniter\CodeIgniter->runController(Object(App\Controllers\ReturnController))
 4 SYSTEMPATH\CodeIgniter.php(354): CodeIgniter\CodeIgniter->handleRequest(null, Object(Config\Cache), false)
 5 SYSTEMPATH\Boot.php(363): CodeIgniter\CodeIgniter->run()
 6 SYSTEMPATH\Boot.php(68): CodeIgniter\Boot::runCodeIgniter(Object(CodeIgniter\CodeIgniter))
 7 FCPATH\index.php(59): CodeIgniter\Boot::bootWeb(Object(Config\Paths))
DEBUG - 2026-08-08 15:51:55 --> Return POST Data: Array
(
    [sales_id] => 836
    [reason] => ee
    [sales_details_id] => Array
        (
            [0] => 1285
        )

    [product_id] => Array
        (
            [0] => 7
        )

    [return_qty] => Array
        (
            [1285] => 1
        )

)

