DEBUG - 2026-08-03 03:59:40 --> Session: Class initialized using 'CodeIgniter\Session\Handlers\FileHandler' driver.
DEBUG - 2026-08-03 03:59:43 --> Session: Class initialized using 'CodeIgniter\Session\Handlers\FileHandler' driver.
DEBUG - 2026-08-03 03:59:43 --> Session: Class initialized using 'CodeIgniter\Session\Handlers\FileHandler' driver.
DEBUG - 2026-08-03 03:59:48 --> Session: Class initialized using 'CodeIgniter\Session\Handlers\FileHandler' driver.
DEBUG - 2026-08-03 03:59:52 --> Session: Class initialized using 'CodeIgniter\Session\Handlers\FileHandler' driver.
CRITICAL - 2026-08-03 03:59:52 --> Error: Class "App\Models\NewProductAddModel" not found
[Method: GET, Route: stock-adjustment]
in APPPATH\Controllers\StockAdjustmentController.php on line 15.
 1 SYSTEMPATH\CodeIgniter.php(903): App\Controllers\StockAdjustmentController->__construct()
 2 SYSTEMPATH\CodeIgniter.php(498): CodeIgniter\CodeIgniter->createController()
 3 SYSTEMPATH\CodeIgniter.php(354): CodeIgniter\CodeIgniter->handleRequest(null, Object(Config\Cache), false)
 4 SYSTEMPATH\Boot.php(363): CodeIgniter\CodeIgniter->run()
 5 SYSTEMPATH\Boot.php(68): CodeIgniter\Boot::runCodeIgniter(Object(CodeIgniter\CodeIgniter))
 6 FCPATH\index.php(59): CodeIgniter\Boot::bootWeb(Object(Config\Paths))
DEBUG - 2026-08-03 04:01:58 --> Session: Class initialized using 'CodeIgniter\Session\Handlers\FileHandler' driver.
CRITICAL - 2026-08-03 04:01:58 --> TypeError: Cannot assign App\Models\ProductModel to property App\Controllers\StockAdjustmentController::$products_object of type App\Controllers\NewProductAddModel
[Method: GET, Route: stock-adjustment]
in APPPATH\Controllers\StockAdjustmentController.php on line 15.
 1 SYSTEMPATH\CodeIgniter.php(903): App\Controllers\StockAdjustmentController->__construct()
 2 SYSTEMPATH\CodeIgniter.php(498): CodeIgniter\CodeIgniter->createController()
 3 SYSTEMPATH\CodeIgniter.php(354): CodeIgniter\CodeIgniter->handleRequest(null, Object(Config\Cache), false)
 4 SYSTEMPATH\Boot.php(363): CodeIgniter\CodeIgniter->run()
 5 SYSTEMPATH\Boot.php(68): CodeIgniter\Boot::runCodeIgniter(Object(CodeIgniter\CodeIgniter))
 6 FCPATH\index.php(59): CodeIgniter\Boot::bootWeb(Object(Config\Paths))
DEBUG - 2026-08-03 04:03:13 --> Session: Class initialized using 'CodeIgniter\Session\Handlers\FileHandler' driver.
ERROR - 2026-08-03 04:03:13 --> mysqli_sql_exception: Unknown column 'pos.batch_no' in 'field list' in C:\laragon\www\pharmacy-project\system\Database\MySQLi\Connection.php:327
Stack trace:
#0 C:\laragon\www\pharmacy-project\system\Database\MySQLi\Connection.php(327): mysqli->query('SELECT `p`.`pro...', 0)
#1 C:\laragon\www\pharmacy-project\system\Database\BaseConnection.php(729): CodeIgniter\Database\MySQLi\Connection->execute('SELECT `p`.`pro...')
#2 C:\laragon\www\pharmacy-project\system\Database\BaseConnection.php(646): CodeIgniter\Database\BaseConnection->simpleQuery('SELECT `p`.`pro...')
#3 C:\laragon\www\pharmacy-project\system\Database\BaseBuilder.php(1649): CodeIgniter\Database\BaseConnection->query('SELECT `p`.`pro...', Array, false)
#4 C:\laragon\www\pharmacy-project\app\Models\ProductModel.php(197): CodeIgniter\Database\BaseBuilder->get()
#5 C:\laragon\www\pharmacy-project\app\Controllers\StockAdjustmentController.php(24): App\Models\ProductModel->getProducts(NULL)
#6 C:\laragon\www\pharmacy-project\system\CodeIgniter.php(933): App\Controllers\StockAdjustmentController->index()
#7 C:\laragon\www\pharmacy-project\system\CodeIgniter.php(507): CodeIgniter\CodeIgniter->runController(Object(App\Controllers\StockAdjustmentController))
#8 C:\laragon\www\pharmacy-project\system\CodeIgniter.php(354): CodeIgniter\CodeIgniter->handleRequest(NULL, Object(Config\Cache), false)
#9 C:\laragon\www\pharmacy-project\system\Boot.php(363): CodeIgniter\CodeIgniter->run()
#10 C:\laragon\www\pharmacy-project\system\Boot.php(68): CodeIgniter\Boot::runCodeIgniter(Object(CodeIgniter\CodeIgniter))
#11 C:\laragon\www\pharmacy-project\index.php(59): CodeIgniter\Boot::bootWeb(Object(Config\Paths))
#12 {main}
CRITICAL - 2026-08-03 04:03:13 --> CodeIgniter\Database\Exceptions\DatabaseException: Unknown column 'pos.batch_no' in 'field list'
[Method: GET, Route: stock-adjustment]
in SYSTEMPATH\Database\BaseConnection.php on line 684.
 1 SYSTEMPATH\Database\BaseBuilder.php(1649): CodeIgniter\Database\BaseConnection->query('SELECT `p`.`product_id`, `p`.`product_name`, `p`.`product_image`, `p`.`barcode`, `p`.`alert_quantity`, `pc`.`category_name`, `pos`.`batch_no`, `pos`.`purchase_price_without_vat`, `pos`.`purchase_price_with_vat`, `pos`.`tax_type`, `pos`.`tax_id`, `pos`.`tax_percentage`, `pos`.`tax_amount`, `pos`.`profit_margin_percent`, `pos`.`selling_price`, COALESCE(SUM(sl.qty_in - sl.qty_out), 0) AS total_stock
FROM `products` `p`
LEFT JOIN `product_category` `pc` ON `pc`.`product_category_id` = `p`.`product_category`
LEFT JOIN `product_opening_stock` `pos` ON `pos`.`product_id` = `p`.`product_id` AND `pos`.`status` = "active"
LEFT JOIN `stock_ledger` `sl` ON `sl`.`product_id` = `p`.`product_id`
GROUP BY `p`.`product_id`, `p`.`product_name`, `p`.`product_image`, `p`.`barcode`, `p`.`alert_quantity`, `pc`.`category_name`, `pos`.`batch_no`, `pos`.`purchase_price_without_vat`, `pos`.`purchase_price_with_vat`, `pos`.`tax_type`, `pos`.`tax_id`, `pos`.`tax_percentage`, `pos`.`tax_amount`, `pos`.`profit_margin_percent`, `pos`.`selling_price`
ORDER BY `p`.`product_name` ASC', [], false)
 2 APPPATH\Models\ProductModel.php(197): CodeIgniter\Database\BaseBuilder->get()
 3 APPPATH\Controllers\StockAdjustmentController.php(24): App\Models\ProductModel->getProducts(null)
 4 SYSTEMPATH\CodeIgniter.php(933): App\Controllers\StockAdjustmentController->index()
 5 SYSTEMPATH\CodeIgniter.php(507): CodeIgniter\CodeIgniter->runController(Object(App\Controllers\StockAdjustmentController))
 6 SYSTEMPATH\CodeIgniter.php(354): CodeIgniter\CodeIgniter->handleRequest(null, Object(Config\Cache), false)
 7 SYSTEMPATH\Boot.php(363): CodeIgniter\CodeIgniter->run()
 8 SYSTEMPATH\Boot.php(68): CodeIgniter\Boot::runCodeIgniter(Object(CodeIgniter\CodeIgniter))
 9 FCPATH\index.php(59): CodeIgniter\Boot::bootWeb(Object(Config\Paths))
CRITICAL - 2026-08-03 04:03:13 --> [Caused by] CodeIgniter\Database\Exceptions\DatabaseException: Unknown column 'pos.batch_no' in 'field list'
in SYSTEMPATH\Database\MySQLi\Connection.php on line 332.
 1 SYSTEMPATH\Database\BaseConnection.php(729): CodeIgniter\Database\MySQLi\Connection->execute('SELECT `p`.`product_id`, `p`.`product_name`, `p`.`product_image`, `p`.`barcode`, `p`.`alert_quantity`, `pc`.`category_name`, `pos`.`batch_no`, `pos`.`purchase_price_without_vat`, `pos`.`purchase_price_with_vat`, `pos`.`tax_type`, `pos`.`tax_id`, `pos`.`tax_percentage`, `pos`.`tax_amount`, `pos`.`profit_margin_percent`, `pos`.`selling_price`, COALESCE(SUM(sl.qty_in - sl.qty_out), 0) AS total_stock
FROM `products` `p`
LEFT JOIN `product_category` `pc` ON `pc`.`product_category_id` = `p`.`product_category`
LEFT JOIN `product_opening_stock` `pos` ON `pos`.`product_id` = `p`.`product_id` AND `pos`.`status` = "active"
LEFT JOIN `stock_ledger` `sl` ON `sl`.`product_id` = `p`.`product_id`
GROUP BY `p`.`product_id`, `p`.`product_name`, `p`.`product_image`, `p`.`barcode`, `p`.`alert_quantity`, `pc`.`category_name`, `pos`.`batch_no`, `pos`.`purchase_price_without_vat`, `pos`.`purchase_price_with_vat`, `pos`.`tax_type`, `pos`.`tax_id`, `pos`.`tax_percentage`, `pos`.`tax_amount`, `pos`.`profit_margin_percent`, `pos`.`selling_price`
ORDER BY `p`.`product_name` ASC')
 2 SYSTEMPATH\Database\BaseConnection.php(646): CodeIgniter\Database\BaseConnection->simpleQuery('SELECT `p`.`product_id`, `p`.`product_name`, `p`.`product_image`, `p`.`barcode`, `p`.`alert_quantity`, `pc`.`category_name`, `pos`.`batch_no`, `pos`.`purchase_price_without_vat`, `pos`.`purchase_price_with_vat`, `pos`.`tax_type`, `pos`.`tax_id`, `pos`.`tax_percentage`, `pos`.`tax_amount`, `pos`.`profit_margin_percent`, `pos`.`selling_price`, COALESCE(SUM(sl.qty_in - sl.qty_out), 0) AS total_stock
FROM `products` `p`
LEFT JOIN `product_category` `pc` ON `pc`.`product_category_id` = `p`.`product_category`
LEFT JOIN `product_opening_stock` `pos` ON `pos`.`product_id` = `p`.`product_id` AND `pos`.`status` = "active"
LEFT JOIN `stock_ledger` `sl` ON `sl`.`product_id` = `p`.`product_id`
GROUP BY `p`.`product_id`, `p`.`product_name`, `p`.`product_image`, `p`.`barcode`, `p`.`alert_quantity`, `pc`.`category_name`, `pos`.`batch_no`, `pos`.`purchase_price_without_vat`, `pos`.`purchase_price_with_vat`, `pos`.`tax_type`, `pos`.`tax_id`, `pos`.`tax_percentage`, `pos`.`tax_amount`, `pos`.`profit_margin_percent`, `pos`.`selling_price`
ORDER BY `p`.`product_name` ASC')
 3 SYSTEMPATH\Database\BaseBuilder.php(1649): CodeIgniter\Database\BaseConnection->query('SELECT `p`.`product_id`, `p`.`product_name`, `p`.`product_image`, `p`.`barcode`, `p`.`alert_quantity`, `pc`.`category_name`, `pos`.`batch_no`, `pos`.`purchase_price_without_vat`, `pos`.`purchase_price_with_vat`, `pos`.`tax_type`, `pos`.`tax_id`, `pos`.`tax_percentage`, `pos`.`tax_amount`, `pos`.`profit_margin_percent`, `pos`.`selling_price`, COALESCE(SUM(sl.qty_in - sl.qty_out), 0) AS total_stock
FROM `products` `p`
LEFT JOIN `product_category` `pc` ON `pc`.`product_category_id` = `p`.`product_category`
LEFT JOIN `product_opening_stock` `pos` ON `pos`.`product_id` = `p`.`product_id` AND `pos`.`status` = "active"
LEFT JOIN `stock_ledger` `sl` ON `sl`.`product_id` = `p`.`product_id`
GROUP BY `p`.`product_id`, `p`.`product_name`, `p`.`product_image`, `p`.`barcode`, `p`.`alert_quantity`, `pc`.`category_name`, `pos`.`batch_no`, `pos`.`purchase_price_without_vat`, `pos`.`purchase_price_with_vat`, `pos`.`tax_type`, `pos`.`tax_id`, `pos`.`tax_percentage`, `pos`.`tax_amount`, `pos`.`profit_margin_percent`, `pos`.`selling_price`
ORDER BY `p`.`product_name` ASC', [], false)
 4 APPPATH\Models\ProductModel.php(197): CodeIgniter\Database\BaseBuilder->get()
 5 APPPATH\Controllers\StockAdjustmentController.php(24): App\Models\ProductModel->getProducts(null)
 6 SYSTEMPATH\CodeIgniter.php(933): App\Controllers\StockAdjustmentController->index()
 7 SYSTEMPATH\CodeIgniter.php(507): CodeIgniter\CodeIgniter->runController(Object(App\Controllers\StockAdjustmentController))
 8 SYSTEMPATH\CodeIgniter.php(354): CodeIgniter\CodeIgniter->handleRequest(null, Object(Config\Cache), false)
 9 SYSTEMPATH\Boot.php(363): CodeIgniter\CodeIgniter->run()
10 SYSTEMPATH\Boot.php(68): CodeIgniter\Boot::runCodeIgniter(Object(CodeIgniter\CodeIgniter))
11 FCPATH\index.php(59): CodeIgniter\Boot::bootWeb(Object(Config\Paths))
CRITICAL - 2026-08-03 04:03:13 --> [Caused by] mysqli_sql_exception: Unknown column 'pos.batch_no' in 'field list'
in SYSTEMPATH\Database\MySQLi\Connection.php on line 327.
 1 SYSTEMPATH\Database\MySQLi\Connection.php(327): mysqli->query('SELECT `p`.`product_id`, `p`.`product_name`, `p`.`product_image`, `p`.`barcode`, `p`.`alert_quantity`, `pc`.`category_name`, `pos`.`batch_no`, `pos`.`purchase_price_without_vat`, `pos`.`purchase_price_with_vat`, `pos`.`tax_type`, `pos`.`tax_id`, `pos`.`tax_percentage`, `pos`.`tax_amount`, `pos`.`profit_margin_percent`, `pos`.`selling_price`, COALESCE(SUM(sl.qty_in - sl.qty_out), 0) AS total_stock
FROM `products` `p`
LEFT JOIN `product_category` `pc` ON `pc`.`product_category_id` = `p`.`product_category`
LEFT JOIN `product_opening_stock` `pos` ON `pos`.`product_id` = `p`.`product_id` AND `pos`.`status` = "active"
LEFT JOIN `stock_ledger` `sl` ON `sl`.`product_id` = `p`.`product_id`
GROUP BY `p`.`product_id`, `p`.`product_name`, `p`.`product_image`, `p`.`barcode`, `p`.`alert_quantity`, `pc`.`category_name`, `pos`.`batch_no`, `pos`.`purchase_price_without_vat`, `pos`.`purchase_price_with_vat`, `pos`.`tax_type`, `pos`.`tax_id`, `pos`.`tax_percentage`, `pos`.`tax_amount`, `pos`.`profit_margin_percent`, `pos`.`selling_price`
ORDER BY `p`.`product_name` ASC', 0)
 2 SYSTEMPATH\Database\BaseConnection.php(729): CodeIgniter\Database\MySQLi\Connection->execute('SELECT `p`.`product_id`, `p`.`product_name`, `p`.`product_image`, `p`.`barcode`, `p`.`alert_quantity`, `pc`.`category_name`, `pos`.`batch_no`, `pos`.`purchase_price_without_vat`, `pos`.`purchase_price_with_vat`, `pos`.`tax_type`, `pos`.`tax_id`, `pos`.`tax_percentage`, `pos`.`tax_amount`, `pos`.`profit_margin_percent`, `pos`.`selling_price`, COALESCE(SUM(sl.qty_in - sl.qty_out), 0) AS total_stock
FROM `products` `p`
LEFT JOIN `product_category` `pc` ON `pc`.`product_category_id` = `p`.`product_category`
LEFT JOIN `product_opening_stock` `pos` ON `pos`.`product_id` = `p`.`product_id` AND `pos`.`status` = "active"
LEFT JOIN `stock_ledger` `sl` ON `sl`.`product_id` = `p`.`product_id`
GROUP BY `p`.`product_id`, `p`.`product_name`, `p`.`product_image`, `p`.`barcode`, `p`.`alert_quantity`, `pc`.`category_name`, `pos`.`batch_no`, `pos`.`purchase_price_without_vat`, `pos`.`purchase_price_with_vat`, `pos`.`tax_type`, `pos`.`tax_id`, `pos`.`tax_percentage`, `pos`.`tax_amount`, `pos`.`profit_margin_percent`, `pos`.`selling_price`
ORDER BY `p`.`product_name` ASC')
 3 SYSTEMPATH\Database\BaseConnection.php(646): CodeIgniter\Database\BaseConnection->simpleQuery('SELECT `p`.`product_id`, `p`.`product_name`, `p`.`product_image`, `p`.`barcode`, `p`.`alert_quantity`, `pc`.`category_name`, `pos`.`batch_no`, `pos`.`purchase_price_without_vat`, `pos`.`purchase_price_with_vat`, `pos`.`tax_type`, `pos`.`tax_id`, `pos`.`tax_percentage`, `pos`.`tax_amount`, `pos`.`profit_margin_percent`, `pos`.`selling_price`, COALESCE(SUM(sl.qty_in - sl.qty_out), 0) AS total_stock
FROM `products` `p`
LEFT JOIN `product_category` `pc` ON `pc`.`product_category_id` = `p`.`product_category`
LEFT JOIN `product_opening_stock` `pos` ON `pos`.`product_id` = `p`.`product_id` AND `pos`.`status` = "active"
LEFT JOIN `stock_ledger` `sl` ON `sl`.`product_id` = `p`.`product_id`
GROUP BY `p`.`product_id`, `p`.`product_name`, `p`.`product_image`, `p`.`barcode`, `p`.`alert_quantity`, `pc`.`category_name`, `pos`.`batch_no`, `pos`.`purchase_price_without_vat`, `pos`.`purchase_price_with_vat`, `pos`.`tax_type`, `pos`.`tax_id`, `pos`.`tax_percentage`, `pos`.`tax_amount`, `pos`.`profit_margin_percent`, `pos`.`selling_price`
ORDER BY `p`.`product_name` ASC')
 4 SYSTEMPATH\Database\BaseBuilder.php(1649): CodeIgniter\Database\BaseConnection->query('SELECT `p`.`product_id`, `p`.`product_name`, `p`.`product_image`, `p`.`barcode`, `p`.`alert_quantity`, `pc`.`category_name`, `pos`.`batch_no`, `pos`.`purchase_price_without_vat`, `pos`.`purchase_price_with_vat`, `pos`.`tax_type`, `pos`.`tax_id`, `pos`.`tax_percentage`, `pos`.`tax_amount`, `pos`.`profit_margin_percent`, `pos`.`selling_price`, COALESCE(SUM(sl.qty_in - sl.qty_out), 0) AS total_stock
FROM `products` `p`
LEFT JOIN `product_category` `pc` ON `pc`.`product_category_id` = `p`.`product_category`
LEFT JOIN `product_opening_stock` `pos` ON `pos`.`product_id` = `p`.`product_id` AND `pos`.`status` = "active"
LEFT JOIN `stock_ledger` `sl` ON `sl`.`product_id` = `p`.`product_id`
GROUP BY `p`.`product_id`, `p`.`product_name`, `p`.`product_image`, `p`.`barcode`, `p`.`alert_quantity`, `pc`.`category_name`, `pos`.`batch_no`, `pos`.`purchase_price_without_vat`, `pos`.`purchase_price_with_vat`, `pos`.`tax_type`, `pos`.`tax_id`, `pos`.`tax_percentage`, `pos`.`tax_amount`, `pos`.`profit_margin_percent`, `pos`.`selling_price`
ORDER BY `p`.`product_name` ASC', [], false)
 5 APPPATH\Models\ProductModel.php(197): CodeIgniter\Database\BaseBuilder->get()
 6 APPPATH\Controllers\StockAdjustmentController.php(24): App\Models\ProductModel->getProducts(null)
 7 SYSTEMPATH\CodeIgniter.php(933): App\Controllers\StockAdjustmentController->index()
 8 SYSTEMPATH\CodeIgniter.php(507): CodeIgniter\CodeIgniter->runController(Object(App\Controllers\StockAdjustmentController))
 9 SYSTEMPATH\CodeIgniter.php(354): CodeIgniter\CodeIgniter->handleRequest(null, Object(Config\Cache), false)
10 SYSTEMPATH\Boot.php(363): CodeIgniter\CodeIgniter->run()
11 SYSTEMPATH\Boot.php(68): CodeIgniter\Boot::runCodeIgniter(Object(CodeIgniter\CodeIgniter))
12 FCPATH\index.php(59): CodeIgniter\Boot::bootWeb(Object(Config\Paths))
DEBUG - 2026-08-03 04:05:00 --> Session: Class initialized using 'CodeIgniter\Session\Handlers\FileHandler' driver.
ERROR - 2026-08-03 04:05:00 --> mysqli_sql_exception: Table 'pharmacy_db.product_inital_stock' doesn't exist in C:\laragon\www\pharmacy-project\system\Database\MySQLi\Connection.php:327
Stack trace:
#0 C:\laragon\www\pharmacy-project\system\Database\MySQLi\Connection.php(327): mysqli->query('SELECT `sa`.`ad...', 0)
#1 C:\laragon\www\pharmacy-project\system\Database\BaseConnection.php(729): CodeIgniter\Database\MySQLi\Connection->execute('SELECT `sa`.`ad...')
#2 C:\laragon\www\pharmacy-project\system\Database\BaseConnection.php(646): CodeIgniter\Database\BaseConnection->simpleQuery('SELECT `sa`.`ad...')
#3 C:\laragon\www\pharmacy-project\system\Database\BaseBuilder.php(1649): CodeIgniter\Database\BaseConnection->query('SELECT `sa`.`ad...', Array, false)
#4 C:\laragon\www\pharmacy-project\app\Models\StockAdjustmentModel.php(51): CodeIgniter\Database\BaseBuilder->get()
#5 C:\laragon\www\pharmacy-project\app\Controllers\StockAdjustmentController.php(25): App\Models\StockAdjustmentModel->getAdjustmentList()
#6 C:\laragon\www\pharmacy-project\system\CodeIgniter.php(933): App\Controllers\StockAdjustmentController->index()
#7 C:\laragon\www\pharmacy-project\system\CodeIgniter.php(507): CodeIgniter\CodeIgniter->runController(Object(App\Controllers\StockAdjustmentController))
#8 C:\laragon\www\pharmacy-project\system\CodeIgniter.php(354): CodeIgniter\CodeIgniter->handleRequest(NULL, Object(Config\Cache), false)
#9 C:\laragon\www\pharmacy-project\system\Boot.php(363): CodeIgniter\CodeIgniter->run()
#10 C:\laragon\www\pharmacy-project\system\Boot.php(68): CodeIgniter\Boot::runCodeIgniter(Object(CodeIgniter\CodeIgniter))
#11 C:\laragon\www\pharmacy-project\index.php(59): CodeIgniter\Boot::bootWeb(Object(Config\Paths))
#12 {main}
CRITICAL - 2026-08-03 04:05:00 --> CodeIgniter\Database\Exceptions\DatabaseException: Table 'pharmacy_db.product_inital_stock' doesn't exist
[Method: GET, Route: stock-adjustment]
in SYSTEMPATH\Database\BaseConnection.php on line 684.
 1 SYSTEMPATH\Database\BaseBuilder.php(1649): CodeIgniter\Database\BaseConnection->query('SELECT `sa`.`adjustment_id`, `sa`.`adjustment_no`, `sa`.`adjustment_date`, `sa`.`adjustment_type`, `sa`.`reason`, `sa`.`adjusted_by`, `sad`.`current_stock`, `sad`.`adjustment_qty`, `sad`.`new_stock`, `p`.`product_name`, `u`.`user_name`
FROM `stock_adjustment` `sa`
JOIN `stock_adjustment_details` `sad` ON `sad`.`adjustment_id` = `sa`.`adjustment_id`
JOIN `product_inital_stock` `p` ON `p`.`product_id` = `sad`.`product_id`
LEFT JOIN `user` `u` ON `u`.`user_id` = `sa`.`adjusted_by`
ORDER BY `sa`.`adjustment_id` DESC', [], false)
 2 APPPATH\Models\StockAdjustmentModel.php(51): CodeIgniter\Database\BaseBuilder->get()
 3 APPPATH\Controllers\StockAdjustmentController.php(25): App\Models\StockAdjustmentModel->getAdjustmentList()
 4 SYSTEMPATH\CodeIgniter.php(933): App\Controllers\StockAdjustmentController->index()
 5 SYSTEMPATH\CodeIgniter.php(507): CodeIgniter\CodeIgniter->runController(Object(App\Controllers\StockAdjustmentController))
 6 SYSTEMPATH\CodeIgniter.php(354): CodeIgniter\CodeIgniter->handleRequest(null, Object(Config\Cache), false)
 7 SYSTEMPATH\Boot.php(363): CodeIgniter\CodeIgniter->run()
 8 SYSTEMPATH\Boot.php(68): CodeIgniter\Boot::runCodeIgniter(Object(CodeIgniter\CodeIgniter))
 9 FCPATH\index.php(59): CodeIgniter\Boot::bootWeb(Object(Config\Paths))
CRITICAL - 2026-08-03 04:05:00 --> [Caused by] CodeIgniter\Database\Exceptions\DatabaseException: Table 'pharmacy_db.product_inital_stock' doesn't exist
in SYSTEMPATH\Database\MySQLi\Connection.php on line 332.
 1 SYSTEMPATH\Database\BaseConnection.php(729): CodeIgniter\Database\MySQLi\Connection->execute('SELECT `sa`.`adjustment_id`, `sa`.`adjustment_no`, `sa`.`adjustment_date`, `sa`.`adjustment_type`, `sa`.`reason`, `sa`.`adjusted_by`, `sad`.`current_stock`, `sad`.`adjustment_qty`, `sad`.`new_stock`, `p`.`product_name`, `u`.`user_name`
FROM `stock_adjustment` `sa`
JOIN `stock_adjustment_details` `sad` ON `sad`.`adjustment_id` = `sa`.`adjustment_id`
JOIN `product_inital_stock` `p` ON `p`.`product_id` = `sad`.`product_id`
LEFT JOIN `user` `u` ON `u`.`user_id` = `sa`.`adjusted_by`
ORDER BY `sa`.`adjustment_id` DESC')
 2 SYSTEMPATH\Database\BaseConnection.php(646): CodeIgniter\Database\BaseConnection->simpleQuery('SELECT `sa`.`adjustment_id`, `sa`.`adjustment_no`, `sa`.`adjustment_date`, `sa`.`adjustment_type`, `sa`.`reason`, `sa`.`adjusted_by`, `sad`.`current_stock`, `sad`.`adjustment_qty`, `sad`.`new_stock`, `p`.`product_name`, `u`.`user_name`
FROM `stock_adjustment` `sa`
JOIN `stock_adjustment_details` `sad` ON `sad`.`adjustment_id` = `sa`.`adjustment_id`
JOIN `product_inital_stock` `p` ON `p`.`product_id` = `sad`.`product_id`
LEFT JOIN `user` `u` ON `u`.`user_id` = `sa`.`adjusted_by`
ORDER BY `sa`.`adjustment_id` DESC')
 3 SYSTEMPATH\Database\BaseBuilder.php(1649): CodeIgniter\Database\BaseConnection->query('SELECT `sa`.`adjustment_id`, `sa`.`adjustment_no`, `sa`.`adjustment_date`, `sa`.`adjustment_type`, `sa`.`reason`, `sa`.`adjusted_by`, `sad`.`current_stock`, `sad`.`adjustment_qty`, `sad`.`new_stock`, `p`.`product_name`, `u`.`user_name`
FROM `stock_adjustment` `sa`
JOIN `stock_adjustment_details` `sad` ON `sad`.`adjustment_id` = `sa`.`adjustment_id`
JOIN `product_inital_stock` `p` ON `p`.`product_id` = `sad`.`product_id`
LEFT JOIN `user` `u` ON `u`.`user_id` = `sa`.`adjusted_by`
ORDER BY `sa`.`adjustment_id` DESC', [], false)
 4 APPPATH\Models\StockAdjustmentModel.php(51): CodeIgniter\Database\BaseBuilder->get()
 5 APPPATH\Controllers\StockAdjustmentController.php(25): App\Models\StockAdjustmentModel->getAdjustmentList()
 6 SYSTEMPATH\CodeIgniter.php(933): App\Controllers\StockAdjustmentController->index()
 7 SYSTEMPATH\CodeIgniter.php(507): CodeIgniter\CodeIgniter->runController(Object(App\Controllers\StockAdjustmentController))
 8 SYSTEMPATH\CodeIgniter.php(354): CodeIgniter\CodeIgniter->handleRequest(null, Object(Config\Cache), false)
 9 SYSTEMPATH\Boot.php(363): CodeIgniter\CodeIgniter->run()
10 SYSTEMPATH\Boot.php(68): CodeIgniter\Boot::runCodeIgniter(Object(CodeIgniter\CodeIgniter))
11 FCPATH\index.php(59): CodeIgniter\Boot::bootWeb(Object(Config\Paths))
CRITICAL - 2026-08-03 04:05:00 --> [Caused by] mysqli_sql_exception: Table 'pharmacy_db.product_inital_stock' doesn't exist
in SYSTEMPATH\Database\MySQLi\Connection.php on line 327.
 1 SYSTEMPATH\Database\MySQLi\Connection.php(327): mysqli->query('SELECT `sa`.`adjustment_id`, `sa`.`adjustment_no`, `sa`.`adjustment_date`, `sa`.`adjustment_type`, `sa`.`reason`, `sa`.`adjusted_by`, `sad`.`current_stock`, `sad`.`adjustment_qty`, `sad`.`new_stock`, `p`.`product_name`, `u`.`user_name`
FROM `stock_adjustment` `sa`
JOIN `stock_adjustment_details` `sad` ON `sad`.`adjustment_id` = `sa`.`adjustment_id`
JOIN `product_inital_stock` `p` ON `p`.`product_id` = `sad`.`product_id`
LEFT JOIN `user` `u` ON `u`.`user_id` = `sa`.`adjusted_by`
ORDER BY `sa`.`adjustment_id` DESC', 0)
 2 SYSTEMPATH\Database\BaseConnection.php(729): CodeIgniter\Database\MySQLi\Connection->execute('SELECT `sa`.`adjustment_id`, `sa`.`adjustment_no`, `sa`.`adjustment_date`, `sa`.`adjustment_type`, `sa`.`reason`, `sa`.`adjusted_by`, `sad`.`current_stock`, `sad`.`adjustment_qty`, `sad`.`new_stock`, `p`.`product_name`, `u`.`user_name`
FROM `stock_adjustment` `sa`
JOIN `stock_adjustment_details` `sad` ON `sad`.`adjustment_id` = `sa`.`adjustment_id`
JOIN `product_inital_stock` `p` ON `p`.`product_id` = `sad`.`product_id`
LEFT JOIN `user` `u` ON `u`.`user_id` = `sa`.`adjusted_by`
ORDER BY `sa`.`adjustment_id` DESC')
 3 SYSTEMPATH\Database\BaseConnection.php(646): CodeIgniter\Database\BaseConnection->simpleQuery('SELECT `sa`.`adjustment_id`, `sa`.`adjustment_no`, `sa`.`adjustment_date`, `sa`.`adjustment_type`, `sa`.`reason`, `sa`.`adjusted_by`, `sad`.`current_stock`, `sad`.`adjustment_qty`, `sad`.`new_stock`, `p`.`product_name`, `u`.`user_name`
FROM `stock_adjustment` `sa`
JOIN `stock_adjustment_details` `sad` ON `sad`.`adjustment_id` = `sa`.`adjustment_id`
JOIN `product_inital_stock` `p` ON `p`.`product_id` = `sad`.`product_id`
LEFT JOIN `user` `u` ON `u`.`user_id` = `sa`.`adjusted_by`
ORDER BY `sa`.`adjustment_id` DESC')
 4 SYSTEMPATH\Database\BaseBuilder.php(1649): CodeIgniter\Database\BaseConnection->query('SELECT `sa`.`adjustment_id`, `sa`.`adjustment_no`, `sa`.`adjustment_date`, `sa`.`adjustment_type`, `sa`.`reason`, `sa`.`adjusted_by`, `sad`.`current_stock`, `sad`.`adjustment_qty`, `sad`.`new_stock`, `p`.`product_name`, `u`.`user_name`
FROM `stock_adjustment` `sa`
JOIN `stock_adjustment_details` `sad` ON `sad`.`adjustment_id` = `sa`.`adjustment_id`
JOIN `product_inital_stock` `p` ON `p`.`product_id` = `sad`.`product_id`
LEFT JOIN `user` `u` ON `u`.`user_id` = `sa`.`adjusted_by`
ORDER BY `sa`.`adjustment_id` DESC', [], false)
 5 APPPATH\Models\StockAdjustmentModel.php(51): CodeIgniter\Database\BaseBuilder->get()
 6 APPPATH\Controllers\StockAdjustmentController.php(25): App\Models\StockAdjustmentModel->getAdjustmentList()
 7 SYSTEMPATH\CodeIgniter.php(933): App\Controllers\StockAdjustmentController->index()
 8 SYSTEMPATH\CodeIgniter.php(507): CodeIgniter\CodeIgniter->runController(Object(App\Controllers\StockAdjustmentController))
 9 SYSTEMPATH\CodeIgniter.php(354): CodeIgniter\CodeIgniter->handleRequest(null, Object(Config\Cache), false)
10 SYSTEMPATH\Boot.php(363): CodeIgniter\CodeIgniter->run()
11 SYSTEMPATH\Boot.php(68): CodeIgniter\Boot::runCodeIgniter(Object(CodeIgniter\CodeIgniter))
12 FCPATH\index.php(59): CodeIgniter\Boot::bootWeb(Object(Config\Paths))
DEBUG - 2026-08-03 04:06:31 --> Session: Class initialized using 'CodeIgniter\Session\Handlers\FileHandler' driver.
ERROR - 2026-08-03 04:06:31 --> mysqli_sql_exception: Table 'pharmacy_db.product_inital_stock' doesn't exist in C:\laragon\www\pharmacy-project\system\Database\MySQLi\Connection.php:327
Stack trace:
#0 C:\laragon\www\pharmacy-project\system\Database\MySQLi\Connection.php(327): mysqli->query('SELECT `sa`.`ad...', 0)
#1 C:\laragon\www\pharmacy-project\system\Database\BaseConnection.php(729): CodeIgniter\Database\MySQLi\Connection->execute('SELECT `sa`.`ad...')
#2 C:\laragon\www\pharmacy-project\system\Database\BaseConnection.php(646): CodeIgniter\Database\BaseConnection->simpleQuery('SELECT `sa`.`ad...')
#3 C:\laragon\www\pharmacy-project\system\Database\BaseBuilder.php(1649): CodeIgniter\Database\BaseConnection->query('SELECT `sa`.`ad...', Array, false)
#4 C:\laragon\www\pharmacy-project\app\Models\StockAdjustmentModel.php(51): CodeIgniter\Database\BaseBuilder->get()
#5 C:\laragon\www\pharmacy-project\app\Controllers\StockAdjustmentController.php(25): App\Models\StockAdjustmentModel->getAdjustmentList()
#6 C:\laragon\www\pharmacy-project\system\CodeIgniter.php(933): App\Controllers\StockAdjustmentController->index()
#7 C:\laragon\www\pharmacy-project\system\CodeIgniter.php(507): CodeIgniter\CodeIgniter->runController(Object(App\Controllers\StockAdjustmentController))
#8 C:\laragon\www\pharmacy-project\system\CodeIgniter.php(354): CodeIgniter\CodeIgniter->handleRequest(NULL, Object(Config\Cache), false)
#9 C:\laragon\www\pharmacy-project\system\Boot.php(363): CodeIgniter\CodeIgniter->run()
#10 C:\laragon\www\pharmacy-project\system\Boot.php(68): CodeIgniter\Boot::runCodeIgniter(Object(CodeIgniter\CodeIgniter))
#11 C:\laragon\www\pharmacy-project\index.php(59): CodeIgniter\Boot::bootWeb(Object(Config\Paths))
#12 {main}
CRITICAL - 2026-08-03 04:06:31 --> CodeIgniter\Database\Exceptions\DatabaseException: Table 'pharmacy_db.product_inital_stock' doesn't exist
[Method: GET, Route: stock-adjustment]
in SYSTEMPATH\Database\BaseConnection.php on line 684.
 1 SYSTEMPATH\Database\BaseBuilder.php(1649): CodeIgniter\Database\BaseConnection->query('SELECT `sa`.`adjustment_id`, `sa`.`adjustment_no`, `sa`.`adjustment_date`, `sa`.`adjustment_type`, `sa`.`reason`, `sa`.`adjusted_by`, `sad`.`current_stock`, `sad`.`adjustment_qty`, `sad`.`new_stock`, `p`.`product_name`, `u`.`user_name`
FROM `stock_adjustment` `sa`
JOIN `stock_adjustment_details` `sad` ON `sad`.`adjustment_id` = `sa`.`adjustment_id`
JOIN `product_inital_stock` `p` ON `p`.`product_id` = `sad`.`product_id`
LEFT JOIN `user` `u` ON `u`.`user_id` = `sa`.`adjusted_by`
ORDER BY `sa`.`adjustment_id` DESC', [], false)
 2 APPPATH\Models\StockAdjustmentModel.php(51): CodeIgniter\Database\BaseBuilder->get()
 3 APPPATH\Controllers\StockAdjustmentController.php(25): App\Models\StockAdjustmentModel->getAdjustmentList()
 4 SYSTEMPATH\CodeIgniter.php(933): App\Controllers\StockAdjustmentController->index()
 5 SYSTEMPATH\CodeIgniter.php(507): CodeIgniter\CodeIgniter->runController(Object(App\Controllers\StockAdjustmentController))
 6 SYSTEMPATH\CodeIgniter.php(354): CodeIgniter\CodeIgniter->handleRequest(null, Object(Config\Cache), false)
 7 SYSTEMPATH\Boot.php(363): CodeIgniter\CodeIgniter->run()
 8 SYSTEMPATH\Boot.php(68): CodeIgniter\Boot::runCodeIgniter(Object(CodeIgniter\CodeIgniter))
 9 FCPATH\index.php(59): CodeIgniter\Boot::bootWeb(Object(Config\Paths))
CRITICAL - 2026-08-03 04:06:31 --> [Caused by] CodeIgniter\Database\Exceptions\DatabaseException: Table 'pharmacy_db.product_inital_stock' doesn't exist
in SYSTEMPATH\Database\MySQLi\Connection.php on line 332.
 1 SYSTEMPATH\Database\BaseConnection.php(729): CodeIgniter\Database\MySQLi\Connection->execute('SELECT `sa`.`adjustment_id`, `sa`.`adjustment_no`, `sa`.`adjustment_date`, `sa`.`adjustment_type`, `sa`.`reason`, `sa`.`adjusted_by`, `sad`.`current_stock`, `sad`.`adjustment_qty`, `sad`.`new_stock`, `p`.`product_name`, `u`.`user_name`
FROM `stock_adjustment` `sa`
JOIN `stock_adjustment_details` `sad` ON `sad`.`adjustment_id` = `sa`.`adjustment_id`
JOIN `product_inital_stock` `p` ON `p`.`product_id` = `sad`.`product_id`
LEFT JOIN `user` `u` ON `u`.`user_id` = `sa`.`adjusted_by`
ORDER BY `sa`.`adjustment_id` DESC')
 2 SYSTEMPATH\Database\BaseConnection.php(646): CodeIgniter\Database\BaseConnection->simpleQuery('SELECT `sa`.`adjustment_id`, `sa`.`adjustment_no`, `sa`.`adjustment_date`, `sa`.`adjustment_type`, `sa`.`reason`, `sa`.`adjusted_by`, `sad`.`current_stock`, `sad`.`adjustment_qty`, `sad`.`new_stock`, `p`.`product_name`, `u`.`user_name`
FROM `stock_adjustment` `sa`
JOIN `stock_adjustment_details` `sad` ON `sad`.`adjustment_id` = `sa`.`adjustment_id`
JOIN `product_inital_stock` `p` ON `p`.`product_id` = `sad`.`product_id`
LEFT JOIN `user` `u` ON `u`.`user_id` = `sa`.`adjusted_by`
ORDER BY `sa`.`adjustment_id` DESC')
 3 SYSTEMPATH\Database\BaseBuilder.php(1649): CodeIgniter\Database\BaseConnection->query('SELECT `sa`.`adjustment_id`, `sa`.`adjustment_no`, `sa`.`adjustment_date`, `sa`.`adjustment_type`, `sa`.`reason`, `sa`.`adjusted_by`, `sad`.`current_stock`, `sad`.`adjustment_qty`, `sad`.`new_stock`, `p`.`product_name`, `u`.`user_name`
FROM `stock_adjustment` `sa`
JOIN `stock_adjustment_details` `sad` ON `sad`.`adjustment_id` = `sa`.`adjustment_id`
JOIN `product_inital_stock` `p` ON `p`.`product_id` = `sad`.`product_id`
LEFT JOIN `user` `u` ON `u`.`user_id` = `sa`.`adjusted_by`
ORDER BY `sa`.`adjustment_id` DESC', [], false)
 4 APPPATH\Models\StockAdjustmentModel.php(51): CodeIgniter\Database\BaseBuilder->get()
 5 APPPATH\Controllers\StockAdjustmentController.php(25): App\Models\StockAdjustmentModel->getAdjustmentList()
 6 SYSTEMPATH\CodeIgniter.php(933): App\Controllers\StockAdjustmentController->index()
 7 SYSTEMPATH\CodeIgniter.php(507): CodeIgniter\CodeIgniter->runController(Object(App\Controllers\StockAdjustmentController))
 8 SYSTEMPATH\CodeIgniter.php(354): CodeIgniter\CodeIgniter->handleRequest(null, Object(Config\Cache), false)
 9 SYSTEMPATH\Boot.php(363): CodeIgniter\CodeIgniter->run()
10 SYSTEMPATH\Boot.php(68): CodeIgniter\Boot::runCodeIgniter(Object(CodeIgniter\CodeIgniter))
11 FCPATH\index.php(59): CodeIgniter\Boot::bootWeb(Object(Config\Paths))
CRITICAL - 2026-08-03 04:06:31 --> [Caused by] mysqli_sql_exception: Table 'pharmacy_db.product_inital_stock' doesn't exist
in SYSTEMPATH\Database\MySQLi\Connection.php on line 327.
 1 SYSTEMPATH\Database\MySQLi\Connection.php(327): mysqli->query('SELECT `sa`.`adjustment_id`, `sa`.`adjustment_no`, `sa`.`adjustment_date`, `sa`.`adjustment_type`, `sa`.`reason`, `sa`.`adjusted_by`, `sad`.`current_stock`, `sad`.`adjustment_qty`, `sad`.`new_stock`, `p`.`product_name`, `u`.`user_name`
FROM `stock_adjustment` `sa`
JOIN `stock_adjustment_details` `sad` ON `sad`.`adjustment_id` = `sa`.`adjustment_id`
JOIN `product_inital_stock` `p` ON `p`.`product_id` = `sad`.`product_id`
LEFT JOIN `user` `u` ON `u`.`user_id` = `sa`.`adjusted_by`
ORDER BY `sa`.`adjustment_id` DESC', 0)
 2 SYSTEMPATH\Database\BaseConnection.php(729): CodeIgniter\Database\MySQLi\Connection->execute('SELECT `sa`.`adjustment_id`, `sa`.`adjustment_no`, `sa`.`adjustment_date`, `sa`.`adjustment_type`, `sa`.`reason`, `sa`.`adjusted_by`, `sad`.`current_stock`, `sad`.`adjustment_qty`, `sad`.`new_stock`, `p`.`product_name`, `u`.`user_name`
FROM `stock_adjustment` `sa`
JOIN `stock_adjustment_details` `sad` ON `sad`.`adjustment_id` = `sa`.`adjustment_id`
JOIN `product_inital_stock` `p` ON `p`.`product_id` = `sad`.`product_id`
LEFT JOIN `user` `u` ON `u`.`user_id` = `sa`.`adjusted_by`
ORDER BY `sa`.`adjustment_id` DESC')
 3 SYSTEMPATH\Database\BaseConnection.php(646): CodeIgniter\Database\BaseConnection->simpleQuery('SELECT `sa`.`adjustment_id`, `sa`.`adjustment_no`, `sa`.`adjustment_date`, `sa`.`adjustment_type`, `sa`.`reason`, `sa`.`adjusted_by`, `sad`.`current_stock`, `sad`.`adjustment_qty`, `sad`.`new_stock`, `p`.`product_name`, `u`.`user_name`
FROM `stock_adjustment` `sa`
JOIN `stock_adjustment_details` `sad` ON `sad`.`adjustment_id` = `sa`.`adjustment_id`
JOIN `product_inital_stock` `p` ON `p`.`product_id` = `sad`.`product_id`
LEFT JOIN `user` `u` ON `u`.`user_id` = `sa`.`adjusted_by`
ORDER BY `sa`.`adjustment_id` DESC')
 4 SYSTEMPATH\Database\BaseBuilder.php(1649): CodeIgniter\Database\BaseConnection->query('SELECT `sa`.`adjustment_id`, `sa`.`adjustment_no`, `sa`.`adjustment_date`, `sa`.`adjustment_type`, `sa`.`reason`, `sa`.`adjusted_by`, `sad`.`current_stock`, `sad`.`adjustment_qty`, `sad`.`new_stock`, `p`.`product_name`, `u`.`user_name`
FROM `stock_adjustment` `sa`
JOIN `stock_adjustment_details` `sad` ON `sad`.`adjustment_id` = `sa`.`adjustment_id`
JOIN `product_inital_stock` `p` ON `p`.`product_id` = `sad`.`product_id`
LEFT JOIN `user` `u` ON `u`.`user_id` = `sa`.`adjusted_by`
ORDER BY `sa`.`adjustment_id` DESC', [], false)
 5 APPPATH\Models\StockAdjustmentModel.php(51): CodeIgniter\Database\BaseBuilder->get()
 6 APPPATH\Controllers\StockAdjustmentController.php(25): App\Models\StockAdjustmentModel->getAdjustmentList()
 7 SYSTEMPATH\CodeIgniter.php(933): App\Controllers\StockAdjustmentController->index()
 8 SYSTEMPATH\CodeIgniter.php(507): CodeIgniter\CodeIgniter->runController(Object(App\Controllers\StockAdjustmentController))
 9 SYSTEMPATH\CodeIgniter.php(354): CodeIgniter\CodeIgniter->handleRequest(null, Object(Config\Cache), false)
10 SYSTEMPATH\Boot.php(363): CodeIgniter\CodeIgniter->run()
11 SYSTEMPATH\Boot.php(68): CodeIgniter\Boot::runCodeIgniter(Object(CodeIgniter\CodeIgniter))
12 FCPATH\index.php(59): CodeIgniter\Boot::bootWeb(Object(Config\Paths))
DEBUG - 2026-08-03 04:38:32 --> Session: Class initialized using 'CodeIgniter\Session\Handlers\FileHandler' driver.
ERROR - 2026-08-03 04:38:32 --> mysqli_sql_exception: Table 'pharmacy_db.product_inital_stock' doesn't exist in C:\laragon\www\pharmacy-project\system\Database\MySQLi\Connection.php:327
Stack trace:
#0 C:\laragon\www\pharmacy-project\system\Database\MySQLi\Connection.php(327): mysqli->query('SELECT `sa`.`ad...', 0)
#1 C:\laragon\www\pharmacy-project\system\Database\BaseConnection.php(729): CodeIgniter\Database\MySQLi\Connection->execute('SELECT `sa`.`ad...')
#2 C:\laragon\www\pharmacy-project\system\Database\BaseConnection.php(646): CodeIgniter\Database\BaseConnection->simpleQuery('SELECT `sa`.`ad...')
#3 C:\laragon\www\pharmacy-project\system\Database\BaseBuilder.php(1649): CodeIgniter\Database\BaseConnection->query('SELECT `sa`.`ad...', Array, false)
#4 C:\laragon\www\pharmacy-project\app\Models\StockAdjustmentModel.php(51): CodeIgniter\Database\BaseBuilder->get()
#5 C:\laragon\www\pharmacy-project\app\Controllers\StockAdjustmentController.php(25): App\Models\StockAdjustmentModel->getAdjustmentList()
#6 C:\laragon\www\pharmacy-project\system\CodeIgniter.php(933): App\Controllers\StockAdjustmentController->index()
#7 C:\laragon\www\pharmacy-project\system\CodeIgniter.php(507): CodeIgniter\CodeIgniter->runController(Object(App\Controllers\StockAdjustmentController))
#8 C:\laragon\www\pharmacy-project\system\CodeIgniter.php(354): CodeIgniter\CodeIgniter->handleRequest(NULL, Object(Config\Cache), false)
#9 C:\laragon\www\pharmacy-project\system\Boot.php(363): CodeIgniter\CodeIgniter->run()
#10 C:\laragon\www\pharmacy-project\system\Boot.php(68): CodeIgniter\Boot::runCodeIgniter(Object(CodeIgniter\CodeIgniter))
#11 C:\laragon\www\pharmacy-project\index.php(59): CodeIgniter\Boot::bootWeb(Object(Config\Paths))
#12 {main}
CRITICAL - 2026-08-03 04:38:32 --> CodeIgniter\Database\Exceptions\DatabaseException: Table 'pharmacy_db.product_inital_stock' doesn't exist
[Method: GET, Route: stock-adjustment]
in SYSTEMPATH\Database\BaseConnection.php on line 684.
 1 SYSTEMPATH\Database\BaseBuilder.php(1649): CodeIgniter\Database\BaseConnection->query('SELECT `sa`.`adjustment_id`, `sa`.`adjustment_no`, `sa`.`adjustment_date`, `sa`.`adjustment_type`, `sa`.`reason`, `sa`.`adjusted_by`, `sad`.`current_stock`, `sad`.`adjustment_qty`, `sad`.`new_stock`, `p`.`product_name`, `u`.`user_name`
FROM `stock_adjustment` `sa`
JOIN `stock_adjustment_details` `sad` ON `sad`.`adjustment_id` = `sa`.`adjustment_id`
JOIN `product_inital_stock` `p` ON `p`.`product_id` = `sad`.`product_id`
LEFT JOIN `user` `u` ON `u`.`user_id` = `sa`.`adjusted_by`
ORDER BY `sa`.`adjustment_id` DESC', [], false)
 2 APPPATH\Models\StockAdjustmentModel.php(51): CodeIgniter\Database\BaseBuilder->get()
 3 APPPATH\Controllers\StockAdjustmentController.php(25): App\Models\StockAdjustmentModel->getAdjustmentList()
 4 SYSTEMPATH\CodeIgniter.php(933): App\Controllers\StockAdjustmentController->index()
 5 SYSTEMPATH\CodeIgniter.php(507): CodeIgniter\CodeIgniter->runController(Object(App\Controllers\StockAdjustmentController))
 6 SYSTEMPATH\CodeIgniter.php(354): CodeIgniter\CodeIgniter->handleRequest(null, Object(Config\Cache), false)
 7 SYSTEMPATH\Boot.php(363): CodeIgniter\CodeIgniter->run()
 8 SYSTEMPATH\Boot.php(68): CodeIgniter\Boot::runCodeIgniter(Object(CodeIgniter\CodeIgniter))
 9 FCPATH\index.php(59): CodeIgniter\Boot::bootWeb(Object(Config\Paths))
CRITICAL - 2026-08-03 04:38:32 --> [Caused by] CodeIgniter\Database\Exceptions\DatabaseException: Table 'pharmacy_db.product_inital_stock' doesn't exist
in SYSTEMPATH\Database\MySQLi\Connection.php on line 332.
 1 SYSTEMPATH\Database\BaseConnection.php(729): CodeIgniter\Database\MySQLi\Connection->execute('SELECT `sa`.`adjustment_id`, `sa`.`adjustment_no`, `sa`.`adjustment_date`, `sa`.`adjustment_type`, `sa`.`reason`, `sa`.`adjusted_by`, `sad`.`current_stock`, `sad`.`adjustment_qty`, `sad`.`new_stock`, `p`.`product_name`, `u`.`user_name`
FROM `stock_adjustment` `sa`
JOIN `stock_adjustment_details` `sad` ON `sad`.`adjustment_id` = `sa`.`adjustment_id`
JOIN `product_inital_stock` `p` ON `p`.`product_id` = `sad`.`product_id`
LEFT JOIN `user` `u` ON `u`.`user_id` = `sa`.`adjusted_by`
ORDER BY `sa`.`adjustment_id` DESC')
 2 SYSTEMPATH\Database\BaseConnection.php(646): CodeIgniter\Database\BaseConnection->simpleQuery('SELECT `sa`.`adjustment_id`, `sa`.`adjustment_no`, `sa`.`adjustment_date`, `sa`.`adjustment_type`, `sa`.`reason`, `sa`.`adjusted_by`, `sad`.`current_stock`, `sad`.`adjustment_qty`, `sad`.`new_stock`, `p`.`product_name`, `u`.`user_name`
FROM `stock_adjustment` `sa`
JOIN `stock_adjustment_details` `sad` ON `sad`.`adjustment_id` = `sa`.`adjustment_id`
JOIN `product_inital_stock` `p` ON `p`.`product_id` = `sad`.`product_id`
LEFT JOIN `user` `u` ON `u`.`user_id` = `sa`.`adjusted_by`
ORDER BY `sa`.`adjustment_id` DESC')
 3 SYSTEMPATH\Database\BaseBuilder.php(1649): CodeIgniter\Database\BaseConnection->query('SELECT `sa`.`adjustment_id`, `sa`.`adjustment_no`, `sa`.`adjustment_date`, `sa`.`adjustment_type`, `sa`.`reason`, `sa`.`adjusted_by`, `sad`.`current_stock`, `sad`.`adjustment_qty`, `sad`.`new_stock`, `p`.`product_name`, `u`.`user_name`
FROM `stock_adjustment` `sa`
JOIN `stock_adjustment_details` `sad` ON `sad`.`adjustment_id` = `sa`.`adjustment_id`
JOIN `product_inital_stock` `p` ON `p`.`product_id` = `sad`.`product_id`
LEFT JOIN `user` `u` ON `u`.`user_id` = `sa`.`adjusted_by`
ORDER BY `sa`.`adjustment_id` DESC', [], false)
 4 APPPATH\Models\StockAdjustmentModel.php(51): CodeIgniter\Database\BaseBuilder->get()
 5 APPPATH\Controllers\StockAdjustmentController.php(25): App\Models\StockAdjustmentModel->getAdjustmentList()
 6 SYSTEMPATH\CodeIgniter.php(933): App\Controllers\StockAdjustmentController->index()
 7 SYSTEMPATH\CodeIgniter.php(507): CodeIgniter\CodeIgniter->runController(Object(App\Controllers\StockAdjustmentController))
 8 SYSTEMPATH\CodeIgniter.php(354): CodeIgniter\CodeIgniter->handleRequest(null, Object(Config\Cache), false)
 9 SYSTEMPATH\Boot.php(363): CodeIgniter\CodeIgniter->run()
10 SYSTEMPATH\Boot.php(68): CodeIgniter\Boot::runCodeIgniter(Object(CodeIgniter\CodeIgniter))
11 FCPATH\index.php(59): CodeIgniter\Boot::bootWeb(Object(Config\Paths))
CRITICAL - 2026-08-03 04:38:32 --> [Caused by] mysqli_sql_exception: Table 'pharmacy_db.product_inital_stock' doesn't exist
in SYSTEMPATH\Database\MySQLi\Connection.php on line 327.
 1 SYSTEMPATH\Database\MySQLi\Connection.php(327): mysqli->query('SELECT `sa`.`adjustment_id`, `sa`.`adjustment_no`, `sa`.`adjustment_date`, `sa`.`adjustment_type`, `sa`.`reason`, `sa`.`adjusted_by`, `sad`.`current_stock`, `sad`.`adjustment_qty`, `sad`.`new_stock`, `p`.`product_name`, `u`.`user_name`
FROM `stock_adjustment` `sa`
JOIN `stock_adjustment_details` `sad` ON `sad`.`adjustment_id` = `sa`.`adjustment_id`
JOIN `product_inital_stock` `p` ON `p`.`product_id` = `sad`.`product_id`
LEFT JOIN `user` `u` ON `u`.`user_id` = `sa`.`adjusted_by`
ORDER BY `sa`.`adjustment_id` DESC', 0)
 2 SYSTEMPATH\Database\BaseConnection.php(729): CodeIgniter\Database\MySQLi\Connection->execute('SELECT `sa`.`adjustment_id`, `sa`.`adjustment_no`, `sa`.`adjustment_date`, `sa`.`adjustment_type`, `sa`.`reason`, `sa`.`adjusted_by`, `sad`.`current_stock`, `sad`.`adjustment_qty`, `sad`.`new_stock`, `p`.`product_name`, `u`.`user_name`
FROM `stock_adjustment` `sa`
JOIN `stock_adjustment_details` `sad` ON `sad`.`adjustment_id` = `sa`.`adjustment_id`
JOIN `product_inital_stock` `p` ON `p`.`product_id` = `sad`.`product_id`
LEFT JOIN `user` `u` ON `u`.`user_id` = `sa`.`adjusted_by`
ORDER BY `sa`.`adjustment_id` DESC')
 3 SYSTEMPATH\Database\BaseConnection.php(646): CodeIgniter\Database\BaseConnection->simpleQuery('SELECT `sa`.`adjustment_id`, `sa`.`adjustment_no`, `sa`.`adjustment_date`, `sa`.`adjustment_type`, `sa`.`reason`, `sa`.`adjusted_by`, `sad`.`current_stock`, `sad`.`adjustment_qty`, `sad`.`new_stock`, `p`.`product_name`, `u`.`user_name`
FROM `stock_adjustment` `sa`
JOIN `stock_adjustment_details` `sad` ON `sad`.`adjustment_id` = `sa`.`adjustment_id`
JOIN `product_inital_stock` `p` ON `p`.`product_id` = `sad`.`product_id`
LEFT JOIN `user` `u` ON `u`.`user_id` = `sa`.`adjusted_by`
ORDER BY `sa`.`adjustment_id` DESC')
 4 SYSTEMPATH\Database\BaseBuilder.php(1649): CodeIgniter\Database\BaseConnection->query('SELECT `sa`.`adjustment_id`, `sa`.`adjustment_no`, `sa`.`adjustment_date`, `sa`.`adjustment_type`, `sa`.`reason`, `sa`.`adjusted_by`, `sad`.`current_stock`, `sad`.`adjustment_qty`, `sad`.`new_stock`, `p`.`product_name`, `u`.`user_name`
FROM `stock_adjustment` `sa`
JOIN `stock_adjustment_details` `sad` ON `sad`.`adjustment_id` = `sa`.`adjustment_id`
JOIN `product_inital_stock` `p` ON `p`.`product_id` = `sad`.`product_id`
LEFT JOIN `user` `u` ON `u`.`user_id` = `sa`.`adjusted_by`
ORDER BY `sa`.`adjustment_id` DESC', [], false)
 5 APPPATH\Models\StockAdjustmentModel.php(51): CodeIgniter\Database\BaseBuilder->get()
 6 APPPATH\Controllers\StockAdjustmentController.php(25): App\Models\StockAdjustmentModel->getAdjustmentList()
 7 SYSTEMPATH\CodeIgniter.php(933): App\Controllers\StockAdjustmentController->index()
 8 SYSTEMPATH\CodeIgniter.php(507): CodeIgniter\CodeIgniter->runController(Object(App\Controllers\StockAdjustmentController))
 9 SYSTEMPATH\CodeIgniter.php(354): CodeIgniter\CodeIgniter->handleRequest(null, Object(Config\Cache), false)
10 SYSTEMPATH\Boot.php(363): CodeIgniter\CodeIgniter->run()
11 SYSTEMPATH\Boot.php(68): CodeIgniter\Boot::runCodeIgniter(Object(CodeIgniter\CodeIgniter))
12 FCPATH\index.php(59): CodeIgniter\Boot::bootWeb(Object(Config\Paths))
DEBUG - 2026-08-03 04:38:33 --> Session: Class initialized using 'CodeIgniter\Session\Handlers\FileHandler' driver.
ERROR - 2026-08-03 04:38:33 --> mysqli_sql_exception: Table 'pharmacy_db.product_inital_stock' doesn't exist in C:\laragon\www\pharmacy-project\system\Database\MySQLi\Connection.php:327
Stack trace:
#0 C:\laragon\www\pharmacy-project\system\Database\MySQLi\Connection.php(327): mysqli->query('SELECT `sa`.`ad...', 0)
#1 C:\laragon\www\pharmacy-project\system\Database\BaseConnection.php(729): CodeIgniter\Database\MySQLi\Connection->execute('SELECT `sa`.`ad...')
#2 C:\laragon\www\pharmacy-project\system\Database\BaseConnection.php(646): CodeIgniter\Database\BaseConnection->simpleQuery('SELECT `sa`.`ad...')
#3 C:\laragon\www\pharmacy-project\system\Database\BaseBuilder.php(1649): CodeIgniter\Database\BaseConnection->query('SELECT `sa`.`ad...', Array, false)
#4 C:\laragon\www\pharmacy-project\app\Models\StockAdjustmentModel.php(51): CodeIgniter\Database\BaseBuilder->get()
#5 C:\laragon\www\pharmacy-project\app\Controllers\StockAdjustmentController.php(25): App\Models\StockAdjustmentModel->getAdjustmentList()
#6 C:\laragon\www\pharmacy-project\system\CodeIgniter.php(933): App\Controllers\StockAdjustmentController->index()
#7 C:\laragon\www\pharmacy-project\system\CodeIgniter.php(507): CodeIgniter\CodeIgniter->runController(Object(App\Controllers\StockAdjustmentController))
#8 C:\laragon\www\pharmacy-project\system\CodeIgniter.php(354): CodeIgniter\CodeIgniter->handleRequest(NULL, Object(Config\Cache), false)
#9 C:\laragon\www\pharmacy-project\system\Boot.php(363): CodeIgniter\CodeIgniter->run()
#10 C:\laragon\www\pharmacy-project\system\Boot.php(68): CodeIgniter\Boot::runCodeIgniter(Object(CodeIgniter\CodeIgniter))
#11 C:\laragon\www\pharmacy-project\index.php(59): CodeIgniter\Boot::bootWeb(Object(Config\Paths))
#12 {main}
CRITICAL - 2026-08-03 04:38:33 --> CodeIgniter\Database\Exceptions\DatabaseException: Table 'pharmacy_db.product_inital_stock' doesn't exist
[Method: GET, Route: stock-adjustment]
in SYSTEMPATH\Database\BaseConnection.php on line 684.
 1 SYSTEMPATH\Database\BaseBuilder.php(1649): CodeIgniter\Database\BaseConnection->query('SELECT `sa`.`adjustment_id`, `sa`.`adjustment_no`, `sa`.`adjustment_date`, `sa`.`adjustment_type`, `sa`.`reason`, `sa`.`adjusted_by`, `sad`.`current_stock`, `sad`.`adjustment_qty`, `sad`.`new_stock`, `p`.`product_name`, `u`.`user_name`
FROM `stock_adjustment` `sa`
JOIN `stock_adjustment_details` `sad` ON `sad`.`adjustment_id` = `sa`.`adjustment_id`
JOIN `product_inital_stock` `p` ON `p`.`product_id` = `sad`.`product_id`
LEFT JOIN `user` `u` ON `u`.`user_id` = `sa`.`adjusted_by`
ORDER BY `sa`.`adjustment_id` DESC', [], false)
 2 APPPATH\Models\StockAdjustmentModel.php(51): CodeIgniter\Database\BaseBuilder->get()
 3 APPPATH\Controllers\StockAdjustmentController.php(25): App\Models\StockAdjustmentModel->getAdjustmentList()
 4 SYSTEMPATH\CodeIgniter.php(933): App\Controllers\StockAdjustmentController->index()
 5 SYSTEMPATH\CodeIgniter.php(507): CodeIgniter\CodeIgniter->runController(Object(App\Controllers\StockAdjustmentController))
 6 SYSTEMPATH\CodeIgniter.php(354): CodeIgniter\CodeIgniter->handleRequest(null, Object(Config\Cache), false)
 7 SYSTEMPATH\Boot.php(363): CodeIgniter\CodeIgniter->run()
 8 SYSTEMPATH\Boot.php(68): CodeIgniter\Boot::runCodeIgniter(Object(CodeIgniter\CodeIgniter))
 9 FCPATH\index.php(59): CodeIgniter\Boot::bootWeb(Object(Config\Paths))
CRITICAL - 2026-08-03 04:38:33 --> [Caused by] CodeIgniter\Database\Exceptions\DatabaseException: Table 'pharmacy_db.product_inital_stock' doesn't exist
in SYSTEMPATH\Database\MySQLi\Connection.php on line 332.
 1 SYSTEMPATH\Database\BaseConnection.php(729): CodeIgniter\Database\MySQLi\Connection->execute('SELECT `sa`.`adjustment_id`, `sa`.`adjustment_no`, `sa`.`adjustment_date`, `sa`.`adjustment_type`, `sa`.`reason`, `sa`.`adjusted_by`, `sad`.`current_stock`, `sad`.`adjustment_qty`, `sad`.`new_stock`, `p`.`product_name`, `u`.`user_name`
FROM `stock_adjustment` `sa`
JOIN `stock_adjustment_details` `sad` ON `sad`.`adjustment_id` = `sa`.`adjustment_id`
JOIN `product_inital_stock` `p` ON `p`.`product_id` = `sad`.`product_id`
LEFT JOIN `user` `u` ON `u`.`user_id` = `sa`.`adjusted_by`
ORDER BY `sa`.`adjustment_id` DESC')
 2 SYSTEMPATH\Database\BaseConnection.php(646): CodeIgniter\Database\BaseConnection->simpleQuery('SELECT `sa`.`adjustment_id`, `sa`.`adjustment_no`, `sa`.`adjustment_date`, `sa`.`adjustment_type`, `sa`.`reason`, `sa`.`adjusted_by`, `sad`.`current_stock`, `sad`.`adjustment_qty`, `sad`.`new_stock`, `p`.`product_name`, `u`.`user_name`
FROM `stock_adjustment` `sa`
JOIN `stock_adjustment_details` `sad` ON `sad`.`adjustment_id` = `sa`.`adjustment_id`
JOIN `product_inital_stock` `p` ON `p`.`product_id` = `sad`.`product_id`
LEFT JOIN `user` `u` ON `u`.`user_id` = `sa`.`adjusted_by`
ORDER BY `sa`.`adjustment_id` DESC')
 3 SYSTEMPATH\Database\BaseBuilder.php(1649): CodeIgniter\Database\BaseConnection->query('SELECT `sa`.`adjustment_id`, `sa`.`adjustment_no`, `sa`.`adjustment_date`, `sa`.`adjustment_type`, `sa`.`reason`, `sa`.`adjusted_by`, `sad`.`current_stock`, `sad`.`adjustment_qty`, `sad`.`new_stock`, `p`.`product_name`, `u`.`user_name`
FROM `stock_adjustment` `sa`
JOIN `stock_adjustment_details` `sad` ON `sad`.`adjustment_id` = `sa`.`adjustment_id`
JOIN `product_inital_stock` `p` ON `p`.`product_id` = `sad`.`product_id`
LEFT JOIN `user` `u` ON `u`.`user_id` = `sa`.`adjusted_by`
ORDER BY `sa`.`adjustment_id` DESC', [], false)
 4 APPPATH\Models\StockAdjustmentModel.php(51): CodeIgniter\Database\BaseBuilder->get()
 5 APPPATH\Controllers\StockAdjustmentController.php(25): App\Models\StockAdjustmentModel->getAdjustmentList()
 6 SYSTEMPATH\CodeIgniter.php(933): App\Controllers\StockAdjustmentController->index()
 7 SYSTEMPATH\CodeIgniter.php(507): CodeIgniter\CodeIgniter->runController(Object(App\Controllers\StockAdjustmentController))
 8 SYSTEMPATH\CodeIgniter.php(354): CodeIgniter\CodeIgniter->handleRequest(null, Object(Config\Cache), false)
 9 SYSTEMPATH\Boot.php(363): CodeIgniter\CodeIgniter->run()
10 SYSTEMPATH\Boot.php(68): CodeIgniter\Boot::runCodeIgniter(Object(CodeIgniter\CodeIgniter))
11 FCPATH\index.php(59): CodeIgniter\Boot::bootWeb(Object(Config\Paths))
CRITICAL - 2026-08-03 04:38:33 --> [Caused by] mysqli_sql_exception: Table 'pharmacy_db.product_inital_stock' doesn't exist
in SYSTEMPATH\Database\MySQLi\Connection.php on line 327.
 1 SYSTEMPATH\Database\MySQLi\Connection.php(327): mysqli->query('SELECT `sa`.`adjustment_id`, `sa`.`adjustment_no`, `sa`.`adjustment_date`, `sa`.`adjustment_type`, `sa`.`reason`, `sa`.`adjusted_by`, `sad`.`current_stock`, `sad`.`adjustment_qty`, `sad`.`new_stock`, `p`.`product_name`, `u`.`user_name`
FROM `stock_adjustment` `sa`
JOIN `stock_adjustment_details` `sad` ON `sad`.`adjustment_id` = `sa`.`adjustment_id`
JOIN `product_inital_stock` `p` ON `p`.`product_id` = `sad`.`product_id`
LEFT JOIN `user` `u` ON `u`.`user_id` = `sa`.`adjusted_by`
ORDER BY `sa`.`adjustment_id` DESC', 0)
 2 SYSTEMPATH\Database\BaseConnection.php(729): CodeIgniter\Database\MySQLi\Connection->execute('SELECT `sa`.`adjustment_id`, `sa`.`adjustment_no`, `sa`.`adjustment_date`, `sa`.`adjustment_type`, `sa`.`reason`, `sa`.`adjusted_by`, `sad`.`current_stock`, `sad`.`adjustment_qty`, `sad`.`new_stock`, `p`.`product_name`, `u`.`user_name`
FROM `stock_adjustment` `sa`
JOIN `stock_adjustment_details` `sad` ON `sad`.`adjustment_id` = `sa`.`adjustment_id`
JOIN `product_inital_stock` `p` ON `p`.`product_id` = `sad`.`product_id`
LEFT JOIN `user` `u` ON `u`.`user_id` = `sa`.`adjusted_by`
ORDER BY `sa`.`adjustment_id` DESC')
 3 SYSTEMPATH\Database\BaseConnection.php(646): CodeIgniter\Database\BaseConnection->simpleQuery('SELECT `sa`.`adjustment_id`, `sa`.`adjustment_no`, `sa`.`adjustment_date`, `sa`.`adjustment_type`, `sa`.`reason`, `sa`.`adjusted_by`, `sad`.`current_stock`, `sad`.`adjustment_qty`, `sad`.`new_stock`, `p`.`product_name`, `u`.`user_name`
FROM `stock_adjustment` `sa`
JOIN `stock_adjustment_details` `sad` ON `sad`.`adjustment_id` = `sa`.`adjustment_id`
JOIN `product_inital_stock` `p` ON `p`.`product_id` = `sad`.`product_id`
LEFT JOIN `user` `u` ON `u`.`user_id` = `sa`.`adjusted_by`
ORDER BY `sa`.`adjustment_id` DESC')
 4 SYSTEMPATH\Database\BaseBuilder.php(1649): CodeIgniter\Database\BaseConnection->query('SELECT `sa`.`adjustment_id`, `sa`.`adjustment_no`, `sa`.`adjustment_date`, `sa`.`adjustment_type`, `sa`.`reason`, `sa`.`adjusted_by`, `sad`.`current_stock`, `sad`.`adjustment_qty`, `sad`.`new_stock`, `p`.`product_name`, `u`.`user_name`
FROM `stock_adjustment` `sa`
JOIN `stock_adjustment_details` `sad` ON `sad`.`adjustment_id` = `sa`.`adjustment_id`
JOIN `product_inital_stock` `p` ON `p`.`product_id` = `sad`.`product_id`
LEFT JOIN `user` `u` ON `u`.`user_id` = `sa`.`adjusted_by`
ORDER BY `sa`.`adjustment_id` DESC', [], false)
 5 APPPATH\Models\StockAdjustmentModel.php(51): CodeIgniter\Database\BaseBuilder->get()
 6 APPPATH\Controllers\StockAdjustmentController.php(25): App\Models\StockAdjustmentModel->getAdjustmentList()
 7 SYSTEMPATH\CodeIgniter.php(933): App\Controllers\StockAdjustmentController->index()
 8 SYSTEMPATH\CodeIgniter.php(507): CodeIgniter\CodeIgniter->runController(Object(App\Controllers\StockAdjustmentController))
 9 SYSTEMPATH\CodeIgniter.php(354): CodeIgniter\CodeIgniter->handleRequest(null, Object(Config\Cache), false)
10 SYSTEMPATH\Boot.php(363): CodeIgniter\CodeIgniter->run()
11 SYSTEMPATH\Boot.php(68): CodeIgniter\Boot::runCodeIgniter(Object(CodeIgniter\CodeIgniter))
12 FCPATH\index.php(59): CodeIgniter\Boot::bootWeb(Object(Config\Paths))
DEBUG - 2026-08-03 04:40:40 --> Session: Class initialized using 'CodeIgniter\Session\Handlers\FileHandler' driver.
ERROR - 2026-08-03 04:40:40 --> mysqli_sql_exception: Table 'pharmacy_db.product_inital_stock' doesn't exist in C:\laragon\www\pharmacy-project\system\Database\MySQLi\Connection.php:327
Stack trace:
#0 C:\laragon\www\pharmacy-project\system\Database\MySQLi\Connection.php(327): mysqli->query('SELECT `sa`.`ad...', 0)
#1 C:\laragon\www\pharmacy-project\system\Database\BaseConnection.php(729): CodeIgniter\Database\MySQLi\Connection->execute('SELECT `sa`.`ad...')
#2 C:\laragon\www\pharmacy-project\system\Database\BaseConnection.php(646): CodeIgniter\Database\BaseConnection->simpleQuery('SELECT `sa`.`ad...')
#3 C:\laragon\www\pharmacy-project\system\Database\BaseBuilder.php(1649): CodeIgniter\Database\BaseConnection->query('SELECT `sa`.`ad...', Array, false)
#4 C:\laragon\www\pharmacy-project\app\Models\StockAdjustmentModel.php(51): CodeIgniter\Database\BaseBuilder->get()
#5 C:\laragon\www\pharmacy-project\app\Controllers\StockAdjustmentController.php(25): App\Models\StockAdjustmentModel->getAdjustmentList()
#6 C:\laragon\www\pharmacy-project\system\CodeIgniter.php(933): App\Controllers\StockAdjustmentController->index()
#7 C:\laragon\www\pharmacy-project\system\CodeIgniter.php(507): CodeIgniter\CodeIgniter->runController(Object(App\Controllers\StockAdjustmentController))
#8 C:\laragon\www\pharmacy-project\system\CodeIgniter.php(354): CodeIgniter\CodeIgniter->handleRequest(NULL, Object(Config\Cache), false)
#9 C:\laragon\www\pharmacy-project\system\Boot.php(363): CodeIgniter\CodeIgniter->run()
#10 C:\laragon\www\pharmacy-project\system\Boot.php(68): CodeIgniter\Boot::runCodeIgniter(Object(CodeIgniter\CodeIgniter))
#11 C:\laragon\www\pharmacy-project\index.php(59): CodeIgniter\Boot::bootWeb(Object(Config\Paths))
#12 {main}
CRITICAL - 2026-08-03 04:40:40 --> CodeIgniter\Database\Exceptions\DatabaseException: Table 'pharmacy_db.product_inital_stock' doesn't exist
[Method: GET, Route: stock-adjustment]
in SYSTEMPATH\Database\BaseConnection.php on line 684.
 1 SYSTEMPATH\Database\BaseBuilder.php(1649): CodeIgniter\Database\BaseConnection->query('SELECT `sa`.`adjustment_id`, `sa`.`adjustment_no`, `sa`.`adjustment_date`, `sa`.`adjustment_type`, `sa`.`reason`, `sa`.`adjusted_by`, `sad`.`current_stock`, `sad`.`adjustment_qty`, `sad`.`new_stock`, `p`.`product_name`, `u`.`user_name`
FROM `stock_adjustment` `sa`
JOIN `stock_adjustment_details` `sad` ON `sad`.`adjustment_id` = `sa`.`adjustment_id`
JOIN `product_inital_stock` `p` ON `p`.`product_id` = `sad`.`product_id`
LEFT JOIN `user` `u` ON `u`.`user_id` = `sa`.`adjusted_by`
ORDER BY `sa`.`adjustment_id` DESC', [], false)
 2 APPPATH\Models\StockAdjustmentModel.php(51): CodeIgniter\Database\BaseBuilder->get()
 3 APPPATH\Controllers\StockAdjustmentController.php(25): App\Models\StockAdjustmentModel->getAdjustmentList()
 4 SYSTEMPATH\CodeIgniter.php(933): App\Controllers\StockAdjustmentController->index()
 5 SYSTEMPATH\CodeIgniter.php(507): CodeIgniter\CodeIgniter->runController(Object(App\Controllers\StockAdjustmentController))
 6 SYSTEMPATH\CodeIgniter.php(354): CodeIgniter\CodeIgniter->handleRequest(null, Object(Config\Cache), false)
 7 SYSTEMPATH\Boot.php(363): CodeIgniter\CodeIgniter->run()
 8 SYSTEMPATH\Boot.php(68): CodeIgniter\Boot::runCodeIgniter(Object(CodeIgniter\CodeIgniter))
 9 FCPATH\index.php(59): CodeIgniter\Boot::bootWeb(Object(Config\Paths))
CRITICAL - 2026-08-03 04:40:40 --> [Caused by] CodeIgniter\Database\Exceptions\DatabaseException: Table 'pharmacy_db.product_inital_stock' doesn't exist
in SYSTEMPATH\Database\MySQLi\Connection.php on line 332.
 1 SYSTEMPATH\Database\BaseConnection.php(729): CodeIgniter\Database\MySQLi\Connection->execute('SELECT `sa`.`adjustment_id`, `sa`.`adjustment_no`, `sa`.`adjustment_date`, `sa`.`adjustment_type`, `sa`.`reason`, `sa`.`adjusted_by`, `sad`.`current_stock`, `sad`.`adjustment_qty`, `sad`.`new_stock`, `p`.`product_name`, `u`.`user_name`
FROM `stock_adjustment` `sa`
JOIN `stock_adjustment_details` `sad` ON `sad`.`adjustment_id` = `sa`.`adjustment_id`
JOIN `product_inital_stock` `p` ON `p`.`product_id` = `sad`.`product_id`
LEFT JOIN `user` `u` ON `u`.`user_id` = `sa`.`adjusted_by`
ORDER BY `sa`.`adjustment_id` DESC')
 2 SYSTEMPATH\Database\BaseConnection.php(646): CodeIgniter\Database\BaseConnection->simpleQuery('SELECT `sa`.`adjustment_id`, `sa`.`adjustment_no`, `sa`.`adjustment_date`, `sa`.`adjustment_type`, `sa`.`reason`, `sa`.`adjusted_by`, `sad`.`current_stock`, `sad`.`adjustment_qty`, `sad`.`new_stock`, `p`.`product_name`, `u`.`user_name`
FROM `stock_adjustment` `sa`
JOIN `stock_adjustment_details` `sad` ON `sad`.`adjustment_id` = `sa`.`adjustment_id`
JOIN `product_inital_stock` `p` ON `p`.`product_id` = `sad`.`product_id`
LEFT JOIN `user` `u` ON `u`.`user_id` = `sa`.`adjusted_by`
ORDER BY `sa`.`adjustment_id` DESC')
 3 SYSTEMPATH\Database\BaseBuilder.php(1649): CodeIgniter\Database\BaseConnection->query('SELECT `sa`.`adjustment_id`, `sa`.`adjustment_no`, `sa`.`adjustment_date`, `sa`.`adjustment_type`, `sa`.`reason`, `sa`.`adjusted_by`, `sad`.`current_stock`, `sad`.`adjustment_qty`, `sad`.`new_stock`, `p`.`product_name`, `u`.`user_name`
FROM `stock_adjustment` `sa`
JOIN `stock_adjustment_details` `sad` ON `sad`.`adjustment_id` = `sa`.`adjustment_id`
JOIN `product_inital_stock` `p` ON `p`.`product_id` = `sad`.`product_id`
LEFT JOIN `user` `u` ON `u`.`user_id` = `sa`.`adjusted_by`
ORDER BY `sa`.`adjustment_id` DESC', [], false)
 4 APPPATH\Models\StockAdjustmentModel.php(51): CodeIgniter\Database\BaseBuilder->get()
 5 APPPATH\Controllers\StockAdjustmentController.php(25): App\Models\StockAdjustmentModel->getAdjustmentList()
 6 SYSTEMPATH\CodeIgniter.php(933): App\Controllers\StockAdjustmentController->index()
 7 SYSTEMPATH\CodeIgniter.php(507): CodeIgniter\CodeIgniter->runController(Object(App\Controllers\StockAdjustmentController))
 8 SYSTEMPATH\CodeIgniter.php(354): CodeIgniter\CodeIgniter->handleRequest(null, Object(Config\Cache), false)
 9 SYSTEMPATH\Boot.php(363): CodeIgniter\CodeIgniter->run()
10 SYSTEMPATH\Boot.php(68): CodeIgniter\Boot::runCodeIgniter(Object(CodeIgniter\CodeIgniter))
11 FCPATH\index.php(59): CodeIgniter\Boot::bootWeb(Object(Config\Paths))
CRITICAL - 2026-08-03 04:40:40 --> [Caused by] mysqli_sql_exception: Table 'pharmacy_db.product_inital_stock' doesn't exist
in SYSTEMPATH\Database\MySQLi\Connection.php on line 327.
 1 SYSTEMPATH\Database\MySQLi\Connection.php(327): mysqli->query('SELECT `sa`.`adjustment_id`, `sa`.`adjustment_no`, `sa`.`adjustment_date`, `sa`.`adjustment_type`, `sa`.`reason`, `sa`.`adjusted_by`, `sad`.`current_stock`, `sad`.`adjustment_qty`, `sad`.`new_stock`, `p`.`product_name`, `u`.`user_name`
FROM `stock_adjustment` `sa`
JOIN `stock_adjustment_details` `sad` ON `sad`.`adjustment_id` = `sa`.`adjustment_id`
JOIN `product_inital_stock` `p` ON `p`.`product_id` = `sad`.`product_id`
LEFT JOIN `user` `u` ON `u`.`user_id` = `sa`.`adjusted_by`
ORDER BY `sa`.`adjustment_id` DESC', 0)
 2 SYSTEMPATH\Database\BaseConnection.php(729): CodeIgniter\Database\MySQLi\Connection->execute('SELECT `sa`.`adjustment_id`, `sa`.`adjustment_no`, `sa`.`adjustment_date`, `sa`.`adjustment_type`, `sa`.`reason`, `sa`.`adjusted_by`, `sad`.`current_stock`, `sad`.`adjustment_qty`, `sad`.`new_stock`, `p`.`product_name`, `u`.`user_name`
FROM `stock_adjustment` `sa`
JOIN `stock_adjustment_details` `sad` ON `sad`.`adjustment_id` = `sa`.`adjustment_id`
JOIN `product_inital_stock` `p` ON `p`.`product_id` = `sad`.`product_id`
LEFT JOIN `user` `u` ON `u`.`user_id` = `sa`.`adjusted_by`
ORDER BY `sa`.`adjustment_id` DESC')
 3 SYSTEMPATH\Database\BaseConnection.php(646): CodeIgniter\Database\BaseConnection->simpleQuery('SELECT `sa`.`adjustment_id`, `sa`.`adjustment_no`, `sa`.`adjustment_date`, `sa`.`adjustment_type`, `sa`.`reason`, `sa`.`adjusted_by`, `sad`.`current_stock`, `sad`.`adjustment_qty`, `sad`.`new_stock`, `p`.`product_name`, `u`.`user_name`
FROM `stock_adjustment` `sa`
JOIN `stock_adjustment_details` `sad` ON `sad`.`adjustment_id` = `sa`.`adjustment_id`
JOIN `product_inital_stock` `p` ON `p`.`product_id` = `sad`.`product_id`
LEFT JOIN `user` `u` ON `u`.`user_id` = `sa`.`adjusted_by`
ORDER BY `sa`.`adjustment_id` DESC')
 4 SYSTEMPATH\Database\BaseBuilder.php(1649): CodeIgniter\Database\BaseConnection->query('SELECT `sa`.`adjustment_id`, `sa`.`adjustment_no`, `sa`.`adjustment_date`, `sa`.`adjustment_type`, `sa`.`reason`, `sa`.`adjusted_by`, `sad`.`current_stock`, `sad`.`adjustment_qty`, `sad`.`new_stock`, `p`.`product_name`, `u`.`user_name`
FROM `stock_adjustment` `sa`
JOIN `stock_adjustment_details` `sad` ON `sad`.`adjustment_id` = `sa`.`adjustment_id`
JOIN `product_inital_stock` `p` ON `p`.`product_id` = `sad`.`product_id`
LEFT JOIN `user` `u` ON `u`.`user_id` = `sa`.`adjusted_by`
ORDER BY `sa`.`adjustment_id` DESC', [], false)
 5 APPPATH\Models\StockAdjustmentModel.php(51): CodeIgniter\Database\BaseBuilder->get()
 6 APPPATH\Controllers\StockAdjustmentController.php(25): App\Models\StockAdjustmentModel->getAdjustmentList()
 7 SYSTEMPATH\CodeIgniter.php(933): App\Controllers\StockAdjustmentController->index()
 8 SYSTEMPATH\CodeIgniter.php(507): CodeIgniter\CodeIgniter->runController(Object(App\Controllers\StockAdjustmentController))
 9 SYSTEMPATH\CodeIgniter.php(354): CodeIgniter\CodeIgniter->handleRequest(null, Object(Config\Cache), false)
10 SYSTEMPATH\Boot.php(363): CodeIgniter\CodeIgniter->run()
11 SYSTEMPATH\Boot.php(68): CodeIgniter\Boot::runCodeIgniter(Object(CodeIgniter\CodeIgniter))
12 FCPATH\index.php(59): CodeIgniter\Boot::bootWeb(Object(Config\Paths))
DEBUG - 2026-08-03 04:40:41 --> Session: Class initialized using 'CodeIgniter\Session\Handlers\FileHandler' driver.
ERROR - 2026-08-03 04:40:41 --> mysqli_sql_exception: Table 'pharmacy_db.product_inital_stock' doesn't exist in C:\laragon\www\pharmacy-project\system\Database\MySQLi\Connection.php:327
Stack trace:
#0 C:\laragon\www\pharmacy-project\system\Database\MySQLi\Connection.php(327): mysqli->query('SELECT `sa`.`ad...', 0)
#1 C:\laragon\www\pharmacy-project\system\Database\BaseConnection.php(729): CodeIgniter\Database\MySQLi\Connection->execute('SELECT `sa`.`ad...')
#2 C:\laragon\www\pharmacy-project\system\Database\BaseConnection.php(646): CodeIgniter\Database\BaseConnection->simpleQuery('SELECT `sa`.`ad...')
#3 C:\laragon\www\pharmacy-project\system\Database\BaseBuilder.php(1649): CodeIgniter\Database\BaseConnection->query('SELECT `sa`.`ad...', Array, false)
#4 C:\laragon\www\pharmacy-project\app\Models\StockAdjustmentModel.php(51): CodeIgniter\Database\BaseBuilder->get()
#5 C:\laragon\www\pharmacy-project\app\Controllers\StockAdjustmentController.php(25): App\Models\StockAdjustmentModel->getAdjustmentList()
#6 C:\laragon\www\pharmacy-project\system\CodeIgniter.php(933): App\Controllers\StockAdjustmentController->index()
#7 C:\laragon\www\pharmacy-project\system\CodeIgniter.php(507): CodeIgniter\CodeIgniter->runController(Object(App\Controllers\StockAdjustmentController))
#8 C:\laragon\www\pharmacy-project\system\CodeIgniter.php(354): CodeIgniter\CodeIgniter->handleRequest(NULL, Object(Config\Cache), false)
#9 C:\laragon\www\pharmacy-project\system\Boot.php(363): CodeIgniter\CodeIgniter->run()
#10 C:\laragon\www\pharmacy-project\system\Boot.php(68): CodeIgniter\Boot::runCodeIgniter(Object(CodeIgniter\CodeIgniter))
#11 C:\laragon\www\pharmacy-project\index.php(59): CodeIgniter\Boot::bootWeb(Object(Config\Paths))
#12 {main}
CRITICAL - 2026-08-03 04:40:41 --> CodeIgniter\Database\Exceptions\DatabaseException: Table 'pharmacy_db.product_inital_stock' doesn't exist
[Method: GET, Route: stock-adjustment]
in SYSTEMPATH\Database\BaseConnection.php on line 684.
 1 SYSTEMPATH\Database\BaseBuilder.php(1649): CodeIgniter\Database\BaseConnection->query('SELECT `sa`.`adjustment_id`, `sa`.`adjustment_no`, `sa`.`adjustment_date`, `sa`.`adjustment_type`, `sa`.`reason`, `sa`.`adjusted_by`, `sad`.`current_stock`, `sad`.`adjustment_qty`, `sad`.`new_stock`, `p`.`product_name`, `u`.`user_name`
FROM `stock_adjustment` `sa`
JOIN `stock_adjustment_details` `sad` ON `sad`.`adjustment_id` = `sa`.`adjustment_id`
JOIN `product_inital_stock` `p` ON `p`.`product_id` = `sad`.`product_id`
LEFT JOIN `user` `u` ON `u`.`user_id` = `sa`.`adjusted_by`
ORDER BY `sa`.`adjustment_id` DESC', [], false)
 2 APPPATH\Models\StockAdjustmentModel.php(51): CodeIgniter\Database\BaseBuilder->get()
 3 APPPATH\Controllers\StockAdjustmentController.php(25): App\Models\StockAdjustmentModel->getAdjustmentList()
 4 SYSTEMPATH\CodeIgniter.php(933): App\Controllers\StockAdjustmentController->index()
 5 SYSTEMPATH\CodeIgniter.php(507): CodeIgniter\CodeIgniter->runController(Object(App\Controllers\StockAdjustmentController))
 6 SYSTEMPATH\CodeIgniter.php(354): CodeIgniter\CodeIgniter->handleRequest(null, Object(Config\Cache), false)
 7 SYSTEMPATH\Boot.php(363): CodeIgniter\CodeIgniter->run()
 8 SYSTEMPATH\Boot.php(68): CodeIgniter\Boot::runCodeIgniter(Object(CodeIgniter\CodeIgniter))
 9 FCPATH\index.php(59): CodeIgniter\Boot::bootWeb(Object(Config\Paths))
CRITICAL - 2026-08-03 04:40:41 --> [Caused by] CodeIgniter\Database\Exceptions\DatabaseException: Table 'pharmacy_db.product_inital_stock' doesn't exist
in SYSTEMPATH\Database\MySQLi\Connection.php on line 332.
 1 SYSTEMPATH\Database\BaseConnection.php(729): CodeIgniter\Database\MySQLi\Connection->execute('SELECT `sa`.`adjustment_id`, `sa`.`adjustment_no`, `sa`.`adjustment_date`, `sa`.`adjustment_type`, `sa`.`reason`, `sa`.`adjusted_by`, `sad`.`current_stock`, `sad`.`adjustment_qty`, `sad`.`new_stock`, `p`.`product_name`, `u`.`user_name`
FROM `stock_adjustment` `sa`
JOIN `stock_adjustment_details` `sad` ON `sad`.`adjustment_id` = `sa`.`adjustment_id`
JOIN `product_inital_stock` `p` ON `p`.`product_id` = `sad`.`product_id`
LEFT JOIN `user` `u` ON `u`.`user_id` = `sa`.`adjusted_by`
ORDER BY `sa`.`adjustment_id` DESC')
 2 SYSTEMPATH\Database\BaseConnection.php(646): CodeIgniter\Database\BaseConnection->simpleQuery('SELECT `sa`.`adjustment_id`, `sa`.`adjustment_no`, `sa`.`adjustment_date`, `sa`.`adjustment_type`, `sa`.`reason`, `sa`.`adjusted_by`, `sad`.`current_stock`, `sad`.`adjustment_qty`, `sad`.`new_stock`, `p`.`product_name`, `u`.`user_name`
FROM `stock_adjustment` `sa`
JOIN `stock_adjustment_details` `sad` ON `sad`.`adjustment_id` = `sa`.`adjustment_id`
JOIN `product_inital_stock` `p` ON `p`.`product_id` = `sad`.`product_id`
LEFT JOIN `user` `u` ON `u`.`user_id` = `sa`.`adjusted_by`
ORDER BY `sa`.`adjustment_id` DESC')
 3 SYSTEMPATH\Database\BaseBuilder.php(1649): CodeIgniter\Database\BaseConnection->query('SELECT `sa`.`adjustment_id`, `sa`.`adjustment_no`, `sa`.`adjustment_date`, `sa`.`adjustment_type`, `sa`.`reason`, `sa`.`adjusted_by`, `sad`.`current_stock`, `sad`.`adjustment_qty`, `sad`.`new_stock`, `p`.`product_name`, `u`.`user_name`
FROM `stock_adjustment` `sa`
JOIN `stock_adjustment_details` `sad` ON `sad`.`adjustment_id` = `sa`.`adjustment_id`
JOIN `product_inital_stock` `p` ON `p`.`product_id` = `sad`.`product_id`
LEFT JOIN `user` `u` ON `u`.`user_id` = `sa`.`adjusted_by`
ORDER BY `sa`.`adjustment_id` DESC', [], false)
 4 APPPATH\Models\StockAdjustmentModel.php(51): CodeIgniter\Database\BaseBuilder->get()
 5 APPPATH\Controllers\StockAdjustmentController.php(25): App\Models\StockAdjustmentModel->getAdjustmentList()
 6 SYSTEMPATH\CodeIgniter.php(933): App\Controllers\StockAdjustmentController->index()
 7 SYSTEMPATH\CodeIgniter.php(507): CodeIgniter\CodeIgniter->runController(Object(App\Controllers\StockAdjustmentController))
 8 SYSTEMPATH\CodeIgniter.php(354): CodeIgniter\CodeIgniter->handleRequest(null, Object(Config\Cache), false)
 9 SYSTEMPATH\Boot.php(363): CodeIgniter\CodeIgniter->run()
10 SYSTEMPATH\Boot.php(68): CodeIgniter\Boot::runCodeIgniter(Object(CodeIgniter\CodeIgniter))
11 FCPATH\index.php(59): CodeIgniter\Boot::bootWeb(Object(Config\Paths))
CRITICAL - 2026-08-03 04:40:41 --> [Caused by] mysqli_sql_exception: Table 'pharmacy_db.product_inital_stock' doesn't exist
in SYSTEMPATH\Database\MySQLi\Connection.php on line 327.
 1 SYSTEMPATH\Database\MySQLi\Connection.php(327): mysqli->query('SELECT `sa`.`adjustment_id`, `sa`.`adjustment_no`, `sa`.`adjustment_date`, `sa`.`adjustment_type`, `sa`.`reason`, `sa`.`adjusted_by`, `sad`.`current_stock`, `sad`.`adjustment_qty`, `sad`.`new_stock`, `p`.`product_name`, `u`.`user_name`
FROM `stock_adjustment` `sa`
JOIN `stock_adjustment_details` `sad` ON `sad`.`adjustment_id` = `sa`.`adjustment_id`
JOIN `product_inital_stock` `p` ON `p`.`product_id` = `sad`.`product_id`
LEFT JOIN `user` `u` ON `u`.`user_id` = `sa`.`adjusted_by`
ORDER BY `sa`.`adjustment_id` DESC', 0)
 2 SYSTEMPATH\Database\BaseConnection.php(729): CodeIgniter\Database\MySQLi\Connection->execute('SELECT `sa`.`adjustment_id`, `sa`.`adjustment_no`, `sa`.`adjustment_date`, `sa`.`adjustment_type`, `sa`.`reason`, `sa`.`adjusted_by`, `sad`.`current_stock`, `sad`.`adjustment_qty`, `sad`.`new_stock`, `p`.`product_name`, `u`.`user_name`
FROM `stock_adjustment` `sa`
JOIN `stock_adjustment_details` `sad` ON `sad`.`adjustment_id` = `sa`.`adjustment_id`
JOIN `product_inital_stock` `p` ON `p`.`product_id` = `sad`.`product_id`
LEFT JOIN `user` `u` ON `u`.`user_id` = `sa`.`adjusted_by`
ORDER BY `sa`.`adjustment_id` DESC')
 3 SYSTEMPATH\Database\BaseConnection.php(646): CodeIgniter\Database\BaseConnection->simpleQuery('SELECT `sa`.`adjustment_id`, `sa`.`adjustment_no`, `sa`.`adjustment_date`, `sa`.`adjustment_type`, `sa`.`reason`, `sa`.`adjusted_by`, `sad`.`current_stock`, `sad`.`adjustment_qty`, `sad`.`new_stock`, `p`.`product_name`, `u`.`user_name`
FROM `stock_adjustment` `sa`
JOIN `stock_adjustment_details` `sad` ON `sad`.`adjustment_id` = `sa`.`adjustment_id`
JOIN `product_inital_stock` `p` ON `p`.`product_id` = `sad`.`product_id`
LEFT JOIN `user` `u` ON `u`.`user_id` = `sa`.`adjusted_by`
ORDER BY `sa`.`adjustment_id` DESC')
 4 SYSTEMPATH\Database\BaseBuilder.php(1649): CodeIgniter\Database\BaseConnection->query('SELECT `sa`.`adjustment_id`, `sa`.`adjustment_no`, `sa`.`adjustment_date`, `sa`.`adjustment_type`, `sa`.`reason`, `sa`.`adjusted_by`, `sad`.`current_stock`, `sad`.`adjustment_qty`, `sad`.`new_stock`, `p`.`product_name`, `u`.`user_name`
FROM `stock_adjustment` `sa`
JOIN `stock_adjustment_details` `sad` ON `sad`.`adjustment_id` = `sa`.`adjustment_id`
JOIN `product_inital_stock` `p` ON `p`.`product_id` = `sad`.`product_id`
LEFT JOIN `user` `u` ON `u`.`user_id` = `sa`.`adjusted_by`
ORDER BY `sa`.`adjustment_id` DESC', [], false)
 5 APPPATH\Models\StockAdjustmentModel.php(51): CodeIgniter\Database\BaseBuilder->get()
 6 APPPATH\Controllers\StockAdjustmentController.php(25): App\Models\StockAdjustmentModel->getAdjustmentList()
 7 SYSTEMPATH\CodeIgniter.php(933): App\Controllers\StockAdjustmentController->index()
 8 SYSTEMPATH\CodeIgniter.php(507): CodeIgniter\CodeIgniter->runController(Object(App\Controllers\StockAdjustmentController))
 9 SYSTEMPATH\CodeIgniter.php(354): CodeIgniter\CodeIgniter->handleRequest(null, Object(Config\Cache), false)
10 SYSTEMPATH\Boot.php(363): CodeIgniter\CodeIgniter->run()
11 SYSTEMPATH\Boot.php(68): CodeIgniter\Boot::runCodeIgniter(Object(CodeIgniter\CodeIgniter))
12 FCPATH\index.php(59): CodeIgniter\Boot::bootWeb(Object(Config\Paths))
DEBUG - 2026-08-03 04:40:42 --> Session: Class initialized using 'CodeIgniter\Session\Handlers\FileHandler' driver.
ERROR - 2026-08-03 04:40:42 --> mysqli_sql_exception: Table 'pharmacy_db.product_inital_stock' doesn't exist in C:\laragon\www\pharmacy-project\system\Database\MySQLi\Connection.php:327
Stack trace:
#0 C:\laragon\www\pharmacy-project\system\Database\MySQLi\Connection.php(327): mysqli->query('SELECT `sa`.`ad...', 0)
#1 C:\laragon\www\pharmacy-project\system\Database\BaseConnection.php(729): CodeIgniter\Database\MySQLi\Connection->execute('SELECT `sa`.`ad...')
#2 C:\laragon\www\pharmacy-project\system\Database\BaseConnection.php(646): CodeIgniter\Database\BaseConnection->simpleQuery('SELECT `sa`.`ad...')
#3 C:\laragon\www\pharmacy-project\system\Database\BaseBuilder.php(1649): CodeIgniter\Database\BaseConnection->query('SELECT `sa`.`ad...', Array, false)
#4 C:\laragon\www\pharmacy-project\app\Models\StockAdjustmentModel.php(51): CodeIgniter\Database\BaseBuilder->get()
#5 C:\laragon\www\pharmacy-project\app\Controllers\StockAdjustmentController.php(25): App\Models\StockAdjustmentModel->getAdjustmentList()
#6 C:\laragon\www\pharmacy-project\system\CodeIgniter.php(933): App\Controllers\StockAdjustmentController->index()
#7 C:\laragon\www\pharmacy-project\system\CodeIgniter.php(507): CodeIgniter\CodeIgniter->runController(Object(App\Controllers\StockAdjustmentController))
#8 C:\laragon\www\pharmacy-project\system\CodeIgniter.php(354): CodeIgniter\CodeIgniter->handleRequest(NULL, Object(Config\Cache), false)
#9 C:\laragon\www\pharmacy-project\system\Boot.php(363): CodeIgniter\CodeIgniter->run()
#10 C:\laragon\www\pharmacy-project\system\Boot.php(68): CodeIgniter\Boot::runCodeIgniter(Object(CodeIgniter\CodeIgniter))
#11 C:\laragon\www\pharmacy-project\index.php(59): CodeIgniter\Boot::bootWeb(Object(Config\Paths))
#12 {main}
CRITICAL - 2026-08-03 04:40:42 --> CodeIgniter\Database\Exceptions\DatabaseException: Table 'pharmacy_db.product_inital_stock' doesn't exist
[Method: GET, Route: stock-adjustment]
in SYSTEMPATH\Database\BaseConnection.php on line 684.
 1 SYSTEMPATH\Database\BaseBuilder.php(1649): CodeIgniter\Database\BaseConnection->query('SELECT `sa`.`adjustment_id`, `sa`.`adjustment_no`, `sa`.`adjustment_date`, `sa`.`adjustment_type`, `sa`.`reason`, `sa`.`adjusted_by`, `sad`.`current_stock`, `sad`.`adjustment_qty`, `sad`.`new_stock`, `p`.`product_name`, `u`.`user_name`
FROM `stock_adjustment` `sa`
JOIN `stock_adjustment_details` `sad` ON `sad`.`adjustment_id` = `sa`.`adjustment_id`
JOIN `product_inital_stock` `p` ON `p`.`product_id` = `sad`.`product_id`
LEFT JOIN `user` `u` ON `u`.`user_id` = `sa`.`adjusted_by`
ORDER BY `sa`.`adjustment_id` DESC', [], false)
 2 APPPATH\Models\StockAdjustmentModel.php(51): CodeIgniter\Database\BaseBuilder->get()
 3 APPPATH\Controllers\StockAdjustmentController.php(25): App\Models\StockAdjustmentModel->getAdjustmentList()
 4 SYSTEMPATH\CodeIgniter.php(933): App\Controllers\StockAdjustmentController->index()
 5 SYSTEMPATH\CodeIgniter.php(507): CodeIgniter\CodeIgniter->runController(Object(App\Controllers\StockAdjustmentController))
 6 SYSTEMPATH\CodeIgniter.php(354): CodeIgniter\CodeIgniter->handleRequest(null, Object(Config\Cache), false)
 7 SYSTEMPATH\Boot.php(363): CodeIgniter\CodeIgniter->run()
 8 SYSTEMPATH\Boot.php(68): CodeIgniter\Boot::runCodeIgniter(Object(CodeIgniter\CodeIgniter))
 9 FCPATH\index.php(59): CodeIgniter\Boot::bootWeb(Object(Config\Paths))
CRITICAL - 2026-08-03 04:40:42 --> [Caused by] CodeIgniter\Database\Exceptions\DatabaseException: Table 'pharmacy_db.product_inital_stock' doesn't exist
in SYSTEMPATH\Database\MySQLi\Connection.php on line 332.
 1 SYSTEMPATH\Database\BaseConnection.php(729): CodeIgniter\Database\MySQLi\Connection->execute('SELECT `sa`.`adjustment_id`, `sa`.`adjustment_no`, `sa`.`adjustment_date`, `sa`.`adjustment_type`, `sa`.`reason`, `sa`.`adjusted_by`, `sad`.`current_stock`, `sad`.`adjustment_qty`, `sad`.`new_stock`, `p`.`product_name`, `u`.`user_name`
FROM `stock_adjustment` `sa`
JOIN `stock_adjustment_details` `sad` ON `sad`.`adjustment_id` = `sa`.`adjustment_id`
JOIN `product_inital_stock` `p` ON `p`.`product_id` = `sad`.`product_id`
LEFT JOIN `user` `u` ON `u`.`user_id` = `sa`.`adjusted_by`
ORDER BY `sa`.`adjustment_id` DESC')
 2 SYSTEMPATH\Database\BaseConnection.php(646): CodeIgniter\Database\BaseConnection->simpleQuery('SELECT `sa`.`adjustment_id`, `sa`.`adjustment_no`, `sa`.`adjustment_date`, `sa`.`adjustment_type`, `sa`.`reason`, `sa`.`adjusted_by`, `sad`.`current_stock`, `sad`.`adjustment_qty`, `sad`.`new_stock`, `p`.`product_name`, `u`.`user_name`
FROM `stock_adjustment` `sa`
JOIN `stock_adjustment_details` `sad` ON `sad`.`adjustment_id` = `sa`.`adjustment_id`
JOIN `product_inital_stock` `p` ON `p`.`product_id` = `sad`.`product_id`
LEFT JOIN `user` `u` ON `u`.`user_id` = `sa`.`adjusted_by`
ORDER BY `sa`.`adjustment_id` DESC')
 3 SYSTEMPATH\Database\BaseBuilder.php(1649): CodeIgniter\Database\BaseConnection->query('SELECT `sa`.`adjustment_id`, `sa`.`adjustment_no`, `sa`.`adjustment_date`, `sa`.`adjustment_type`, `sa`.`reason`, `sa`.`adjusted_by`, `sad`.`current_stock`, `sad`.`adjustment_qty`, `sad`.`new_stock`, `p`.`product_name`, `u`.`user_name`
FROM `stock_adjustment` `sa`
JOIN `stock_adjustment_details` `sad` ON `sad`.`adjustment_id` = `sa`.`adjustment_id`
JOIN `product_inital_stock` `p` ON `p`.`product_id` = `sad`.`product_id`
LEFT JOIN `user` `u` ON `u`.`user_id` = `sa`.`adjusted_by`
ORDER BY `sa`.`adjustment_id` DESC', [], false)
 4 APPPATH\Models\StockAdjustmentModel.php(51): CodeIgniter\Database\BaseBuilder->get()
 5 APPPATH\Controllers\StockAdjustmentController.php(25): App\Models\StockAdjustmentModel->getAdjustmentList()
 6 SYSTEMPATH\CodeIgniter.php(933): App\Controllers\StockAdjustmentController->index()
 7 SYSTEMPATH\CodeIgniter.php(507): CodeIgniter\CodeIgniter->runController(Object(App\Controllers\StockAdjustmentController))
 8 SYSTEMPATH\CodeIgniter.php(354): CodeIgniter\CodeIgniter->handleRequest(null, Object(Config\Cache), false)
 9 SYSTEMPATH\Boot.php(363): CodeIgniter\CodeIgniter->run()
10 SYSTEMPATH\Boot.php(68): CodeIgniter\Boot::runCodeIgniter(Object(CodeIgniter\CodeIgniter))
11 FCPATH\index.php(59): CodeIgniter\Boot::bootWeb(Object(Config\Paths))
CRITICAL - 2026-08-03 04:40:42 --> [Caused by] mysqli_sql_exception: Table 'pharmacy_db.product_inital_stock' doesn't exist
in SYSTEMPATH\Database\MySQLi\Connection.php on line 327.
 1 SYSTEMPATH\Database\MySQLi\Connection.php(327): mysqli->query('SELECT `sa`.`adjustment_id`, `sa`.`adjustment_no`, `sa`.`adjustment_date`, `sa`.`adjustment_type`, `sa`.`reason`, `sa`.`adjusted_by`, `sad`.`current_stock`, `sad`.`adjustment_qty`, `sad`.`new_stock`, `p`.`product_name`, `u`.`user_name`
FROM `stock_adjustment` `sa`
JOIN `stock_adjustment_details` `sad` ON `sad`.`adjustment_id` = `sa`.`adjustment_id`
JOIN `product_inital_stock` `p` ON `p`.`product_id` = `sad`.`product_id`
LEFT JOIN `user` `u` ON `u`.`user_id` = `sa`.`adjusted_by`
ORDER BY `sa`.`adjustment_id` DESC', 0)
 2 SYSTEMPATH\Database\BaseConnection.php(729): CodeIgniter\Database\MySQLi\Connection->execute('SELECT `sa`.`adjustment_id`, `sa`.`adjustment_no`, `sa`.`adjustment_date`, `sa`.`adjustment_type`, `sa`.`reason`, `sa`.`adjusted_by`, `sad`.`current_stock`, `sad`.`adjustment_qty`, `sad`.`new_stock`, `p`.`product_name`, `u`.`user_name`
FROM `stock_adjustment` `sa`
JOIN `stock_adjustment_details` `sad` ON `sad`.`adjustment_id` = `sa`.`adjustment_id`
JOIN `product_inital_stock` `p` ON `p`.`product_id` = `sad`.`product_id`
LEFT JOIN `user` `u` ON `u`.`user_id` = `sa`.`adjusted_by`
ORDER BY `sa`.`adjustment_id` DESC')
 3 SYSTEMPATH\Database\BaseConnection.php(646): CodeIgniter\Database\BaseConnection->simpleQuery('SELECT `sa`.`adjustment_id`, `sa`.`adjustment_no`, `sa`.`adjustment_date`, `sa`.`adjustment_type`, `sa`.`reason`, `sa`.`adjusted_by`, `sad`.`current_stock`, `sad`.`adjustment_qty`, `sad`.`new_stock`, `p`.`product_name`, `u`.`user_name`
FROM `stock_adjustment` `sa`
JOIN `stock_adjustment_details` `sad` ON `sad`.`adjustment_id` = `sa`.`adjustment_id`
JOIN `product_inital_stock` `p` ON `p`.`product_id` = `sad`.`product_id`
LEFT JOIN `user` `u` ON `u`.`user_id` = `sa`.`adjusted_by`
ORDER BY `sa`.`adjustment_id` DESC')
 4 SYSTEMPATH\Database\BaseBuilder.php(1649): CodeIgniter\Database\BaseConnection->query('SELECT `sa`.`adjustment_id`, `sa`.`adjustment_no`, `sa`.`adjustment_date`, `sa`.`adjustment_type`, `sa`.`reason`, `sa`.`adjusted_by`, `sad`.`current_stock`, `sad`.`adjustment_qty`, `sad`.`new_stock`, `p`.`product_name`, `u`.`user_name`
FROM `stock_adjustment` `sa`
JOIN `stock_adjustment_details` `sad` ON `sad`.`adjustment_id` = `sa`.`adjustment_id`
JOIN `product_inital_stock` `p` ON `p`.`product_id` = `sad`.`product_id`
LEFT JOIN `user` `u` ON `u`.`user_id` = `sa`.`adjusted_by`
ORDER BY `sa`.`adjustment_id` DESC', [], false)
 5 APPPATH\Models\StockAdjustmentModel.php(51): CodeIgniter\Database\BaseBuilder->get()
 6 APPPATH\Controllers\StockAdjustmentController.php(25): App\Models\StockAdjustmentModel->getAdjustmentList()
 7 SYSTEMPATH\CodeIgniter.php(933): App\Controllers\StockAdjustmentController->index()
 8 SYSTEMPATH\CodeIgniter.php(507): CodeIgniter\CodeIgniter->runController(Object(App\Controllers\StockAdjustmentController))
 9 SYSTEMPATH\CodeIgniter.php(354): CodeIgniter\CodeIgniter->handleRequest(null, Object(Config\Cache), false)
10 SYSTEMPATH\Boot.php(363): CodeIgniter\CodeIgniter->run()
11 SYSTEMPATH\Boot.php(68): CodeIgniter\Boot::runCodeIgniter(Object(CodeIgniter\CodeIgniter))
12 FCPATH\index.php(59): CodeIgniter\Boot::bootWeb(Object(Config\Paths))
DEBUG - 2026-08-03 04:43:05 --> Session: Class initialized using 'CodeIgniter\Session\Handlers\FileHandler' driver.
DEBUG - 2026-08-03 04:43:08 --> Session: Class initialized using 'CodeIgniter\Session\Handlers\FileHandler' driver.
DEBUG - 2026-08-03 04:51:01 --> Session: Class initialized using 'CodeIgniter\Session\Handlers\FileHandler' driver.
DEBUG - 2026-08-03 04:51:03 --> Session: Class initialized using 'CodeIgniter\Session\Handlers\FileHandler' driver.
DEBUG - 2026-08-03 04:51:13 --> Session: Class initialized using 'CodeIgniter\Session\Handlers\FileHandler' driver.
DEBUG - 2026-08-03 04:55:57 --> Session: Class initialized using 'CodeIgniter\Session\Handlers\FileHandler' driver.
DEBUG - 2026-08-03 04:55:59 --> Session: Class initialized using 'CodeIgniter\Session\Handlers\FileHandler' driver.
DEBUG - 2026-08-03 04:56:23 --> Session: Class initialized using 'CodeIgniter\Session\Handlers\FileHandler' driver.
DEBUG - 2026-08-03 05:03:06 --> Session: Class initialized using 'CodeIgniter\Session\Handlers\FileHandler' driver.
DEBUG - 2026-08-03 05:09:30 --> Session: Class initialized using 'CodeIgniter\Session\Handlers\FileHandler' driver.
DEBUG - 2026-08-03 05:09:52 --> Session: Class initialized using 'CodeIgniter\Session\Handlers\FileHandler' driver.
DEBUG - 2026-08-03 05:09:55 --> Session: Class initialized using 'CodeIgniter\Session\Handlers\FileHandler' driver.
CRITICAL - 2026-08-03 05:09:55 --> ErrorException: Undefined array key "current_stock"
[Method: GET, Route: stock-adjustment]
in APPPATH\Views\stockAdjustment\StockAdjustmentView.php on line 93.
 1 APPPATH\Views\stockAdjustment\StockAdjustmentView.php(93): CodeIgniter\Debug\Exceptions->errorHandler(2, 'Undefined array key "current_stock"', 'C:\\laragon\\www\\pharmacy-project\\app\\Views\\stockAdjustment\\StockAdjustmentView.php', 93)
 2 SYSTEMPATH\View\View.php(226): include('C:\\laragon\\www\\pharmacy-project\\app\\Views\\stockAdjustment\\StockAdjustmentView.php')
 3 SYSTEMPATH\View\View.php(229): CodeIgniter\View\View->CodeIgniter\View\{closure}()
 4 SYSTEMPATH\Common.php(1167): CodeIgniter\View\View->render('stockAdjustment/StockAdjustmentView', [], true)
 5 APPPATH\Controllers\StockAdjustmentController.php(26): view('stockAdjustment/StockAdjustmentView', [...])
 6 SYSTEMPATH\CodeIgniter.php(933): App\Controllers\StockAdjustmentController->index()
 7 SYSTEMPATH\CodeIgniter.php(507): CodeIgniter\CodeIgniter->runController(Object(App\Controllers\StockAdjustmentController))
 8 SYSTEMPATH\CodeIgniter.php(354): CodeIgniter\CodeIgniter->handleRequest(null, Object(Config\Cache), false)
 9 SYSTEMPATH\Boot.php(363): CodeIgniter\CodeIgniter->run()
10 SYSTEMPATH\Boot.php(68): CodeIgniter\Boot::runCodeIgniter(Object(CodeIgniter\CodeIgniter))
11 FCPATH\index.php(59): CodeIgniter\Boot::bootWeb(Object(Config\Paths))
DEBUG - 2026-08-03 05:10:35 --> Session: Class initialized using 'CodeIgniter\Session\Handlers\FileHandler' driver.
CRITICAL - 2026-08-03 05:10:35 --> ErrorException: Undefined array key "current_stock"
[Method: GET, Route: stock-adjustment]
in APPPATH\Views\stockAdjustment\StockAdjustmentView.php on line 93.
 1 APPPATH\Views\stockAdjustment\StockAdjustmentView.php(93): CodeIgniter\Debug\Exceptions->errorHandler(2, 'Undefined array key "current_stock"', 'C:\\laragon\\www\\pharmacy-project\\app\\Views\\stockAdjustment\\StockAdjustmentView.php', 93)
 2 SYSTEMPATH\View\View.php(226): include('C:\\laragon\\www\\pharmacy-project\\app\\Views\\stockAdjustment\\StockAdjustmentView.php')
 3 SYSTEMPATH\View\View.php(229): CodeIgniter\View\View->CodeIgniter\View\{closure}()
 4 SYSTEMPATH\Common.php(1167): CodeIgniter\View\View->render('stockAdjustment/StockAdjustmentView', [], true)
 5 APPPATH\Controllers\StockAdjustmentController.php(26): view('stockAdjustment/StockAdjustmentView', [...])
 6 SYSTEMPATH\CodeIgniter.php(933): App\Controllers\StockAdjustmentController->index()
 7 SYSTEMPATH\CodeIgniter.php(507): CodeIgniter\CodeIgniter->runController(Object(App\Controllers\StockAdjustmentController))
 8 SYSTEMPATH\CodeIgniter.php(354): CodeIgniter\CodeIgniter->handleRequest(null, Object(Config\Cache), false)
 9 SYSTEMPATH\Boot.php(363): CodeIgniter\CodeIgniter->run()
10 SYSTEMPATH\Boot.php(68): CodeIgniter\Boot::runCodeIgniter(Object(CodeIgniter\CodeIgniter))
11 FCPATH\index.php(59): CodeIgniter\Boot::bootWeb(Object(Config\Paths))
DEBUG - 2026-08-03 05:12:45 --> Session: Class initialized using 'CodeIgniter\Session\Handlers\FileHandler' driver.
CRITICAL - 2026-08-03 05:12:45 --> ErrorException: Undefined array key "current_stock"
[Method: GET, Route: stock-adjustment]
in APPPATH\Views\stockAdjustment\StockAdjustmentView.php on line 90.
 1 APPPATH\Views\stockAdjustment\StockAdjustmentView.php(90): CodeIgniter\Debug\Exceptions->errorHandler(2, 'Undefined array key "current_stock"', 'C:\\laragon\\www\\pharmacy-project\\app\\Views\\stockAdjustment\\StockAdjustmentView.php', 90)
 2 SYSTEMPATH\View\View.php(226): include('C:\\laragon\\www\\pharmacy-project\\app\\Views\\stockAdjustment\\StockAdjustmentView.php')
 3 SYSTEMPATH\View\View.php(229): CodeIgniter\View\View->CodeIgniter\View\{closure}()
 4 SYSTEMPATH\Common.php(1167): CodeIgniter\View\View->render('stockAdjustment/StockAdjustmentView', [], true)
 5 APPPATH\Controllers\StockAdjustmentController.php(26): view('stockAdjustment/StockAdjustmentView', [...])
 6 SYSTEMPATH\CodeIgniter.php(933): App\Controllers\StockAdjustmentController->index()
 7 SYSTEMPATH\CodeIgniter.php(507): CodeIgniter\CodeIgniter->runController(Object(App\Controllers\StockAdjustmentController))
 8 SYSTEMPATH\CodeIgniter.php(354): CodeIgniter\CodeIgniter->handleRequest(null, Object(Config\Cache), false)
 9 SYSTEMPATH\Boot.php(363): CodeIgniter\CodeIgniter->run()
10 SYSTEMPATH\Boot.php(68): CodeIgniter\Boot::runCodeIgniter(Object(CodeIgniter\CodeIgniter))
11 FCPATH\index.php(59): CodeIgniter\Boot::bootWeb(Object(Config\Paths))
DEBUG - 2026-08-03 05:12:46 --> Session: Class initialized using 'CodeIgniter\Session\Handlers\FileHandler' driver.
CRITICAL - 2026-08-03 05:12:46 --> ErrorException: Undefined array key "current_stock"
[Method: GET, Route: stock-adjustment]
in APPPATH\Views\stockAdjustment\StockAdjustmentView.php on line 90.
 1 APPPATH\Views\stockAdjustment\StockAdjustmentView.php(90): CodeIgniter\Debug\Exceptions->errorHandler(2, 'Undefined array key "current_stock"', 'C:\\laragon\\www\\pharmacy-project\\app\\Views\\stockAdjustment\\StockAdjustmentView.php', 90)
 2 SYSTEMPATH\View\View.php(226): include('C:\\laragon\\www\\pharmacy-project\\app\\Views\\stockAdjustment\\StockAdjustmentView.php')
 3 SYSTEMPATH\View\View.php(229): CodeIgniter\View\View->CodeIgniter\View\{closure}()
 4 SYSTEMPATH\Common.php(1167): CodeIgniter\View\View->render('stockAdjustment/StockAdjustmentView', [], true)
 5 APPPATH\Controllers\StockAdjustmentController.php(26): view('stockAdjustment/StockAdjustmentView', [...])
 6 SYSTEMPATH\CodeIgniter.php(933): App\Controllers\StockAdjustmentController->index()
 7 SYSTEMPATH\CodeIgniter.php(507): CodeIgniter\CodeIgniter->runController(Object(App\Controllers\StockAdjustmentController))
 8 SYSTEMPATH\CodeIgniter.php(354): CodeIgniter\CodeIgniter->handleRequest(null, Object(Config\Cache), false)
 9 SYSTEMPATH\Boot.php(363): CodeIgniter\CodeIgniter->run()
10 SYSTEMPATH\Boot.php(68): CodeIgniter\Boot::runCodeIgniter(Object(CodeIgniter\CodeIgniter))
11 FCPATH\index.php(59): CodeIgniter\Boot::bootWeb(Object(Config\Paths))
DEBUG - 2026-08-03 05:12:47 --> Session: Class initialized using 'CodeIgniter\Session\Handlers\FileHandler' driver.
CRITICAL - 2026-08-03 05:12:47 --> ErrorException: Undefined array key "current_stock"
[Method: GET, Route: stock-adjustment]
in APPPATH\Views\stockAdjustment\StockAdjustmentView.php on line 90.
 1 APPPATH\Views\stockAdjustment\StockAdjustmentView.php(90): CodeIgniter\Debug\Exceptions->errorHandler(2, 'Undefined array key "current_stock"', 'C:\\laragon\\www\\pharmacy-project\\app\\Views\\stockAdjustment\\StockAdjustmentView.php', 90)
 2 SYSTEMPATH\View\View.php(226): include('C:\\laragon\\www\\pharmacy-project\\app\\Views\\stockAdjustment\\StockAdjustmentView.php')
 3 SYSTEMPATH\View\View.php(229): CodeIgniter\View\View->CodeIgniter\View\{closure}()
 4 SYSTEMPATH\Common.php(1167): CodeIgniter\View\View->render('stockAdjustment/StockAdjustmentView', [], true)
 5 APPPATH\Controllers\StockAdjustmentController.php(26): view('stockAdjustment/StockAdjustmentView', [...])
 6 SYSTEMPATH\CodeIgniter.php(933): App\Controllers\StockAdjustmentController->index()
 7 SYSTEMPATH\CodeIgniter.php(507): CodeIgniter\CodeIgniter->runController(Object(App\Controllers\StockAdjustmentController))
 8 SYSTEMPATH\CodeIgniter.php(354): CodeIgniter\CodeIgniter->handleRequest(null, Object(Config\Cache), false)
 9 SYSTEMPATH\Boot.php(363): CodeIgniter\CodeIgniter->run()
10 SYSTEMPATH\Boot.php(68): CodeIgniter\Boot::runCodeIgniter(Object(CodeIgniter\CodeIgniter))
11 FCPATH\index.php(59): CodeIgniter\Boot::bootWeb(Object(Config\Paths))
DEBUG - 2026-08-03 05:12:49 --> Session: Class initialized using 'CodeIgniter\Session\Handlers\FileHandler' driver.
CRITICAL - 2026-08-03 05:12:49 --> ErrorException: Undefined array key "current_stock"
[Method: GET, Route: stock-adjustment]
in APPPATH\Views\stockAdjustment\StockAdjustmentView.php on line 90.
 1 APPPATH\Views\stockAdjustment\StockAdjustmentView.php(90): CodeIgniter\Debug\Exceptions->errorHandler(2, 'Undefined array key "current_stock"', 'C:\\laragon\\www\\pharmacy-project\\app\\Views\\stockAdjustment\\StockAdjustmentView.php', 90)
 2 SYSTEMPATH\View\View.php(226): include('C:\\laragon\\www\\pharmacy-project\\app\\Views\\stockAdjustment\\StockAdjustmentView.php')
 3 SYSTEMPATH\View\View.php(229): CodeIgniter\View\View->CodeIgniter\View\{closure}()
 4 SYSTEMPATH\Common.php(1167): CodeIgniter\View\View->render('stockAdjustment/StockAdjustmentView', [], true)
 5 APPPATH\Controllers\StockAdjustmentController.php(26): view('stockAdjustment/StockAdjustmentView', [...])
 6 SYSTEMPATH\CodeIgniter.php(933): App\Controllers\StockAdjustmentController->index()
 7 SYSTEMPATH\CodeIgniter.php(507): CodeIgniter\CodeIgniter->runController(Object(App\Controllers\StockAdjustmentController))
 8 SYSTEMPATH\CodeIgniter.php(354): CodeIgniter\CodeIgniter->handleRequest(null, Object(Config\Cache), false)
 9 SYSTEMPATH\Boot.php(363): CodeIgniter\CodeIgniter->run()
10 SYSTEMPATH\Boot.php(68): CodeIgniter\Boot::runCodeIgniter(Object(CodeIgniter\CodeIgniter))
11 FCPATH\index.php(59): CodeIgniter\Boot::bootWeb(Object(Config\Paths))
DEBUG - 2026-08-03 05:17:16 --> Session: Class initialized using 'CodeIgniter\Session\Handlers\FileHandler' driver.
CRITICAL - 2026-08-03 05:17:16 --> ErrorException: Undefined array key "new_stock"
[Method: GET, Route: stock-adjustment]
in APPPATH\Views\stockAdjustment\StockAdjustmentView.php on line 98.
 1 APPPATH\Views\stockAdjustment\StockAdjustmentView.php(98): CodeIgniter\Debug\Exceptions->errorHandler(2, 'Undefined array key "new_stock"', 'C:\\laragon\\www\\pharmacy-project\\app\\Views\\stockAdjustment\\StockAdjustmentView.php', 98)
 2 SYSTEMPATH\View\View.php(226): include('C:\\laragon\\www\\pharmacy-project\\app\\Views\\stockAdjustment\\StockAdjustmentView.php')
 3 SYSTEMPATH\View\View.php(229): CodeIgniter\View\View->CodeIgniter\View\{closure}()
 4 SYSTEMPATH\Common.php(1167): CodeIgniter\View\View->render('stockAdjustment/StockAdjustmentView', [], true)
 5 APPPATH\Controllers\StockAdjustmentController.php(26): view('stockAdjustment/StockAdjustmentView', [...])
 6 SYSTEMPATH\CodeIgniter.php(933): App\Controllers\StockAdjustmentController->index()
 7 SYSTEMPATH\CodeIgniter.php(507): CodeIgniter\CodeIgniter->runController(Object(App\Controllers\StockAdjustmentController))
 8 SYSTEMPATH\CodeIgniter.php(354): CodeIgniter\CodeIgniter->handleRequest(null, Object(Config\Cache), false)
 9 SYSTEMPATH\Boot.php(363): CodeIgniter\CodeIgniter->run()
10 SYSTEMPATH\Boot.php(68): CodeIgniter\Boot::runCodeIgniter(Object(CodeIgniter\CodeIgniter))
11 FCPATH\index.php(59): CodeIgniter\Boot::bootWeb(Object(Config\Paths))
DEBUG - 2026-08-03 05:17:17 --> Session: Class initialized using 'CodeIgniter\Session\Handlers\FileHandler' driver.
CRITICAL - 2026-08-03 05:17:17 --> ErrorException: Undefined array key "new_stock"
[Method: GET, Route: stock-adjustment]
in APPPATH\Views\stockAdjustment\StockAdjustmentView.php on line 98.
 1 APPPATH\Views\stockAdjustment\StockAdjustmentView.php(98): CodeIgniter\Debug\Exceptions->errorHandler(2, 'Undefined array key "new_stock"', 'C:\\laragon\\www\\pharmacy-project\\app\\Views\\stockAdjustment\\StockAdjustmentView.php', 98)
 2 SYSTEMPATH\View\View.php(226): include('C:\\laragon\\www\\pharmacy-project\\app\\Views\\stockAdjustment\\StockAdjustmentView.php')
 3 SYSTEMPATH\View\View.php(229): CodeIgniter\View\View->CodeIgniter\View\{closure}()
 4 SYSTEMPATH\Common.php(1167): CodeIgniter\View\View->render('stockAdjustment/StockAdjustmentView', [], true)
 5 APPPATH\Controllers\StockAdjustmentController.php(26): view('stockAdjustment/StockAdjustmentView', [...])
 6 SYSTEMPATH\CodeIgniter.php(933): App\Controllers\StockAdjustmentController->index()
 7 SYSTEMPATH\CodeIgniter.php(507): CodeIgniter\CodeIgniter->runController(Object(App\Controllers\StockAdjustmentController))
 8 SYSTEMPATH\CodeIgniter.php(354): CodeIgniter\CodeIgniter->handleRequest(null, Object(Config\Cache), false)
 9 SYSTEMPATH\Boot.php(363): CodeIgniter\CodeIgniter->run()
10 SYSTEMPATH\Boot.php(68): CodeIgniter\Boot::runCodeIgniter(Object(CodeIgniter\CodeIgniter))
11 FCPATH\index.php(59): CodeIgniter\Boot::bootWeb(Object(Config\Paths))
DEBUG - 2026-08-03 05:17:21 --> Session: Class initialized using 'CodeIgniter\Session\Handlers\FileHandler' driver.
CRITICAL - 2026-08-03 05:17:21 --> ErrorException: Undefined array key "new_stock"
[Method: GET, Route: stock-adjustment]
in APPPATH\Views\stockAdjustment\StockAdjustmentView.php on line 98.
 1 APPPATH\Views\stockAdjustment\StockAdjustmentView.php(98): CodeIgniter\Debug\Exceptions->errorHandler(2, 'Undefined array key "new_stock"', 'C:\\laragon\\www\\pharmacy-project\\app\\Views\\stockAdjustment\\StockAdjustmentView.php', 98)
 2 SYSTEMPATH\View\View.php(226): include('C:\\laragon\\www\\pharmacy-project\\app\\Views\\stockAdjustment\\StockAdjustmentView.php')
 3 SYSTEMPATH\View\View.php(229): CodeIgniter\View\View->CodeIgniter\View\{closure}()
 4 SYSTEMPATH\Common.php(1167): CodeIgniter\View\View->render('stockAdjustment/StockAdjustmentView', [], true)
 5 APPPATH\Controllers\StockAdjustmentController.php(26): view('stockAdjustment/StockAdjustmentView', [...])
 6 SYSTEMPATH\CodeIgniter.php(933): App\Controllers\StockAdjustmentController->index()
 7 SYSTEMPATH\CodeIgniter.php(507): CodeIgniter\CodeIgniter->runController(Object(App\Controllers\StockAdjustmentController))
 8 SYSTEMPATH\CodeIgniter.php(354): CodeIgniter\CodeIgniter->handleRequest(null, Object(Config\Cache), false)
 9 SYSTEMPATH\Boot.php(363): CodeIgniter\CodeIgniter->run()
10 SYSTEMPATH\Boot.php(68): CodeIgniter\Boot::runCodeIgniter(Object(CodeIgniter\CodeIgniter))
11 FCPATH\index.php(59): CodeIgniter\Boot::bootWeb(Object(Config\Paths))
DEBUG - 2026-08-03 05:17:37 --> Session: Class initialized using 'CodeIgniter\Session\Handlers\FileHandler' driver.
DEBUG - 2026-08-03 05:25:16 --> Session: Class initialized using 'CodeIgniter\Session\Handlers\FileHandler' driver.
DEBUG - 2026-08-03 05:30:10 --> Session: Class initialized using 'CodeIgniter\Session\Handlers\FileHandler' driver.
DEBUG - 2026-08-03 05:30:36 --> Session: Class initialized using 'CodeIgniter\Session\Handlers\FileHandler' driver.
DEBUG - 2026-08-03 05:30:38 --> Session: Class initialized using 'CodeIgniter\Session\Handlers\FileHandler' driver.
DEBUG - 2026-08-03 05:30:42 --> Session: Class initialized using 'CodeIgniter\Session\Handlers\FileHandler' driver.
DEBUG - 2026-08-03 05:31:32 --> Session: Class initialized using 'CodeIgniter\Session\Handlers\FileHandler' driver.
DEBUG - 2026-08-03 05:31:34 --> Session: Class initialized using 'CodeIgniter\Session\Handlers\FileHandler' driver.
DEBUG - 2026-08-03 05:31:40 --> Session: Class initialized using 'CodeIgniter\Session\Handlers\FileHandler' driver.
DEBUG - 2026-08-03 05:36:01 --> Session: Class initialized using 'CodeIgniter\Session\Handlers\FileHandler' driver.
DEBUG - 2026-08-03 05:36:28 --> Session: Class initialized using 'CodeIgniter\Session\Handlers\FileHandler' driver.
DEBUG - 2026-08-03 05:36:30 --> Session: Class initialized using 'CodeIgniter\Session\Handlers\FileHandler' driver.
DEBUG - 2026-08-03 05:36:31 --> Session: Class initialized using 'CodeIgniter\Session\Handlers\FileHandler' driver.
DEBUG - 2026-08-03 05:37:58 --> Session: Class initialized using 'CodeIgniter\Session\Handlers\FileHandler' driver.
DEBUG - 2026-08-03 05:37:58 --> Session: Class initialized using 'CodeIgniter\Session\Handlers\FileHandler' driver.
DEBUG - 2026-08-03 05:38:32 --> Session: Class initialized using 'CodeIgniter\Session\Handlers\FileHandler' driver.
DEBUG - 2026-08-03 05:42:29 --> Session: Class initialized using 'CodeIgniter\Session\Handlers\FileHandler' driver.
DEBUG - 2026-08-03 05:42:55 --> Session: Class initialized using 'CodeIgniter\Session\Handlers\FileHandler' driver.
DEBUG - 2026-08-03 05:43:12 --> Session: Class initialized using 'CodeIgniter\Session\Handlers\FileHandler' driver.
DEBUG - 2026-08-03 06:32:44 --> Session: Class initialized using 'CodeIgniter\Session\Handlers\FileHandler' driver.
DEBUG - 2026-08-03 06:32:44 --> Session: Class initialized using 'CodeIgniter\Session\Handlers\FileHandler' driver.
DEBUG - 2026-08-03 06:32:55 --> Session: Class initialized using 'CodeIgniter\Session\Handlers\FileHandler' driver.
DEBUG - 2026-08-03 06:33:18 --> Session: Class initialized using 'CodeIgniter\Session\Handlers\FileHandler' driver.
ERROR - 2026-08-03 06:33:18 --> mysqli_sql_exception: Illegal mix of collations (utf8mb4_bin,NONE) and (utf8mb4_0900_ai_ci,COERCIBLE) for operation 'like' in C:\laragon\www\pharmacy-project\system\Database\MySQLi\Connection.php:327
Stack trace:
#0 C:\laragon\www\pharmacy-project\system\Database\MySQLi\Connection.php(327): mysqli->query('SELECT `p`.`pro...', 0)
#1 C:\laragon\www\pharmacy-project\system\Database\BaseConnection.php(729): CodeIgniter\Database\MySQLi\Connection->execute('SELECT `p`.`pro...')
#2 C:\laragon\www\pharmacy-project\system\Database\BaseConnection.php(646): CodeIgniter\Database\BaseConnection->simpleQuery('SELECT `p`.`pro...')
#3 C:\laragon\www\pharmacy-project\system\Database\BaseBuilder.php(1649): CodeIgniter\Database\BaseConnection->query('SELECT `p`.`pro...', Array, false)
#4 C:\laragon\www\pharmacy-project\app\Models\ProductModel.php(296): CodeIgniter\Database\BaseBuilder->get()
#5 C:\laragon\www\pharmacy-project\app\Controllers\PosController.php(80): App\Models\ProductModel->searchProducts('n')
#6 C:\laragon\www\pharmacy-project\system\CodeIgniter.php(933): App\Controllers\PosController->productSearch()
#7 C:\laragon\www\pharmacy-project\system\CodeIgniter.php(507): CodeIgniter\CodeIgniter->runController(Object(App\Controllers\PosController))
#8 C:\laragon\www\pharmacy-project\system\CodeIgniter.php(354): CodeIgniter\CodeIgniter->handleRequest(NULL, Object(Config\Cache), false)
#9 C:\laragon\www\pharmacy-project\system\Boot.php(363): CodeIgniter\CodeIgniter->run()
#10 C:\laragon\www\pharmacy-project\system\Boot.php(68): CodeIgniter\Boot::runCodeIgniter(Object(CodeIgniter\CodeIgniter))
#11 C:\laragon\www\pharmacy-project\index.php(59): CodeIgniter\Boot::bootWeb(Object(Config\Paths))
#12 {main}
CRITICAL - 2026-08-03 06:33:18 --> CodeIgniter\Database\Exceptions\DatabaseException: Illegal mix of collations (utf8mb4_bin,NONE) and (utf8mb4_0900_ai_ci,COERCIBLE) for operation 'like'
[Method: GET, Route: pos/product-search]
in SYSTEMPATH\Database\BaseConnection.php on line 684.
 1 SYSTEMPATH\Database\BaseBuilder.php(1649): CodeIgniter\Database\BaseConnection->query('SELECT `p`.`product_id` AS `id`, `p`.`product_name` AS `name`, CONCAT(
            p.product_name, \' | \', IFNULL(pb.product_brand_name, \'\'), \' | \', IFNULL(pc.category_name, \'\'), \' | \', IFNULL(pg.group_name, \'\'), \' | Stock: \', COALESCE(SUM(sl.qty_in - sl.qty_out), 0)
        ) AS label, COALESCE(SUM(sl.qty_in - sl.qty_out), 0) AS total_stock
FROM `products` `p`
LEFT JOIN `stock_ledger` `sl` ON `sl`.`product_id` = `p`.`product_id`
LEFT JOIN `product_brand` `pb` ON `pb`.`brand_id` = `p`.`product_brand`
LEFT JOIN `product_category` `pc` ON `pc`.`product_category_id` = `p`.`product_category`
LEFT JOIN `product_group` `pg` ON `pg`.`product_group_id` = `p`.`product_group`
LEFT JOIN `product_opening_stock` `pos` ON `pos`.`product_id` = `p`.`product_id` AND `pos`.`status` = "active"
WHERE `p`.`status` = :p.status:
AND   (

        LOWER(CONCAT(
            p.product_name,\' \',
            IFNULL(pb.product_brand_name,\'\'),\' \',
            IFNULL(pc.category_name,\'\'),\' \',
            IFNULL(pg.group_name,\'\'),\' \',
            IFNULL(p.barcode,\'\')
        )) LIKE \'%n%\'
    
 )
GROUP BY `p`.`product_id`, `p`.`product_name`, `pb`.`product_brand_name`, `pc`.`category_name`, `pg`.`group_name`, `p`.`barcode`
HAVING `total_stock` > :total_stock:
ORDER BY CASE
            WHEN p.barcode = \'n\' THEN 1
            WHEN LOWER(p.product_name) = \'n\' THEN 2
            WHEN LOWER(p.product_name) LIKE \'%n%\' THEN 3
            WHEN LOWER(pb.product_brand_name) LIKE \'n%\' THEN 4
            WHEN LOWER(pc.category_name) LIKE \'n%\' THEN 5
            WHEN LOWER(pg.group_name) LIKE \'n%\' THEN 6
            ELSE 7
        END
 LIMIT 20', [...], false)
 2 APPPATH\Models\ProductModel.php(296): CodeIgniter\Database\BaseBuilder->get()
 3 APPPATH\Controllers\PosController.php(80): App\Models\ProductModel->searchProducts('n')
 4 SYSTEMPATH\CodeIgniter.php(933): App\Controllers\PosController->productSearch()
 5 SYSTEMPATH\CodeIgniter.php(507): CodeIgniter\CodeIgniter->runController(Object(App\Controllers\PosController))
 6 SYSTEMPATH\CodeIgniter.php(354): CodeIgniter\CodeIgniter->handleRequest(null, Object(Config\Cache), false)
 7 SYSTEMPATH\Boot.php(363): CodeIgniter\CodeIgniter->run()
 8 SYSTEMPATH\Boot.php(68): CodeIgniter\Boot::runCodeIgniter(Object(CodeIgniter\CodeIgniter))
 9 FCPATH\index.php(59): CodeIgniter\Boot::bootWeb(Object(Config\Paths))
CRITICAL - 2026-08-03 06:33:18 --> [Caused by] CodeIgniter\Database\Exceptions\DatabaseException: Illegal mix of collations (utf8mb4_bin,NONE) and (utf8mb4_0900_ai_ci,COERCIBLE) for operation 'like'
in SYSTEMPATH\Database\MySQLi\Connection.php on line 332.
 1 SYSTEMPATH\Database\BaseConnection.php(729): CodeIgniter\Database\MySQLi\Connection->execute('SELECT `p`.`product_id` AS `id`, `p`.`product_name` AS `name`, CONCAT(
            p.product_name, \' | \', IFNULL(pb.product_brand_name, \'\'), \' | \', IFNULL(pc.category_name, \'\'), \' | \', IFNULL(pg.group_name, \'\'), \' | Stock: \', COALESCE(SUM(sl.qty_in - sl.qty_out), 0)
        ) AS label, COALESCE(SUM(sl.qty_in - sl.qty_out), 0) AS total_stock
FROM `products` `p`
LEFT JOIN `stock_ledger` `sl` ON `sl`.`product_id` = `p`.`product_id`
LEFT JOIN `product_brand` `pb` ON `pb`.`brand_id` = `p`.`product_brand`
LEFT JOIN `product_category` `pc` ON `pc`.`product_category_id` = `p`.`product_category`
LEFT JOIN `product_group` `pg` ON `pg`.`product_group_id` = `p`.`product_group`
LEFT JOIN `product_opening_stock` `pos` ON `pos`.`product_id` = `p`.`product_id` AND `pos`.`status` = "active"
WHERE `p`.`status` = \'active\'
AND   (

        LOWER(CONCAT(
            p.product_name,\' \',
            IFNULL(pb.product_brand_name,\'\'),\' \',
            IFNULL(pc.category_name,\'\'),\' \',
            IFNULL(pg.group_name,\'\'),\' \',
            IFNULL(p.barcode,\'\')
        )) LIKE \'%n%\'
    
 )
GROUP BY `p`.`product_id`, `p`.`product_name`, `pb`.`product_brand_name`, `pc`.`category_name`, `pg`.`group_name`, `p`.`barcode`
HAVING `total_stock` > 0
ORDER BY CASE
            WHEN p.barcode = \'n\' THEN 1
            WHEN LOWER(p.product_name) = \'n\' THEN 2
            WHEN LOWER(p.product_name) LIKE \'%n%\' THEN 3
            WHEN LOWER(pb.product_brand_name) LIKE \'n%\' THEN 4
            WHEN LOWER(pc.category_name) LIKE \'n%\' THEN 5
            WHEN LOWER(pg.group_name) LIKE \'n%\' THEN 6
            ELSE 7
        END
 LIMIT 20')
 2 SYSTEMPATH\Database\BaseConnection.php(646): CodeIgniter\Database\BaseConnection->simpleQuery('SELECT `p`.`product_id` AS `id`, `p`.`product_name` AS `name`, CONCAT(
            p.product_name, \' | \', IFNULL(pb.product_brand_name, \'\'), \' | \', IFNULL(pc.category_name, \'\'), \' | \', IFNULL(pg.group_name, \'\'), \' | Stock: \', COALESCE(SUM(sl.qty_in - sl.qty_out), 0)
        ) AS label, COALESCE(SUM(sl.qty_in - sl.qty_out), 0) AS total_stock
FROM `products` `p`
LEFT JOIN `stock_ledger` `sl` ON `sl`.`product_id` = `p`.`product_id`
LEFT JOIN `product_brand` `pb` ON `pb`.`brand_id` = `p`.`product_brand`
LEFT JOIN `product_category` `pc` ON `pc`.`product_category_id` = `p`.`product_category`
LEFT JOIN `product_group` `pg` ON `pg`.`product_group_id` = `p`.`product_group`
LEFT JOIN `product_opening_stock` `pos` ON `pos`.`product_id` = `p`.`product_id` AND `pos`.`status` = "active"
WHERE `p`.`status` = \'active\'
AND   (

        LOWER(CONCAT(
            p.product_name,\' \',
            IFNULL(pb.product_brand_name,\'\'),\' \',
            IFNULL(pc.category_name,\'\'),\' \',
            IFNULL(pg.group_name,\'\'),\' \',
            IFNULL(p.barcode,\'\')
        )) LIKE \'%n%\'
    
 )
GROUP BY `p`.`product_id`, `p`.`product_name`, `pb`.`product_brand_name`, `pc`.`category_name`, `pg`.`group_name`, `p`.`barcode`
HAVING `total_stock` > 0
ORDER BY CASE
            WHEN p.barcode = \'n\' THEN 1
            WHEN LOWER(p.product_name) = \'n\' THEN 2
            WHEN LOWER(p.product_name) LIKE \'%n%\' THEN 3
            WHEN LOWER(pb.product_brand_name) LIKE \'n%\' THEN 4
            WHEN LOWER(pc.category_name) LIKE \'n%\' THEN 5
            WHEN LOWER(pg.group_name) LIKE \'n%\' THEN 6
            ELSE 7
        END
 LIMIT 20')
 3 SYSTEMPATH\Database\BaseBuilder.php(1649): CodeIgniter\Database\BaseConnection->query('SELECT `p`.`product_id` AS `id`, `p`.`product_name` AS `name`, CONCAT(
            p.product_name, \' | \', IFNULL(pb.product_brand_name, \'\'), \' | \', IFNULL(pc.category_name, \'\'), \' | \', IFNULL(pg.group_name, \'\'), \' | Stock: \', COALESCE(SUM(sl.qty_in - sl.qty_out), 0)
        ) AS label, COALESCE(SUM(sl.qty_in - sl.qty_out), 0) AS total_stock
FROM `products` `p`
LEFT JOIN `stock_ledger` `sl` ON `sl`.`product_id` = `p`.`product_id`
LEFT JOIN `product_brand` `pb` ON `pb`.`brand_id` = `p`.`product_brand`
LEFT JOIN `product_category` `pc` ON `pc`.`product_category_id` = `p`.`product_category`
LEFT JOIN `product_group` `pg` ON `pg`.`product_group_id` = `p`.`product_group`
LEFT JOIN `product_opening_stock` `pos` ON `pos`.`product_id` = `p`.`product_id` AND `pos`.`status` = "active"
WHERE `p`.`status` = :p.status:
AND   (

        LOWER(CONCAT(
            p.product_name,\' \',
            IFNULL(pb.product_brand_name,\'\'),\' \',
            IFNULL(pc.category_name,\'\'),\' \',
            IFNULL(pg.group_name,\'\'),\' \',
            IFNULL(p.barcode,\'\')
        )) LIKE \'%n%\'
    
 )
GROUP BY `p`.`product_id`, `p`.`product_name`, `pb`.`product_brand_name`, `pc`.`category_name`, `pg`.`group_name`, `p`.`barcode`
HAVING `total_stock` > :total_stock:
ORDER BY CASE
            WHEN p.barcode = \'n\' THEN 1
            WHEN LOWER(p.product_name) = \'n\' THEN 2
            WHEN LOWER(p.product_name) LIKE \'%n%\' THEN 3
            WHEN LOWER(pb.product_brand_name) LIKE \'n%\' THEN 4
            WHEN LOWER(pc.category_name) LIKE \'n%\' THEN 5
            WHEN LOWER(pg.group_name) LIKE \'n%\' THEN 6
            ELSE 7
        END
 LIMIT 20', [...], false)
 4 APPPATH\Models\ProductModel.php(296): CodeIgniter\Database\BaseBuilder->get()
 5 APPPATH\Controllers\PosController.php(80): App\Models\ProductModel->searchProducts('n')
 6 SYSTEMPATH\CodeIgniter.php(933): App\Controllers\PosController->productSearch()
 7 SYSTEMPATH\CodeIgniter.php(507): CodeIgniter\CodeIgniter->runController(Object(App\Controllers\PosController))
 8 SYSTEMPATH\CodeIgniter.php(354): CodeIgniter\CodeIgniter->handleRequest(null, Object(Config\Cache), false)
 9 SYSTEMPATH\Boot.php(363): CodeIgniter\CodeIgniter->run()
10 SYSTEMPATH\Boot.php(68): CodeIgniter\Boot::runCodeIgniter(Object(CodeIgniter\CodeIgniter))
11 FCPATH\index.php(59): CodeIgniter\Boot::bootWeb(Object(Config\Paths))
CRITICAL - 2026-08-03 06:33:18 --> [Caused by] mysqli_sql_exception: Illegal mix of collations (utf8mb4_bin,NONE) and (utf8mb4_0900_ai_ci,COERCIBLE) for operation 'like'
in SYSTEMPATH\Database\MySQLi\Connection.php on line 327.
 1 SYSTEMPATH\Database\MySQLi\Connection.php(327): mysqli->query('SELECT `p`.`product_id` AS `id`, `p`.`product_name` AS `name`, CONCAT(
            p.product_name, \' | \', IFNULL(pb.product_brand_name, \'\'), \' | \', IFNULL(pc.category_name, \'\'), \' | \', IFNULL(pg.group_name, \'\'), \' | Stock: \', COALESCE(SUM(sl.qty_in - sl.qty_out), 0)
        ) AS label, COALESCE(SUM(sl.qty_in - sl.qty_out), 0) AS total_stock
FROM `products` `p`
LEFT JOIN `stock_ledger` `sl` ON `sl`.`product_id` = `p`.`product_id`
LEFT JOIN `product_brand` `pb` ON `pb`.`brand_id` = `p`.`product_brand`
LEFT JOIN `product_category` `pc` ON `pc`.`product_category_id` = `p`.`product_category`
LEFT JOIN `product_group` `pg` ON `pg`.`product_group_id` = `p`.`product_group`
LEFT JOIN `product_opening_stock` `pos` ON `pos`.`product_id` = `p`.`product_id` AND `pos`.`status` = "active"
WHERE `p`.`status` = \'active\'
AND   (

        LOWER(CONCAT(
            p.product_name,\' \',
            IFNULL(pb.product_brand_name,\'\'),\' \',
            IFNULL(pc.category_name,\'\'),\' \',
            IFNULL(pg.group_name,\'\'),\' \',
            IFNULL(p.barcode,\'\')
        )) LIKE \'%n%\'
    
 )
GROUP BY `p`.`product_id`, `p`.`product_name`, `pb`.`product_brand_name`, `pc`.`category_name`, `pg`.`group_name`, `p`.`barcode`
HAVING `total_stock` > 0
ORDER BY CASE
            WHEN p.barcode = \'n\' THEN 1
            WHEN LOWER(p.product_name) = \'n\' THEN 2
            WHEN LOWER(p.product_name) LIKE \'%n%\' THEN 3
            WHEN LOWER(pb.product_brand_name) LIKE \'n%\' THEN 4
            WHEN LOWER(pc.category_name) LIKE \'n%\' THEN 5
            WHEN LOWER(pg.group_name) LIKE \'n%\' THEN 6
            ELSE 7
        END
 LIMIT 20', 0)
 2 SYSTEMPATH\Database\BaseConnection.php(729): CodeIgniter\Database\MySQLi\Connection->execute('SELECT `p`.`product_id` AS `id`, `p`.`product_name` AS `name`, CONCAT(
            p.product_name, \' | \', IFNULL(pb.product_brand_name, \'\'), \' | \', IFNULL(pc.category_name, \'\'), \' | \', IFNULL(pg.group_name, \'\'), \' | Stock: \', COALESCE(SUM(sl.qty_in - sl.qty_out), 0)
        ) AS label, COALESCE(SUM(sl.qty_in - sl.qty_out), 0) AS total_stock
FROM `products` `p`
LEFT JOIN `stock_ledger` `sl` ON `sl`.`product_id` = `p`.`product_id`
LEFT JOIN `product_brand` `pb` ON `pb`.`brand_id` = `p`.`product_brand`
LEFT JOIN `product_category` `pc` ON `pc`.`product_category_id` = `p`.`product_category`
LEFT JOIN `product_group` `pg` ON `pg`.`product_group_id` = `p`.`product_group`
LEFT JOIN `product_opening_stock` `pos` ON `pos`.`product_id` = `p`.`product_id` AND `pos`.`status` = "active"
WHERE `p`.`status` = \'active\'
AND   (

        LOWER(CONCAT(
            p.product_name,\' \',
            IFNULL(pb.product_brand_name,\'\'),\' \',
            IFNULL(pc.category_name,\'\'),\' \',
            IFNULL(pg.group_name,\'\'),\' \',
            IFNULL(p.barcode,\'\')
        )) LIKE \'%n%\'
    
 )
GROUP BY `p`.`product_id`, `p`.`product_name`, `pb`.`product_brand_name`, `pc`.`category_name`, `pg`.`group_name`, `p`.`barcode`
HAVING `total_stock` > 0
ORDER BY CASE
            WHEN p.barcode = \'n\' THEN 1
            WHEN LOWER(p.product_name) = \'n\' THEN 2
            WHEN LOWER(p.product_name) LIKE \'%n%\' THEN 3
            WHEN LOWER(pb.product_brand_name) LIKE \'n%\' THEN 4
            WHEN LOWER(pc.category_name) LIKE \'n%\' THEN 5
            WHEN LOWER(pg.group_name) LIKE \'n%\' THEN 6
            ELSE 7
        END
 LIMIT 20')
 3 SYSTEMPATH\Database\BaseConnection.php(646): CodeIgniter\Database\BaseConnection->simpleQuery('SELECT `p`.`product_id` AS `id`, `p`.`product_name` AS `name`, CONCAT(
            p.product_name, \' | \', IFNULL(pb.product_brand_name, \'\'), \' | \', IFNULL(pc.category_name, \'\'), \' | \', IFNULL(pg.group_name, \'\'), \' | Stock: \', COALESCE(SUM(sl.qty_in - sl.qty_out), 0)
        ) AS label, COALESCE(SUM(sl.qty_in - sl.qty_out), 0) AS total_stock
FROM `products` `p`
LEFT JOIN `stock_ledger` `sl` ON `sl`.`product_id` = `p`.`product_id`
LEFT JOIN `product_brand` `pb` ON `pb`.`brand_id` = `p`.`product_brand`
LEFT JOIN `product_category` `pc` ON `pc`.`product_category_id` = `p`.`product_category`
LEFT JOIN `product_group` `pg` ON `pg`.`product_group_id` = `p`.`product_group`
LEFT JOIN `product_opening_stock` `pos` ON `pos`.`product_id` = `p`.`product_id` AND `pos`.`status` = "active"
WHERE `p`.`status` = \'active\'
AND   (

        LOWER(CONCAT(
            p.product_name,\' \',
            IFNULL(pb.product_brand_name,\'\'),\' \',
            IFNULL(pc.category_name,\'\'),\' \',
            IFNULL(pg.group_name,\'\'),\' \',
            IFNULL(p.barcode,\'\')
        )) LIKE \'%n%\'
    
 )
GROUP BY `p`.`product_id`, `p`.`product_name`, `pb`.`product_brand_name`, `pc`.`category_name`, `pg`.`group_name`, `p`.`barcode`
HAVING `total_stock` > 0
ORDER BY CASE
            WHEN p.barcode = \'n\' THEN 1
            WHEN LOWER(p.product_name) = \'n\' THEN 2
            WHEN LOWER(p.product_name) LIKE \'%n%\' THEN 3
            WHEN LOWER(pb.product_brand_name) LIKE \'n%\' THEN 4
            WHEN LOWER(pc.category_name) LIKE \'n%\' THEN 5
            WHEN LOWER(pg.group_name) LIKE \'n%\' THEN 6
            ELSE 7
        END
 LIMIT 20')
 4 SYSTEMPATH\Database\BaseBuilder.php(1649): CodeIgniter\Database\BaseConnection->query('SELECT `p`.`product_id` AS `id`, `p`.`product_name` AS `name`, CONCAT(
            p.product_name, \' | \', IFNULL(pb.product_brand_name, \'\'), \' | \', IFNULL(pc.category_name, \'\'), \' | \', IFNULL(pg.group_name, \'\'), \' | Stock: \', COALESCE(SUM(sl.qty_in - sl.qty_out), 0)
        ) AS label, COALESCE(SUM(sl.qty_in - sl.qty_out), 0) AS total_stock
FROM `products` `p`
LEFT JOIN `stock_ledger` `sl` ON `sl`.`product_id` = `p`.`product_id`
LEFT JOIN `product_brand` `pb` ON `pb`.`brand_id` = `p`.`product_brand`
LEFT JOIN `product_category` `pc` ON `pc`.`product_category_id` = `p`.`product_category`
LEFT JOIN `product_group` `pg` ON `pg`.`product_group_id` = `p`.`product_group`
LEFT JOIN `product_opening_stock` `pos` ON `pos`.`product_id` = `p`.`product_id` AND `pos`.`status` = "active"
WHERE `p`.`status` = :p.status:
AND   (

        LOWER(CONCAT(
            p.product_name,\' \',
            IFNULL(pb.product_brand_name,\'\'),\' \',
            IFNULL(pc.category_name,\'\'),\' \',
            IFNULL(pg.group_name,\'\'),\' \',
            IFNULL(p.barcode,\'\')
        )) LIKE \'%n%\'
    
 )
GROUP BY `p`.`product_id`, `p`.`product_name`, `pb`.`product_brand_name`, `pc`.`category_name`, `pg`.`group_name`, `p`.`barcode`
HAVING `total_stock` > :total_stock:
ORDER BY CASE
            WHEN p.barcode = \'n\' THEN 1
            WHEN LOWER(p.product_name) = \'n\' THEN 2
            WHEN LOWER(p.product_name) LIKE \'%n%\' THEN 3
            WHEN LOWER(pb.product_brand_name) LIKE \'n%\' THEN 4
            WHEN LOWER(pc.category_name) LIKE \'n%\' THEN 5
            WHEN LOWER(pg.group_name) LIKE \'n%\' THEN 6
            ELSE 7
        END
 LIMIT 20', [...], false)
 5 APPPATH\Models\ProductModel.php(296): CodeIgniter\Database\BaseBuilder->get()
 6 APPPATH\Controllers\PosController.php(80): App\Models\ProductModel->searchProducts('n')
 7 SYSTEMPATH\CodeIgniter.php(933): App\Controllers\PosController->productSearch()
 8 SYSTEMPATH\CodeIgniter.php(507): CodeIgniter\CodeIgniter->runController(Object(App\Controllers\PosController))
 9 SYSTEMPATH\CodeIgniter.php(354): CodeIgniter\CodeIgniter->handleRequest(null, Object(Config\Cache), false)
10 SYSTEMPATH\Boot.php(363): CodeIgniter\CodeIgniter->run()
11 SYSTEMPATH\Boot.php(68): CodeIgniter\Boot::runCodeIgniter(Object(CodeIgniter\CodeIgniter))
12 FCPATH\index.php(59): CodeIgniter\Boot::bootWeb(Object(Config\Paths))
DEBUG - 2026-08-03 06:33:19 --> Session: Class initialized using 'CodeIgniter\Session\Handlers\FileHandler' driver.
ERROR - 2026-08-03 06:33:19 --> mysqli_sql_exception: Illegal mix of collations (utf8mb4_bin,NONE) and (utf8mb4_0900_ai_ci,COERCIBLE) for operation 'like' in C:\laragon\www\pharmacy-project\system\Database\MySQLi\Connection.php:327
Stack trace:
#0 C:\laragon\www\pharmacy-project\system\Database\MySQLi\Connection.php(327): mysqli->query('SELECT `p`.`pro...', 0)
#1 C:\laragon\www\pharmacy-project\system\Database\BaseConnection.php(729): CodeIgniter\Database\MySQLi\Connection->execute('SELECT `p`.`pro...')
#2 C:\laragon\www\pharmacy-project\system\Database\BaseConnection.php(646): CodeIgniter\Database\BaseConnection->simpleQuery('SELECT `p`.`pro...')
#3 C:\laragon\www\pharmacy-project\system\Database\BaseBuilder.php(1649): CodeIgniter\Database\BaseConnection->query('SELECT `p`.`pro...', Array, false)
#4 C:\laragon\www\pharmacy-project\app\Models\ProductModel.php(296): CodeIgniter\Database\BaseBuilder->get()
#5 C:\laragon\www\pharmacy-project\app\Controllers\PosController.php(80): App\Models\ProductModel->searchProducts('na')
#6 C:\laragon\www\pharmacy-project\system\CodeIgniter.php(933): App\Controllers\PosController->productSearch()
#7 C:\laragon\www\pharmacy-project\system\CodeIgniter.php(507): CodeIgniter\CodeIgniter->runController(Object(App\Controllers\PosController))
#8 C:\laragon\www\pharmacy-project\system\CodeIgniter.php(354): CodeIgniter\CodeIgniter->handleRequest(NULL, Object(Config\Cache), false)
#9 C:\laragon\www\pharmacy-project\system\Boot.php(363): CodeIgniter\CodeIgniter->run()
#10 C:\laragon\www\pharmacy-project\system\Boot.php(68): CodeIgniter\Boot::runCodeIgniter(Object(CodeIgniter\CodeIgniter))
#11 C:\laragon\www\pharmacy-project\index.php(59): CodeIgniter\Boot::bootWeb(Object(Config\Paths))
#12 {main}
CRITICAL - 2026-08-03 06:33:19 --> CodeIgniter\Database\Exceptions\DatabaseException: Illegal mix of collations (utf8mb4_bin,NONE) and (utf8mb4_0900_ai_ci,COERCIBLE) for operation 'like'
[Method: GET, Route: pos/product-search]
in SYSTEMPATH\Database\BaseConnection.php on line 684.
 1 SYSTEMPATH\Database\BaseBuilder.php(1649): CodeIgniter\Database\BaseConnection->query('SELECT `p`.`product_id` AS `id`, `p`.`product_name` AS `name`, CONCAT(
            p.product_name, \' | \', IFNULL(pb.product_brand_name, \'\'), \' | \', IFNULL(pc.category_name, \'\'), \' | \', IFNULL(pg.group_name, \'\'), \' | Stock: \', COALESCE(SUM(sl.qty_in - sl.qty_out), 0)
        ) AS label, COALESCE(SUM(sl.qty_in - sl.qty_out), 0) AS total_stock
FROM `products` `p`
LEFT JOIN `stock_ledger` `sl` ON `sl`.`product_id` = `p`.`product_id`
LEFT JOIN `product_brand` `pb` ON `pb`.`brand_id` = `p`.`product_brand`
LEFT JOIN `product_category` `pc` ON `pc`.`product_category_id` = `p`.`product_category`
LEFT JOIN `product_group` `pg` ON `pg`.`product_group_id` = `p`.`product_group`
LEFT JOIN `product_opening_stock` `pos` ON `pos`.`product_id` = `p`.`product_id` AND `pos`.`status` = "active"
WHERE `p`.`status` = :p.status:
AND   (

        LOWER(CONCAT(
            p.product_name,\' \',
            IFNULL(pb.product_brand_name,\'\'),\' \',
            IFNULL(pc.category_name,\'\'),\' \',
            IFNULL(pg.group_name,\'\'),\' \',
            IFNULL(p.barcode,\'\')
        )) LIKE \'%na%\'
    
 )
GROUP BY `p`.`product_id`, `p`.`product_name`, `pb`.`product_brand_name`, `pc`.`category_name`, `pg`.`group_name`, `p`.`barcode`
HAVING `total_stock` > :total_stock:
ORDER BY CASE
            WHEN p.barcode = \'na\' THEN 1
            WHEN LOWER(p.product_name) = \'na\' THEN 2
            WHEN LOWER(p.product_name) LIKE \'%na%\' THEN 3
            WHEN LOWER(pb.product_brand_name) LIKE \'na%\' THEN 4
            WHEN LOWER(pc.category_name) LIKE \'na%\' THEN 5
            WHEN LOWER(pg.group_name) LIKE \'na%\' THEN 6
            ELSE 7
        END
 LIMIT 20', [...], false)
 2 APPPATH\Models\ProductModel.php(296): CodeIgniter\Database\BaseBuilder->get()
 3 APPPATH\Controllers\PosController.php(80): App\Models\ProductModel->searchProducts('na')
 4 SYSTEMPATH\CodeIgniter.php(933): App\Controllers\PosController->productSearch()
 5 SYSTEMPATH\CodeIgniter.php(507): CodeIgniter\CodeIgniter->runController(Object(App\Controllers\PosController))
 6 SYSTEMPATH\CodeIgniter.php(354): CodeIgniter\CodeIgniter->handleRequest(null, Object(Config\Cache), false)
 7 SYSTEMPATH\Boot.php(363): CodeIgniter\CodeIgniter->run()
 8 SYSTEMPATH\Boot.php(68): CodeIgniter\Boot::runCodeIgniter(Object(CodeIgniter\CodeIgniter))
 9 FCPATH\index.php(59): CodeIgniter\Boot::bootWeb(Object(Config\Paths))
CRITICAL - 2026-08-03 06:33:19 --> [Caused by] CodeIgniter\Database\Exceptions\DatabaseException: Illegal mix of collations (utf8mb4_bin,NONE) and (utf8mb4_0900_ai_ci,COERCIBLE) for operation 'like'
in SYSTEMPATH\Database\MySQLi\Connection.php on line 332.
 1 SYSTEMPATH\Database\BaseConnection.php(729): CodeIgniter\Database\MySQLi\Connection->execute('SELECT `p`.`product_id` AS `id`, `p`.`product_name` AS `name`, CONCAT(
            p.product_name, \' | \', IFNULL(pb.product_brand_name, \'\'), \' | \', IFNULL(pc.category_name, \'\'), \' | \', IFNULL(pg.group_name, \'\'), \' | Stock: \', COALESCE(SUM(sl.qty_in - sl.qty_out), 0)
        ) AS label, COALESCE(SUM(sl.qty_in - sl.qty_out), 0) AS total_stock
FROM `products` `p`
LEFT JOIN `stock_ledger` `sl` ON `sl`.`product_id` = `p`.`product_id`
LEFT JOIN `product_brand` `pb` ON `pb`.`brand_id` = `p`.`product_brand`
LEFT JOIN `product_category` `pc` ON `pc`.`product_category_id` = `p`.`product_category`
LEFT JOIN `product_group` `pg` ON `pg`.`product_group_id` = `p`.`product_group`
LEFT JOIN `product_opening_stock` `pos` ON `pos`.`product_id` = `p`.`product_id` AND `pos`.`status` = "active"
WHERE `p`.`status` = \'active\'
AND   (

        LOWER(CONCAT(
            p.product_name,\' \',
            IFNULL(pb.product_brand_name,\'\'),\' \',
            IFNULL(pc.category_name,\'\'),\' \',
            IFNULL(pg.group_name,\'\'),\' \',
            IFNULL(p.barcode,\'\')
        )) LIKE \'%na%\'
    
 )
GROUP BY `p`.`product_id`, `p`.`product_name`, `pb`.`product_brand_name`, `pc`.`category_name`, `pg`.`group_name`, `p`.`barcode`
HAVING `total_stock` > 0
ORDER BY CASE
            WHEN p.barcode = \'na\' THEN 1
            WHEN LOWER(p.product_name) = \'na\' THEN 2
            WHEN LOWER(p.product_name) LIKE \'%na%\' THEN 3
            WHEN LOWER(pb.product_brand_name) LIKE \'na%\' THEN 4
            WHEN LOWER(pc.category_name) LIKE \'na%\' THEN 5
            WHEN LOWER(pg.group_name) LIKE \'na%\' THEN 6
            ELSE 7
        END
 LIMIT 20')
 2 SYSTEMPATH\Database\BaseConnection.php(646): CodeIgniter\Database\BaseConnection->simpleQuery('SELECT `p`.`product_id` AS `id`, `p`.`product_name` AS `name`, CONCAT(
            p.product_name, \' | \', IFNULL(pb.product_brand_name, \'\'), \' | \', IFNULL(pc.category_name, \'\'), \' | \', IFNULL(pg.group_name, \'\'), \' | Stock: \', COALESCE(SUM(sl.qty_in - sl.qty_out), 0)
        ) AS label, COALESCE(SUM(sl.qty_in - sl.qty_out), 0) AS total_stock
FROM `products` `p`
LEFT JOIN `stock_ledger` `sl` ON `sl`.`product_id` = `p`.`product_id`
LEFT JOIN `product_brand` `pb` ON `pb`.`brand_id` = `p`.`product_brand`
LEFT JOIN `product_category` `pc` ON `pc`.`product_category_id` = `p`.`product_category`
LEFT JOIN `product_group` `pg` ON `pg`.`product_group_id` = `p`.`product_group`
LEFT JOIN `product_opening_stock` `pos` ON `pos`.`product_id` = `p`.`product_id` AND `pos`.`status` = "active"
WHERE `p`.`status` = \'active\'
AND   (

        LOWER(CONCAT(
            p.product_name,\' \',
            IFNULL(pb.product_brand_name,\'\'),\' \',
            IFNULL(pc.category_name,\'\'),\' \',
            IFNULL(pg.group_name,\'\'),\' \',
            IFNULL(p.barcode,\'\')
        )) LIKE \'%na%\'
    
 )
GROUP BY `p`.`product_id`, `p`.`product_name`, `pb`.`product_brand_name`, `pc`.`category_name`, `pg`.`group_name`, `p`.`barcode`
HAVING `total_stock` > 0
ORDER BY CASE
            WHEN p.barcode = \'na\' THEN 1
            WHEN LOWER(p.product_name) = \'na\' THEN 2
            WHEN LOWER(p.product_name) LIKE \'%na%\' THEN 3
            WHEN LOWER(pb.product_brand_name) LIKE \'na%\' THEN 4
            WHEN LOWER(pc.category_name) LIKE \'na%\' THEN 5
            WHEN LOWER(pg.group_name) LIKE \'na%\' THEN 6
            ELSE 7
        END
 LIMIT 20')
 3 SYSTEMPATH\Database\BaseBuilder.php(1649): CodeIgniter\Database\BaseConnection->query('SELECT `p`.`product_id` AS `id`, `p`.`product_name` AS `name`, CONCAT(
            p.product_name, \' | \', IFNULL(pb.product_brand_name, \'\'), \' | \', IFNULL(pc.category_name, \'\'), \' | \', IFNULL(pg.group_name, \'\'), \' | Stock: \', COALESCE(SUM(sl.qty_in - sl.qty_out), 0)
        ) AS label, COALESCE(SUM(sl.qty_in - sl.qty_out), 0) AS total_stock
FROM `products` `p`
LEFT JOIN `stock_ledger` `sl` ON `sl`.`product_id` = `p`.`product_id`
LEFT JOIN `product_brand` `pb` ON `pb`.`brand_id` = `p`.`product_brand`
LEFT JOIN `product_category` `pc` ON `pc`.`product_category_id` = `p`.`product_category`
LEFT JOIN `product_group` `pg` ON `pg`.`product_group_id` = `p`.`product_group`
LEFT JOIN `product_opening_stock` `pos` ON `pos`.`product_id` = `p`.`product_id` AND `pos`.`status` = "active"
WHERE `p`.`status` = :p.status:
AND   (

        LOWER(CONCAT(
            p.product_name,\' \',
            IFNULL(pb.product_brand_name,\'\'),\' \',
            IFNULL(pc.category_name,\'\'),\' \',
            IFNULL(pg.group_name,\'\'),\' \',
            IFNULL(p.barcode,\'\')
        )) LIKE \'%na%\'
    
 )
GROUP BY `p`.`product_id`, `p`.`product_name`, `pb`.`product_brand_name`, `pc`.`category_name`, `pg`.`group_name`, `p`.`barcode`
HAVING `total_stock` > :total_stock:
ORDER BY CASE
            WHEN p.barcode = \'na\' THEN 1
            WHEN LOWER(p.product_name) = \'na\' THEN 2
            WHEN LOWER(p.product_name) LIKE \'%na%\' THEN 3
            WHEN LOWER(pb.product_brand_name) LIKE \'na%\' THEN 4
            WHEN LOWER(pc.category_name) LIKE \'na%\' THEN 5
            WHEN LOWER(pg.group_name) LIKE \'na%\' THEN 6
            ELSE 7
        END
 LIMIT 20', [...], false)
 4 APPPATH\Models\ProductModel.php(296): CodeIgniter\Database\BaseBuilder->get()
 5 APPPATH\Controllers\PosController.php(80): App\Models\ProductModel->searchProducts('na')
 6 SYSTEMPATH\CodeIgniter.php(933): App\Controllers\PosController->productSearch()
 7 SYSTEMPATH\CodeIgniter.php(507): CodeIgniter\CodeIgniter->runController(Object(App\Controllers\PosController))
 8 SYSTEMPATH\CodeIgniter.php(354): CodeIgniter\CodeIgniter->handleRequest(null, Object(Config\Cache), false)
 9 SYSTEMPATH\Boot.php(363): CodeIgniter\CodeIgniter->run()
10 SYSTEMPATH\Boot.php(68): CodeIgniter\Boot::runCodeIgniter(Object(CodeIgniter\CodeIgniter))
11 FCPATH\index.php(59): CodeIgniter\Boot::bootWeb(Object(Config\Paths))
CRITICAL - 2026-08-03 06:33:19 --> [Caused by] mysqli_sql_exception: Illegal mix of collations (utf8mb4_bin,NONE) and (utf8mb4_0900_ai_ci,COERCIBLE) for operation 'like'
in SYSTEMPATH\Database\MySQLi\Connection.php on line 327.
 1 SYSTEMPATH\Database\MySQLi\Connection.php(327): mysqli->query('SELECT `p`.`product_id` AS `id`, `p`.`product_name` AS `name`, CONCAT(
            p.product_name, \' | \', IFNULL(pb.product_brand_name, \'\'), \' | \', IFNULL(pc.category_name, \'\'), \' | \', IFNULL(pg.group_name, \'\'), \' | Stock: \', COALESCE(SUM(sl.qty_in - sl.qty_out), 0)
        ) AS label, COALESCE(SUM(sl.qty_in - sl.qty_out), 0) AS total_stock
FROM `products` `p`
LEFT JOIN `stock_ledger` `sl` ON `sl`.`product_id` = `p`.`product_id`
LEFT JOIN `product_brand` `pb` ON `pb`.`brand_id` = `p`.`product_brand`
LEFT JOIN `product_category` `pc` ON `pc`.`product_category_id` = `p`.`product_category`
LEFT JOIN `product_group` `pg` ON `pg`.`product_group_id` = `p`.`product_group`
LEFT JOIN `product_opening_stock` `pos` ON `pos`.`product_id` = `p`.`product_id` AND `pos`.`status` = "active"
WHERE `p`.`status` = \'active\'
AND   (

        LOWER(CONCAT(
            p.product_name,\' \',
            IFNULL(pb.product_brand_name,\'\'),\' \',
            IFNULL(pc.category_name,\'\'),\' \',
            IFNULL(pg.group_name,\'\'),\' \',
            IFNULL(p.barcode,\'\')
        )) LIKE \'%na%\'
    
 )
GROUP BY `p`.`product_id`, `p`.`product_name`, `pb`.`product_brand_name`, `pc`.`category_name`, `pg`.`group_name`, `p`.`barcode`
HAVING `total_stock` > 0
ORDER BY CASE
            WHEN p.barcode = \'na\' THEN 1
            WHEN LOWER(p.product_name) = \'na\' THEN 2
            WHEN LOWER(p.product_name) LIKE \'%na%\' THEN 3
            WHEN LOWER(pb.product_brand_name) LIKE \'na%\' THEN 4
            WHEN LOWER(pc.category_name) LIKE \'na%\' THEN 5
            WHEN LOWER(pg.group_name) LIKE \'na%\' THEN 6
            ELSE 7
        END
 LIMIT 20', 0)
 2 SYSTEMPATH\Database\BaseConnection.php(729): CodeIgniter\Database\MySQLi\Connection->execute('SELECT `p`.`product_id` AS `id`, `p`.`product_name` AS `name`, CONCAT(
            p.product_name, \' | \', IFNULL(pb.product_brand_name, \'\'), \' | \', IFNULL(pc.category_name, \'\'), \' | \', IFNULL(pg.group_name, \'\'), \' | Stock: \', COALESCE(SUM(sl.qty_in - sl.qty_out), 0)
        ) AS label, COALESCE(SUM(sl.qty_in - sl.qty_out), 0) AS total_stock
FROM `products` `p`
LEFT JOIN `stock_ledger` `sl` ON `sl`.`product_id` = `p`.`product_id`
LEFT JOIN `product_brand` `pb` ON `pb`.`brand_id` = `p`.`product_brand`
LEFT JOIN `product_category` `pc` ON `pc`.`product_category_id` = `p`.`product_category`
LEFT JOIN `product_group` `pg` ON `pg`.`product_group_id` = `p`.`product_group`
LEFT JOIN `product_opening_stock` `pos` ON `pos`.`product_id` = `p`.`product_id` AND `pos`.`status` = "active"
WHERE `p`.`status` = \'active\'
AND   (

        LOWER(CONCAT(
            p.product_name,\' \',
            IFNULL(pb.product_brand_name,\'\'),\' \',
            IFNULL(pc.category_name,\'\'),\' \',
            IFNULL(pg.group_name,\'\'),\' \',
            IFNULL(p.barcode,\'\')
        )) LIKE \'%na%\'
    
 )
GROUP BY `p`.`product_id`, `p`.`product_name`, `pb`.`product_brand_name`, `pc`.`category_name`, `pg`.`group_name`, `p`.`barcode`
HAVING `total_stock` > 0
ORDER BY CASE
            WHEN p.barcode = \'na\' THEN 1
            WHEN LOWER(p.product_name) = \'na\' THEN 2
            WHEN LOWER(p.product_name) LIKE \'%na%\' THEN 3
            WHEN LOWER(pb.product_brand_name) LIKE \'na%\' THEN 4
            WHEN LOWER(pc.category_name) LIKE \'na%\' THEN 5
            WHEN LOWER(pg.group_name) LIKE \'na%\' THEN 6
            ELSE 7
        END
 LIMIT 20')
 3 SYSTEMPATH\Database\BaseConnection.php(646): CodeIgniter\Database\BaseConnection->simpleQuery('SELECT `p`.`product_id` AS `id`, `p`.`product_name` AS `name`, CONCAT(
            p.product_name, \' | \', IFNULL(pb.product_brand_name, \'\'), \' | \', IFNULL(pc.category_name, \'\'), \' | \', IFNULL(pg.group_name, \'\'), \' | Stock: \', COALESCE(SUM(sl.qty_in - sl.qty_out), 0)
        ) AS label, COALESCE(SUM(sl.qty_in - sl.qty_out), 0) AS total_stock
FROM `products` `p`
LEFT JOIN `stock_ledger` `sl` ON `sl`.`product_id` = `p`.`product_id`
LEFT JOIN `product_brand` `pb` ON `pb`.`brand_id` = `p`.`product_brand`
LEFT JOIN `product_category` `pc` ON `pc`.`product_category_id` = `p`.`product_category`
LEFT JOIN `product_group` `pg` ON `pg`.`product_group_id` = `p`.`product_group`
LEFT JOIN `product_opening_stock` `pos` ON `pos`.`product_id` = `p`.`product_id` AND `pos`.`status` = "active"
WHERE `p`.`status` = \'active\'
AND   (

        LOWER(CONCAT(
            p.product_name,\' \',
            IFNULL(pb.product_brand_name,\'\'),\' \',
            IFNULL(pc.category_name,\'\'),\' \',
            IFNULL(pg.group_name,\'\'),\' \',
            IFNULL(p.barcode,\'\')
        )) LIKE \'%na%\'
    
 )
GROUP BY `p`.`product_id`, `p`.`product_name`, `pb`.`product_brand_name`, `pc`.`category_name`, `pg`.`group_name`, `p`.`barcode`
HAVING `total_stock` > 0
ORDER BY CASE
            WHEN p.barcode = \'na\' THEN 1
            WHEN LOWER(p.product_name) = \'na\' THEN 2
            WHEN LOWER(p.product_name) LIKE \'%na%\' THEN 3
            WHEN LOWER(pb.product_brand_name) LIKE \'na%\' THEN 4
            WHEN LOWER(pc.category_name) LIKE \'na%\' THEN 5
            WHEN LOWER(pg.group_name) LIKE \'na%\' THEN 6
            ELSE 7
        END
 LIMIT 20')
 4 SYSTEMPATH\Database\BaseBuilder.php(1649): CodeIgniter\Database\BaseConnection->query('SELECT `p`.`product_id` AS `id`, `p`.`product_name` AS `name`, CONCAT(
            p.product_name, \' | \', IFNULL(pb.product_brand_name, \'\'), \' | \', IFNULL(pc.category_name, \'\'), \' | \', IFNULL(pg.group_name, \'\'), \' | Stock: \', COALESCE(SUM(sl.qty_in - sl.qty_out), 0)
        ) AS label, COALESCE(SUM(sl.qty_in - sl.qty_out), 0) AS total_stock
FROM `products` `p`
LEFT JOIN `stock_ledger` `sl` ON `sl`.`product_id` = `p`.`product_id`
LEFT JOIN `product_brand` `pb` ON `pb`.`brand_id` = `p`.`product_brand`
LEFT JOIN `product_category` `pc` ON `pc`.`product_category_id` = `p`.`product_category`
LEFT JOIN `product_group` `pg` ON `pg`.`product_group_id` = `p`.`product_group`
LEFT JOIN `product_opening_stock` `pos` ON `pos`.`product_id` = `p`.`product_id` AND `pos`.`status` = "active"
WHERE `p`.`status` = :p.status:
AND   (

        LOWER(CONCAT(
            p.product_name,\' \',
            IFNULL(pb.product_brand_name,\'\'),\' \',
            IFNULL(pc.category_name,\'\'),\' \',
            IFNULL(pg.group_name,\'\'),\' \',
            IFNULL(p.barcode,\'\')
        )) LIKE \'%na%\'
    
 )
GROUP BY `p`.`product_id`, `p`.`product_name`, `pb`.`product_brand_name`, `pc`.`category_name`, `pg`.`group_name`, `p`.`barcode`
HAVING `total_stock` > :total_stock:
ORDER BY CASE
            WHEN p.barcode = \'na\' THEN 1
            WHEN LOWER(p.product_name) = \'na\' THEN 2
            WHEN LOWER(p.product_name) LIKE \'%na%\' THEN 3
            WHEN LOWER(pb.product_brand_name) LIKE \'na%\' THEN 4
            WHEN LOWER(pc.category_name) LIKE \'na%\' THEN 5
            WHEN LOWER(pg.group_name) LIKE \'na%\' THEN 6
            ELSE 7
        END
 LIMIT 20', [...], false)
 5 APPPATH\Models\ProductModel.php(296): CodeIgniter\Database\BaseBuilder->get()
 6 APPPATH\Controllers\PosController.php(80): App\Models\ProductModel->searchProducts('na')
 7 SYSTEMPATH\CodeIgniter.php(933): App\Controllers\PosController->productSearch()
 8 SYSTEMPATH\CodeIgniter.php(507): CodeIgniter\CodeIgniter->runController(Object(App\Controllers\PosController))
 9 SYSTEMPATH\CodeIgniter.php(354): CodeIgniter\CodeIgniter->handleRequest(null, Object(Config\Cache), false)
10 SYSTEMPATH\Boot.php(363): CodeIgniter\CodeIgniter->run()
11 SYSTEMPATH\Boot.php(68): CodeIgniter\Boot::runCodeIgniter(Object(CodeIgniter\CodeIgniter))
12 FCPATH\index.php(59): CodeIgniter\Boot::bootWeb(Object(Config\Paths))
DEBUG - 2026-08-03 06:33:23 --> Session: Class initialized using 'CodeIgniter\Session\Handlers\FileHandler' driver.
ERROR - 2026-08-03 06:33:23 --> mysqli_sql_exception: Illegal mix of collations (utf8mb4_bin,NONE) and (utf8mb4_0900_ai_ci,COERCIBLE) for operation 'like' in C:\laragon\www\pharmacy-project\system\Database\MySQLi\Connection.php:327
Stack trace:
#0 C:\laragon\www\pharmacy-project\system\Database\MySQLi\Connection.php(327): mysqli->query('SELECT `p`.`pro...', 0)
#1 C:\laragon\www\pharmacy-project\system\Database\BaseConnection.php(729): CodeIgniter\Database\MySQLi\Connection->execute('SELECT `p`.`pro...')
#2 C:\laragon\www\pharmacy-project\system\Database\BaseConnection.php(646): CodeIgniter\Database\BaseConnection->simpleQuery('SELECT `p`.`pro...')
#3 C:\laragon\www\pharmacy-project\system\Database\BaseBuilder.php(1649): CodeIgniter\Database\BaseConnection->query('SELECT `p`.`pro...', Array, false)
#4 C:\laragon\www\pharmacy-project\app\Models\ProductModel.php(296): CodeIgniter\Database\BaseBuilder->get()
#5 C:\laragon\www\pharmacy-project\app\Controllers\PosController.php(80): App\Models\ProductModel->searchProducts('n')
#6 C:\laragon\www\pharmacy-project\system\CodeIgniter.php(933): App\Controllers\PosController->productSearch()
#7 C:\laragon\www\pharmacy-project\system\CodeIgniter.php(507): CodeIgniter\CodeIgniter->runController(Object(App\Controllers\PosController))
#8 C:\laragon\www\pharmacy-project\system\CodeIgniter.php(354): CodeIgniter\CodeIgniter->handleRequest(NULL, Object(Config\Cache), false)
#9 C:\laragon\www\pharmacy-project\system\Boot.php(363): CodeIgniter\CodeIgniter->run()
#10 C:\laragon\www\pharmacy-project\system\Boot.php(68): CodeIgniter\Boot::runCodeIgniter(Object(CodeIgniter\CodeIgniter))
#11 C:\laragon\www\pharmacy-project\index.php(59): CodeIgniter\Boot::bootWeb(Object(Config\Paths))
#12 {main}
CRITICAL - 2026-08-03 06:33:23 --> CodeIgniter\Database\Exceptions\DatabaseException: Illegal mix of collations (utf8mb4_bin,NONE) and (utf8mb4_0900_ai_ci,COERCIBLE) for operation 'like'
[Method: GET, Route: pos/product-search]
in SYSTEMPATH\Database\BaseConnection.php on line 684.
 1 SYSTEMPATH\Database\BaseBuilder.php(1649): CodeIgniter\Database\BaseConnection->query('SELECT `p`.`product_id` AS `id`, `p`.`product_name` AS `name`, CONCAT(
            p.product_name, \' | \', IFNULL(pb.product_brand_name, \'\'), \' | \', IFNULL(pc.category_name, \'\'), \' | \', IFNULL(pg.group_name, \'\'), \' | Stock: \', COALESCE(SUM(sl.qty_in - sl.qty_out), 0)
        ) AS label, COALESCE(SUM(sl.qty_in - sl.qty_out), 0) AS total_stock
FROM `products` `p`
LEFT JOIN `stock_ledger` `sl` ON `sl`.`product_id` = `p`.`product_id`
LEFT JOIN `product_brand` `pb` ON `pb`.`brand_id` = `p`.`product_brand`
LEFT JOIN `product_category` `pc` ON `pc`.`product_category_id` = `p`.`product_category`
LEFT JOIN `product_group` `pg` ON `pg`.`product_group_id` = `p`.`product_group`
LEFT JOIN `product_opening_stock` `pos` ON `pos`.`product_id` = `p`.`product_id` AND `pos`.`status` = "active"
WHERE `p`.`status` = :p.status:
AND   (

        LOWER(CONCAT(
            p.product_name,\' \',
            IFNULL(pb.product_brand_name,\'\'),\' \',
            IFNULL(pc.category_name,\'\'),\' \',
            IFNULL(pg.group_name,\'\'),\' \',
            IFNULL(p.barcode,\'\')
        )) LIKE \'%n%\'
    
 )
GROUP BY `p`.`product_id`, `p`.`product_name`, `pb`.`product_brand_name`, `pc`.`category_name`, `pg`.`group_name`, `p`.`barcode`
HAVING `total_stock` > :total_stock:
ORDER BY CASE
            WHEN p.barcode = \'n\' THEN 1
            WHEN LOWER(p.product_name) = \'n\' THEN 2
            WHEN LOWER(p.product_name) LIKE \'%n%\' THEN 3
            WHEN LOWER(pb.product_brand_name) LIKE \'n%\' THEN 4
            WHEN LOWER(pc.category_name) LIKE \'n%\' THEN 5
            WHEN LOWER(pg.group_name) LIKE \'n%\' THEN 6
            ELSE 7
        END
 LIMIT 20', [...], false)
 2 APPPATH\Models\ProductModel.php(296): CodeIgniter\Database\BaseBuilder->get()
 3 APPPATH\Controllers\PosController.php(80): App\Models\ProductModel->searchProducts('n')
 4 SYSTEMPATH\CodeIgniter.php(933): App\Controllers\PosController->productSearch()
 5 SYSTEMPATH\CodeIgniter.php(507): CodeIgniter\CodeIgniter->runController(Object(App\Controllers\PosController))
 6 SYSTEMPATH\CodeIgniter.php(354): CodeIgniter\CodeIgniter->handleRequest(null, Object(Config\Cache), false)
 7 SYSTEMPATH\Boot.php(363): CodeIgniter\CodeIgniter->run()
 8 SYSTEMPATH\Boot.php(68): CodeIgniter\Boot::runCodeIgniter(Object(CodeIgniter\CodeIgniter))
 9 FCPATH\index.php(59): CodeIgniter\Boot::bootWeb(Object(Config\Paths))
CRITICAL - 2026-08-03 06:33:23 --> [Caused by] CodeIgniter\Database\Exceptions\DatabaseException: Illegal mix of collations (utf8mb4_bin,NONE) and (utf8mb4_0900_ai_ci,COERCIBLE) for operation 'like'
in SYSTEMPATH\Database\MySQLi\Connection.php on line 332.
 1 SYSTEMPATH\Database\BaseConnection.php(729): CodeIgniter\Database\MySQLi\Connection->execute('SELECT `p`.`product_id` AS `id`, `p`.`product_name` AS `name`, CONCAT(
            p.product_name, \' | \', IFNULL(pb.product_brand_name, \'\'), \' | \', IFNULL(pc.category_name, \'\'), \' | \', IFNULL(pg.group_name, \'\'), \' | Stock: \', COALESCE(SUM(sl.qty_in - sl.qty_out), 0)
        ) AS label, COALESCE(SUM(sl.qty_in - sl.qty_out), 0) AS total_stock
FROM `products` `p`
LEFT JOIN `stock_ledger` `sl` ON `sl`.`product_id` = `p`.`product_id`
LEFT JOIN `product_brand` `pb` ON `pb`.`brand_id` = `p`.`product_brand`
LEFT JOIN `product_category` `pc` ON `pc`.`product_category_id` = `p`.`product_category`
LEFT JOIN `product_group` `pg` ON `pg`.`product_group_id` = `p`.`product_group`
LEFT JOIN `product_opening_stock` `pos` ON `pos`.`product_id` = `p`.`product_id` AND `pos`.`status` = "active"
WHERE `p`.`status` = \'active\'
AND   (

        LOWER(CONCAT(
            p.product_name,\' \',
            IFNULL(pb.product_brand_name,\'\'),\' \',
            IFNULL(pc.category_name,\'\'),\' \',
            IFNULL(pg.group_name,\'\'),\' \',
            IFNULL(p.barcode,\'\')
        )) LIKE \'%n%\'
    
 )
GROUP BY `p`.`product_id`, `p`.`product_name`, `pb`.`product_brand_name`, `pc`.`category_name`, `pg`.`group_name`, `p`.`barcode`
HAVING `total_stock` > 0
ORDER BY CASE
            WHEN p.barcode = \'n\' THEN 1
            WHEN LOWER(p.product_name) = \'n\' THEN 2
            WHEN LOWER(p.product_name) LIKE \'%n%\' THEN 3
            WHEN LOWER(pb.product_brand_name) LIKE \'n%\' THEN 4
            WHEN LOWER(pc.category_name) LIKE \'n%\' THEN 5
            WHEN LOWER(pg.group_name) LIKE \'n%\' THEN 6
            ELSE 7
        END
 LIMIT 20')
 2 SYSTEMPATH\Database\BaseConnection.php(646): CodeIgniter\Database\BaseConnection->simpleQuery('SELECT `p`.`product_id` AS `id`, `p`.`product_name` AS `name`, CONCAT(
            p.product_name, \' | \', IFNULL(pb.product_brand_name, \'\'), \' | \', IFNULL(pc.category_name, \'\'), \' | \', IFNULL(pg.group_name, \'\'), \' | Stock: \', COALESCE(SUM(sl.qty_in - sl.qty_out), 0)
        ) AS label, COALESCE(SUM(sl.qty_in - sl.qty_out), 0) AS total_stock
FROM `products` `p`
LEFT JOIN `stock_ledger` `sl` ON `sl`.`product_id` = `p`.`product_id`
LEFT JOIN `product_brand` `pb` ON `pb`.`brand_id` = `p`.`product_brand`
LEFT JOIN `product_category` `pc` ON `pc`.`product_category_id` = `p`.`product_category`
LEFT JOIN `product_group` `pg` ON `pg`.`product_group_id` = `p`.`product_group`
LEFT JOIN `product_opening_stock` `pos` ON `pos`.`product_id` = `p`.`product_id` AND `pos`.`status` = "active"
WHERE `p`.`status` = \'active\'
AND   (

        LOWER(CONCAT(
            p.product_name,\' \',
            IFNULL(pb.product_brand_name,\'\'),\' \',
            IFNULL(pc.category_name,\'\'),\' \',
            IFNULL(pg.group_name,\'\'),\' \',
            IFNULL(p.barcode,\'\')
        )) LIKE \'%n%\'
    
 )
GROUP BY `p`.`product_id`, `p`.`product_name`, `pb`.`product_brand_name`, `pc`.`category_name`, `pg`.`group_name`, `p`.`barcode`
HAVING `total_stock` > 0
ORDER BY CASE
            WHEN p.barcode = \'n\' THEN 1
            WHEN LOWER(p.product_name) = \'n\' THEN 2
            WHEN LOWER(p.product_name) LIKE \'%n%\' THEN 3
            WHEN LOWER(pb.product_brand_name) LIKE \'n%\' THEN 4
            WHEN LOWER(pc.category_name) LIKE \'n%\' THEN 5
            WHEN LOWER(pg.group_name) LIKE \'n%\' THEN 6
            ELSE 7
        END
 LIMIT 20')
 3 SYSTEMPATH\Database\BaseBuilder.php(1649): CodeIgniter\Database\BaseConnection->query('SELECT `p`.`product_id` AS `id`, `p`.`product_name` AS `name`, CONCAT(
            p.product_name, \' | \', IFNULL(pb.product_brand_name, \'\'), \' | \', IFNULL(pc.category_name, \'\'), \' | \', IFNULL(pg.group_name, \'\'), \' | Stock: \', COALESCE(SUM(sl.qty_in - sl.qty_out), 0)
        ) AS label, COALESCE(SUM(sl.qty_in - sl.qty_out), 0) AS total_stock
FROM `products` `p`
LEFT JOIN `stock_ledger` `sl` ON `sl`.`product_id` = `p`.`product_id`
LEFT JOIN `product_brand` `pb` ON `pb`.`brand_id` = `p`.`product_brand`
LEFT JOIN `product_category` `pc` ON `pc`.`product_category_id` = `p`.`product_category`
LEFT JOIN `product_group` `pg` ON `pg`.`product_group_id` = `p`.`product_group`
LEFT JOIN `product_opening_stock` `pos` ON `pos`.`product_id` = `p`.`product_id` AND `pos`.`status` = "active"
WHERE `p`.`status` = :p.status:
AND   (

        LOWER(CONCAT(
            p.product_name,\' \',
            IFNULL(pb.product_brand_name,\'\'),\' \',
            IFNULL(pc.category_name,\'\'),\' \',
            IFNULL(pg.group_name,\'\'),\' \',
            IFNULL(p.barcode,\'\')
        )) LIKE \'%n%\'
    
 )
GROUP BY `p`.`product_id`, `p`.`product_name`, `pb`.`product_brand_name`, `pc`.`category_name`, `pg`.`group_name`, `p`.`barcode`
HAVING `total_stock` > :total_stock:
ORDER BY CASE
            WHEN p.barcode = \'n\' THEN 1
            WHEN LOWER(p.product_name) = \'n\' THEN 2
            WHEN LOWER(p.product_name) LIKE \'%n%\' THEN 3
            WHEN LOWER(pb.product_brand_name) LIKE \'n%\' THEN 4
            WHEN LOWER(pc.category_name) LIKE \'n%\' THEN 5
            WHEN LOWER(pg.group_name) LIKE \'n%\' THEN 6
            ELSE 7
        END
 LIMIT 20', [...], false)
 4 APPPATH\Models\ProductModel.php(296): CodeIgniter\Database\BaseBuilder->get()
 5 APPPATH\Controllers\PosController.php(80): App\Models\ProductModel->searchProducts('n')
 6 SYSTEMPATH\CodeIgniter.php(933): App\Controllers\PosController->productSearch()
 7 SYSTEMPATH\CodeIgniter.php(507): CodeIgniter\CodeIgniter->runController(Object(App\Controllers\PosController))
 8 SYSTEMPATH\CodeIgniter.php(354): CodeIgniter\CodeIgniter->handleRequest(null, Object(Config\Cache), false)
 9 SYSTEMPATH\Boot.php(363): CodeIgniter\CodeIgniter->run()
10 SYSTEMPATH\Boot.php(68): CodeIgniter\Boot::runCodeIgniter(Object(CodeIgniter\CodeIgniter))
11 FCPATH\index.php(59): CodeIgniter\Boot::bootWeb(Object(Config\Paths))
CRITICAL - 2026-08-03 06:33:23 --> [Caused by] mysqli_sql_exception: Illegal mix of collations (utf8mb4_bin,NONE) and (utf8mb4_0900_ai_ci,COERCIBLE) for operation 'like'
in SYSTEMPATH\Database\MySQLi\Connection.php on line 327.
 1 SYSTEMPATH\Database\MySQLi\Connection.php(327): mysqli->query('SELECT `p`.`product_id` AS `id`, `p`.`product_name` AS `name`, CONCAT(
            p.product_name, \' | \', IFNULL(pb.product_brand_name, \'\'), \' | \', IFNULL(pc.category_name, \'\'), \' | \', IFNULL(pg.group_name, \'\'), \' | Stock: \', COALESCE(SUM(sl.qty_in - sl.qty_out), 0)
        ) AS label, COALESCE(SUM(sl.qty_in - sl.qty_out), 0) AS total_stock
FROM `products` `p`
LEFT JOIN `stock_ledger` `sl` ON `sl`.`product_id` = `p`.`product_id`
LEFT JOIN `product_brand` `pb` ON `pb`.`brand_id` = `p`.`product_brand`
LEFT JOIN `product_category` `pc` ON `pc`.`product_category_id` = `p`.`product_category`
LEFT JOIN `product_group` `pg` ON `pg`.`product_group_id` = `p`.`product_group`
LEFT JOIN `product_opening_stock` `pos` ON `pos`.`product_id` = `p`.`product_id` AND `pos`.`status` = "active"
WHERE `p`.`status` = \'active\'
AND   (

        LOWER(CONCAT(
            p.product_name,\' \',
            IFNULL(pb.product_brand_name,\'\'),\' \',
            IFNULL(pc.category_name,\'\'),\' \',
            IFNULL(pg.group_name,\'\'),\' \',
            IFNULL(p.barcode,\'\')
        )) LIKE \'%n%\'
    
 )
GROUP BY `p`.`product_id`, `p`.`product_name`, `pb`.`product_brand_name`, `pc`.`category_name`, `pg`.`group_name`, `p`.`barcode`
HAVING `total_stock` > 0
ORDER BY CASE
            WHEN p.barcode = \'n\' THEN 1
            WHEN LOWER(p.product_name) = \'n\' THEN 2
            WHEN LOWER(p.product_name) LIKE \'%n%\' THEN 3
            WHEN LOWER(pb.product_brand_name) LIKE \'n%\' THEN 4
            WHEN LOWER(pc.category_name) LIKE \'n%\' THEN 5
            WHEN LOWER(pg.group_name) LIKE \'n%\' THEN 6
            ELSE 7
        END
 LIMIT 20', 0)
 2 SYSTEMPATH\Database\BaseConnection.php(729): CodeIgniter\Database\MySQLi\Connection->execute('SELECT `p`.`product_id` AS `id`, `p`.`product_name` AS `name`, CONCAT(
            p.product_name, \' | \', IFNULL(pb.product_brand_name, \'\'), \' | \', IFNULL(pc.category_name, \'\'), \' | \', IFNULL(pg.group_name, \'\'), \' | Stock: \', COALESCE(SUM(sl.qty_in - sl.qty_out), 0)
        ) AS label, COALESCE(SUM(sl.qty_in - sl.qty_out), 0) AS total_stock
FROM `products` `p`
LEFT JOIN `stock_ledger` `sl` ON `sl`.`product_id` = `p`.`product_id`
LEFT JOIN `product_brand` `pb` ON `pb`.`brand_id` = `p`.`product_brand`
LEFT JOIN `product_category` `pc` ON `pc`.`product_category_id` = `p`.`product_category`
LEFT JOIN `product_group` `pg` ON `pg`.`product_group_id` = `p`.`product_group`
LEFT JOIN `product_opening_stock` `pos` ON `pos`.`product_id` = `p`.`product_id` AND `pos`.`status` = "active"
WHERE `p`.`status` = \'active\'
AND   (

        LOWER(CONCAT(
            p.product_name,\' \',
            IFNULL(pb.product_brand_name,\'\'),\' \',
            IFNULL(pc.category_name,\'\'),\' \',
            IFNULL(pg.group_name,\'\'),\' \',
            IFNULL(p.barcode,\'\')
        )) LIKE \'%n%\'
    
 )
GROUP BY `p`.`product_id`, `p`.`product_name`, `pb`.`product_brand_name`, `pc`.`category_name`, `pg`.`group_name`, `p`.`barcode`
HAVING `total_stock` > 0
ORDER BY CASE
            WHEN p.barcode = \'n\' THEN 1
            WHEN LOWER(p.product_name) = \'n\' THEN 2
            WHEN LOWER(p.product_name) LIKE \'%n%\' THEN 3
            WHEN LOWER(pb.product_brand_name) LIKE \'n%\' THEN 4
            WHEN LOWER(pc.category_name) LIKE \'n%\' THEN 5
            WHEN LOWER(pg.group_name) LIKE \'n%\' THEN 6
            ELSE 7
        END
 LIMIT 20')
 3 SYSTEMPATH\Database\BaseConnection.php(646): CodeIgniter\Database\BaseConnection->simpleQuery('SELECT `p`.`product_id` AS `id`, `p`.`product_name` AS `name`, CONCAT(
            p.product_name, \' | \', IFNULL(pb.product_brand_name, \'\'), \' | \', IFNULL(pc.category_name, \'\'), \' | \', IFNULL(pg.group_name, \'\'), \' | Stock: \', COALESCE(SUM(sl.qty_in - sl.qty_out), 0)
        ) AS label, COALESCE(SUM(sl.qty_in - sl.qty_out), 0) AS total_stock
FROM `products` `p`
LEFT JOIN `stock_ledger` `sl` ON `sl`.`product_id` = `p`.`product_id`
LEFT JOIN `product_brand` `pb` ON `pb`.`brand_id` = `p`.`product_brand`
LEFT JOIN `product_category` `pc` ON `pc`.`product_category_id` = `p`.`product_category`
LEFT JOIN `product_group` `pg` ON `pg`.`product_group_id` = `p`.`product_group`
LEFT JOIN `product_opening_stock` `pos` ON `pos`.`product_id` = `p`.`product_id` AND `pos`.`status` = "active"
WHERE `p`.`status` = \'active\'
AND   (

        LOWER(CONCAT(
            p.product_name,\' \',
            IFNULL(pb.product_brand_name,\'\'),\' \',
            IFNULL(pc.category_name,\'\'),\' \',
            IFNULL(pg.group_name,\'\'),\' \',
            IFNULL(p.barcode,\'\')
        )) LIKE \'%n%\'
    
 )
GROUP BY `p`.`product_id`, `p`.`product_name`, `pb`.`product_brand_name`, `pc`.`category_name`, `pg`.`group_name`, `p`.`barcode`
HAVING `total_stock` > 0
ORDER BY CASE
            WHEN p.barcode = \'n\' THEN 1
            WHEN LOWER(p.product_name) = \'n\' THEN 2
            WHEN LOWER(p.product_name) LIKE \'%n%\' THEN 3
            WHEN LOWER(pb.product_brand_name) LIKE \'n%\' THEN 4
            WHEN LOWER(pc.category_name) LIKE \'n%\' THEN 5
            WHEN LOWER(pg.group_name) LIKE \'n%\' THEN 6
            ELSE 7
        END
 LIMIT 20')
 4 SYSTEMPATH\Database\BaseBuilder.php(1649): CodeIgniter\Database\BaseConnection->query('SELECT `p`.`product_id` AS `id`, `p`.`product_name` AS `name`, CONCAT(
            p.product_name, \' | \', IFNULL(pb.product_brand_name, \'\'), \' | \', IFNULL(pc.category_name, \'\'), \' | \', IFNULL(pg.group_name, \'\'), \' | Stock: \', COALESCE(SUM(sl.qty_in - sl.qty_out), 0)
        ) AS label, COALESCE(SUM(sl.qty_in - sl.qty_out), 0) AS total_stock
FROM `products` `p`
LEFT JOIN `stock_ledger` `sl` ON `sl`.`product_id` = `p`.`product_id`
LEFT JOIN `product_brand` `pb` ON `pb`.`brand_id` = `p`.`product_brand`
LEFT JOIN `product_category` `pc` ON `pc`.`product_category_id` = `p`.`product_category`
LEFT JOIN `product_group` `pg` ON `pg`.`product_group_id` = `p`.`product_group`
LEFT JOIN `product_opening_stock` `pos` ON `pos`.`product_id` = `p`.`product_id` AND `pos`.`status` = "active"
WHERE `p`.`status` = :p.status:
AND   (

        LOWER(CONCAT(
            p.product_name,\' \',
            IFNULL(pb.product_brand_name,\'\'),\' \',
            IFNULL(pc.category_name,\'\'),\' \',
            IFNULL(pg.group_name,\'\'),\' \',
            IFNULL(p.barcode,\'\')
        )) LIKE \'%n%\'
    
 )
GROUP BY `p`.`product_id`, `p`.`product_name`, `pb`.`product_brand_name`, `pc`.`category_name`, `pg`.`group_name`, `p`.`barcode`
HAVING `total_stock` > :total_stock:
ORDER BY CASE
            WHEN p.barcode = \'n\' THEN 1
            WHEN LOWER(p.product_name) = \'n\' THEN 2
            WHEN LOWER(p.product_name) LIKE \'%n%\' THEN 3
            WHEN LOWER(pb.product_brand_name) LIKE \'n%\' THEN 4
            WHEN LOWER(pc.category_name) LIKE \'n%\' THEN 5
            WHEN LOWER(pg.group_name) LIKE \'n%\' THEN 6
            ELSE 7
        END
 LIMIT 20', [...], false)
 5 APPPATH\Models\ProductModel.php(296): CodeIgniter\Database\BaseBuilder->get()
 6 APPPATH\Controllers\PosController.php(80): App\Models\ProductModel->searchProducts('n')
 7 SYSTEMPATH\CodeIgniter.php(933): App\Controllers\PosController->productSearch()
 8 SYSTEMPATH\CodeIgniter.php(507): CodeIgniter\CodeIgniter->runController(Object(App\Controllers\PosController))
 9 SYSTEMPATH\CodeIgniter.php(354): CodeIgniter\CodeIgniter->handleRequest(null, Object(Config\Cache), false)
10 SYSTEMPATH\Boot.php(363): CodeIgniter\CodeIgniter->run()
11 SYSTEMPATH\Boot.php(68): CodeIgniter\Boot::runCodeIgniter(Object(CodeIgniter\CodeIgniter))
12 FCPATH\index.php(59): CodeIgniter\Boot::bootWeb(Object(Config\Paths))
DEBUG - 2026-08-03 06:33:24 --> Session: Class initialized using 'CodeIgniter\Session\Handlers\FileHandler' driver.
ERROR - 2026-08-03 06:33:24 --> mysqli_sql_exception: Illegal mix of collations (utf8mb4_bin,NONE) and (utf8mb4_0900_ai_ci,COERCIBLE) for operation 'like' in C:\laragon\www\pharmacy-project\system\Database\MySQLi\Connection.php:327
Stack trace:
#0 C:\laragon\www\pharmacy-project\system\Database\MySQLi\Connection.php(327): mysqli->query('SELECT `p`.`pro...', 0)
#1 C:\laragon\www\pharmacy-project\system\Database\BaseConnection.php(729): CodeIgniter\Database\MySQLi\Connection->execute('SELECT `p`.`pro...')
#2 C:\laragon\www\pharmacy-project\system\Database\BaseConnection.php(646): CodeIgniter\Database\BaseConnection->simpleQuery('SELECT `p`.`pro...')
#3 C:\laragon\www\pharmacy-project\system\Database\BaseBuilder.php(1649): CodeIgniter\Database\BaseConnection->query('SELECT `p`.`pro...', Array, false)
#4 C:\laragon\www\pharmacy-project\app\Models\ProductModel.php(296): CodeIgniter\Database\BaseBuilder->get()
#5 C:\laragon\www\pharmacy-project\app\Controllers\PosController.php(80): App\Models\ProductModel->searchProducts('n')
#6 C:\laragon\www\pharmacy-project\system\CodeIgniter.php(933): App\Controllers\PosController->productSearch()
#7 C:\laragon\www\pharmacy-project\system\CodeIgniter.php(507): CodeIgniter\CodeIgniter->runController(Object(App\Controllers\PosController))
#8 C:\laragon\www\pharmacy-project\system\CodeIgniter.php(354): CodeIgniter\CodeIgniter->handleRequest(NULL, Object(Config\Cache), false)
#9 C:\laragon\www\pharmacy-project\system\Boot.php(363): CodeIgniter\CodeIgniter->run()
#10 C:\laragon\www\pharmacy-project\system\Boot.php(68): CodeIgniter\Boot::runCodeIgniter(Object(CodeIgniter\CodeIgniter))
#11 C:\laragon\www\pharmacy-project\index.php(59): CodeIgniter\Boot::bootWeb(Object(Config\Paths))
#12 {main}
CRITICAL - 2026-08-03 06:33:24 --> CodeIgniter\Database\Exceptions\DatabaseException: Illegal mix of collations (utf8mb4_bin,NONE) and (utf8mb4_0900_ai_ci,COERCIBLE) for operation 'like'
[Method: GET, Route: pos/product-search]
in SYSTEMPATH\Database\BaseConnection.php on line 684.
 1 SYSTEMPATH\Database\BaseBuilder.php(1649): CodeIgniter\Database\BaseConnection->query('SELECT `p`.`product_id` AS `id`, `p`.`product_name` AS `name`, CONCAT(
            p.product_name, \' | \', IFNULL(pb.product_brand_name, \'\'), \' | \', IFNULL(pc.category_name, \'\'), \' | \', IFNULL(pg.group_name, \'\'), \' | Stock: \', COALESCE(SUM(sl.qty_in - sl.qty_out), 0)
        ) AS label, COALESCE(SUM(sl.qty_in - sl.qty_out), 0) AS total_stock
FROM `products` `p`
LEFT JOIN `stock_ledger` `sl` ON `sl`.`product_id` = `p`.`product_id`
LEFT JOIN `product_brand` `pb` ON `pb`.`brand_id` = `p`.`product_brand`
LEFT JOIN `product_category` `pc` ON `pc`.`product_category_id` = `p`.`product_category`
LEFT JOIN `product_group` `pg` ON `pg`.`product_group_id` = `p`.`product_group`
LEFT JOIN `product_opening_stock` `pos` ON `pos`.`product_id` = `p`.`product_id` AND `pos`.`status` = "active"
WHERE `p`.`status` = :p.status:
AND   (

        LOWER(CONCAT(
            p.product_name,\' \',
            IFNULL(pb.product_brand_name,\'\'),\' \',
            IFNULL(pc.category_name,\'\'),\' \',
            IFNULL(pg.group_name,\'\'),\' \',
            IFNULL(p.barcode,\'\')
        )) LIKE \'%n%\'
    
 )
GROUP BY `p`.`product_id`, `p`.`product_name`, `pb`.`product_brand_name`, `pc`.`category_name`, `pg`.`group_name`, `p`.`barcode`
HAVING `total_stock` > :total_stock:
ORDER BY CASE
            WHEN p.barcode = \'n\' THEN 1
            WHEN LOWER(p.product_name) = \'n\' THEN 2
            WHEN LOWER(p.product_name) LIKE \'%n%\' THEN 3
            WHEN LOWER(pb.product_brand_name) LIKE \'n%\' THEN 4
            WHEN LOWER(pc.category_name) LIKE \'n%\' THEN 5
            WHEN LOWER(pg.group_name) LIKE \'n%\' THEN 6
            ELSE 7
        END
 LIMIT 20', [...], false)
 2 APPPATH\Models\ProductModel.php(296): CodeIgniter\Database\BaseBuilder->get()
 3 APPPATH\Controllers\PosController.php(80): App\Models\ProductModel->searchProducts('n')
 4 SYSTEMPATH\CodeIgniter.php(933): App\Controllers\PosController->productSearch()
 5 SYSTEMPATH\CodeIgniter.php(507): CodeIgniter\CodeIgniter->runController(Object(App\Controllers\PosController))
 6 SYSTEMPATH\CodeIgniter.php(354): CodeIgniter\CodeIgniter->handleRequest(null, Object(Config\Cache), false)
 7 SYSTEMPATH\Boot.php(363): CodeIgniter\CodeIgniter->run()
 8 SYSTEMPATH\Boot.php(68): CodeIgniter\Boot::runCodeIgniter(Object(CodeIgniter\CodeIgniter))
 9 FCPATH\index.php(59): CodeIgniter\Boot::bootWeb(Object(Config\Paths))
CRITICAL - 2026-08-03 06:33:24 --> [Caused by] CodeIgniter\Database\Exceptions\DatabaseException: Illegal mix of collations (utf8mb4_bin,NONE) and (utf8mb4_0900_ai_ci,COERCIBLE) for operation 'like'
in SYSTEMPATH\Database\MySQLi\Connection.php on line 332.
 1 SYSTEMPATH\Database\BaseConnection.php(729): CodeIgniter\Database\MySQLi\Connection->execute('SELECT `p`.`product_id` AS `id`, `p`.`product_name` AS `name`, CONCAT(
            p.product_name, \' | \', IFNULL(pb.product_brand_name, \'\'), \' | \', IFNULL(pc.category_name, \'\'), \' | \', IFNULL(pg.group_name, \'\'), \' | Stock: \', COALESCE(SUM(sl.qty_in - sl.qty_out), 0)
        ) AS label, COALESCE(SUM(sl.qty_in - sl.qty_out), 0) AS total_stock
FROM `products` `p`
LEFT JOIN `stock_ledger` `sl` ON `sl`.`product_id` = `p`.`product_id`
LEFT JOIN `product_brand` `pb` ON `pb`.`brand_id` = `p`.`product_brand`
LEFT JOIN `product_category` `pc` ON `pc`.`product_category_id` = `p`.`product_category`
LEFT JOIN `product_group` `pg` ON `pg`.`product_group_id` = `p`.`product_group`
LEFT JOIN `product_opening_stock` `pos` ON `pos`.`product_id` = `p`.`product_id` AND `pos`.`status` = "active"
WHERE `p`.`status` = \'active\'
AND   (

        LOWER(CONCAT(
            p.product_name,\' \',
            IFNULL(pb.product_brand_name,\'\'),\' \',
            IFNULL(pc.category_name,\'\'),\' \',
            IFNULL(pg.group_name,\'\'),\' \',
            IFNULL(p.barcode,\'\')
        )) LIKE \'%n%\'
    
 )
GROUP BY `p`.`product_id`, `p`.`product_name`, `pb`.`product_brand_name`, `pc`.`category_name`, `pg`.`group_name`, `p`.`barcode`
HAVING `total_stock` > 0
ORDER BY CASE
            WHEN p.barcode = \'n\' THEN 1
            WHEN LOWER(p.product_name) = \'n\' THEN 2
            WHEN LOWER(p.product_name) LIKE \'%n%\' THEN 3
            WHEN LOWER(pb.product_brand_name) LIKE \'n%\' THEN 4
            WHEN LOWER(pc.category_name) LIKE \'n%\' THEN 5
            WHEN LOWER(pg.group_name) LIKE \'n%\' THEN 6
            ELSE 7
        END
 LIMIT 20')
 2 SYSTEMPATH\Database\BaseConnection.php(646): CodeIgniter\Database\BaseConnection->simpleQuery('SELECT `p`.`product_id` AS `id`, `p`.`product_name` AS `name`, CONCAT(
            p.product_name, \' | \', IFNULL(pb.product_brand_name, \'\'), \' | \', IFNULL(pc.category_name, \'\'), \' | \', IFNULL(pg.group_name, \'\'), \' | Stock: \', COALESCE(SUM(sl.qty_in - sl.qty_out), 0)
        ) AS label, COALESCE(SUM(sl.qty_in - sl.qty_out), 0) AS total_stock
FROM `products` `p`
LEFT JOIN `stock_ledger` `sl` ON `sl`.`product_id` = `p`.`product_id`
LEFT JOIN `product_brand` `pb` ON `pb`.`brand_id` = `p`.`product_brand`
LEFT JOIN `product_category` `pc` ON `pc`.`product_category_id` = `p`.`product_category`
LEFT JOIN `product_group` `pg` ON `pg`.`product_group_id` = `p`.`product_group`
LEFT JOIN `product_opening_stock` `pos` ON `pos`.`product_id` = `p`.`product_id` AND `pos`.`status` = "active"
WHERE `p`.`status` = \'active\'
AND   (

        LOWER(CONCAT(
            p.product_name,\' \',
            IFNULL(pb.product_brand_name,\'\'),\' \',
            IFNULL(pc.category_name,\'\'),\' \',
            IFNULL(pg.group_name,\'\'),\' \',
            IFNULL(p.barcode,\'\')
        )) LIKE \'%n%\'
    
 )
GROUP BY `p`.`product_id`, `p`.`product_name`, `pb`.`product_brand_name`, `pc`.`category_name`, `pg`.`group_name`, `p`.`barcode`
HAVING `total_stock` > 0
ORDER BY CASE
            WHEN p.barcode = \'n\' THEN 1
            WHEN LOWER(p.product_name) = \'n\' THEN 2
            WHEN LOWER(p.product_name) LIKE \'%n%\' THEN 3
            WHEN LOWER(pb.product_brand_name) LIKE \'n%\' THEN 4
            WHEN LOWER(pc.category_name) LIKE \'n%\' THEN 5
            WHEN LOWER(pg.group_name) LIKE \'n%\' THEN 6
            ELSE 7
        END
 LIMIT 20')
 3 SYSTEMPATH\Database\BaseBuilder.php(1649): CodeIgniter\Database\BaseConnection->query('SELECT `p`.`product_id` AS `id`, `p`.`product_name` AS `name`, CONCAT(
            p.product_name, \' | \', IFNULL(pb.product_brand_name, \'\'), \' | \', IFNULL(pc.category_name, \'\'), \' | \', IFNULL(pg.group_name, \'\'), \' | Stock: \', COALESCE(SUM(sl.qty_in - sl.qty_out), 0)
        ) AS label, COALESCE(SUM(sl.qty_in - sl.qty_out), 0) AS total_stock
FROM `products` `p`
LEFT JOIN `stock_ledger` `sl` ON `sl`.`product_id` = `p`.`product_id`
LEFT JOIN `product_brand` `pb` ON `pb`.`brand_id` = `p`.`product_brand`
LEFT JOIN `product_category` `pc` ON `pc`.`product_category_id` = `p`.`product_category`
LEFT JOIN `product_group` `pg` ON `pg`.`product_group_id` = `p`.`product_group`
LEFT JOIN `product_opening_stock` `pos` ON `pos`.`product_id` = `p`.`product_id` AND `pos`.`status` = "active"
WHERE `p`.`status` = :p.status:
AND   (

        LOWER(CONCAT(
            p.product_name,\' \',
            IFNULL(pb.product_brand_name,\'\'),\' \',
            IFNULL(pc.category_name,\'\'),\' \',
            IFNULL(pg.group_name,\'\'),\' \',
            IFNULL(p.barcode,\'\')
        )) LIKE \'%n%\'
    
 )
GROUP BY `p`.`product_id`, `p`.`product_name`, `pb`.`product_brand_name`, `pc`.`category_name`, `pg`.`group_name`, `p`.`barcode`
HAVING `total_stock` > :total_stock:
ORDER BY CASE
            WHEN p.barcode = \'n\' THEN 1
            WHEN LOWER(p.product_name) = \'n\' THEN 2
            WHEN LOWER(p.product_name) LIKE \'%n%\' THEN 3
            WHEN LOWER(pb.product_brand_name) LIKE \'n%\' THEN 4
            WHEN LOWER(pc.category_name) LIKE \'n%\' THEN 5
            WHEN LOWER(pg.group_name) LIKE \'n%\' THEN 6
            ELSE 7
        END
 LIMIT 20', [...], false)
 4 APPPATH\Models\ProductModel.php(296): CodeIgniter\Database\BaseBuilder->get()
 5 APPPATH\Controllers\PosController.php(80): App\Models\ProductModel->searchProducts('n')
 6 SYSTEMPATH\CodeIgniter.php(933): App\Controllers\PosController->productSearch()
 7 SYSTEMPATH\CodeIgniter.php(507): CodeIgniter\CodeIgniter->runController(Object(App\Controllers\PosController))
 8 SYSTEMPATH\CodeIgniter.php(354): CodeIgniter\CodeIgniter->handleRequest(null, Object(Config\Cache), false)
 9 SYSTEMPATH\Boot.php(363): CodeIgniter\CodeIgniter->run()
10 SYSTEMPATH\Boot.php(68): CodeIgniter\Boot::runCodeIgniter(Object(CodeIgniter\CodeIgniter))
11 FCPATH\index.php(59): CodeIgniter\Boot::bootWeb(Object(Config\Paths))
CRITICAL - 2026-08-03 06:33:24 --> [Caused by] mysqli_sql_exception: Illegal mix of collations (utf8mb4_bin,NONE) and (utf8mb4_0900_ai_ci,COERCIBLE) for operation 'like'
in SYSTEMPATH\Database\MySQLi\Connection.php on line 327.
 1 SYSTEMPATH\Database\MySQLi\Connection.php(327): mysqli->query('SELECT `p`.`product_id` AS `id`, `p`.`product_name` AS `name`, CONCAT(
            p.product_name, \' | \', IFNULL(pb.product_brand_name, \'\'), \' | \', IFNULL(pc.category_name, \'\'), \' | \', IFNULL(pg.group_name, \'\'), \' | Stock: \', COALESCE(SUM(sl.qty_in - sl.qty_out), 0)
        ) AS label, COALESCE(SUM(sl.qty_in - sl.qty_out), 0) AS total_stock
FROM `products` `p`
LEFT JOIN `stock_ledger` `sl` ON `sl`.`product_id` = `p`.`product_id`
LEFT JOIN `product_brand` `pb` ON `pb`.`brand_id` = `p`.`product_brand`
LEFT JOIN `product_category` `pc` ON `pc`.`product_category_id` = `p`.`product_category`
LEFT JOIN `product_group` `pg` ON `pg`.`product_group_id` = `p`.`product_group`
LEFT JOIN `product_opening_stock` `pos` ON `pos`.`product_id` = `p`.`product_id` AND `pos`.`status` = "active"
WHERE `p`.`status` = \'active\'
AND   (

        LOWER(CONCAT(
            p.product_name,\' \',
            IFNULL(pb.product_brand_name,\'\'),\' \',
            IFNULL(pc.category_name,\'\'),\' \',
            IFNULL(pg.group_name,\'\'),\' \',
            IFNULL(p.barcode,\'\')
        )) LIKE \'%n%\'
    
 )
GROUP BY `p`.`product_id`, `p`.`product_name`, `pb`.`product_brand_name`, `pc`.`category_name`, `pg`.`group_name`, `p`.`barcode`
HAVING `total_stock` > 0
ORDER BY CASE
            WHEN p.barcode = \'n\' THEN 1
            WHEN LOWER(p.product_name) = \'n\' THEN 2
            WHEN LOWER(p.product_name) LIKE \'%n%\' THEN 3
            WHEN LOWER(pb.product_brand_name) LIKE \'n%\' THEN 4
            WHEN LOWER(pc.category_name) LIKE \'n%\' THEN 5
            WHEN LOWER(pg.group_name) LIKE \'n%\' THEN 6
            ELSE 7
        END
 LIMIT 20', 0)
 2 SYSTEMPATH\Database\BaseConnection.php(729): CodeIgniter\Database\MySQLi\Connection->execute('SELECT `p`.`product_id` AS `id`, `p`.`product_name` AS `name`, CONCAT(
            p.product_name, \' | \', IFNULL(pb.product_brand_name, \'\'), \' | \', IFNULL(pc.category_name, \'\'), \' | \', IFNULL(pg.group_name, \'\'), \' | Stock: \', COALESCE(SUM(sl.qty_in - sl.qty_out), 0)
        ) AS label, COALESCE(SUM(sl.qty_in - sl.qty_out), 0) AS total_stock
FROM `products` `p`
LEFT JOIN `stock_ledger` `sl` ON `sl`.`product_id` = `p`.`product_id`
LEFT JOIN `product_brand` `pb` ON `pb`.`brand_id` = `p`.`product_brand`
LEFT JOIN `product_category` `pc` ON `pc`.`product_category_id` = `p`.`product_category`
LEFT JOIN `product_group` `pg` ON `pg`.`product_group_id` = `p`.`product_group`
LEFT JOIN `product_opening_stock` `pos` ON `pos`.`product_id` = `p`.`product_id` AND `pos`.`status` = "active"
WHERE `p`.`status` = \'active\'
AND   (

        LOWER(CONCAT(
            p.product_name,\' \',
            IFNULL(pb.product_brand_name,\'\'),\' \',
            IFNULL(pc.category_name,\'\'),\' \',
            IFNULL(pg.group_name,\'\'),\' \',
            IFNULL(p.barcode,\'\')
        )) LIKE \'%n%\'
    
 )
GROUP BY `p`.`product_id`, `p`.`product_name`, `pb`.`product_brand_name`, `pc`.`category_name`, `pg`.`group_name`, `p`.`barcode`
HAVING `total_stock` > 0
ORDER BY CASE
            WHEN p.barcode = \'n\' THEN 1
            WHEN LOWER(p.product_name) = \'n\' THEN 2
            WHEN LOWER(p.product_name) LIKE \'%n%\' THEN 3
            WHEN LOWER(pb.product_brand_name) LIKE \'n%\' THEN 4
            WHEN LOWER(pc.category_name) LIKE \'n%\' THEN 5
            WHEN LOWER(pg.group_name) LIKE \'n%\' THEN 6
            ELSE 7
        END
 LIMIT 20')
 3 SYSTEMPATH\Database\BaseConnection.php(646): CodeIgniter\Database\BaseConnection->simpleQuery('SELECT `p`.`product_id` AS `id`, `p`.`product_name` AS `name`, CONCAT(
            p.product_name, \' | \', IFNULL(pb.product_brand_name, \'\'), \' | \', IFNULL(pc.category_name, \'\'), \' | \', IFNULL(pg.group_name, \'\'), \' | Stock: \', COALESCE(SUM(sl.qty_in - sl.qty_out), 0)
        ) AS label, COALESCE(SUM(sl.qty_in - sl.qty_out), 0) AS total_stock
FROM `products` `p`
LEFT JOIN `stock_ledger` `sl` ON `sl`.`product_id` = `p`.`product_id`
LEFT JOIN `product_brand` `pb` ON `pb`.`brand_id` = `p`.`product_brand`
LEFT JOIN `product_category` `pc` ON `pc`.`product_category_id` = `p`.`product_category`
LEFT JOIN `product_group` `pg` ON `pg`.`product_group_id` = `p`.`product_group`
LEFT JOIN `product_opening_stock` `pos` ON `pos`.`product_id` = `p`.`product_id` AND `pos`.`status` = "active"
WHERE `p`.`status` = \'active\'
AND   (

        LOWER(CONCAT(
            p.product_name,\' \',
            IFNULL(pb.product_brand_name,\'\'),\' \',
            IFNULL(pc.category_name,\'\'),\' \',
            IFNULL(pg.group_name,\'\'),\' \',
            IFNULL(p.barcode,\'\')
        )) LIKE \'%n%\'
    
 )
GROUP BY `p`.`product_id`, `p`.`product_name`, `pb`.`product_brand_name`, `pc`.`category_name`, `pg`.`group_name`, `p`.`barcode`
HAVING `total_stock` > 0
ORDER BY CASE
            WHEN p.barcode = \'n\' THEN 1
            WHEN LOWER(p.product_name) = \'n\' THEN 2
            WHEN LOWER(p.product_name) LIKE \'%n%\' THEN 3
            WHEN LOWER(pb.product_brand_name) LIKE \'n%\' THEN 4
            WHEN LOWER(pc.category_name) LIKE \'n%\' THEN 5
            WHEN LOWER(pg.group_name) LIKE \'n%\' THEN 6
            ELSE 7
        END
 LIMIT 20')
 4 SYSTEMPATH\Database\BaseBuilder.php(1649): CodeIgniter\Database\BaseConnection->query('SELECT `p`.`product_id` AS `id`, `p`.`product_name` AS `name`, CONCAT(
            p.product_name, \' | \', IFNULL(pb.product_brand_name, \'\'), \' | \', IFNULL(pc.category_name, \'\'), \' | \', IFNULL(pg.group_name, \'\'), \' | Stock: \', COALESCE(SUM(sl.qty_in - sl.qty_out), 0)
        ) AS label, COALESCE(SUM(sl.qty_in - sl.qty_out), 0) AS total_stock
FROM `products` `p`
LEFT JOIN `stock_ledger` `sl` ON `sl`.`product_id` = `p`.`product_id`
LEFT JOIN `product_brand` `pb` ON `pb`.`brand_id` = `p`.`product_brand`
LEFT JOIN `product_category` `pc` ON `pc`.`product_category_id` = `p`.`product_category`
LEFT JOIN `product_group` `pg` ON `pg`.`product_group_id` = `p`.`product_group`
LEFT JOIN `product_opening_stock` `pos` ON `pos`.`product_id` = `p`.`product_id` AND `pos`.`status` = "active"
WHERE `p`.`status` = :p.status:
AND   (

        LOWER(CONCAT(
            p.product_name,\' \',
            IFNULL(pb.product_brand_name,\'\'),\' \',
            IFNULL(pc.category_name,\'\'),\' \',
            IFNULL(pg.group_name,\'\'),\' \',
            IFNULL(p.barcode,\'\')
        )) LIKE \'%n%\'
    
 )
GROUP BY `p`.`product_id`, `p`.`product_name`, `pb`.`product_brand_name`, `pc`.`category_name`, `pg`.`group_name`, `p`.`barcode`
HAVING `total_stock` > :total_stock:
ORDER BY CASE
            WHEN p.barcode = \'n\' THEN 1
            WHEN LOWER(p.product_name) = \'n\' THEN 2
            WHEN LOWER(p.product_name) LIKE \'%n%\' THEN 3
            WHEN LOWER(pb.product_brand_name) LIKE \'n%\' THEN 4
            WHEN LOWER(pc.category_name) LIKE \'n%\' THEN 5
            WHEN LOWER(pg.group_name) LIKE \'n%\' THEN 6
            ELSE 7
        END
 LIMIT 20', [...], false)
 5 APPPATH\Models\ProductModel.php(296): CodeIgniter\Database\BaseBuilder->get()
 6 APPPATH\Controllers\PosController.php(80): App\Models\ProductModel->searchProducts('n')
 7 SYSTEMPATH\CodeIgniter.php(933): App\Controllers\PosController->productSearch()
 8 SYSTEMPATH\CodeIgniter.php(507): CodeIgniter\CodeIgniter->runController(Object(App\Controllers\PosController))
 9 SYSTEMPATH\CodeIgniter.php(354): CodeIgniter\CodeIgniter->handleRequest(null, Object(Config\Cache), false)
10 SYSTEMPATH\Boot.php(363): CodeIgniter\CodeIgniter->run()
11 SYSTEMPATH\Boot.php(68): CodeIgniter\Boot::runCodeIgniter(Object(CodeIgniter\CodeIgniter))
12 FCPATH\index.php(59): CodeIgniter\Boot::bootWeb(Object(Config\Paths))
DEBUG - 2026-08-03 06:33:25 --> Session: Class initialized using 'CodeIgniter\Session\Handlers\FileHandler' driver.
ERROR - 2026-08-03 06:33:25 --> mysqli_sql_exception: Illegal mix of collations (utf8mb4_bin,NONE) and (utf8mb4_0900_ai_ci,COERCIBLE) for operation 'like' in C:\laragon\www\pharmacy-project\system\Database\MySQLi\Connection.php:327
Stack trace:
#0 C:\laragon\www\pharmacy-project\system\Database\MySQLi\Connection.php(327): mysqli->query('SELECT `p`.`pro...', 0)
#1 C:\laragon\www\pharmacy-project\system\Database\BaseConnection.php(729): CodeIgniter\Database\MySQLi\Connection->execute('SELECT `p`.`pro...')
#2 C:\laragon\www\pharmacy-project\system\Database\BaseConnection.php(646): CodeIgniter\Database\BaseConnection->simpleQuery('SELECT `p`.`pro...')
#3 C:\laragon\www\pharmacy-project\system\Database\BaseBuilder.php(1649): CodeIgniter\Database\BaseConnection->query('SELECT `p`.`pro...', Array, false)
#4 C:\laragon\www\pharmacy-project\app\Models\ProductModel.php(296): CodeIgniter\Database\BaseBuilder->get()
#5 C:\laragon\www\pharmacy-project\app\Controllers\PosController.php(80): App\Models\ProductModel->searchProducts('na')
#6 C:\laragon\www\pharmacy-project\system\CodeIgniter.php(933): App\Controllers\PosController->productSearch()
#7 C:\laragon\www\pharmacy-project\system\CodeIgniter.php(507): CodeIgniter\CodeIgniter->runController(Object(App\Controllers\PosController))
#8 C:\laragon\www\pharmacy-project\system\CodeIgniter.php(354): CodeIgniter\CodeIgniter->handleRequest(NULL, Object(Config\Cache), false)
#9 C:\laragon\www\pharmacy-project\system\Boot.php(363): CodeIgniter\CodeIgniter->run()
#10 C:\laragon\www\pharmacy-project\system\Boot.php(68): CodeIgniter\Boot::runCodeIgniter(Object(CodeIgniter\CodeIgniter))
#11 C:\laragon\www\pharmacy-project\index.php(59): CodeIgniter\Boot::bootWeb(Object(Config\Paths))
#12 {main}
CRITICAL - 2026-08-03 06:33:25 --> CodeIgniter\Database\Exceptions\DatabaseException: Illegal mix of collations (utf8mb4_bin,NONE) and (utf8mb4_0900_ai_ci,COERCIBLE) for operation 'like'
[Method: GET, Route: pos/product-search]
in SYSTEMPATH\Database\BaseConnection.php on line 684.
 1 SYSTEMPATH\Database\BaseBuilder.php(1649): CodeIgniter\Database\BaseConnection->query('SELECT `p`.`product_id` AS `id`, `p`.`product_name` AS `name`, CONCAT(
            p.product_name, \' | \', IFNULL(pb.product_brand_name, \'\'), \' | \', IFNULL(pc.category_name, \'\'), \' | \', IFNULL(pg.group_name, \'\'), \' | Stock: \', COALESCE(SUM(sl.qty_in - sl.qty_out), 0)
        ) AS label, COALESCE(SUM(sl.qty_in - sl.qty_out), 0) AS total_stock
FROM `products` `p`
LEFT JOIN `stock_ledger` `sl` ON `sl`.`product_id` = `p`.`product_id`
LEFT JOIN `product_brand` `pb` ON `pb`.`brand_id` = `p`.`product_brand`
LEFT JOIN `product_category` `pc` ON `pc`.`product_category_id` = `p`.`product_category`
LEFT JOIN `product_group` `pg` ON `pg`.`product_group_id` = `p`.`product_group`
LEFT JOIN `product_opening_stock` `pos` ON `pos`.`product_id` = `p`.`product_id` AND `pos`.`status` = "active"
WHERE `p`.`status` = :p.status:
AND   (

        LOWER(CONCAT(
            p.product_name,\' \',
            IFNULL(pb.product_brand_name,\'\'),\' \',
            IFNULL(pc.category_name,\'\'),\' \',
            IFNULL(pg.group_name,\'\'),\' \',
            IFNULL(p.barcode,\'\')
        )) LIKE \'%na%\'
    
 )
GROUP BY `p`.`product_id`, `p`.`product_name`, `pb`.`product_brand_name`, `pc`.`category_name`, `pg`.`group_name`, `p`.`barcode`
HAVING `total_stock` > :total_stock:
ORDER BY CASE
            WHEN p.barcode = \'na\' THEN 1
            WHEN LOWER(p.product_name) = \'na\' THEN 2
            WHEN LOWER(p.product_name) LIKE \'%na%\' THEN 3
            WHEN LOWER(pb.product_brand_name) LIKE \'na%\' THEN 4
            WHEN LOWER(pc.category_name) LIKE \'na%\' THEN 5
            WHEN LOWER(pg.group_name) LIKE \'na%\' THEN 6
            ELSE 7
        END
 LIMIT 20', [...], false)
 2 APPPATH\Models\ProductModel.php(296): CodeIgniter\Database\BaseBuilder->get()
 3 APPPATH\Controllers\PosController.php(80): App\Models\ProductModel->searchProducts('na')
 4 SYSTEMPATH\CodeIgniter.php(933): App\Controllers\PosController->productSearch()
 5 SYSTEMPATH\CodeIgniter.php(507): CodeIgniter\CodeIgniter->runController(Object(App\Controllers\PosController))
 6 SYSTEMPATH\CodeIgniter.php(354): CodeIgniter\CodeIgniter->handleRequest(null, Object(Config\Cache), false)
 7 SYSTEMPATH\Boot.php(363): CodeIgniter\CodeIgniter->run()
 8 SYSTEMPATH\Boot.php(68): CodeIgniter\Boot::runCodeIgniter(Object(CodeIgniter\CodeIgniter))
 9 FCPATH\index.php(59): CodeIgniter\Boot::bootWeb(Object(Config\Paths))
CRITICAL - 2026-08-03 06:33:25 --> [Caused by] CodeIgniter\Database\Exceptions\DatabaseException: Illegal mix of collations (utf8mb4_bin,NONE) and (utf8mb4_0900_ai_ci,COERCIBLE) for operation 'like'
in SYSTEMPATH\Database\MySQLi\Connection.php on line 332.
 1 SYSTEMPATH\Database\BaseConnection.php(729): CodeIgniter\Database\MySQLi\Connection->execute('SELECT `p`.`product_id` AS `id`, `p`.`product_name` AS `name`, CONCAT(
            p.product_name, \' | \', IFNULL(pb.product_brand_name, \'\'), \' | \', IFNULL(pc.category_name, \'\'), \' | \', IFNULL(pg.group_name, \'\'), \' | Stock: \', COALESCE(SUM(sl.qty_in - sl.qty_out), 0)
        ) AS label, COALESCE(SUM(sl.qty_in - sl.qty_out), 0) AS total_stock
FROM `products` `p`
LEFT JOIN `stock_ledger` `sl` ON `sl`.`product_id` = `p`.`product_id`
LEFT JOIN `product_brand` `pb` ON `pb`.`brand_id` = `p`.`product_brand`
LEFT JOIN `product_category` `pc` ON `pc`.`product_category_id` = `p`.`product_category`
LEFT JOIN `product_group` `pg` ON `pg`.`product_group_id` = `p`.`product_group`
LEFT JOIN `product_opening_stock` `pos` ON `pos`.`product_id` = `p`.`product_id` AND `pos`.`status` = "active"
WHERE `p`.`status` = \'active\'
AND   (

        LOWER(CONCAT(
            p.product_name,\' \',
            IFNULL(pb.product_brand_name,\'\'),\' \',
            IFNULL(pc.category_name,\'\'),\' \',
            IFNULL(pg.group_name,\'\'),\' \',
            IFNULL(p.barcode,\'\')
        )) LIKE \'%na%\'
    
 )
GROUP BY `p`.`product_id`, `p`.`product_name`, `pb`.`product_brand_name`, `pc`.`category_name`, `pg`.`group_name`, `p`.`barcode`
HAVING `total_stock` > 0
ORDER BY CASE
            WHEN p.barcode = \'na\' THEN 1
            WHEN LOWER(p.product_name) = \'na\' THEN 2
            WHEN LOWER(p.product_name) LIKE \'%na%\' THEN 3
            WHEN LOWER(pb.product_brand_name) LIKE \'na%\' THEN 4
            WHEN LOWER(pc.category_name) LIKE \'na%\' THEN 5
            WHEN LOWER(pg.group_name) LIKE \'na%\' THEN 6
            ELSE 7
        END
 LIMIT 20')
 2 SYSTEMPATH\Database\BaseConnection.php(646): CodeIgniter\Database\BaseConnection->simpleQuery('SELECT `p`.`product_id` AS `id`, `p`.`product_name` AS `name`, CONCAT(
            p.product_name, \' | \', IFNULL(pb.product_brand_name, \'\'), \' | \', IFNULL(pc.category_name, \'\'), \' | \', IFNULL(pg.group_name, \'\'), \' | Stock: \', COALESCE(SUM(sl.qty_in - sl.qty_out), 0)
        ) AS label, COALESCE(SUM(sl.qty_in - sl.qty_out), 0) AS total_stock
FROM `products` `p`
LEFT JOIN `stock_ledger` `sl` ON `sl`.`product_id` = `p`.`product_id`
LEFT JOIN `product_brand` `pb` ON `pb`.`brand_id` = `p`.`product_brand`
LEFT JOIN `product_category` `pc` ON `pc`.`product_category_id` = `p`.`product_category`
LEFT JOIN `product_group` `pg` ON `pg`.`product_group_id` = `p`.`product_group`
LEFT JOIN `product_opening_stock` `pos` ON `pos`.`product_id` = `p`.`product_id` AND `pos`.`status` = "active"
WHERE `p`.`status` = \'active\'
AND   (

        LOWER(CONCAT(
            p.product_name,\' \',
            IFNULL(pb.product_brand_name,\'\'),\' \',
            IFNULL(pc.category_name,\'\'),\' \',
            IFNULL(pg.group_name,\'\'),\' \',
            IFNULL(p.barcode,\'\')
        )) LIKE \'%na%\'
    
 )
GROUP BY `p`.`product_id`, `p`.`product_name`, `pb`.`product_brand_name`, `pc`.`category_name`, `pg`.`group_name`, `p`.`barcode`
HAVING `total_stock` > 0
ORDER BY CASE
            WHEN p.barcode = \'na\' THEN 1
            WHEN LOWER(p.product_name) = \'na\' THEN 2
            WHEN LOWER(p.product_name) LIKE \'%na%\' THEN 3
            WHEN LOWER(pb.product_brand_name) LIKE \'na%\' THEN 4
            WHEN LOWER(pc.category_name) LIKE \'na%\' THEN 5
            WHEN LOWER(pg.group_name) LIKE \'na%\' THEN 6
            ELSE 7
        END
 LIMIT 20')
 3 SYSTEMPATH\Database\BaseBuilder.php(1649): CodeIgniter\Database\BaseConnection->query('SELECT `p`.`product_id` AS `id`, `p`.`product_name` AS `name`, CONCAT(
            p.product_name, \' | \', IFNULL(pb.product_brand_name, \'\'), \' | \', IFNULL(pc.category_name, \'\'), \' | \', IFNULL(pg.group_name, \'\'), \' | Stock: \', COALESCE(SUM(sl.qty_in - sl.qty_out), 0)
        ) AS label, COALESCE(SUM(sl.qty_in - sl.qty_out), 0) AS total_stock
FROM `products` `p`
LEFT JOIN `stock_ledger` `sl` ON `sl`.`product_id` = `p`.`product_id`
LEFT JOIN `product_brand` `pb` ON `pb`.`brand_id` = `p`.`product_brand`
LEFT JOIN `product_category` `pc` ON `pc`.`product_category_id` = `p`.`product_category`
LEFT JOIN `product_group` `pg` ON `pg`.`product_group_id` = `p`.`product_group`
LEFT JOIN `product_opening_stock` `pos` ON `pos`.`product_id` = `p`.`product_id` AND `pos`.`status` = "active"
WHERE `p`.`status` = :p.status:
AND   (

        LOWER(CONCAT(
            p.product_name,\' \',
            IFNULL(pb.product_brand_name,\'\'),\' \',
            IFNULL(pc.category_name,\'\'),\' \',
            IFNULL(pg.group_name,\'\'),\' \',
            IFNULL(p.barcode,\'\')
        )) LIKE \'%na%\'
    
 )
GROUP BY `p`.`product_id`, `p`.`product_name`, `pb`.`product_brand_name`, `pc`.`category_name`, `pg`.`group_name`, `p`.`barcode`
HAVING `total_stock` > :total_stock:
ORDER BY CASE
            WHEN p.barcode = \'na\' THEN 1
            WHEN LOWER(p.product_name) = \'na\' THEN 2
            WHEN LOWER(p.product_name) LIKE \'%na%\' THEN 3
            WHEN LOWER(pb.product_brand_name) LIKE \'na%\' THEN 4
            WHEN LOWER(pc.category_name) LIKE \'na%\' THEN 5
            WHEN LOWER(pg.group_name) LIKE \'na%\' THEN 6
            ELSE 7
        END
 LIMIT 20', [...], false)
 4 APPPATH\Models\ProductModel.php(296): CodeIgniter\Database\BaseBuilder->get()
 5 APPPATH\Controllers\PosController.php(80): App\Models\ProductModel->searchProducts('na')
 6 SYSTEMPATH\CodeIgniter.php(933): App\Controllers\PosController->productSearch()
 7 SYSTEMPATH\CodeIgniter.php(507): CodeIgniter\CodeIgniter->runController(Object(App\Controllers\PosController))
 8 SYSTEMPATH\CodeIgniter.php(354): CodeIgniter\CodeIgniter->handleRequest(null, Object(Config\Cache), false)
 9 SYSTEMPATH\Boot.php(363): CodeIgniter\CodeIgniter->run()
10 SYSTEMPATH\Boot.php(68): CodeIgniter\Boot::runCodeIgniter(Object(CodeIgniter\CodeIgniter))
11 FCPATH\index.php(59): CodeIgniter\Boot::bootWeb(Object(Config\Paths))
CRITICAL - 2026-08-03 06:33:25 --> [Caused by] mysqli_sql_exception: Illegal mix of collations (utf8mb4_bin,NONE) and (utf8mb4_0900_ai_ci,COERCIBLE) for operation 'like'
in SYSTEMPATH\Database\MySQLi\Connection.php on line 327.
 1 SYSTEMPATH\Database\MySQLi\Connection.php(327): mysqli->query('SELECT `p`.`product_id` AS `id`, `p`.`product_name` AS `name`, CONCAT(
            p.product_name, \' | \', IFNULL(pb.product_brand_name, \'\'), \' | \', IFNULL(pc.category_name, \'\'), \' | \', IFNULL(pg.group_name, \'\'), \' | Stock: \', COALESCE(SUM(sl.qty_in - sl.qty_out), 0)
        ) AS label, COALESCE(SUM(sl.qty_in - sl.qty_out), 0) AS total_stock
FROM `products` `p`
LEFT JOIN `stock_ledger` `sl` ON `sl`.`product_id` = `p`.`product_id`
LEFT JOIN `product_brand` `pb` ON `pb`.`brand_id` = `p`.`product_brand`
LEFT JOIN `product_category` `pc` ON `pc`.`product_category_id` = `p`.`product_category`
LEFT JOIN `product_group` `pg` ON `pg`.`product_group_id` = `p`.`product_group`
LEFT JOIN `product_opening_stock` `pos` ON `pos`.`product_id` = `p`.`product_id` AND `pos`.`status` = "active"
WHERE `p`.`status` = \'active\'
AND   (

        LOWER(CONCAT(
            p.product_name,\' \',
            IFNULL(pb.product_brand_name,\'\'),\' \',
            IFNULL(pc.category_name,\'\'),\' \',
            IFNULL(pg.group_name,\'\'),\' \',
            IFNULL(p.barcode,\'\')
        )) LIKE \'%na%\'
    
 )
GROUP BY `p`.`product_id`, `p`.`product_name`, `pb`.`product_brand_name`, `pc`.`category_name`, `pg`.`group_name`, `p`.`barcode`
HAVING `total_stock` > 0
ORDER BY CASE
            WHEN p.barcode = \'na\' THEN 1
            WHEN LOWER(p.product_name) = \'na\' THEN 2
            WHEN LOWER(p.product_name) LIKE \'%na%\' THEN 3
            WHEN LOWER(pb.product_brand_name) LIKE \'na%\' THEN 4
            WHEN LOWER(pc.category_name) LIKE \'na%\' THEN 5
            WHEN LOWER(pg.group_name) LIKE \'na%\' THEN 6
            ELSE 7
        END
 LIMIT 20', 0)
 2 SYSTEMPATH\Database\BaseConnection.php(729): CodeIgniter\Database\MySQLi\Connection->execute('SELECT `p`.`product_id` AS `id`, `p`.`product_name` AS `name`, CONCAT(
            p.product_name, \' | \', IFNULL(pb.product_brand_name, \'\'), \' | \', IFNULL(pc.category_name, \'\'), \' | \', IFNULL(pg.group_name, \'\'), \' | Stock: \', COALESCE(SUM(sl.qty_in - sl.qty_out), 0)
        ) AS label, COALESCE(SUM(sl.qty_in - sl.qty_out), 0) AS total_stock
FROM `products` `p`
LEFT JOIN `stock_ledger` `sl` ON `sl`.`product_id` = `p`.`product_id`
LEFT JOIN `product_brand` `pb` ON `pb`.`brand_id` = `p`.`product_brand`
LEFT JOIN `product_category` `pc` ON `pc`.`product_category_id` = `p`.`product_category`
LEFT JOIN `product_group` `pg` ON `pg`.`product_group_id` = `p`.`product_group`
LEFT JOIN `product_opening_stock` `pos` ON `pos`.`product_id` = `p`.`product_id` AND `pos`.`status` = "active"
WHERE `p`.`status` = \'active\'
AND   (

        LOWER(CONCAT(
            p.product_name,\' \',
            IFNULL(pb.product_brand_name,\'\'),\' \',
            IFNULL(pc.category_name,\'\'),\' \',
            IFNULL(pg.group_name,\'\'),\' \',
            IFNULL(p.barcode,\'\')
        )) LIKE \'%na%\'
    
 )
GROUP BY `p`.`product_id`, `p`.`product_name`, `pb`.`product_brand_name`, `pc`.`category_name`, `pg`.`group_name`, `p`.`barcode`
HAVING `total_stock` > 0
ORDER BY CASE
            WHEN p.barcode = \'na\' THEN 1
            WHEN LOWER(p.product_name) = \'na\' THEN 2
            WHEN LOWER(p.product_name) LIKE \'%na%\' THEN 3
            WHEN LOWER(pb.product_brand_name) LIKE \'na%\' THEN 4
            WHEN LOWER(pc.category_name) LIKE \'na%\' THEN 5
            WHEN LOWER(pg.group_name) LIKE \'na%\' THEN 6
            ELSE 7
        END
 LIMIT 20')
 3 SYSTEMPATH\Database\BaseConnection.php(646): CodeIgniter\Database\BaseConnection->simpleQuery('SELECT `p`.`product_id` AS `id`, `p`.`product_name` AS `name`, CONCAT(
            p.product_name, \' | \', IFNULL(pb.product_brand_name, \'\'), \' | \', IFNULL(pc.category_name, \'\'), \' | \', IFNULL(pg.group_name, \'\'), \' | Stock: \', COALESCE(SUM(sl.qty_in - sl.qty_out), 0)
        ) AS label, COALESCE(SUM(sl.qty_in - sl.qty_out), 0) AS total_stock
FROM `products` `p`
LEFT JOIN `stock_ledger` `sl` ON `sl`.`product_id` = `p`.`product_id`
LEFT JOIN `product_brand` `pb` ON `pb`.`brand_id` = `p`.`product_brand`
LEFT JOIN `product_category` `pc` ON `pc`.`product_category_id` = `p`.`product_category`
LEFT JOIN `product_group` `pg` ON `pg`.`product_group_id` = `p`.`product_group`
LEFT JOIN `product_opening_stock` `pos` ON `pos`.`product_id` = `p`.`product_id` AND `pos`.`status` = "active"
WHERE `p`.`status` = \'active\'
AND   (

        LOWER(CONCAT(
            p.product_name,\' \',
            IFNULL(pb.product_brand_name,\'\'),\' \',
            IFNULL(pc.category_name,\'\'),\' \',
            IFNULL(pg.group_name,\'\'),\' \',
            IFNULL(p.barcode,\'\')
        )) LIKE \'%na%\'
    
 )
GROUP BY `p`.`product_id`, `p`.`product_name`, `pb`.`product_brand_name`, `pc`.`category_name`, `pg`.`group_name`, `p`.`barcode`
HAVING `total_stock` > 0
ORDER BY CASE
            WHEN p.barcode = \'na\' THEN 1
            WHEN LOWER(p.product_name) = \'na\' THEN 2
            WHEN LOWER(p.product_name) LIKE \'%na%\' THEN 3
            WHEN LOWER(pb.product_brand_name) LIKE \'na%\' THEN 4
            WHEN LOWER(pc.category_name) LIKE \'na%\' THEN 5
            WHEN LOWER(pg.group_name) LIKE \'na%\' THEN 6
            ELSE 7
        END
 LIMIT 20')
 4 SYSTEMPATH\Database\BaseBuilder.php(1649): CodeIgniter\Database\BaseConnection->query('SELECT `p`.`product_id` AS `id`, `p`.`product_name` AS `name`, CONCAT(
            p.product_name, \' | \', IFNULL(pb.product_brand_name, \'\'), \' | \', IFNULL(pc.category_name, \'\'), \' | \', IFNULL(pg.group_name, \'\'), \' | Stock: \', COALESCE(SUM(sl.qty_in - sl.qty_out), 0)
        ) AS label, COALESCE(SUM(sl.qty_in - sl.qty_out), 0) AS total_stock
FROM `products` `p`
LEFT JOIN `stock_ledger` `sl` ON `sl`.`product_id` = `p`.`product_id`
LEFT JOIN `product_brand` `pb` ON `pb`.`brand_id` = `p`.`product_brand`
LEFT JOIN `product_category` `pc` ON `pc`.`product_category_id` = `p`.`product_category`
LEFT JOIN `product_group` `pg` ON `pg`.`product_group_id` = `p`.`product_group`
LEFT JOIN `product_opening_stock` `pos` ON `pos`.`product_id` = `p`.`product_id` AND `pos`.`status` = "active"
WHERE `p`.`status` = :p.status:
AND   (

        LOWER(CONCAT(
            p.product_name,\' \',
            IFNULL(pb.product_brand_name,\'\'),\' \',
            IFNULL(pc.category_name,\'\'),\' \',
            IFNULL(pg.group_name,\'\'),\' \',
            IFNULL(p.barcode,\'\')
        )) LIKE \'%na%\'
    
 )
GROUP BY `p`.`product_id`, `p`.`product_name`, `pb`.`product_brand_name`, `pc`.`category_name`, `pg`.`group_name`, `p`.`barcode`
HAVING `total_stock` > :total_stock:
ORDER BY CASE
            WHEN p.barcode = \'na\' THEN 1
            WHEN LOWER(p.product_name) = \'na\' THEN 2
            WHEN LOWER(p.product_name) LIKE \'%na%\' THEN 3
            WHEN LOWER(pb.product_brand_name) LIKE \'na%\' THEN 4
            WHEN LOWER(pc.category_name) LIKE \'na%\' THEN 5
            WHEN LOWER(pg.group_name) LIKE \'na%\' THEN 6
            ELSE 7
        END
 LIMIT 20', [...], false)
 5 APPPATH\Models\ProductModel.php(296): CodeIgniter\Database\BaseBuilder->get()
 6 APPPATH\Controllers\PosController.php(80): App\Models\ProductModel->searchProducts('na')
 7 SYSTEMPATH\CodeIgniter.php(933): App\Controllers\PosController->productSearch()
 8 SYSTEMPATH\CodeIgniter.php(507): CodeIgniter\CodeIgniter->runController(Object(App\Controllers\PosController))
 9 SYSTEMPATH\CodeIgniter.php(354): CodeIgniter\CodeIgniter->handleRequest(null, Object(Config\Cache), false)
10 SYSTEMPATH\Boot.php(363): CodeIgniter\CodeIgniter->run()
11 SYSTEMPATH\Boot.php(68): CodeIgniter\Boot::runCodeIgniter(Object(CodeIgniter\CodeIgniter))
12 FCPATH\index.php(59): CodeIgniter\Boot::bootWeb(Object(Config\Paths))
DEBUG - 2026-08-03 06:33:35 --> Session: Class initialized using 'CodeIgniter\Session\Handlers\FileHandler' driver.
ERROR - 2026-08-03 06:33:35 --> mysqli_sql_exception: Illegal mix of collations (utf8mb4_bin,NONE) and (utf8mb4_0900_ai_ci,COERCIBLE) for operation 'like' in C:\laragon\www\pharmacy-project\system\Database\MySQLi\Connection.php:327
Stack trace:
#0 C:\laragon\www\pharmacy-project\system\Database\MySQLi\Connection.php(327): mysqli->query('SELECT `p`.`pro...', 0)
#1 C:\laragon\www\pharmacy-project\system\Database\BaseConnection.php(729): CodeIgniter\Database\MySQLi\Connection->execute('SELECT `p`.`pro...')
#2 C:\laragon\www\pharmacy-project\system\Database\BaseConnection.php(646): CodeIgniter\Database\BaseConnection->simpleQuery('SELECT `p`.`pro...')
#3 C:\laragon\www\pharmacy-project\system\Database\BaseBuilder.php(1649): CodeIgniter\Database\BaseConnection->query('SELECT `p`.`pro...', Array, false)
#4 C:\laragon\www\pharmacy-project\app\Models\ProductModel.php(296): CodeIgniter\Database\BaseBuilder->get()
#5 C:\laragon\www\pharmacy-project\app\Controllers\PosController.php(80): App\Models\ProductModel->searchProducts('n')
#6 C:\laragon\www\pharmacy-project\system\CodeIgniter.php(933): App\Controllers\PosController->productSearch()
#7 C:\laragon\www\pharmacy-project\system\CodeIgniter.php(507): CodeIgniter\CodeIgniter->runController(Object(App\Controllers\PosController))
#8 C:\laragon\www\pharmacy-project\system\CodeIgniter.php(354): CodeIgniter\CodeIgniter->handleRequest(NULL, Object(Config\Cache), false)
#9 C:\laragon\www\pharmacy-project\system\Boot.php(363): CodeIgniter\CodeIgniter->run()
#10 C:\laragon\www\pharmacy-project\system\Boot.php(68): CodeIgniter\Boot::runCodeIgniter(Object(CodeIgniter\CodeIgniter))
#11 C:\laragon\www\pharmacy-project\index.php(59): CodeIgniter\Boot::bootWeb(Object(Config\Paths))
#12 {main}
CRITICAL - 2026-08-03 06:33:35 --> CodeIgniter\Database\Exceptions\DatabaseException: Illegal mix of collations (utf8mb4_bin,NONE) and (utf8mb4_0900_ai_ci,COERCIBLE) for operation 'like'
[Method: GET, Route: pos/product-search]
in SYSTEMPATH\Database\BaseConnection.php on line 684.
 1 SYSTEMPATH\Database\BaseBuilder.php(1649): CodeIgniter\Database\BaseConnection->query('SELECT `p`.`product_id` AS `id`, `p`.`product_name` AS `name`, CONCAT(
            p.product_name, \' | \', IFNULL(pb.product_brand_name, \'\'), \' | \', IFNULL(pc.category_name, \'\'), \' | \', IFNULL(pg.group_name, \'\'), \' | Stock: \', COALESCE(SUM(sl.qty_in - sl.qty_out), 0)
        ) AS label, COALESCE(SUM(sl.qty_in - sl.qty_out), 0) AS total_stock
FROM `products` `p`
LEFT JOIN `stock_ledger` `sl` ON `sl`.`product_id` = `p`.`product_id`
LEFT JOIN `product_brand` `pb` ON `pb`.`brand_id` = `p`.`product_brand`
LEFT JOIN `product_category` `pc` ON `pc`.`product_category_id` = `p`.`product_category`
LEFT JOIN `product_group` `pg` ON `pg`.`product_group_id` = `p`.`product_group`
LEFT JOIN `product_opening_stock` `pos` ON `pos`.`product_id` = `p`.`product_id` AND `pos`.`status` = "active"
WHERE `p`.`status` = :p.status:
AND   (

        LOWER(CONCAT(
            p.product_name,\' \',
            IFNULL(pb.product_brand_name,\'\'),\' \',
            IFNULL(pc.category_name,\'\'),\' \',
            IFNULL(pg.group_name,\'\'),\' \',
            IFNULL(p.barcode,\'\')
        )) LIKE \'%n%\'
    
 )
GROUP BY `p`.`product_id`, `p`.`product_name`, `pb`.`product_brand_name`, `pc`.`category_name`, `pg`.`group_name`, `p`.`barcode`
HAVING `total_stock` > :total_stock:
ORDER BY CASE
            WHEN p.barcode = \'n\' THEN 1
            WHEN LOWER(p.product_name) = \'n\' THEN 2
            WHEN LOWER(p.product_name) LIKE \'%n%\' THEN 3
            WHEN LOWER(pb.product_brand_name) LIKE \'n%\' THEN 4
            WHEN LOWER(pc.category_name) LIKE \'n%\' THEN 5
            WHEN LOWER(pg.group_name) LIKE \'n%\' THEN 6
            ELSE 7
        END
 LIMIT 20', [...], false)
 2 APPPATH\Models\ProductModel.php(296): CodeIgniter\Database\BaseBuilder->get()
 3 APPPATH\Controllers\PosController.php(80): App\Models\ProductModel->searchProducts('n')
 4 SYSTEMPATH\CodeIgniter.php(933): App\Controllers\PosController->productSearch()
 5 SYSTEMPATH\CodeIgniter.php(507): CodeIgniter\CodeIgniter->runController(Object(App\Controllers\PosController))
 6 SYSTEMPATH\CodeIgniter.php(354): CodeIgniter\CodeIgniter->handleRequest(null, Object(Config\Cache), false)
 7 SYSTEMPATH\Boot.php(363): CodeIgniter\CodeIgniter->run()
 8 SYSTEMPATH\Boot.php(68): CodeIgniter\Boot::runCodeIgniter(Object(CodeIgniter\CodeIgniter))
 9 FCPATH\index.php(59): CodeIgniter\Boot::bootWeb(Object(Config\Paths))
CRITICAL - 2026-08-03 06:33:35 --> [Caused by] CodeIgniter\Database\Exceptions\DatabaseException: Illegal mix of collations (utf8mb4_bin,NONE) and (utf8mb4_0900_ai_ci,COERCIBLE) for operation 'like'
in SYSTEMPATH\Database\MySQLi\Connection.php on line 332.
 1 SYSTEMPATH\Database\BaseConnection.php(729): CodeIgniter\Database\MySQLi\Connection->execute('SELECT `p`.`product_id` AS `id`, `p`.`product_name` AS `name`, CONCAT(
            p.product_name, \' | \', IFNULL(pb.product_brand_name, \'\'), \' | \', IFNULL(pc.category_name, \'\'), \' | \', IFNULL(pg.group_name, \'\'), \' | Stock: \', COALESCE(SUM(sl.qty_in - sl.qty_out), 0)
        ) AS label, COALESCE(SUM(sl.qty_in - sl.qty_out), 0) AS total_stock
FROM `products` `p`
LEFT JOIN `stock_ledger` `sl` ON `sl`.`product_id` = `p`.`product_id`
LEFT JOIN `product_brand` `pb` ON `pb`.`brand_id` = `p`.`product_brand`
LEFT JOIN `product_category` `pc` ON `pc`.`product_category_id` = `p`.`product_category`
LEFT JOIN `product_group` `pg` ON `pg`.`product_group_id` = `p`.`product_group`
LEFT JOIN `product_opening_stock` `pos` ON `pos`.`product_id` = `p`.`product_id` AND `pos`.`status` = "active"
WHERE `p`.`status` = \'active\'
AND   (

        LOWER(CONCAT(
            p.product_name,\' \',
            IFNULL(pb.product_brand_name,\'\'),\' \',
            IFNULL(pc.category_name,\'\'),\' \',
            IFNULL(pg.group_name,\'\'),\' \',
            IFNULL(p.barcode,\'\')
        )) LIKE \'%n%\'
    
 )
GROUP BY `p`.`product_id`, `p`.`product_name`, `pb`.`product_brand_name`, `pc`.`category_name`, `pg`.`group_name`, `p`.`barcode`
HAVING `total_stock` > 0
ORDER BY CASE
            WHEN p.barcode = \'n\' THEN 1
            WHEN LOWER(p.product_name) = \'n\' THEN 2
            WHEN LOWER(p.product_name) LIKE \'%n%\' THEN 3
            WHEN LOWER(pb.product_brand_name) LIKE \'n%\' THEN 4
            WHEN LOWER(pc.category_name) LIKE \'n%\' THEN 5
            WHEN LOWER(pg.group_name) LIKE \'n%\' THEN 6
            ELSE 7
        END
 LIMIT 20')
 2 SYSTEMPATH\Database\BaseConnection.php(646): CodeIgniter\Database\BaseConnection->simpleQuery('SELECT `p`.`product_id` AS `id`, `p`.`product_name` AS `name`, CONCAT(
            p.product_name, \' | \', IFNULL(pb.product_brand_name, \'\'), \' | \', IFNULL(pc.category_name, \'\'), \' | \', IFNULL(pg.group_name, \'\'), \' | Stock: \', COALESCE(SUM(sl.qty_in - sl.qty_out), 0)
        ) AS label, COALESCE(SUM(sl.qty_in - sl.qty_out), 0) AS total_stock
FROM `products` `p`
LEFT JOIN `stock_ledger` `sl` ON `sl`.`product_id` = `p`.`product_id`
LEFT JOIN `product_brand` `pb` ON `pb`.`brand_id` = `p`.`product_brand`
LEFT JOIN `product_category` `pc` ON `pc`.`product_category_id` = `p`.`product_category`
LEFT JOIN `product_group` `pg` ON `pg`.`product_group_id` = `p`.`product_group`
LEFT JOIN `product_opening_stock` `pos` ON `pos`.`product_id` = `p`.`product_id` AND `pos`.`status` = "active"
WHERE `p`.`status` = \'active\'
AND   (

        LOWER(CONCAT(
            p.product_name,\' \',
            IFNULL(pb.product_brand_name,\'\'),\' \',
            IFNULL(pc.category_name,\'\'),\' \',
            IFNULL(pg.group_name,\'\'),\' \',
            IFNULL(p.barcode,\'\')
        )) LIKE \'%n%\'
    
 )
GROUP BY `p`.`product_id`, `p`.`product_name`, `pb`.`product_brand_name`, `pc`.`category_name`, `pg`.`group_name`, `p`.`barcode`
HAVING `total_stock` > 0
ORDER BY CASE
            WHEN p.barcode = \'n\' THEN 1
            WHEN LOWER(p.product_name) = \'n\' THEN 2
            WHEN LOWER(p.product_name) LIKE \'%n%\' THEN 3
            WHEN LOWER(pb.product_brand_name) LIKE \'n%\' THEN 4
            WHEN LOWER(pc.category_name) LIKE \'n%\' THEN 5
            WHEN LOWER(pg.group_name) LIKE \'n%\' THEN 6
            ELSE 7
        END
 LIMIT 20')
 3 SYSTEMPATH\Database\BaseBuilder.php(1649): CodeIgniter\Database\BaseConnection->query('SELECT `p`.`product_id` AS `id`, `p`.`product_name` AS `name`, CONCAT(
            p.product_name, \' | \', IFNULL(pb.product_brand_name, \'\'), \' | \', IFNULL(pc.category_name, \'\'), \' | \', IFNULL(pg.group_name, \'\'), \' | Stock: \', COALESCE(SUM(sl.qty_in - sl.qty_out), 0)
        ) AS label, COALESCE(SUM(sl.qty_in - sl.qty_out), 0) AS total_stock
FROM `products` `p`
LEFT JOIN `stock_ledger` `sl` ON `sl`.`product_id` = `p`.`product_id`
LEFT JOIN `product_brand` `pb` ON `pb`.`brand_id` = `p`.`product_brand`
LEFT JOIN `product_category` `pc` ON `pc`.`product_category_id` = `p`.`product_category`
LEFT JOIN `product_group` `pg` ON `pg`.`product_group_id` = `p`.`product_group`
LEFT JOIN `product_opening_stock` `pos` ON `pos`.`product_id` = `p`.`product_id` AND `pos`.`status` = "active"
WHERE `p`.`status` = :p.status:
AND   (

        LOWER(CONCAT(
            p.product_name,\' \',
            IFNULL(pb.product_brand_name,\'\'),\' \',
            IFNULL(pc.category_name,\'\'),\' \',
            IFNULL(pg.group_name,\'\'),\' \',
            IFNULL(p.barcode,\'\')
        )) LIKE \'%n%\'
    
 )
GROUP BY `p`.`product_id`, `p`.`product_name`, `pb`.`product_brand_name`, `pc`.`category_name`, `pg`.`group_name`, `p`.`barcode`
HAVING `total_stock` > :total_stock:
ORDER BY CASE
            WHEN p.barcode = \'n\' THEN 1
            WHEN LOWER(p.product_name) = \'n\' THEN 2
            WHEN LOWER(p.product_name) LIKE \'%n%\' THEN 3
            WHEN LOWER(pb.product_brand_name) LIKE \'n%\' THEN 4
            WHEN LOWER(pc.category_name) LIKE \'n%\' THEN 5
            WHEN LOWER(pg.group_name) LIKE \'n%\' THEN 6
            ELSE 7
        END
 LIMIT 20', [...], false)
 4 APPPATH\Models\ProductModel.php(296): CodeIgniter\Database\BaseBuilder->get()
 5 APPPATH\Controllers\PosController.php(80): App\Models\ProductModel->searchProducts('n')
 6 SYSTEMPATH\CodeIgniter.php(933): App\Controllers\PosController->productSearch()
 7 SYSTEMPATH\CodeIgniter.php(507): CodeIgniter\CodeIgniter->runController(Object(App\Controllers\PosController))
 8 SYSTEMPATH\CodeIgniter.php(354): CodeIgniter\CodeIgniter->handleRequest(null, Object(Config\Cache), false)
 9 SYSTEMPATH\Boot.php(363): CodeIgniter\CodeIgniter->run()
10 SYSTEMPATH\Boot.php(68): CodeIgniter\Boot::runCodeIgniter(Object(CodeIgniter\CodeIgniter))
11 FCPATH\index.php(59): CodeIgniter\Boot::bootWeb(Object(Config\Paths))
CRITICAL - 2026-08-03 06:33:35 --> [Caused by] mysqli_sql_exception: Illegal mix of collations (utf8mb4_bin,NONE) and (utf8mb4_0900_ai_ci,COERCIBLE) for operation 'like'
in SYSTEMPATH\Database\MySQLi\Connection.php on line 327.
 1 SYSTEMPATH\Database\MySQLi\Connection.php(327): mysqli->query('SELECT `p`.`product_id` AS `id`, `p`.`product_name` AS `name`, CONCAT(
            p.product_name, \' | \', IFNULL(pb.product_brand_name, \'\'), \' | \', IFNULL(pc.category_name, \'\'), \' | \', IFNULL(pg.group_name, \'\'), \' | Stock: \', COALESCE(SUM(sl.qty_in - sl.qty_out), 0)
        ) AS label, COALESCE(SUM(sl.qty_in - sl.qty_out), 0) AS total_stock
FROM `products` `p`
LEFT JOIN `stock_ledger` `sl` ON `sl`.`product_id` = `p`.`product_id`
LEFT JOIN `product_brand` `pb` ON `pb`.`brand_id` = `p`.`product_brand`
LEFT JOIN `product_category` `pc` ON `pc`.`product_category_id` = `p`.`product_category`
LEFT JOIN `product_group` `pg` ON `pg`.`product_group_id` = `p`.`product_group`
LEFT JOIN `product_opening_stock` `pos` ON `pos`.`product_id` = `p`.`product_id` AND `pos`.`status` = "active"
WHERE `p`.`status` = \'active\'
AND   (

        LOWER(CONCAT(
            p.product_name,\' \',
            IFNULL(pb.product_brand_name,\'\'),\' \',
            IFNULL(pc.category_name,\'\'),\' \',
            IFNULL(pg.group_name,\'\'),\' \',
            IFNULL(p.barcode,\'\')
        )) LIKE \'%n%\'
    
 )
GROUP BY `p`.`product_id`, `p`.`product_name`, `pb`.`product_brand_name`, `pc`.`category_name`, `pg`.`group_name`, `p`.`barcode`
HAVING `total_stock` > 0
ORDER BY CASE
            WHEN p.barcode = \'n\' THEN 1
            WHEN LOWER(p.product_name) = \'n\' THEN 2
            WHEN LOWER(p.product_name) LIKE \'%n%\' THEN 3
            WHEN LOWER(pb.product_brand_name) LIKE \'n%\' THEN 4
            WHEN LOWER(pc.category_name) LIKE \'n%\' THEN 5
            WHEN LOWER(pg.group_name) LIKE \'n%\' THEN 6
            ELSE 7
        END
 LIMIT 20', 0)
 2 SYSTEMPATH\Database\BaseConnection.php(729): CodeIgniter\Database\MySQLi\Connection->execute('SELECT `p`.`product_id` AS `id`, `p`.`product_name` AS `name`, CONCAT(
            p.product_name, \' | \', IFNULL(pb.product_brand_name, \'\'), \' | \', IFNULL(pc.category_name, \'\'), \' | \', IFNULL(pg.group_name, \'\'), \' | Stock: \', COALESCE(SUM(sl.qty_in - sl.qty_out), 0)
        ) AS label, COALESCE(SUM(sl.qty_in - sl.qty_out), 0) AS total_stock
FROM `products` `p`
LEFT JOIN `stock_ledger` `sl` ON `sl`.`product_id` = `p`.`product_id`
LEFT JOIN `product_brand` `pb` ON `pb`.`brand_id` = `p`.`product_brand`
LEFT JOIN `product_category` `pc` ON `pc`.`product_category_id` = `p`.`product_category`
LEFT JOIN `product_group` `pg` ON `pg`.`product_group_id` = `p`.`product_group`
LEFT JOIN `product_opening_stock` `pos` ON `pos`.`product_id` = `p`.`product_id` AND `pos`.`status` = "active"
WHERE `p`.`status` = \'active\'
AND   (

        LOWER(CONCAT(
            p.product_name,\' \',
            IFNULL(pb.product_brand_name,\'\'),\' \',
            IFNULL(pc.category_name,\'\'),\' \',
            IFNULL(pg.group_name,\'\'),\' \',
            IFNULL(p.barcode,\'\')
        )) LIKE \'%n%\'
    
 )
GROUP BY `p`.`product_id`, `p`.`product_name`, `pb`.`product_brand_name`, `pc`.`category_name`, `pg`.`group_name`, `p`.`barcode`
HAVING `total_stock` > 0
ORDER BY CASE
            WHEN p.barcode = \'n\' THEN 1
            WHEN LOWER(p.product_name) = \'n\' THEN 2
            WHEN LOWER(p.product_name) LIKE \'%n%\' THEN 3
            WHEN LOWER(pb.product_brand_name) LIKE \'n%\' THEN 4
            WHEN LOWER(pc.category_name) LIKE \'n%\' THEN 5
            WHEN LOWER(pg.group_name) LIKE \'n%\' THEN 6
            ELSE 7
        END
 LIMIT 20')
 3 SYSTEMPATH\Database\BaseConnection.php(646): CodeIgniter\Database\BaseConnection->simpleQuery('SELECT `p`.`product_id` AS `id`, `p`.`product_name` AS `name`, CONCAT(
            p.product_name, \' | \', IFNULL(pb.product_brand_name, \'\'), \' | \', IFNULL(pc.category_name, \'\'), \' | \', IFNULL(pg.group_name, \'\'), \' | Stock: \', COALESCE(SUM(sl.qty_in - sl.qty_out), 0)
        ) AS label, COALESCE(SUM(sl.qty_in - sl.qty_out), 0) AS total_stock
FROM `products` `p`
LEFT JOIN `stock_ledger` `sl` ON `sl`.`product_id` = `p`.`product_id`
LEFT JOIN `product_brand` `pb` ON `pb`.`brand_id` = `p`.`product_brand`
LEFT JOIN `product_category` `pc` ON `pc`.`product_category_id` = `p`.`product_category`
LEFT JOIN `product_group` `pg` ON `pg`.`product_group_id` = `p`.`product_group`
LEFT JOIN `product_opening_stock` `pos` ON `pos`.`product_id` = `p`.`product_id` AND `pos`.`status` = "active"
WHERE `p`.`status` = \'active\'
AND   (

        LOWER(CONCAT(
            p.product_name,\' \',
            IFNULL(pb.product_brand_name,\'\'),\' \',
            IFNULL(pc.category_name,\'\'),\' \',
            IFNULL(pg.group_name,\'\'),\' \',
            IFNULL(p.barcode,\'\')
        )) LIKE \'%n%\'
    
 )
GROUP BY `p`.`product_id`, `p`.`product_name`, `pb`.`product_brand_name`, `pc`.`category_name`, `pg`.`group_name`, `p`.`barcode`
HAVING `total_stock` > 0
ORDER BY CASE
            WHEN p.barcode = \'n\' THEN 1
            WHEN LOWER(p.product_name) = \'n\' THEN 2
            WHEN LOWER(p.product_name) LIKE \'%n%\' THEN 3
            WHEN LOWER(pb.product_brand_name) LIKE \'n%\' THEN 4
            WHEN LOWER(pc.category_name) LIKE \'n%\' THEN 5
            WHEN LOWER(pg.group_name) LIKE \'n%\' THEN 6
            ELSE 7
        END
 LIMIT 20')
 4 SYSTEMPATH\Database\BaseBuilder.php(1649): CodeIgniter\Database\BaseConnection->query('SELECT `p`.`product_id` AS `id`, `p`.`product_name` AS `name`, CONCAT(
            p.product_name, \' | \', IFNULL(pb.product_brand_name, \'\'), \' | \', IFNULL(pc.category_name, \'\'), \' | \', IFNULL(pg.group_name, \'\'), \' | Stock: \', COALESCE(SUM(sl.qty_in - sl.qty_out), 0)
        ) AS label, COALESCE(SUM(sl.qty_in - sl.qty_out), 0) AS total_stock
FROM `products` `p`
LEFT JOIN `stock_ledger` `sl` ON `sl`.`product_id` = `p`.`product_id`
LEFT JOIN `product_brand` `pb` ON `pb`.`brand_id` = `p`.`product_brand`
LEFT JOIN `product_category` `pc` ON `pc`.`product_category_id` = `p`.`product_category`
LEFT JOIN `product_group` `pg` ON `pg`.`product_group_id` = `p`.`product_group`
LEFT JOIN `product_opening_stock` `pos` ON `pos`.`product_id` = `p`.`product_id` AND `pos`.`status` = "active"
WHERE `p`.`status` = :p.status:
AND   (

        LOWER(CONCAT(
            p.product_name,\' \',
            IFNULL(pb.product_brand_name,\'\'),\' \',
            IFNULL(pc.category_name,\'\'),\' \',
            IFNULL(pg.group_name,\'\'),\' \',
            IFNULL(p.barcode,\'\')
        )) LIKE \'%n%\'
    
 )
GROUP BY `p`.`product_id`, `p`.`product_name`, `pb`.`product_brand_name`, `pc`.`category_name`, `pg`.`group_name`, `p`.`barcode`
HAVING `total_stock` > :total_stock:
ORDER BY CASE
            WHEN p.barcode = \'n\' THEN 1
            WHEN LOWER(p.product_name) = \'n\' THEN 2
            WHEN LOWER(p.product_name) LIKE \'%n%\' THEN 3
            WHEN LOWER(pb.product_brand_name) LIKE \'n%\' THEN 4
            WHEN LOWER(pc.category_name) LIKE \'n%\' THEN 5
            WHEN LOWER(pg.group_name) LIKE \'n%\' THEN 6
            ELSE 7
        END
 LIMIT 20', [...], false)
 5 APPPATH\Models\ProductModel.php(296): CodeIgniter\Database\BaseBuilder->get()
 6 APPPATH\Controllers\PosController.php(80): App\Models\ProductModel->searchProducts('n')
 7 SYSTEMPATH\CodeIgniter.php(933): App\Controllers\PosController->productSearch()
 8 SYSTEMPATH\CodeIgniter.php(507): CodeIgniter\CodeIgniter->runController(Object(App\Controllers\PosController))
 9 SYSTEMPATH\CodeIgniter.php(354): CodeIgniter\CodeIgniter->handleRequest(null, Object(Config\Cache), false)
10 SYSTEMPATH\Boot.php(363): CodeIgniter\CodeIgniter->run()
11 SYSTEMPATH\Boot.php(68): CodeIgniter\Boot::runCodeIgniter(Object(CodeIgniter\CodeIgniter))
12 FCPATH\index.php(59): CodeIgniter\Boot::bootWeb(Object(Config\Paths))
DEBUG - 2026-08-03 06:34:06 --> Session: Class initialized using 'CodeIgniter\Session\Handlers\FileHandler' driver.
CRITICAL - 2026-08-03 06:34:06 --> ErrorException: Undefined array key "purchase_price"
[Method: POST, Route: pos/sale]
in APPPATH\Controllers\PosController.php on line 156.
 1 APPPATH\Controllers\PosController.php(156): CodeIgniter\Debug\Exceptions->errorHandler(2, 'Undefined array key "purchase_price"', 'C:\\laragon\\www\\pharmacy-project\\app\\Controllers\\PosController.php', 156)
 2 SYSTEMPATH\CodeIgniter.php(933): App\Controllers\PosController->sale()
 3 SYSTEMPATH\CodeIgniter.php(507): CodeIgniter\CodeIgniter->runController(Object(App\Controllers\PosController))
 4 SYSTEMPATH\CodeIgniter.php(354): CodeIgniter\CodeIgniter->handleRequest(null, Object(Config\Cache), false)
 5 SYSTEMPATH\Boot.php(363): CodeIgniter\CodeIgniter->run()
 6 SYSTEMPATH\Boot.php(68): CodeIgniter\Boot::runCodeIgniter(Object(CodeIgniter\CodeIgniter))
 7 FCPATH\index.php(59): CodeIgniter\Boot::bootWeb(Object(Config\Paths))
DEBUG - 2026-08-03 06:34:15 --> Session: Class initialized using 'CodeIgniter\Session\Handlers\FileHandler' driver.
DEBUG - 2026-08-03 06:34:32 --> Session: Class initialized using 'CodeIgniter\Session\Handlers\FileHandler' driver.
CRITICAL - 2026-08-03 06:34:32 --> ErrorException: Undefined array key "purchase_price"
[Method: POST, Route: pos/sale]
in APPPATH\Controllers\PosController.php on line 156.
 1 APPPATH\Controllers\PosController.php(156): CodeIgniter\Debug\Exceptions->errorHandler(2, 'Undefined array key "purchase_price"', 'C:\\laragon\\www\\pharmacy-project\\app\\Controllers\\PosController.php', 156)
 2 SYSTEMPATH\CodeIgniter.php(933): App\Controllers\PosController->sale()
 3 SYSTEMPATH\CodeIgniter.php(507): CodeIgniter\CodeIgniter->runController(Object(App\Controllers\PosController))
 4 SYSTEMPATH\CodeIgniter.php(354): CodeIgniter\CodeIgniter->handleRequest(null, Object(Config\Cache), false)
 5 SYSTEMPATH\Boot.php(363): CodeIgniter\CodeIgniter->run()
 6 SYSTEMPATH\Boot.php(68): CodeIgniter\Boot::runCodeIgniter(Object(CodeIgniter\CodeIgniter))
 7 FCPATH\index.php(59): CodeIgniter\Boot::bootWeb(Object(Config\Paths))
DEBUG - 2026-08-03 06:36:42 --> Session: Class initialized using 'CodeIgniter\Session\Handlers\FileHandler' driver.
DEBUG - 2026-08-03 06:42:27 --> Session: Class initialized using 'CodeIgniter\Session\Handlers\FileHandler' driver.
DEBUG - 2026-08-03 06:42:43 --> Session: Class initialized using 'CodeIgniter\Session\Handlers\FileHandler' driver.
DEBUG - 2026-08-03 06:42:43 --> Session: Class initialized using 'CodeIgniter\Session\Handlers\FileHandler' driver.
ERROR - 2026-08-03 06:42:43 --> mysqli_sql_exception: Table 'pharmacy_db.product_inital_stock' doesn't exist in C:\laragon\www\pharmacy-project\system\Database\MySQLi\Connection.php:327
Stack trace:
#0 C:\laragon\www\pharmacy-project\system\Database\MySQLi\Connection.php(327): mysqli->query('SELECT `sd`.*, ...', 0)
#1 C:\laragon\www\pharmacy-project\system\Database\BaseConnection.php(729): CodeIgniter\Database\MySQLi\Connection->execute('SELECT `sd`.*, ...')
#2 C:\laragon\www\pharmacy-project\system\Database\BaseConnection.php(646): CodeIgniter\Database\BaseConnection->simpleQuery('SELECT `sd`.*, ...')
#3 C:\laragon\www\pharmacy-project\system\Database\BaseBuilder.php(1649): CodeIgniter\Database\BaseConnection->query('SELECT `sd`.*, ...', Array, false)
#4 C:\laragon\www\pharmacy-project\app\Controllers\PdfController.php(172): CodeIgniter\Database\BaseBuilder->get()
#5 C:\laragon\www\pharmacy-project\system\CodeIgniter.php(933): App\Controllers\PdfController->invoice('835')
#6 C:\laragon\www\pharmacy-project\system\CodeIgniter.php(507): CodeIgniter\CodeIgniter->runController(Object(App\Controllers\PdfController))
#7 C:\laragon\www\pharmacy-project\system\CodeIgniter.php(354): CodeIgniter\CodeIgniter->handleRequest(NULL, Object(Config\Cache), false)
#8 C:\laragon\www\pharmacy-project\system\Boot.php(363): CodeIgniter\CodeIgniter->run()
#9 C:\laragon\www\pharmacy-project\system\Boot.php(68): CodeIgniter\Boot::runCodeIgniter(Object(CodeIgniter\CodeIgniter))
#10 C:\laragon\www\pharmacy-project\index.php(59): CodeIgniter\Boot::bootWeb(Object(Config\Paths))
#11 {main}
CRITICAL - 2026-08-03 06:42:43 --> CodeIgniter\Database\Exceptions\DatabaseException: Table 'pharmacy_db.product_inital_stock' doesn't exist
[Method: GET, Route: invoice/835]
in SYSTEMPATH\Database\BaseConnection.php on line 684.
 1 SYSTEMPATH\Database\BaseBuilder.php(1649): CodeIgniter\Database\BaseConnection->query('SELECT `sd`.*, `pis`.`product_name`
FROM `sales_details` `sd`
JOIN `product_inital_stock` `pis` ON `pis`.`product_id` = `sd`.`product_id`
WHERE `sd`.`sales_id` = :sd.sales_id:', [...], false)
 2 APPPATH\Controllers\PdfController.php(172): CodeIgniter\Database\BaseBuilder->get()
 3 SYSTEMPATH\CodeIgniter.php(933): App\Controllers\PdfController->invoice('835')
 4 SYSTEMPATH\CodeIgniter.php(507): CodeIgniter\CodeIgniter->runController(Object(App\Controllers\PdfController))
 5 SYSTEMPATH\CodeIgniter.php(354): CodeIgniter\CodeIgniter->handleRequest(null, Object(Config\Cache), false)
 6 SYSTEMPATH\Boot.php(363): CodeIgniter\CodeIgniter->run()
 7 SYSTEMPATH\Boot.php(68): CodeIgniter\Boot::runCodeIgniter(Object(CodeIgniter\CodeIgniter))
 8 FCPATH\index.php(59): CodeIgniter\Boot::bootWeb(Object(Config\Paths))
CRITICAL - 2026-08-03 06:42:43 --> [Caused by] CodeIgniter\Database\Exceptions\DatabaseException: Table 'pharmacy_db.product_inital_stock' doesn't exist
in SYSTEMPATH\Database\MySQLi\Connection.php on line 332.
 1 SYSTEMPATH\Database\BaseConnection.php(729): CodeIgniter\Database\MySQLi\Connection->execute('SELECT `sd`.*, `pis`.`product_name`
FROM `sales_details` `sd`
JOIN `product_inital_stock` `pis` ON `pis`.`product_id` = `sd`.`product_id`
WHERE `sd`.`sales_id` = \'835\'')
 2 SYSTEMPATH\Database\BaseConnection.php(646): CodeIgniter\Database\BaseConnection->simpleQuery('SELECT `sd`.*, `pis`.`product_name`
FROM `sales_details` `sd`
JOIN `product_inital_stock` `pis` ON `pis`.`product_id` = `sd`.`product_id`
WHERE `sd`.`sales_id` = \'835\'')
 3 SYSTEMPATH\Database\BaseBuilder.php(1649): CodeIgniter\Database\BaseConnection->query('SELECT `sd`.*, `pis`.`product_name`
FROM `sales_details` `sd`
JOIN `product_inital_stock` `pis` ON `pis`.`product_id` = `sd`.`product_id`
WHERE `sd`.`sales_id` = :sd.sales_id:', [...], false)
 4 APPPATH\Controllers\PdfController.php(172): CodeIgniter\Database\BaseBuilder->get()
 5 SYSTEMPATH\CodeIgniter.php(933): App\Controllers\PdfController->invoice('835')
 6 SYSTEMPATH\CodeIgniter.php(507): CodeIgniter\CodeIgniter->runController(Object(App\Controllers\PdfController))
 7 SYSTEMPATH\CodeIgniter.php(354): CodeIgniter\CodeIgniter->handleRequest(null, Object(Config\Cache), false)
 8 SYSTEMPATH\Boot.php(363): CodeIgniter\CodeIgniter->run()
 9 SYSTEMPATH\Boot.php(68): CodeIgniter\Boot::runCodeIgniter(Object(CodeIgniter\CodeIgniter))
10 FCPATH\index.php(59): CodeIgniter\Boot::bootWeb(Object(Config\Paths))
CRITICAL - 2026-08-03 06:42:43 --> [Caused by] mysqli_sql_exception: Table 'pharmacy_db.product_inital_stock' doesn't exist
in SYSTEMPATH\Database\MySQLi\Connection.php on line 327.
 1 SYSTEMPATH\Database\MySQLi\Connection.php(327): mysqli->query('SELECT `sd`.*, `pis`.`product_name`
FROM `sales_details` `sd`
JOIN `product_inital_stock` `pis` ON `pis`.`product_id` = `sd`.`product_id`
WHERE `sd`.`sales_id` = \'835\'', 0)
 2 SYSTEMPATH\Database\BaseConnection.php(729): CodeIgniter\Database\MySQLi\Connection->execute('SELECT `sd`.*, `pis`.`product_name`
FROM `sales_details` `sd`
JOIN `product_inital_stock` `pis` ON `pis`.`product_id` = `sd`.`product_id`
WHERE `sd`.`sales_id` = \'835\'')
 3 SYSTEMPATH\Database\BaseConnection.php(646): CodeIgniter\Database\BaseConnection->simpleQuery('SELECT `sd`.*, `pis`.`product_name`
FROM `sales_details` `sd`
JOIN `product_inital_stock` `pis` ON `pis`.`product_id` = `sd`.`product_id`
WHERE `sd`.`sales_id` = \'835\'')
 4 SYSTEMPATH\Database\BaseBuilder.php(1649): CodeIgniter\Database\BaseConnection->query('SELECT `sd`.*, `pis`.`product_name`
FROM `sales_details` `sd`
JOIN `product_inital_stock` `pis` ON `pis`.`product_id` = `sd`.`product_id`
WHERE `sd`.`sales_id` = :sd.sales_id:', [...], false)
 5 APPPATH\Controllers\PdfController.php(172): CodeIgniter\Database\BaseBuilder->get()
 6 SYSTEMPATH\CodeIgniter.php(933): App\Controllers\PdfController->invoice('835')
 7 SYSTEMPATH\CodeIgniter.php(507): CodeIgniter\CodeIgniter->runController(Object(App\Controllers\PdfController))
 8 SYSTEMPATH\CodeIgniter.php(354): CodeIgniter\CodeIgniter->handleRequest(null, Object(Config\Cache), false)
 9 SYSTEMPATH\Boot.php(363): CodeIgniter\CodeIgniter->run()
10 SYSTEMPATH\Boot.php(68): CodeIgniter\Boot::runCodeIgniter(Object(CodeIgniter\CodeIgniter))
11 FCPATH\index.php(59): CodeIgniter\Boot::bootWeb(Object(Config\Paths))
DEBUG - 2026-08-03 06:42:44 --> Session: Class initialized using 'CodeIgniter\Session\Handlers\FileHandler' driver.
DEBUG - 2026-08-03 06:45:26 --> Session: Class initialized using 'CodeIgniter\Session\Handlers\FileHandler' driver.
DEBUG - 2026-08-03 06:45:49 --> Session: Class initialized using 'CodeIgniter\Session\Handlers\FileHandler' driver.
DEBUG - 2026-08-03 06:45:49 --> Session: Class initialized using 'CodeIgniter\Session\Handlers\FileHandler' driver.
ERROR - 2026-08-03 06:45:49 --> mysqli_sql_exception: Table 'pharmacy_db.product_inital_stock' doesn't exist in C:\laragon\www\pharmacy-project\system\Database\MySQLi\Connection.php:327
Stack trace:
#0 C:\laragon\www\pharmacy-project\system\Database\MySQLi\Connection.php(327): mysqli->query('SELECT `sd`.*, ...', 0)
#1 C:\laragon\www\pharmacy-project\system\Database\BaseConnection.php(729): CodeIgniter\Database\MySQLi\Connection->execute('SELECT `sd`.*, ...')
#2 C:\laragon\www\pharmacy-project\system\Database\BaseConnection.php(646): CodeIgniter\Database\BaseConnection->simpleQuery('SELECT `sd`.*, ...')
#3 C:\laragon\www\pharmacy-project\system\Database\BaseBuilder.php(1649): CodeIgniter\Database\BaseConnection->query('SELECT `sd`.*, ...', Array, false)
#4 C:\laragon\www\pharmacy-project\app\Controllers\PdfController.php(172): CodeIgniter\Database\BaseBuilder->get()
#5 C:\laragon\www\pharmacy-project\system\CodeIgniter.php(933): App\Controllers\PdfController->invoice('836')
#6 C:\laragon\www\pharmacy-project\system\CodeIgniter.php(507): CodeIgniter\CodeIgniter->runController(Object(App\Controllers\PdfController))
#7 C:\laragon\www\pharmacy-project\system\CodeIgniter.php(354): CodeIgniter\CodeIgniter->handleRequest(NULL, Object(Config\Cache), false)
#8 C:\laragon\www\pharmacy-project\system\Boot.php(363): CodeIgniter\CodeIgniter->run()
#9 C:\laragon\www\pharmacy-project\system\Boot.php(68): CodeIgniter\Boot::runCodeIgniter(Object(CodeIgniter\CodeIgniter))
#10 C:\laragon\www\pharmacy-project\index.php(59): CodeIgniter\Boot::bootWeb(Object(Config\Paths))
#11 {main}
CRITICAL - 2026-08-03 06:45:49 --> CodeIgniter\Database\Exceptions\DatabaseException: Table 'pharmacy_db.product_inital_stock' doesn't exist
[Method: GET, Route: invoice/836]
in SYSTEMPATH\Database\BaseConnection.php on line 684.
 1 SYSTEMPATH\Database\BaseBuilder.php(1649): CodeIgniter\Database\BaseConnection->query('SELECT `sd`.*, `pis`.`product_name`
FROM `sales_details` `sd`
JOIN `product_inital_stock` `pis` ON `pis`.`product_id` = `sd`.`product_id`
WHERE `sd`.`sales_id` = :sd.sales_id:', [...], false)
 2 APPPATH\Controllers\PdfController.php(172): CodeIgniter\Database\BaseBuilder->get()
 3 SYSTEMPATH\CodeIgniter.php(933): App\Controllers\PdfController->invoice('836')
 4 SYSTEMPATH\CodeIgniter.php(507): CodeIgniter\CodeIgniter->runController(Object(App\Controllers\PdfController))
 5 SYSTEMPATH\CodeIgniter.php(354): CodeIgniter\CodeIgniter->handleRequest(null, Object(Config\Cache), false)
 6 SYSTEMPATH\Boot.php(363): CodeIgniter\CodeIgniter->run()
 7 SYSTEMPATH\Boot.php(68): CodeIgniter\Boot::runCodeIgniter(Object(CodeIgniter\CodeIgniter))
 8 FCPATH\index.php(59): CodeIgniter\Boot::bootWeb(Object(Config\Paths))
CRITICAL - 2026-08-03 06:45:49 --> [Caused by] CodeIgniter\Database\Exceptions\DatabaseException: Table 'pharmacy_db.product_inital_stock' doesn't exist
in SYSTEMPATH\Database\MySQLi\Connection.php on line 332.
 1 SYSTEMPATH\Database\BaseConnection.php(729): CodeIgniter\Database\MySQLi\Connection->execute('SELECT `sd`.*, `pis`.`product_name`
FROM `sales_details` `sd`
JOIN `product_inital_stock` `pis` ON `pis`.`product_id` = `sd`.`product_id`
WHERE `sd`.`sales_id` = \'836\'')
 2 SYSTEMPATH\Database\BaseConnection.php(646): CodeIgniter\Database\BaseConnection->simpleQuery('SELECT `sd`.*, `pis`.`product_name`
FROM `sales_details` `sd`
JOIN `product_inital_stock` `pis` ON `pis`.`product_id` = `sd`.`product_id`
WHERE `sd`.`sales_id` = \'836\'')
 3 SYSTEMPATH\Database\BaseBuilder.php(1649): CodeIgniter\Database\BaseConnection->query('SELECT `sd`.*, `pis`.`product_name`
FROM `sales_details` `sd`
JOIN `product_inital_stock` `pis` ON `pis`.`product_id` = `sd`.`product_id`
WHERE `sd`.`sales_id` = :sd.sales_id:', [...], false)
 4 APPPATH\Controllers\PdfController.php(172): CodeIgniter\Database\BaseBuilder->get()
 5 SYSTEMPATH\CodeIgniter.php(933): App\Controllers\PdfController->invoice('836')
 6 SYSTEMPATH\CodeIgniter.php(507): CodeIgniter\CodeIgniter->runController(Object(App\Controllers\PdfController))
 7 SYSTEMPATH\CodeIgniter.php(354): CodeIgniter\CodeIgniter->handleRequest(null, Object(Config\Cache), false)
 8 SYSTEMPATH\Boot.php(363): CodeIgniter\CodeIgniter->run()
 9 SYSTEMPATH\Boot.php(68): CodeIgniter\Boot::runCodeIgniter(Object(CodeIgniter\CodeIgniter))
10 FCPATH\index.php(59): CodeIgniter\Boot::bootWeb(Object(Config\Paths))
CRITICAL - 2026-08-03 06:45:49 --> [Caused by] mysqli_sql_exception: Table 'pharmacy_db.product_inital_stock' doesn't exist
in SYSTEMPATH\Database\MySQLi\Connection.php on line 327.
 1 SYSTEMPATH\Database\MySQLi\Connection.php(327): mysqli->query('SELECT `sd`.*, `pis`.`product_name`
FROM `sales_details` `sd`
JOIN `product_inital_stock` `pis` ON `pis`.`product_id` = `sd`.`product_id`
WHERE `sd`.`sales_id` = \'836\'', 0)
 2 SYSTEMPATH\Database\BaseConnection.php(729): CodeIgniter\Database\MySQLi\Connection->execute('SELECT `sd`.*, `pis`.`product_name`
FROM `sales_details` `sd`
JOIN `product_inital_stock` `pis` ON `pis`.`product_id` = `sd`.`product_id`
WHERE `sd`.`sales_id` = \'836\'')
 3 SYSTEMPATH\Database\BaseConnection.php(646): CodeIgniter\Database\BaseConnection->simpleQuery('SELECT `sd`.*, `pis`.`product_name`
FROM `sales_details` `sd`
JOIN `product_inital_stock` `pis` ON `pis`.`product_id` = `sd`.`product_id`
WHERE `sd`.`sales_id` = \'836\'')
 4 SYSTEMPATH\Database\BaseBuilder.php(1649): CodeIgniter\Database\BaseConnection->query('SELECT `sd`.*, `pis`.`product_name`
FROM `sales_details` `sd`
JOIN `product_inital_stock` `pis` ON `pis`.`product_id` = `sd`.`product_id`
WHERE `sd`.`sales_id` = :sd.sales_id:', [...], false)
 5 APPPATH\Controllers\PdfController.php(172): CodeIgniter\Database\BaseBuilder->get()
 6 SYSTEMPATH\CodeIgniter.php(933): App\Controllers\PdfController->invoice('836')
 7 SYSTEMPATH\CodeIgniter.php(507): CodeIgniter\CodeIgniter->runController(Object(App\Controllers\PdfController))
 8 SYSTEMPATH\CodeIgniter.php(354): CodeIgniter\CodeIgniter->handleRequest(null, Object(Config\Cache), false)
 9 SYSTEMPATH\Boot.php(363): CodeIgniter\CodeIgniter->run()
10 SYSTEMPATH\Boot.php(68): CodeIgniter\Boot::runCodeIgniter(Object(CodeIgniter\CodeIgniter))
11 FCPATH\index.php(59): CodeIgniter\Boot::bootWeb(Object(Config\Paths))
DEBUG - 2026-08-03 06:45:50 --> Session: Class initialized using 'CodeIgniter\Session\Handlers\FileHandler' driver.
DEBUG - 2026-08-03 06:48:51 --> Session: Class initialized using 'CodeIgniter\Session\Handlers\FileHandler' driver.
DEBUG - 2026-08-03 06:48:58 --> Session: Class initialized using 'CodeIgniter\Session\Handlers\FileHandler' driver.
DEBUG - 2026-08-03 06:49:20 --> Session: Class initialized using 'CodeIgniter\Session\Handlers\FileHandler' driver.
DEBUG - 2026-08-03 06:49:22 --> Session: Class initialized using 'CodeIgniter\Session\Handlers\FileHandler' driver.
DEBUG - 2026-08-03 06:49:24 --> Session: Class initialized using 'CodeIgniter\Session\Handlers\FileHandler' driver.
DEBUG - 2026-08-03 06:54:08 --> Session: Class initialized using 'CodeIgniter\Session\Handlers\FileHandler' driver.
DEBUG - 2026-08-03 06:54:11 --> Session: Class initialized using 'CodeIgniter\Session\Handlers\FileHandler' driver.
DEBUG - 2026-08-03 06:56:06 --> Session: Class initialized using 'CodeIgniter\Session\Handlers\FileHandler' driver.
DEBUG - 2026-08-03 06:56:16 --> Session: Class initialized using 'CodeIgniter\Session\Handlers\FileHandler' driver.
DEBUG - 2026-08-03 06:56:18 --> Session: Class initialized using 'CodeIgniter\Session\Handlers\FileHandler' driver.
DEBUG - 2026-08-03 06:56:19 --> Session: Class initialized using 'CodeIgniter\Session\Handlers\FileHandler' driver.
DEBUG - 2026-08-03 06:56:22 --> Session: Class initialized using 'CodeIgniter\Session\Handlers\FileHandler' driver.
ERROR - 2026-08-03 06:56:22 --> mysqli_sql_exception: Illegal mix of collations (utf8mb4_bin,NONE) and (utf8mb4_0900_ai_ci,COERCIBLE) for operation 'like' in C:\laragon\www\pharmacy-project\system\Database\MySQLi\Connection.php:327
Stack trace:
#0 C:\laragon\www\pharmacy-project\system\Database\MySQLi\Connection.php(327): mysqli->query('SELECT `p`.`pro...', 0)
#1 C:\laragon\www\pharmacy-project\system\Database\BaseConnection.php(729): CodeIgniter\Database\MySQLi\Connection->execute('SELECT `p`.`pro...')
#2 C:\laragon\www\pharmacy-project\system\Database\BaseConnection.php(646): CodeIgniter\Database\BaseConnection->simpleQuery('SELECT `p`.`pro...')
#3 C:\laragon\www\pharmacy-project\system\Database\BaseBuilder.php(1649): CodeIgniter\Database\BaseConnection->query('SELECT `p`.`pro...', Array, false)
#4 C:\laragon\www\pharmacy-project\app\Models\ProductModel.php(296): CodeIgniter\Database\BaseBuilder->get()
#5 C:\laragon\www\pharmacy-project\app\Controllers\PosController.php(80): App\Models\ProductModel->searchProducts('n')
#6 C:\laragon\www\pharmacy-project\system\CodeIgniter.php(933): App\Controllers\PosController->productSearch()
#7 C:\laragon\www\pharmacy-project\system\CodeIgniter.php(507): CodeIgniter\CodeIgniter->runController(Object(App\Controllers\PosController))
#8 C:\laragon\www\pharmacy-project\system\CodeIgniter.php(354): CodeIgniter\CodeIgniter->handleRequest(NULL, Object(Config\Cache), false)
#9 C:\laragon\www\pharmacy-project\system\Boot.php(363): CodeIgniter\CodeIgniter->run()
#10 C:\laragon\www\pharmacy-project\system\Boot.php(68): CodeIgniter\Boot::runCodeIgniter(Object(CodeIgniter\CodeIgniter))
#11 C:\laragon\www\pharmacy-project\index.php(59): CodeIgniter\Boot::bootWeb(Object(Config\Paths))
#12 {main}
CRITICAL - 2026-08-03 06:56:22 --> CodeIgniter\Database\Exceptions\DatabaseException: Illegal mix of collations (utf8mb4_bin,NONE) and (utf8mb4_0900_ai_ci,COERCIBLE) for operation 'like'
[Method: GET, Route: pos/product-search]
in SYSTEMPATH\Database\BaseConnection.php on line 684.
 1 SYSTEMPATH\Database\BaseBuilder.php(1649): CodeIgniter\Database\BaseConnection->query('SELECT `p`.`product_id` AS `id`, `p`.`product_name` AS `name`, CONCAT(
            p.product_name, \' | \', IFNULL(pb.product_brand_name, \'\'), \' | \', IFNULL(pc.category_name, \'\'), \' | \', IFNULL(pg.group_name, \'\'), \' | Stock: \', COALESCE(SUM(sl.qty_in - sl.qty_out), 0)
        ) AS label, COALESCE(SUM(sl.qty_in - sl.qty_out), 0) AS total_stock
FROM `products` `p`
LEFT JOIN `stock_ledger` `sl` ON `sl`.`product_id` = `p`.`product_id`
LEFT JOIN `product_brand` `pb` ON `pb`.`brand_id` = `p`.`product_brand`
LEFT JOIN `product_category` `pc` ON `pc`.`product_category_id` = `p`.`product_category`
LEFT JOIN `product_group` `pg` ON `pg`.`product_group_id` = `p`.`product_group`
LEFT JOIN `product_opening_stock` `pos` ON `pos`.`product_id` = `p`.`product_id` AND `pos`.`status` = "active"
WHERE `p`.`status` = :p.status:
AND   (

        LOWER(CONCAT(
            p.product_name,\' \',
            IFNULL(pb.product_brand_name,\'\'),\' \',
            IFNULL(pc.category_name,\'\'),\' \',
            IFNULL(pg.group_name,\'\'),\' \',
            IFNULL(p.barcode,\'\')
        )) LIKE \'%n%\'
    
 )
GROUP BY `p`.`product_id`, `p`.`product_name`, `pb`.`product_brand_name`, `pc`.`category_name`, `pg`.`group_name`, `p`.`barcode`
HAVING `total_stock` > :total_stock:
ORDER BY CASE
            WHEN p.barcode = \'n\' THEN 1
            WHEN LOWER(p.product_name) = \'n\' THEN 2
            WHEN LOWER(p.product_name) LIKE \'%n%\' THEN 3
            WHEN LOWER(pb.product_brand_name) LIKE \'n%\' THEN 4
            WHEN LOWER(pc.category_name) LIKE \'n%\' THEN 5
            WHEN LOWER(pg.group_name) LIKE \'n%\' THEN 6
            ELSE 7
        END
 LIMIT 20', [...], false)
 2 APPPATH\Models\ProductModel.php(296): CodeIgniter\Database\BaseBuilder->get()
 3 APPPATH\Controllers\PosController.php(80): App\Models\ProductModel->searchProducts('n')
 4 SYSTEMPATH\CodeIgniter.php(933): App\Controllers\PosController->productSearch()
 5 SYSTEMPATH\CodeIgniter.php(507): CodeIgniter\CodeIgniter->runController(Object(App\Controllers\PosController))
 6 SYSTEMPATH\CodeIgniter.php(354): CodeIgniter\CodeIgniter->handleRequest(null, Object(Config\Cache), false)
 7 SYSTEMPATH\Boot.php(363): CodeIgniter\CodeIgniter->run()
 8 SYSTEMPATH\Boot.php(68): CodeIgniter\Boot::runCodeIgniter(Object(CodeIgniter\CodeIgniter))
 9 FCPATH\index.php(59): CodeIgniter\Boot::bootWeb(Object(Config\Paths))
CRITICAL - 2026-08-03 06:56:22 --> [Caused by] CodeIgniter\Database\Exceptions\DatabaseException: Illegal mix of collations (utf8mb4_bin,NONE) and (utf8mb4_0900_ai_ci,COERCIBLE) for operation 'like'
in SYSTEMPATH\Database\MySQLi\Connection.php on line 332.
 1 SYSTEMPATH\Database\BaseConnection.php(729): CodeIgniter\Database\MySQLi\Connection->execute('SELECT `p`.`product_id` AS `id`, `p`.`product_name` AS `name`, CONCAT(
            p.product_name, \' | \', IFNULL(pb.product_brand_name, \'\'), \' | \', IFNULL(pc.category_name, \'\'), \' | \', IFNULL(pg.group_name, \'\'), \' | Stock: \', COALESCE(SUM(sl.qty_in - sl.qty_out), 0)
        ) AS label, COALESCE(SUM(sl.qty_in - sl.qty_out), 0) AS total_stock
FROM `products` `p`
LEFT JOIN `stock_ledger` `sl` ON `sl`.`product_id` = `p`.`product_id`
LEFT JOIN `product_brand` `pb` ON `pb`.`brand_id` = `p`.`product_brand`
LEFT JOIN `product_category` `pc` ON `pc`.`product_category_id` = `p`.`product_category`
LEFT JOIN `product_group` `pg` ON `pg`.`product_group_id` = `p`.`product_group`
LEFT JOIN `product_opening_stock` `pos` ON `pos`.`product_id` = `p`.`product_id` AND `pos`.`status` = "active"
WHERE `p`.`status` = \'active\'
AND   (

        LOWER(CONCAT(
            p.product_name,\' \',
            IFNULL(pb.product_brand_name,\'\'),\' \',
            IFNULL(pc.category_name,\'\'),\' \',
            IFNULL(pg.group_name,\'\'),\' \',
            IFNULL(p.barcode,\'\')
        )) LIKE \'%n%\'
    
 )
GROUP BY `p`.`product_id`, `p`.`product_name`, `pb`.`product_brand_name`, `pc`.`category_name`, `pg`.`group_name`, `p`.`barcode`
HAVING `total_stock` > 0
ORDER BY CASE
            WHEN p.barcode = \'n\' THEN 1
            WHEN LOWER(p.product_name) = \'n\' THEN 2
            WHEN LOWER(p.product_name) LIKE \'%n%\' THEN 3
            WHEN LOWER(pb.product_brand_name) LIKE \'n%\' THEN 4
            WHEN LOWER(pc.category_name) LIKE \'n%\' THEN 5
            WHEN LOWER(pg.group_name) LIKE \'n%\' THEN 6
            ELSE 7
        END
 LIMIT 20')
 2 SYSTEMPATH\Database\BaseConnection.php(646): CodeIgniter\Database\BaseConnection->simpleQuery('SELECT `p`.`product_id` AS `id`, `p`.`product_name` AS `name`, CONCAT(
            p.product_name, \' | \', IFNULL(pb.product_brand_name, \'\'), \' | \', IFNULL(pc.category_name, \'\'), \' | \', IFNULL(pg.group_name, \'\'), \' | Stock: \', COALESCE(SUM(sl.qty_in - sl.qty_out), 0)
        ) AS label, COALESCE(SUM(sl.qty_in - sl.qty_out), 0) AS total_stock
FROM `products` `p`
LEFT JOIN `stock_ledger` `sl` ON `sl`.`product_id` = `p`.`product_id`
LEFT JOIN `product_brand` `pb` ON `pb`.`brand_id` = `p`.`product_brand`
LEFT JOIN `product_category` `pc` ON `pc`.`product_category_id` = `p`.`product_category`
LEFT JOIN `product_group` `pg` ON `pg`.`product_group_id` = `p`.`product_group`
LEFT JOIN `product_opening_stock` `pos` ON `pos`.`product_id` = `p`.`product_id` AND `pos`.`status` = "active"
WHERE `p`.`status` = \'active\'
AND   (

        LOWER(CONCAT(
            p.product_name,\' \',
            IFNULL(pb.product_brand_name,\'\'),\' \',
            IFNULL(pc.category_name,\'\'),\' \',
            IFNULL(pg.group_name,\'\'),\' \',
            IFNULL(p.barcode,\'\')
        )) LIKE \'%n%\'
    
 )
GROUP BY `p`.`product_id`, `p`.`product_name`, `pb`.`product_brand_name`, `pc`.`category_name`, `pg`.`group_name`, `p`.`barcode`
HAVING `total_stock` > 0
ORDER BY CASE
            WHEN p.barcode = \'n\' THEN 1
            WHEN LOWER(p.product_name) = \'n\' THEN 2
            WHEN LOWER(p.product_name) LIKE \'%n%\' THEN 3
            WHEN LOWER(pb.product_brand_name) LIKE \'n%\' THEN 4
            WHEN LOWER(pc.category_name) LIKE \'n%\' THEN 5
            WHEN LOWER(pg.group_name) LIKE \'n%\' THEN 6
            ELSE 7
        END
 LIMIT 20')
 3 SYSTEMPATH\Database\BaseBuilder.php(1649): CodeIgniter\Database\BaseConnection->query('SELECT `p`.`product_id` AS `id`, `p`.`product_name` AS `name`, CONCAT(
            p.product_name, \' | \', IFNULL(pb.product_brand_name, \'\'), \' | \', IFNULL(pc.category_name, \'\'), \' | \', IFNULL(pg.group_name, \'\'), \' | Stock: \', COALESCE(SUM(sl.qty_in - sl.qty_out), 0)
        ) AS label, COALESCE(SUM(sl.qty_in - sl.qty_out), 0) AS total_stock
FROM `products` `p`
LEFT JOIN `stock_ledger` `sl` ON `sl`.`product_id` = `p`.`product_id`
LEFT JOIN `product_brand` `pb` ON `pb`.`brand_id` = `p`.`product_brand`
LEFT JOIN `product_category` `pc` ON `pc`.`product_category_id` = `p`.`product_category`
LEFT JOIN `product_group` `pg` ON `pg`.`product_group_id` = `p`.`product_group`
LEFT JOIN `product_opening_stock` `pos` ON `pos`.`product_id` = `p`.`product_id` AND `pos`.`status` = "active"
WHERE `p`.`status` = :p.status:
AND   (

        LOWER(CONCAT(
            p.product_name,\' \',
            IFNULL(pb.product_brand_name,\'\'),\' \',
            IFNULL(pc.category_name,\'\'),\' \',
            IFNULL(pg.group_name,\'\'),\' \',
            IFNULL(p.barcode,\'\')
        )) LIKE \'%n%\'
    
 )
GROUP BY `p`.`product_id`, `p`.`product_name`, `pb`.`product_brand_name`, `pc`.`category_name`, `pg`.`group_name`, `p`.`barcode`
HAVING `total_stock` > :total_stock:
ORDER BY CASE
            WHEN p.barcode = \'n\' THEN 1
            WHEN LOWER(p.product_name) = \'n\' THEN 2
            WHEN LOWER(p.product_name) LIKE \'%n%\' THEN 3
            WHEN LOWER(pb.product_brand_name) LIKE \'n%\' THEN 4
            WHEN LOWER(pc.category_name) LIKE \'n%\' THEN 5
            WHEN LOWER(pg.group_name) LIKE \'n%\' THEN 6
            ELSE 7
        END
 LIMIT 20', [...], false)
 4 APPPATH\Models\ProductModel.php(296): CodeIgniter\Database\BaseBuilder->get()
 5 APPPATH\Controllers\PosController.php(80): App\Models\ProductModel->searchProducts('n')
 6 SYSTEMPATH\CodeIgniter.php(933): App\Controllers\PosController->productSearch()
 7 SYSTEMPATH\CodeIgniter.php(507): CodeIgniter\CodeIgniter->runController(Object(App\Controllers\PosController))
 8 SYSTEMPATH\CodeIgniter.php(354): CodeIgniter\CodeIgniter->handleRequest(null, Object(Config\Cache), false)
 9 SYSTEMPATH\Boot.php(363): CodeIgniter\CodeIgniter->run()
10 SYSTEMPATH\Boot.php(68): CodeIgniter\Boot::runCodeIgniter(Object(CodeIgniter\CodeIgniter))
11 FCPATH\index.php(59): CodeIgniter\Boot::bootWeb(Object(Config\Paths))
CRITICAL - 2026-08-03 06:56:22 --> [Caused by] mysqli_sql_exception: Illegal mix of collations (utf8mb4_bin,NONE) and (utf8mb4_0900_ai_ci,COERCIBLE) for operation 'like'
in SYSTEMPATH\Database\MySQLi\Connection.php on line 327.
 1 SYSTEMPATH\Database\MySQLi\Connection.php(327): mysqli->query('SELECT `p`.`product_id` AS `id`, `p`.`product_name` AS `name`, CONCAT(
            p.product_name, \' | \', IFNULL(pb.product_brand_name, \'\'), \' | \', IFNULL(pc.category_name, \'\'), \' | \', IFNULL(pg.group_name, \'\'), \' | Stock: \', COALESCE(SUM(sl.qty_in - sl.qty_out), 0)
        ) AS label, COALESCE(SUM(sl.qty_in - sl.qty_out), 0) AS total_stock
FROM `products` `p`
LEFT JOIN `stock_ledger` `sl` ON `sl`.`product_id` = `p`.`product_id`
LEFT JOIN `product_brand` `pb` ON `pb`.`brand_id` = `p`.`product_brand`
LEFT JOIN `product_category` `pc` ON `pc`.`product_category_id` = `p`.`product_category`
LEFT JOIN `product_group` `pg` ON `pg`.`product_group_id` = `p`.`product_group`
LEFT JOIN `product_opening_stock` `pos` ON `pos`.`product_id` = `p`.`product_id` AND `pos`.`status` = "active"
WHERE `p`.`status` = \'active\'
AND   (

        LOWER(CONCAT(
            p.product_name,\' \',
            IFNULL(pb.product_brand_name,\'\'),\' \',
            IFNULL(pc.category_name,\'\'),\' \',
            IFNULL(pg.group_name,\'\'),\' \',
            IFNULL(p.barcode,\'\')
        )) LIKE \'%n%\'
    
 )
GROUP BY `p`.`product_id`, `p`.`product_name`, `pb`.`product_brand_name`, `pc`.`category_name`, `pg`.`group_name`, `p`.`barcode`
HAVING `total_stock` > 0
ORDER BY CASE
            WHEN p.barcode = \'n\' THEN 1
            WHEN LOWER(p.product_name) = \'n\' THEN 2
            WHEN LOWER(p.product_name) LIKE \'%n%\' THEN 3
            WHEN LOWER(pb.product_brand_name) LIKE \'n%\' THEN 4
            WHEN LOWER(pc.category_name) LIKE \'n%\' THEN 5
            WHEN LOWER(pg.group_name) LIKE \'n%\' THEN 6
            ELSE 7
        END
 LIMIT 20', 0)
 2 SYSTEMPATH\Database\BaseConnection.php(729): CodeIgniter\Database\MySQLi\Connection->execute('SELECT `p`.`product_id` AS `id`, `p`.`product_name` AS `name`, CONCAT(
            p.product_name, \' | \', IFNULL(pb.product_brand_name, \'\'), \' | \', IFNULL(pc.category_name, \'\'), \' | \', IFNULL(pg.group_name, \'\'), \' | Stock: \', COALESCE(SUM(sl.qty_in - sl.qty_out), 0)
        ) AS label, COALESCE(SUM(sl.qty_in - sl.qty_out), 0) AS total_stock
FROM `products` `p`
LEFT JOIN `stock_ledger` `sl` ON `sl`.`product_id` = `p`.`product_id`
LEFT JOIN `product_brand` `pb` ON `pb`.`brand_id` = `p`.`product_brand`
LEFT JOIN `product_category` `pc` ON `pc`.`product_category_id` = `p`.`product_category`
LEFT JOIN `product_group` `pg` ON `pg`.`product_group_id` = `p`.`product_group`
LEFT JOIN `product_opening_stock` `pos` ON `pos`.`product_id` = `p`.`product_id` AND `pos`.`status` = "active"
WHERE `p`.`status` = \'active\'
AND   (

        LOWER(CONCAT(
            p.product_name,\' \',
            IFNULL(pb.product_brand_name,\'\'),\' \',
            IFNULL(pc.category_name,\'\'),\' \',
            IFNULL(pg.group_name,\'\'),\' \',
            IFNULL(p.barcode,\'\')
        )) LIKE \'%n%\'
    
 )
GROUP BY `p`.`product_id`, `p`.`product_name`, `pb`.`product_brand_name`, `pc`.`category_name`, `pg`.`group_name`, `p`.`barcode`
HAVING `total_stock` > 0
ORDER BY CASE
            WHEN p.barcode = \'n\' THEN 1
            WHEN LOWER(p.product_name) = \'n\' THEN 2
            WHEN LOWER(p.product_name) LIKE \'%n%\' THEN 3
            WHEN LOWER(pb.product_brand_name) LIKE \'n%\' THEN 4
            WHEN LOWER(pc.category_name) LIKE \'n%\' THEN 5
            WHEN LOWER(pg.group_name) LIKE \'n%\' THEN 6
            ELSE 7
        END
 LIMIT 20')
 3 SYSTEMPATH\Database\BaseConnection.php(646): CodeIgniter\Database\BaseConnection->simpleQuery('SELECT `p`.`product_id` AS `id`, `p`.`product_name` AS `name`, CONCAT(
            p.product_name, \' | \', IFNULL(pb.product_brand_name, \'\'), \' | \', IFNULL(pc.category_name, \'\'), \' | \', IFNULL(pg.group_name, \'\'), \' | Stock: \', COALESCE(SUM(sl.qty_in - sl.qty_out), 0)
        ) AS label, COALESCE(SUM(sl.qty_in - sl.qty_out), 0) AS total_stock
FROM `products` `p`
LEFT JOIN `stock_ledger` `sl` ON `sl`.`product_id` = `p`.`product_id`
LEFT JOIN `product_brand` `pb` ON `pb`.`brand_id` = `p`.`product_brand`
LEFT JOIN `product_category` `pc` ON `pc`.`product_category_id` = `p`.`product_category`
LEFT JOIN `product_group` `pg` ON `pg`.`product_group_id` = `p`.`product_group`
LEFT JOIN `product_opening_stock` `pos` ON `pos`.`product_id` = `p`.`product_id` AND `pos`.`status` = "active"
WHERE `p`.`status` = \'active\'
AND   (

        LOWER(CONCAT(
            p.product_name,\' \',
            IFNULL(pb.product_brand_name,\'\'),\' \',
            IFNULL(pc.category_name,\'\'),\' \',
            IFNULL(pg.group_name,\'\'),\' \',
            IFNULL(p.barcode,\'\')
        )) LIKE \'%n%\'
    
 )
GROUP BY `p`.`product_id`, `p`.`product_name`, `pb`.`product_brand_name`, `pc`.`category_name`, `pg`.`group_name`, `p`.`barcode`
HAVING `total_stock` > 0
ORDER BY CASE
            WHEN p.barcode = \'n\' THEN 1
            WHEN LOWER(p.product_name) = \'n\' THEN 2
            WHEN LOWER(p.product_name) LIKE \'%n%\' THEN 3
            WHEN LOWER(pb.product_brand_name) LIKE \'n%\' THEN 4
            WHEN LOWER(pc.category_name) LIKE \'n%\' THEN 5
            WHEN LOWER(pg.group_name) LIKE \'n%\' THEN 6
            ELSE 7
        END
 LIMIT 20')
 4 SYSTEMPATH\Database\BaseBuilder.php(1649): CodeIgniter\Database\BaseConnection->query('SELECT `p`.`product_id` AS `id`, `p`.`product_name` AS `name`, CONCAT(
            p.product_name, \' | \', IFNULL(pb.product_brand_name, \'\'), \' | \', IFNULL(pc.category_name, \'\'), \' | \', IFNULL(pg.group_name, \'\'), \' | Stock: \', COALESCE(SUM(sl.qty_in - sl.qty_out), 0)
        ) AS label, COALESCE(SUM(sl.qty_in - sl.qty_out), 0) AS total_stock
FROM `products` `p`
LEFT JOIN `stock_ledger` `sl` ON `sl`.`product_id` = `p`.`product_id`
LEFT JOIN `product_brand` `pb` ON `pb`.`brand_id` = `p`.`product_brand`
LEFT JOIN `product_category` `pc` ON `pc`.`product_category_id` = `p`.`product_category`
LEFT JOIN `product_group` `pg` ON `pg`.`product_group_id` = `p`.`product_group`
LEFT JOIN `product_opening_stock` `pos` ON `pos`.`product_id` = `p`.`product_id` AND `pos`.`status` = "active"
WHERE `p`.`status` = :p.status:
AND   (

        LOWER(CONCAT(
            p.product_name,\' \',
            IFNULL(pb.product_brand_name,\'\'),\' \',
            IFNULL(pc.category_name,\'\'),\' \',
            IFNULL(pg.group_name,\'\'),\' \',
            IFNULL(p.barcode,\'\')
        )) LIKE \'%n%\'
    
 )
GROUP BY `p`.`product_id`, `p`.`product_name`, `pb`.`product_brand_name`, `pc`.`category_name`, `pg`.`group_name`, `p`.`barcode`
HAVING `total_stock` > :total_stock:
ORDER BY CASE
            WHEN p.barcode = \'n\' THEN 1
            WHEN LOWER(p.product_name) = \'n\' THEN 2
            WHEN LOWER(p.product_name) LIKE \'%n%\' THEN 3
            WHEN LOWER(pb.product_brand_name) LIKE \'n%\' THEN 4
            WHEN LOWER(pc.category_name) LIKE \'n%\' THEN 5
            WHEN LOWER(pg.group_name) LIKE \'n%\' THEN 6
            ELSE 7
        END
 LIMIT 20', [...], false)
 5 APPPATH\Models\ProductModel.php(296): CodeIgniter\Database\BaseBuilder->get()
 6 APPPATH\Controllers\PosController.php(80): App\Models\ProductModel->searchProducts('n')
 7 SYSTEMPATH\CodeIgniter.php(933): App\Controllers\PosController->productSearch()
 8 SYSTEMPATH\CodeIgniter.php(507): CodeIgniter\CodeIgniter->runController(Object(App\Controllers\PosController))
 9 SYSTEMPATH\CodeIgniter.php(354): CodeIgniter\CodeIgniter->handleRequest(null, Object(Config\Cache), false)
10 SYSTEMPATH\Boot.php(363): CodeIgniter\CodeIgniter->run()
11 SYSTEMPATH\Boot.php(68): CodeIgniter\Boot::runCodeIgniter(Object(CodeIgniter\CodeIgniter))
12 FCPATH\index.php(59): CodeIgniter\Boot::bootWeb(Object(Config\Paths))
DEBUG - 2026-08-03 06:56:25 --> Session: Class initialized using 'CodeIgniter\Session\Handlers\FileHandler' driver.
ERROR - 2026-08-03 06:56:25 --> mysqli_sql_exception: Illegal mix of collations (utf8mb4_bin,NONE) and (utf8mb4_0900_ai_ci,COERCIBLE) for operation 'like' in C:\laragon\www\pharmacy-project\system\Database\MySQLi\Connection.php:327
Stack trace:
#0 C:\laragon\www\pharmacy-project\system\Database\MySQLi\Connection.php(327): mysqli->query('SELECT `p`.`pro...', 0)
#1 C:\laragon\www\pharmacy-project\system\Database\BaseConnection.php(729): CodeIgniter\Database\MySQLi\Connection->execute('SELECT `p`.`pro...')
#2 C:\laragon\www\pharmacy-project\system\Database\BaseConnection.php(646): CodeIgniter\Database\BaseConnection->simpleQuery('SELECT `p`.`pro...')
#3 C:\laragon\www\pharmacy-project\system\Database\BaseBuilder.php(1649): CodeIgniter\Database\BaseConnection->query('SELECT `p`.`pro...', Array, false)
#4 C:\laragon\www\pharmacy-project\app\Models\ProductModel.php(296): CodeIgniter\Database\BaseBuilder->get()
#5 C:\laragon\www\pharmacy-project\app\Controllers\PosController.php(80): App\Models\ProductModel->searchProducts('na')
#6 C:\laragon\www\pharmacy-project\system\CodeIgniter.php(933): App\Controllers\PosController->productSearch()
#7 C:\laragon\www\pharmacy-project\system\CodeIgniter.php(507): CodeIgniter\CodeIgniter->runController(Object(App\Controllers\PosController))
#8 C:\laragon\www\pharmacy-project\system\CodeIgniter.php(354): CodeIgniter\CodeIgniter->handleRequest(NULL, Object(Config\Cache), false)
#9 C:\laragon\www\pharmacy-project\system\Boot.php(363): CodeIgniter\CodeIgniter->run()
#10 C:\laragon\www\pharmacy-project\system\Boot.php(68): CodeIgniter\Boot::runCodeIgniter(Object(CodeIgniter\CodeIgniter))
#11 C:\laragon\www\pharmacy-project\index.php(59): CodeIgniter\Boot::bootWeb(Object(Config\Paths))
#12 {main}
CRITICAL - 2026-08-03 06:56:25 --> CodeIgniter\Database\Exceptions\DatabaseException: Illegal mix of collations (utf8mb4_bin,NONE) and (utf8mb4_0900_ai_ci,COERCIBLE) for operation 'like'
[Method: GET, Route: pos/product-search]
in SYSTEMPATH\Database\BaseConnection.php on line 684.
 1 SYSTEMPATH\Database\BaseBuilder.php(1649): CodeIgniter\Database\BaseConnection->query('SELECT `p`.`product_id` AS `id`, `p`.`product_name` AS `name`, CONCAT(
            p.product_name, \' | \', IFNULL(pb.product_brand_name, \'\'), \' | \', IFNULL(pc.category_name, \'\'), \' | \', IFNULL(pg.group_name, \'\'), \' | Stock: \', COALESCE(SUM(sl.qty_in - sl.qty_out), 0)
        ) AS label, COALESCE(SUM(sl.qty_in - sl.qty_out), 0) AS total_stock
FROM `products` `p`
LEFT JOIN `stock_ledger` `sl` ON `sl`.`product_id` = `p`.`product_id`
LEFT JOIN `product_brand` `pb` ON `pb`.`brand_id` = `p`.`product_brand`
LEFT JOIN `product_category` `pc` ON `pc`.`product_category_id` = `p`.`product_category`
LEFT JOIN `product_group` `pg` ON `pg`.`product_group_id` = `p`.`product_group`
LEFT JOIN `product_opening_stock` `pos` ON `pos`.`product_id` = `p`.`product_id` AND `pos`.`status` = "active"
WHERE `p`.`status` = :p.status:
AND   (

        LOWER(CONCAT(
            p.product_name,\' \',
            IFNULL(pb.product_brand_name,\'\'),\' \',
            IFNULL(pc.category_name,\'\'),\' \',
            IFNULL(pg.group_name,\'\'),\' \',
            IFNULL(p.barcode,\'\')
        )) LIKE \'%na%\'
    
 )
GROUP BY `p`.`product_id`, `p`.`product_name`, `pb`.`product_brand_name`, `pc`.`category_name`, `pg`.`group_name`, `p`.`barcode`
HAVING `total_stock` > :total_stock:
ORDER BY CASE
            WHEN p.barcode = \'na\' THEN 1
            WHEN LOWER(p.product_name) = \'na\' THEN 2
            WHEN LOWER(p.product_name) LIKE \'%na%\' THEN 3
            WHEN LOWER(pb.product_brand_name) LIKE \'na%\' THEN 4
            WHEN LOWER(pc.category_name) LIKE \'na%\' THEN 5
            WHEN LOWER(pg.group_name) LIKE \'na%\' THEN 6
            ELSE 7
        END
 LIMIT 20', [...], false)
 2 APPPATH\Models\ProductModel.php(296): CodeIgniter\Database\BaseBuilder->get()
 3 APPPATH\Controllers\PosController.php(80): App\Models\ProductModel->searchProducts('na')
 4 SYSTEMPATH\CodeIgniter.php(933): App\Controllers\PosController->productSearch()
 5 SYSTEMPATH\CodeIgniter.php(507): CodeIgniter\CodeIgniter->runController(Object(App\Controllers\PosController))
 6 SYSTEMPATH\CodeIgniter.php(354): CodeIgniter\CodeIgniter->handleRequest(null, Object(Config\Cache), false)
 7 SYSTEMPATH\Boot.php(363): CodeIgniter\CodeIgniter->run()
 8 SYSTEMPATH\Boot.php(68): CodeIgniter\Boot::runCodeIgniter(Object(CodeIgniter\CodeIgniter))
 9 FCPATH\index.php(59): CodeIgniter\Boot::bootWeb(Object(Config\Paths))
CRITICAL - 2026-08-03 06:56:25 --> [Caused by] CodeIgniter\Database\Exceptions\DatabaseException: Illegal mix of collations (utf8mb4_bin,NONE) and (utf8mb4_0900_ai_ci,COERCIBLE) for operation 'like'
in SYSTEMPATH\Database\MySQLi\Connection.php on line 332.
 1 SYSTEMPATH\Database\BaseConnection.php(729): CodeIgniter\Database\MySQLi\Connection->execute('SELECT `p`.`product_id` AS `id`, `p`.`product_name` AS `name`, CONCAT(
            p.product_name, \' | \', IFNULL(pb.product_brand_name, \'\'), \' | \', IFNULL(pc.category_name, \'\'), \' | \', IFNULL(pg.group_name, \'\'), \' | Stock: \', COALESCE(SUM(sl.qty_in - sl.qty_out), 0)
        ) AS label, COALESCE(SUM(sl.qty_in - sl.qty_out), 0) AS total_stock
FROM `products` `p`
LEFT JOIN `stock_ledger` `sl` ON `sl`.`product_id` = `p`.`product_id`
LEFT JOIN `product_brand` `pb` ON `pb`.`brand_id` = `p`.`product_brand`
LEFT JOIN `product_category` `pc` ON `pc`.`product_category_id` = `p`.`product_category`
LEFT JOIN `product_group` `pg` ON `pg`.`product_group_id` = `p`.`product_group`
LEFT JOIN `product_opening_stock` `pos` ON `pos`.`product_id` = `p`.`product_id` AND `pos`.`status` = "active"
WHERE `p`.`status` = \'active\'
AND   (

        LOWER(CONCAT(
            p.product_name,\' \',
            IFNULL(pb.product_brand_name,\'\'),\' \',
            IFNULL(pc.category_name,\'\'),\' \',
            IFNULL(pg.group_name,\'\'),\' \',
            IFNULL(p.barcode,\'\')
        )) LIKE \'%na%\'
    
 )
GROUP BY `p`.`product_id`, `p`.`product_name`, `pb`.`product_brand_name`, `pc`.`category_name`, `pg`.`group_name`, `p`.`barcode`
HAVING `total_stock` > 0
ORDER BY CASE
            WHEN p.barcode = \'na\' THEN 1
            WHEN LOWER(p.product_name) = \'na\' THEN 2
            WHEN LOWER(p.product_name) LIKE \'%na%\' THEN 3
            WHEN LOWER(pb.product_brand_name) LIKE \'na%\' THEN 4
            WHEN LOWER(pc.category_name) LIKE \'na%\' THEN 5
            WHEN LOWER(pg.group_name) LIKE \'na%\' THEN 6
            ELSE 7
        END
 LIMIT 20')
 2 SYSTEMPATH\Database\BaseConnection.php(646): CodeIgniter\Database\BaseConnection->simpleQuery('SELECT `p`.`product_id` AS `id`, `p`.`product_name` AS `name`, CONCAT(
            p.product_name, \' | \', IFNULL(pb.product_brand_name, \'\'), \' | \', IFNULL(pc.category_name, \'\'), \' | \', IFNULL(pg.group_name, \'\'), \' | Stock: \', COALESCE(SUM(sl.qty_in - sl.qty_out), 0)
        ) AS label, COALESCE(SUM(sl.qty_in - sl.qty_out), 0) AS total_stock
FROM `products` `p`
LEFT JOIN `stock_ledger` `sl` ON `sl`.`product_id` = `p`.`product_id`
LEFT JOIN `product_brand` `pb` ON `pb`.`brand_id` = `p`.`product_brand`
LEFT JOIN `product_category` `pc` ON `pc`.`product_category_id` = `p`.`product_category`
LEFT JOIN `product_group` `pg` ON `pg`.`product_group_id` = `p`.`product_group`
LEFT JOIN `product_opening_stock` `pos` ON `pos`.`product_id` = `p`.`product_id` AND `pos`.`status` = "active"
WHERE `p`.`status` = \'active\'
AND   (

        LOWER(CONCAT(
            p.product_name,\' \',
            IFNULL(pb.product_brand_name,\'\'),\' \',
            IFNULL(pc.category_name,\'\'),\' \',
            IFNULL(pg.group_name,\'\'),\' \',
            IFNULL(p.barcode,\'\')
        )) LIKE \'%na%\'
    
 )
GROUP BY `p`.`product_id`, `p`.`product_name`, `pb`.`product_brand_name`, `pc`.`category_name`, `pg`.`group_name`, `p`.`barcode`
HAVING `total_stock` > 0
ORDER BY CASE
            WHEN p.barcode = \'na\' THEN 1
            WHEN LOWER(p.product_name) = \'na\' THEN 2
            WHEN LOWER(p.product_name) LIKE \'%na%\' THEN 3
            WHEN LOWER(pb.product_brand_name) LIKE \'na%\' THEN 4
            WHEN LOWER(pc.category_name) LIKE \'na%\' THEN 5
            WHEN LOWER(pg.group_name) LIKE \'na%\' THEN 6
            ELSE 7
        END
 LIMIT 20')
 3 SYSTEMPATH\Database\BaseBuilder.php(1649): CodeIgniter\Database\BaseConnection->query('SELECT `p`.`product_id` AS `id`, `p`.`product_name` AS `name`, CONCAT(
            p.product_name, \' | \', IFNULL(pb.product_brand_name, \'\'), \' | \', IFNULL(pc.category_name, \'\'), \' | \', IFNULL(pg.group_name, \'\'), \' | Stock: \', COALESCE(SUM(sl.qty_in - sl.qty_out), 0)
        ) AS label, COALESCE(SUM(sl.qty_in - sl.qty_out), 0) AS total_stock
FROM `products` `p`
LEFT JOIN `stock_ledger` `sl` ON `sl`.`product_id` = `p`.`product_id`
LEFT JOIN `product_brand` `pb` ON `pb`.`brand_id` = `p`.`product_brand`
LEFT JOIN `product_category` `pc` ON `pc`.`product_category_id` = `p`.`product_category`
LEFT JOIN `product_group` `pg` ON `pg`.`product_group_id` = `p`.`product_group`
LEFT JOIN `product_opening_stock` `pos` ON `pos`.`product_id` = `p`.`product_id` AND `pos`.`status` = "active"
WHERE `p`.`status` = :p.status:
AND   (

        LOWER(CONCAT(
            p.product_name,\' \',
            IFNULL(pb.product_brand_name,\'\'),\' \',
            IFNULL(pc.category_name,\'\'),\' \',
            IFNULL(pg.group_name,\'\'),\' \',
            IFNULL(p.barcode,\'\')
        )) LIKE \'%na%\'
    
 )
GROUP BY `p`.`product_id`, `p`.`product_name`, `pb`.`product_brand_name`, `pc`.`category_name`, `pg`.`group_name`, `p`.`barcode`
HAVING `total_stock` > :total_stock:
ORDER BY CASE
            WHEN p.barcode = \'na\' THEN 1
            WHEN LOWER(p.product_name) = \'na\' THEN 2
            WHEN LOWER(p.product_name) LIKE \'%na%\' THEN 3
            WHEN LOWER(pb.product_brand_name) LIKE \'na%\' THEN 4
            WHEN LOWER(pc.category_name) LIKE \'na%\' THEN 5
            WHEN LOWER(pg.group_name) LIKE \'na%\' THEN 6
            ELSE 7
        END
 LIMIT 20', [...], false)
 4 APPPATH\Models\ProductModel.php(296): CodeIgniter\Database\BaseBuilder->get()
 5 APPPATH\Controllers\PosController.php(80): App\Models\ProductModel->searchProducts('na')
 6 SYSTEMPATH\CodeIgniter.php(933): App\Controllers\PosController->productSearch()
 7 SYSTEMPATH\CodeIgniter.php(507): CodeIgniter\CodeIgniter->runController(Object(App\Controllers\PosController))
 8 SYSTEMPATH\CodeIgniter.php(354): CodeIgniter\CodeIgniter->handleRequest(null, Object(Config\Cache), false)
 9 SYSTEMPATH\Boot.php(363): CodeIgniter\CodeIgniter->run()
10 SYSTEMPATH\Boot.php(68): CodeIgniter\Boot::runCodeIgniter(Object(CodeIgniter\CodeIgniter))
11 FCPATH\index.php(59): CodeIgniter\Boot::bootWeb(Object(Config\Paths))
CRITICAL - 2026-08-03 06:56:25 --> [Caused by] mysqli_sql_exception: Illegal mix of collations (utf8mb4_bin,NONE) and (utf8mb4_0900_ai_ci,COERCIBLE) for operation 'like'
in SYSTEMPATH\Database\MySQLi\Connection.php on line 327.
 1 SYSTEMPATH\Database\MySQLi\Connection.php(327): mysqli->query('SELECT `p`.`product_id` AS `id`, `p`.`product_name` AS `name`, CONCAT(
            p.product_name, \' | \', IFNULL(pb.product_brand_name, \'\'), \' | \', IFNULL(pc.category_name, \'\'), \' | \', IFNULL(pg.group_name, \'\'), \' | Stock: \', COALESCE(SUM(sl.qty_in - sl.qty_out), 0)
        ) AS label, COALESCE(SUM(sl.qty_in - sl.qty_out), 0) AS total_stock
FROM `products` `p`
LEFT JOIN `stock_ledger` `sl` ON `sl`.`product_id` = `p`.`product_id`
LEFT JOIN `product_brand` `pb` ON `pb`.`brand_id` = `p`.`product_brand`
LEFT JOIN `product_category` `pc` ON `pc`.`product_category_id` = `p`.`product_category`
LEFT JOIN `product_group` `pg` ON `pg`.`product_group_id` = `p`.`product_group`
LEFT JOIN `product_opening_stock` `pos` ON `pos`.`product_id` = `p`.`product_id` AND `pos`.`status` = "active"
WHERE `p`.`status` = \'active\'
AND   (

        LOWER(CONCAT(
            p.product_name,\' \',
            IFNULL(pb.product_brand_name,\'\'),\' \',
            IFNULL(pc.category_name,\'\'),\' \',
            IFNULL(pg.group_name,\'\'),\' \',
            IFNULL(p.barcode,\'\')
        )) LIKE \'%na%\'
    
 )
GROUP BY `p`.`product_id`, `p`.`product_name`, `pb`.`product_brand_name`, `pc`.`category_name`, `pg`.`group_name`, `p`.`barcode`
HAVING `total_stock` > 0
ORDER BY CASE
            WHEN p.barcode = \'na\' THEN 1
            WHEN LOWER(p.product_name) = \'na\' THEN 2
            WHEN LOWER(p.product_name) LIKE \'%na%\' THEN 3
            WHEN LOWER(pb.product_brand_name) LIKE \'na%\' THEN 4
            WHEN LOWER(pc.category_name) LIKE \'na%\' THEN 5
            WHEN LOWER(pg.group_name) LIKE \'na%\' THEN 6
            ELSE 7
        END
 LIMIT 20', 0)
 2 SYSTEMPATH\Database\BaseConnection.php(729): CodeIgniter\Database\MySQLi\Connection->execute('SELECT `p`.`product_id` AS `id`, `p`.`product_name` AS `name`, CONCAT(
            p.product_name, \' | \', IFNULL(pb.product_brand_name, \'\'), \' | \', IFNULL(pc.category_name, \'\'), \' | \', IFNULL(pg.group_name, \'\'), \' | Stock: \', COALESCE(SUM(sl.qty_in - sl.qty_out), 0)
        ) AS label, COALESCE(SUM(sl.qty_in - sl.qty_out), 0) AS total_stock
FROM `products` `p`
LEFT JOIN `stock_ledger` `sl` ON `sl`.`product_id` = `p`.`product_id`
LEFT JOIN `product_brand` `pb` ON `pb`.`brand_id` = `p`.`product_brand`
LEFT JOIN `product_category` `pc` ON `pc`.`product_category_id` = `p`.`product_category`
LEFT JOIN `product_group` `pg` ON `pg`.`product_group_id` = `p`.`product_group`
LEFT JOIN `product_opening_stock` `pos` ON `pos`.`product_id` = `p`.`product_id` AND `pos`.`status` = "active"
WHERE `p`.`status` = \'active\'
AND   (

        LOWER(CONCAT(
            p.product_name,\' \',
            IFNULL(pb.product_brand_name,\'\'),\' \',
            IFNULL(pc.category_name,\'\'),\' \',
            IFNULL(pg.group_name,\'\'),\' \',
            IFNULL(p.barcode,\'\')
        )) LIKE \'%na%\'
    
 )
GROUP BY `p`.`product_id`, `p`.`product_name`, `pb`.`product_brand_name`, `pc`.`category_name`, `pg`.`group_name`, `p`.`barcode`
HAVING `total_stock` > 0
ORDER BY CASE
            WHEN p.barcode = \'na\' THEN 1
            WHEN LOWER(p.product_name) = \'na\' THEN 2
            WHEN LOWER(p.product_name) LIKE \'%na%\' THEN 3
            WHEN LOWER(pb.product_brand_name) LIKE \'na%\' THEN 4
            WHEN LOWER(pc.category_name) LIKE \'na%\' THEN 5
            WHEN LOWER(pg.group_name) LIKE \'na%\' THEN 6
            ELSE 7
        END
 LIMIT 20')
 3 SYSTEMPATH\Database\BaseConnection.php(646): CodeIgniter\Database\BaseConnection->simpleQuery('SELECT `p`.`product_id` AS `id`, `p`.`product_name` AS `name`, CONCAT(
            p.product_name, \' | \', IFNULL(pb.product_brand_name, \'\'), \' | \', IFNULL(pc.category_name, \'\'), \' | \', IFNULL(pg.group_name, \'\'), \' | Stock: \', COALESCE(SUM(sl.qty_in - sl.qty_out), 0)
        ) AS label, COALESCE(SUM(sl.qty_in - sl.qty_out), 0) AS total_stock
FROM `products` `p`
LEFT JOIN `stock_ledger` `sl` ON `sl`.`product_id` = `p`.`product_id`
LEFT JOIN `product_brand` `pb` ON `pb`.`brand_id` = `p`.`product_brand`
LEFT JOIN `product_category` `pc` ON `pc`.`product_category_id` = `p`.`product_category`
LEFT JOIN `product_group` `pg` ON `pg`.`product_group_id` = `p`.`product_group`
LEFT JOIN `product_opening_stock` `pos` ON `pos`.`product_id` = `p`.`product_id` AND `pos`.`status` = "active"
WHERE `p`.`status` = \'active\'
AND   (

        LOWER(CONCAT(
            p.product_name,\' \',
            IFNULL(pb.product_brand_name,\'\'),\' \',
            IFNULL(pc.category_name,\'\'),\' \',
            IFNULL(pg.group_name,\'\'),\' \',
            IFNULL(p.barcode,\'\')
        )) LIKE \'%na%\'
    
 )
GROUP BY `p`.`product_id`, `p`.`product_name`, `pb`.`product_brand_name`, `pc`.`category_name`, `pg`.`group_name`, `p`.`barcode`
HAVING `total_stock` > 0
ORDER BY CASE
            WHEN p.barcode = \'na\' THEN 1
            WHEN LOWER(p.product_name) = \'na\' THEN 2
            WHEN LOWER(p.product_name) LIKE \'%na%\' THEN 3
            WHEN LOWER(pb.product_brand_name) LIKE \'na%\' THEN 4
            WHEN LOWER(pc.category_name) LIKE \'na%\' THEN 5
            WHEN LOWER(pg.group_name) LIKE \'na%\' THEN 6
            ELSE 7
        END
 LIMIT 20')
 4 SYSTEMPATH\Database\BaseBuilder.php(1649): CodeIgniter\Database\BaseConnection->query('SELECT `p`.`product_id` AS `id`, `p`.`product_name` AS `name`, CONCAT(
            p.product_name, \' | \', IFNULL(pb.product_brand_name, \'\'), \' | \', IFNULL(pc.category_name, \'\'), \' | \', IFNULL(pg.group_name, \'\'), \' | Stock: \', COALESCE(SUM(sl.qty_in - sl.qty_out), 0)
        ) AS label, COALESCE(SUM(sl.qty_in - sl.qty_out), 0) AS total_stock
FROM `products` `p`
LEFT JOIN `stock_ledger` `sl` ON `sl`.`product_id` = `p`.`product_id`
LEFT JOIN `product_brand` `pb` ON `pb`.`brand_id` = `p`.`product_brand`
LEFT JOIN `product_category` `pc` ON `pc`.`product_category_id` = `p`.`product_category`
LEFT JOIN `product_group` `pg` ON `pg`.`product_group_id` = `p`.`product_group`
LEFT JOIN `product_opening_stock` `pos` ON `pos`.`product_id` = `p`.`product_id` AND `pos`.`status` = "active"
WHERE `p`.`status` = :p.status:
AND   (

        LOWER(CONCAT(
            p.product_name,\' \',
            IFNULL(pb.product_brand_name,\'\'),\' \',
            IFNULL(pc.category_name,\'\'),\' \',
            IFNULL(pg.group_name,\'\'),\' \',
            IFNULL(p.barcode,\'\')
        )) LIKE \'%na%\'
    
 )
GROUP BY `p`.`product_id`, `p`.`product_name`, `pb`.`product_brand_name`, `pc`.`category_name`, `pg`.`group_name`, `p`.`barcode`
HAVING `total_stock` > :total_stock:
ORDER BY CASE
            WHEN p.barcode = \'na\' THEN 1
            WHEN LOWER(p.product_name) = \'na\' THEN 2
            WHEN LOWER(p.product_name) LIKE \'%na%\' THEN 3
            WHEN LOWER(pb.product_brand_name) LIKE \'na%\' THEN 4
            WHEN LOWER(pc.category_name) LIKE \'na%\' THEN 5
            WHEN LOWER(pg.group_name) LIKE \'na%\' THEN 6
            ELSE 7
        END
 LIMIT 20', [...], false)
 5 APPPATH\Models\ProductModel.php(296): CodeIgniter\Database\BaseBuilder->get()
 6 APPPATH\Controllers\PosController.php(80): App\Models\ProductModel->searchProducts('na')
 7 SYSTEMPATH\CodeIgniter.php(933): App\Controllers\PosController->productSearch()
 8 SYSTEMPATH\CodeIgniter.php(507): CodeIgniter\CodeIgniter->runController(Object(App\Controllers\PosController))
 9 SYSTEMPATH\CodeIgniter.php(354): CodeIgniter\CodeIgniter->handleRequest(null, Object(Config\Cache), false)
10 SYSTEMPATH\Boot.php(363): CodeIgniter\CodeIgniter->run()
11 SYSTEMPATH\Boot.php(68): CodeIgniter\Boot::runCodeIgniter(Object(CodeIgniter\CodeIgniter))
12 FCPATH\index.php(59): CodeIgniter\Boot::bootWeb(Object(Config\Paths))
DEBUG - 2026-08-03 06:58:10 --> Session: Class initialized using 'CodeIgniter\Session\Handlers\FileHandler' driver.
DEBUG - 2026-08-03 08:15:08 --> Session: Class initialized using 'CodeIgniter\Session\Handlers\FileHandler' driver.
CRITICAL - 2026-08-03 08:15:08 --> ErrorException: Undefined variable $row
[Method: GET, Route: pos]
in APPPATH\Controllers\PosController.php on line 47.
 1 APPPATH\Controllers\PosController.php(47): CodeIgniter\Debug\Exceptions->errorHandler(2, 'Undefined variable $row', 'C:\\laragon\\www\\pharmacy-project\\app\\Controllers\\PosController.php', 47)
 2 SYSTEMPATH\CodeIgniter.php(933): App\Controllers\PosController->index()
 3 SYSTEMPATH\CodeIgniter.php(507): CodeIgniter\CodeIgniter->runController(Object(App\Controllers\PosController))
 4 SYSTEMPATH\CodeIgniter.php(354): CodeIgniter\CodeIgniter->handleRequest(null, Object(Config\Cache), false)
 5 SYSTEMPATH\Boot.php(363): CodeIgniter\CodeIgniter->run()
 6 SYSTEMPATH\Boot.php(68): CodeIgniter\Boot::runCodeIgniter(Object(CodeIgniter\CodeIgniter))
 7 FCPATH\index.php(59): CodeIgniter\Boot::bootWeb(Object(Config\Paths))
DEBUG - 2026-08-03 08:24:14 --> Session: Class initialized using 'CodeIgniter\Session\Handlers\FileHandler' driver.
DEBUG - 2026-08-03 08:24:14 --> Session: Class initialized using 'CodeIgniter\Session\Handlers\FileHandler' driver.
DEBUG - 2026-08-03 08:24:28 --> Session: Class initialized using 'CodeIgniter\Session\Handlers\FileHandler' driver.
DEBUG - 2026-08-03 08:24:31 --> Session: Class initialized using 'CodeIgniter\Session\Handlers\FileHandler' driver.
DEBUG - 2026-08-03 08:24:54 --> Session: Class initialized using 'CodeIgniter\Session\Handlers\FileHandler' driver.
DEBUG - 2026-08-03 08:24:57 --> Session: Class initialized using 'CodeIgniter\Session\Handlers\FileHandler' driver.
DEBUG - 2026-08-03 08:24:57 --> Session: Class initialized using 'CodeIgniter\Session\Handlers\FileHandler' driver.
DEBUG - 2026-08-03 08:25:10 --> Session: Class initialized using 'CodeIgniter\Session\Handlers\FileHandler' driver.
CRITICAL - 2026-08-03 08:25:11 --> ErrorException: Undefined variable $row
[Method: GET, Route: pos]
in APPPATH\Controllers\PosController.php on line 47.
 1 APPPATH\Controllers\PosController.php(47): CodeIgniter\Debug\Exceptions->errorHandler(2, 'Undefined variable $row', 'C:\\laragon\\www\\pharmacy-project\\app\\Controllers\\PosController.php', 47)
 2 SYSTEMPATH\CodeIgniter.php(933): App\Controllers\PosController->index()
 3 SYSTEMPATH\CodeIgniter.php(507): CodeIgniter\CodeIgniter->runController(Object(App\Controllers\PosController))
 4 SYSTEMPATH\CodeIgniter.php(354): CodeIgniter\CodeIgniter->handleRequest(null, Object(Config\Cache), false)
 5 SYSTEMPATH\Boot.php(363): CodeIgniter\CodeIgniter->run()
 6 SYSTEMPATH\Boot.php(68): CodeIgniter\Boot::runCodeIgniter(Object(CodeIgniter\CodeIgniter))
 7 FCPATH\index.php(59): CodeIgniter\Boot::bootWeb(Object(Config\Paths))
DEBUG - 2026-08-03 08:28:03 --> Session: Class initialized using 'CodeIgniter\Session\Handlers\FileHandler' driver.
DEBUG - 2026-08-03 08:28:05 --> Session: Class initialized using 'CodeIgniter\Session\Handlers\FileHandler' driver.
DEBUG - 2026-08-03 08:35:13 --> Session: Class initialized using 'CodeIgniter\Session\Handlers\FileHandler' driver.
ERROR - 2026-08-03 08:35:14 --> mysqli_sql_exception: Illegal mix of collations (utf8mb4_bin,NONE) and (utf8mb4_0900_ai_ci,COERCIBLE) for operation 'like' in C:\laragon\www\pharmacy-project\system\Database\MySQLi\Connection.php:327
Stack trace:
#0 C:\laragon\www\pharmacy-project\system\Database\MySQLi\Connection.php(327): mysqli->query('SELECT `p`.`pro...', 0)
#1 C:\laragon\www\pharmacy-project\system\Database\BaseConnection.php(729): CodeIgniter\Database\MySQLi\Connection->execute('SELECT `p`.`pro...')
#2 C:\laragon\www\pharmacy-project\system\Database\BaseConnection.php(646): CodeIgniter\Database\BaseConnection->simpleQuery('SELECT `p`.`pro...')
#3 C:\laragon\www\pharmacy-project\system\Database\BaseBuilder.php(1649): CodeIgniter\Database\BaseConnection->query('SELECT `p`.`pro...', Array, false)
#4 C:\laragon\www\pharmacy-project\app\Models\ProductModel.php(296): CodeIgniter\Database\BaseBuilder->get()
#5 C:\laragon\www\pharmacy-project\app\Controllers\PosController.php(90): App\Models\ProductModel->searchProducts('n')
#6 C:\laragon\www\pharmacy-project\system\CodeIgniter.php(933): App\Controllers\PosController->productSearch()
#7 C:\laragon\www\pharmacy-project\system\CodeIgniter.php(507): CodeIgniter\CodeIgniter->runController(Object(App\Controllers\PosController))
#8 C:\laragon\www\pharmacy-project\system\CodeIgniter.php(354): CodeIgniter\CodeIgniter->handleRequest(NULL, Object(Config\Cache), false)
#9 C:\laragon\www\pharmacy-project\system\Boot.php(363): CodeIgniter\CodeIgniter->run()
#10 C:\laragon\www\pharmacy-project\system\Boot.php(68): CodeIgniter\Boot::runCodeIgniter(Object(CodeIgniter\CodeIgniter))
#11 C:\laragon\www\pharmacy-project\index.php(59): CodeIgniter\Boot::bootWeb(Object(Config\Paths))
#12 {main}
CRITICAL - 2026-08-03 08:35:14 --> CodeIgniter\Database\Exceptions\DatabaseException: Illegal mix of collations (utf8mb4_bin,NONE) and (utf8mb4_0900_ai_ci,COERCIBLE) for operation 'like'
[Method: GET, Route: pos/product-search]
in SYSTEMPATH\Database\BaseConnection.php on line 684.
 1 SYSTEMPATH\Database\BaseBuilder.php(1649): CodeIgniter\Database\BaseConnection->query('SELECT `p`.`product_id` AS `id`, `p`.`product_name` AS `name`, CONCAT(
            p.product_name, \' | \', IFNULL(pb.product_brand_name, \'\'), \' | \', IFNULL(pc.category_name, \'\'), \' | \', IFNULL(pg.group_name, \'\'), \' | Stock: \', COALESCE(SUM(sl.qty_in - sl.qty_out), 0)
        ) AS label, COALESCE(SUM(sl.qty_in - sl.qty_out), 0) AS total_stock
FROM `products` `p`
LEFT JOIN `stock_ledger` `sl` ON `sl`.`product_id` = `p`.`product_id`
LEFT JOIN `product_brand` `pb` ON `pb`.`brand_id` = `p`.`product_brand`
LEFT JOIN `product_category` `pc` ON `pc`.`product_category_id` = `p`.`product_category`
LEFT JOIN `product_group` `pg` ON `pg`.`product_group_id` = `p`.`product_group`
LEFT JOIN `product_opening_stock` `pos` ON `pos`.`product_id` = `p`.`product_id` AND `pos`.`status` = "active"
WHERE `p`.`status` = :p.status:
AND   (

        LOWER(CONCAT(
            p.product_name,\' \',
            IFNULL(pb.product_brand_name,\'\'),\' \',
            IFNULL(pc.category_name,\'\'),\' \',
            IFNULL(pg.group_name,\'\'),\' \',
            IFNULL(p.barcode,\'\')
        )) LIKE \'%n%\'
    
 )
GROUP BY `p`.`product_id`, `p`.`product_name`, `pb`.`product_brand_name`, `pc`.`category_name`, `pg`.`group_name`, `p`.`barcode`
HAVING `total_stock` > :total_stock:
ORDER BY CASE
            WHEN p.barcode = \'n\' THEN 1
            WHEN LOWER(p.product_name) = \'n\' THEN 2
            WHEN LOWER(p.product_name) LIKE \'%n%\' THEN 3
            WHEN LOWER(pb.product_brand_name) LIKE \'n%\' THEN 4
            WHEN LOWER(pc.category_name) LIKE \'n%\' THEN 5
            WHEN LOWER(pg.group_name) LIKE \'n%\' THEN 6
            ELSE 7
        END
 LIMIT 20', [...], false)
 2 APPPATH\Models\ProductModel.php(296): CodeIgniter\Database\BaseBuilder->get()
 3 APPPATH\Controllers\PosController.php(90): App\Models\ProductModel->searchProducts('n')
 4 SYSTEMPATH\CodeIgniter.php(933): App\Controllers\PosController->productSearch()
 5 SYSTEMPATH\CodeIgniter.php(507): CodeIgniter\CodeIgniter->runController(Object(App\Controllers\PosController))
 6 SYSTEMPATH\CodeIgniter.php(354): CodeIgniter\CodeIgniter->handleRequest(null, Object(Config\Cache), false)
 7 SYSTEMPATH\Boot.php(363): CodeIgniter\CodeIgniter->run()
 8 SYSTEMPATH\Boot.php(68): CodeIgniter\Boot::runCodeIgniter(Object(CodeIgniter\CodeIgniter))
 9 FCPATH\index.php(59): CodeIgniter\Boot::bootWeb(Object(Config\Paths))
CRITICAL - 2026-08-03 08:35:14 --> [Caused by] CodeIgniter\Database\Exceptions\DatabaseException: Illegal mix of collations (utf8mb4_bin,NONE) and (utf8mb4_0900_ai_ci,COERCIBLE) for operation 'like'
in SYSTEMPATH\Database\MySQLi\Connection.php on line 332.
 1 SYSTEMPATH\Database\BaseConnection.php(729): CodeIgniter\Database\MySQLi\Connection->execute('SELECT `p`.`product_id` AS `id`, `p`.`product_name` AS `name`, CONCAT(
            p.product_name, \' | \', IFNULL(pb.product_brand_name, \'\'), \' | \', IFNULL(pc.category_name, \'\'), \' | \', IFNULL(pg.group_name, \'\'), \' | Stock: \', COALESCE(SUM(sl.qty_in - sl.qty_out), 0)
        ) AS label, COALESCE(SUM(sl.qty_in - sl.qty_out), 0) AS total_stock
FROM `products` `p`
LEFT JOIN `stock_ledger` `sl` ON `sl`.`product_id` = `p`.`product_id`
LEFT JOIN `product_brand` `pb` ON `pb`.`brand_id` = `p`.`product_brand`
LEFT JOIN `product_category` `pc` ON `pc`.`product_category_id` = `p`.`product_category`
LEFT JOIN `product_group` `pg` ON `pg`.`product_group_id` = `p`.`product_group`
LEFT JOIN `product_opening_stock` `pos` ON `pos`.`product_id` = `p`.`product_id` AND `pos`.`status` = "active"
WHERE `p`.`status` = \'active\'
AND   (

        LOWER(CONCAT(
            p.product_name,\' \',
            IFNULL(pb.product_brand_name,\'\'),\' \',
            IFNULL(pc.category_name,\'\'),\' \',
            IFNULL(pg.group_name,\'\'),\' \',
            IFNULL(p.barcode,\'\')
        )) LIKE \'%n%\'
    
 )
GROUP BY `p`.`product_id`, `p`.`product_name`, `pb`.`product_brand_name`, `pc`.`category_name`, `pg`.`group_name`, `p`.`barcode`
HAVING `total_stock` > 0
ORDER BY CASE
            WHEN p.barcode = \'n\' THEN 1
            WHEN LOWER(p.product_name) = \'n\' THEN 2
            WHEN LOWER(p.product_name) LIKE \'%n%\' THEN 3
            WHEN LOWER(pb.product_brand_name) LIKE \'n%\' THEN 4
            WHEN LOWER(pc.category_name) LIKE \'n%\' THEN 5
            WHEN LOWER(pg.group_name) LIKE \'n%\' THEN 6
            ELSE 7
        END
 LIMIT 20')
 2 SYSTEMPATH\Database\BaseConnection.php(646): CodeIgniter\Database\BaseConnection->simpleQuery('SELECT `p`.`product_id` AS `id`, `p`.`product_name` AS `name`, CONCAT(
            p.product_name, \' | \', IFNULL(pb.product_brand_name, \'\'), \' | \', IFNULL(pc.category_name, \'\'), \' | \', IFNULL(pg.group_name, \'\'), \' | Stock: \', COALESCE(SUM(sl.qty_in - sl.qty_out), 0)
        ) AS label, COALESCE(SUM(sl.qty_in - sl.qty_out), 0) AS total_stock
FROM `products` `p`
LEFT JOIN `stock_ledger` `sl` ON `sl`.`product_id` = `p`.`product_id`
LEFT JOIN `product_brand` `pb` ON `pb`.`brand_id` = `p`.`product_brand`
LEFT JOIN `product_category` `pc` ON `pc`.`product_category_id` = `p`.`product_category`
LEFT JOIN `product_group` `pg` ON `pg`.`product_group_id` = `p`.`product_group`
LEFT JOIN `product_opening_stock` `pos` ON `pos`.`product_id` = `p`.`product_id` AND `pos`.`status` = "active"
WHERE `p`.`status` = \'active\'
AND   (

        LOWER(CONCAT(
            p.product_name,\' \',
            IFNULL(pb.product_brand_name,\'\'),\' \',
            IFNULL(pc.category_name,\'\'),\' \',
            IFNULL(pg.group_name,\'\'),\' \',
            IFNULL(p.barcode,\'\')
        )) LIKE \'%n%\'
    
 )
GROUP BY `p`.`product_id`, `p`.`product_name`, `pb`.`product_brand_name`, `pc`.`category_name`, `pg`.`group_name`, `p`.`barcode`
HAVING `total_stock` > 0
ORDER BY CASE
            WHEN p.barcode = \'n\' THEN 1
            WHEN LOWER(p.product_name) = \'n\' THEN 2
            WHEN LOWER(p.product_name) LIKE \'%n%\' THEN 3
            WHEN LOWER(pb.product_brand_name) LIKE \'n%\' THEN 4
            WHEN LOWER(pc.category_name) LIKE \'n%\' THEN 5
            WHEN LOWER(pg.group_name) LIKE \'n%\' THEN 6
            ELSE 7
        END
 LIMIT 20')
 3 SYSTEMPATH\Database\BaseBuilder.php(1649): CodeIgniter\Database\BaseConnection->query('SELECT `p`.`product_id` AS `id`, `p`.`product_name` AS `name`, CONCAT(
            p.product_name, \' | \', IFNULL(pb.product_brand_name, \'\'), \' | \', IFNULL(pc.category_name, \'\'), \' | \', IFNULL(pg.group_name, \'\'), \' | Stock: \', COALESCE(SUM(sl.qty_in - sl.qty_out), 0)
        ) AS label, COALESCE(SUM(sl.qty_in - sl.qty_out), 0) AS total_stock
FROM `products` `p`
LEFT JOIN `stock_ledger` `sl` ON `sl`.`product_id` = `p`.`product_id`
LEFT JOIN `product_brand` `pb` ON `pb`.`brand_id` = `p`.`product_brand`
LEFT JOIN `product_category` `pc` ON `pc`.`product_category_id` = `p`.`product_category`
LEFT JOIN `product_group` `pg` ON `pg`.`product_group_id` = `p`.`product_group`
LEFT JOIN `product_opening_stock` `pos` ON `pos`.`product_id` = `p`.`product_id` AND `pos`.`status` = "active"
WHERE `p`.`status` = :p.status:
AND   (

        LOWER(CONCAT(
            p.product_name,\' \',
            IFNULL(pb.product_brand_name,\'\'),\' \',
            IFNULL(pc.category_name,\'\'),\' \',
            IFNULL(pg.group_name,\'\'),\' \',
            IFNULL(p.barcode,\'\')
        )) LIKE \'%n%\'
    
 )
GROUP BY `p`.`product_id`, `p`.`product_name`, `pb`.`product_brand_name`, `pc`.`category_name`, `pg`.`group_name`, `p`.`barcode`
HAVING `total_stock` > :total_stock:
ORDER BY CASE
            WHEN p.barcode = \'n\' THEN 1
            WHEN LOWER(p.product_name) = \'n\' THEN 2
            WHEN LOWER(p.product_name) LIKE \'%n%\' THEN 3
            WHEN LOWER(pb.product_brand_name) LIKE \'n%\' THEN 4
            WHEN LOWER(pc.category_name) LIKE \'n%\' THEN 5
            WHEN LOWER(pg.group_name) LIKE \'n%\' THEN 6
            ELSE 7
        END
 LIMIT 20', [...], false)
 4 APPPATH\Models\ProductModel.php(296): CodeIgniter\Database\BaseBuilder->get()
 5 APPPATH\Controllers\PosController.php(90): App\Models\ProductModel->searchProducts('n')
 6 SYSTEMPATH\CodeIgniter.php(933): App\Controllers\PosController->productSearch()
 7 SYSTEMPATH\CodeIgniter.php(507): CodeIgniter\CodeIgniter->runController(Object(App\Controllers\PosController))
 8 SYSTEMPATH\CodeIgniter.php(354): CodeIgniter\CodeIgniter->handleRequest(null, Object(Config\Cache), false)
 9 SYSTEMPATH\Boot.php(363): CodeIgniter\CodeIgniter->run()
10 SYSTEMPATH\Boot.php(68): CodeIgniter\Boot::runCodeIgniter(Object(CodeIgniter\CodeIgniter))
11 FCPATH\index.php(59): CodeIgniter\Boot::bootWeb(Object(Config\Paths))
CRITICAL - 2026-08-03 08:35:14 --> [Caused by] mysqli_sql_exception: Illegal mix of collations (utf8mb4_bin,NONE) and (utf8mb4_0900_ai_ci,COERCIBLE) for operation 'like'
in SYSTEMPATH\Database\MySQLi\Connection.php on line 327.
 1 SYSTEMPATH\Database\MySQLi\Connection.php(327): mysqli->query('SELECT `p`.`product_id` AS `id`, `p`.`product_name` AS `name`, CONCAT(
            p.product_name, \' | \', IFNULL(pb.product_brand_name, \'\'), \' | \', IFNULL(pc.category_name, \'\'), \' | \', IFNULL(pg.group_name, \'\'), \' | Stock: \', COALESCE(SUM(sl.qty_in - sl.qty_out), 0)
        ) AS label, COALESCE(SUM(sl.qty_in - sl.qty_out), 0) AS total_stock
FROM `products` `p`
LEFT JOIN `stock_ledger` `sl` ON `sl`.`product_id` = `p`.`product_id`
LEFT JOIN `product_brand` `pb` ON `pb`.`brand_id` = `p`.`product_brand`
LEFT JOIN `product_category` `pc` ON `pc`.`product_category_id` = `p`.`product_category`
LEFT JOIN `product_group` `pg` ON `pg`.`product_group_id` = `p`.`product_group`
LEFT JOIN `product_opening_stock` `pos` ON `pos`.`product_id` = `p`.`product_id` AND `pos`.`status` = "active"
WHERE `p`.`status` = \'active\'
AND   (

        LOWER(CONCAT(
            p.product_name,\' \',
            IFNULL(pb.product_brand_name,\'\'),\' \',
            IFNULL(pc.category_name,\'\'),\' \',
            IFNULL(pg.group_name,\'\'),\' \',
            IFNULL(p.barcode,\'\')
        )) LIKE \'%n%\'
    
 )
GROUP BY `p`.`product_id`, `p`.`product_name`, `pb`.`product_brand_name`, `pc`.`category_name`, `pg`.`group_name`, `p`.`barcode`
HAVING `total_stock` > 0
ORDER BY CASE
            WHEN p.barcode = \'n\' THEN 1
            WHEN LOWER(p.product_name) = \'n\' THEN 2
            WHEN LOWER(p.product_name) LIKE \'%n%\' THEN 3
            WHEN LOWER(pb.product_brand_name) LIKE \'n%\' THEN 4
            WHEN LOWER(pc.category_name) LIKE \'n%\' THEN 5
            WHEN LOWER(pg.group_name) LIKE \'n%\' THEN 6
            ELSE 7
        END
 LIMIT 20', 0)
 2 SYSTEMPATH\Database\BaseConnection.php(729): CodeIgniter\Database\MySQLi\Connection->execute('SELECT `p`.`product_id` AS `id`, `p`.`product_name` AS `name`, CONCAT(
            p.product_name, \' | \', IFNULL(pb.product_brand_name, \'\'), \' | \', IFNULL(pc.category_name, \'\'), \' | \', IFNULL(pg.group_name, \'\'), \' | Stock: \', COALESCE(SUM(sl.qty_in - sl.qty_out), 0)
        ) AS label, COALESCE(SUM(sl.qty_in - sl.qty_out), 0) AS total_stock
FROM `products` `p`
LEFT JOIN `stock_ledger` `sl` ON `sl`.`product_id` = `p`.`product_id`
LEFT JOIN `product_brand` `pb` ON `pb`.`brand_id` = `p`.`product_brand`
LEFT JOIN `product_category` `pc` ON `pc`.`product_category_id` = `p`.`product_category`
LEFT JOIN `product_group` `pg` ON `pg`.`product_group_id` = `p`.`product_group`
LEFT JOIN `product_opening_stock` `pos` ON `pos`.`product_id` = `p`.`product_id` AND `pos`.`status` = "active"
WHERE `p`.`status` = \'active\'
AND   (

        LOWER(CONCAT(
            p.product_name,\' \',
            IFNULL(pb.product_brand_name,\'\'),\' \',
            IFNULL(pc.category_name,\'\'),\' \',
            IFNULL(pg.group_name,\'\'),\' \',
            IFNULL(p.barcode,\'\')
        )) LIKE \'%n%\'
    
 )
GROUP BY `p`.`product_id`, `p`.`product_name`, `pb`.`product_brand_name`, `pc`.`category_name`, `pg`.`group_name`, `p`.`barcode`
HAVING `total_stock` > 0
ORDER BY CASE
            WHEN p.barcode = \'n\' THEN 1
            WHEN LOWER(p.product_name) = \'n\' THEN 2
            WHEN LOWER(p.product_name) LIKE \'%n%\' THEN 3
            WHEN LOWER(pb.product_brand_name) LIKE \'n%\' THEN 4
            WHEN LOWER(pc.category_name) LIKE \'n%\' THEN 5
            WHEN LOWER(pg.group_name) LIKE \'n%\' THEN 6
            ELSE 7
        END
 LIMIT 20')
 3 SYSTEMPATH\Database\BaseConnection.php(646): CodeIgniter\Database\BaseConnection->simpleQuery('SELECT `p`.`product_id` AS `id`, `p`.`product_name` AS `name`, CONCAT(
            p.product_name, \' | \', IFNULL(pb.product_brand_name, \'\'), \' | \', IFNULL(pc.category_name, \'\'), \' | \', IFNULL(pg.group_name, \'\'), \' | Stock: \', COALESCE(SUM(sl.qty_in - sl.qty_out), 0)
        ) AS label, COALESCE(SUM(sl.qty_in - sl.qty_out), 0) AS total_stock
FROM `products` `p`
LEFT JOIN `stock_ledger` `sl` ON `sl`.`product_id` = `p`.`product_id`
LEFT JOIN `product_brand` `pb` ON `pb`.`brand_id` = `p`.`product_brand`
LEFT JOIN `product_category` `pc` ON `pc`.`product_category_id` = `p`.`product_category`
LEFT JOIN `product_group` `pg` ON `pg`.`product_group_id` = `p`.`product_group`
LEFT JOIN `product_opening_stock` `pos` ON `pos`.`product_id` = `p`.`product_id` AND `pos`.`status` = "active"
WHERE `p`.`status` = \'active\'
AND   (

        LOWER(CONCAT(
            p.product_name,\' \',
            IFNULL(pb.product_brand_name,\'\'),\' \',
            IFNULL(pc.category_name,\'\'),\' \',
            IFNULL(pg.group_name,\'\'),\' \',
            IFNULL(p.barcode,\'\')
        )) LIKE \'%n%\'
    
 )
GROUP BY `p`.`product_id`, `p`.`product_name`, `pb`.`product_brand_name`, `pc`.`category_name`, `pg`.`group_name`, `p`.`barcode`
HAVING `total_stock` > 0
ORDER BY CASE
            WHEN p.barcode = \'n\' THEN 1
            WHEN LOWER(p.product_name) = \'n\' THEN 2
            WHEN LOWER(p.product_name) LIKE \'%n%\' THEN 3
            WHEN LOWER(pb.product_brand_name) LIKE \'n%\' THEN 4
            WHEN LOWER(pc.category_name) LIKE \'n%\' THEN 5
            WHEN LOWER(pg.group_name) LIKE \'n%\' THEN 6
            ELSE 7
        END
 LIMIT 20')
 4 SYSTEMPATH\Database\BaseBuilder.php(1649): CodeIgniter\Database\BaseConnection->query('SELECT `p`.`product_id` AS `id`, `p`.`product_name` AS `name`, CONCAT(
            p.product_name, \' | \', IFNULL(pb.product_brand_name, \'\'), \' | \', IFNULL(pc.category_name, \'\'), \' | \', IFNULL(pg.group_name, \'\'), \' | Stock: \', COALESCE(SUM(sl.qty_in - sl.qty_out), 0)
        ) AS label, COALESCE(SUM(sl.qty_in - sl.qty_out), 0) AS total_stock
FROM `products` `p`
LEFT JOIN `stock_ledger` `sl` ON `sl`.`product_id` = `p`.`product_id`
LEFT JOIN `product_brand` `pb` ON `pb`.`brand_id` = `p`.`product_brand`
LEFT JOIN `product_category` `pc` ON `pc`.`product_category_id` = `p`.`product_category`
LEFT JOIN `product_group` `pg` ON `pg`.`product_group_id` = `p`.`product_group`
LEFT JOIN `product_opening_stock` `pos` ON `pos`.`product_id` = `p`.`product_id` AND `pos`.`status` = "active"
WHERE `p`.`status` = :p.status:
AND   (

        LOWER(CONCAT(
            p.product_name,\' \',
            IFNULL(pb.product_brand_name,\'\'),\' \',
            IFNULL(pc.category_name,\'\'),\' \',
            IFNULL(pg.group_name,\'\'),\' \',
            IFNULL(p.barcode,\'\')
        )) LIKE \'%n%\'
    
 )
GROUP BY `p`.`product_id`, `p`.`product_name`, `pb`.`product_brand_name`, `pc`.`category_name`, `pg`.`group_name`, `p`.`barcode`
HAVING `total_stock` > :total_stock:
ORDER BY CASE
            WHEN p.barcode = \'n\' THEN 1
            WHEN LOWER(p.product_name) = \'n\' THEN 2
            WHEN LOWER(p.product_name) LIKE \'%n%\' THEN 3
            WHEN LOWER(pb.product_brand_name) LIKE \'n%\' THEN 4
            WHEN LOWER(pc.category_name) LIKE \'n%\' THEN 5
            WHEN LOWER(pg.group_name) LIKE \'n%\' THEN 6
            ELSE 7
        END
 LIMIT 20', [...], false)
 5 APPPATH\Models\ProductModel.php(296): CodeIgniter\Database\BaseBuilder->get()
 6 APPPATH\Controllers\PosController.php(90): App\Models\ProductModel->searchProducts('n')
 7 SYSTEMPATH\CodeIgniter.php(933): App\Controllers\PosController->productSearch()
 8 SYSTEMPATH\CodeIgniter.php(507): CodeIgniter\CodeIgniter->runController(Object(App\Controllers\PosController))
 9 SYSTEMPATH\CodeIgniter.php(354): CodeIgniter\CodeIgniter->handleRequest(null, Object(Config\Cache), false)
10 SYSTEMPATH\Boot.php(363): CodeIgniter\CodeIgniter->run()
11 SYSTEMPATH\Boot.php(68): CodeIgniter\Boot::runCodeIgniter(Object(CodeIgniter\CodeIgniter))
12 FCPATH\index.php(59): CodeIgniter\Boot::bootWeb(Object(Config\Paths))
DEBUG - 2026-08-03 09:00:04 --> Session: Class initialized using 'CodeIgniter\Session\Handlers\FileHandler' driver.
CRITICAL - 2026-08-03 09:00:05 --> ErrorException: Undefined variable $totalTime
[Method: GET, Route: /]
in SYSTEMPATH\Debug\Toolbar\Views\toolbar.tpl.php on line 49.
 1 SYSTEMPATH\Debug\Toolbar\Views\toolbar.tpl.php(49): CodeIgniter\Debug\Exceptions->errorHandler(2, 'Undefined variable $totalTime', 'C:\\laragon\\www\\pharmacy-project\\system\\Debug\\Toolbar\\Views\\toolbar.tpl.php', 49)
 2 SYSTEMPATH\Debug\Toolbar.php(533): include('C:\\laragon\\www\\pharmacy-project\\system\\Debug\\Toolbar\\Views\\toolbar.tpl.php')
 3 SYSTEMPATH\Debug\Toolbar.php(496): CodeIgniter\Debug\Toolbar->format([...], 'html')
 4 APPPATH\Config\Events.php(47): CodeIgniter\Debug\Toolbar->respond()
 5 SYSTEMPATH\Events\Events.php(152): CodeIgniter\Events\Events::Config\{closure}()
 6 SYSTEMPATH\CodeIgniter.php(339): CodeIgniter\Events\Events::trigger('pre_system')
 7 SYSTEMPATH\Boot.php(363): CodeIgniter\CodeIgniter->run()
 8 SYSTEMPATH\Boot.php(68): CodeIgniter\Boot::runCodeIgniter(Object(CodeIgniter\CodeIgniter))
 9 FCPATH\index.php(59): CodeIgniter\Boot::bootWeb(Object(Config\Paths))
DEBUG - 2026-08-03 09:00:07 --> Session: Class initialized using 'CodeIgniter\Session\Handlers\FileHandler' driver.
DEBUG - 2026-08-03 09:00:10 --> Session: Class initialized using 'CodeIgniter\Session\Handlers\FileHandler' driver.
DEBUG - 2026-08-03 09:00:12 --> Session: Class initialized using 'CodeIgniter\Session\Handlers\FileHandler' driver.
DEBUG - 2026-08-03 09:00:12 --> Session: Class initialized using 'CodeIgniter\Session\Handlers\FileHandler' driver.
DEBUG - 2026-08-03 09:00:17 --> Session: Class initialized using 'CodeIgniter\Session\Handlers\FileHandler' driver.
DEBUG - 2026-08-03 09:00:45 --> Session: Class initialized using 'CodeIgniter\Session\Handlers\FileHandler' driver.
DEBUG - 2026-08-03 09:00:45 --> Session: Class initialized using 'CodeIgniter\Session\Handlers\FileHandler' driver.
DEBUG - 2026-08-03 09:00:55 --> Session: Class initialized using 'CodeIgniter\Session\Handlers\FileHandler' driver.
DEBUG - 2026-08-03 09:01:00 --> Session: Class initialized using 'CodeIgniter\Session\Handlers\FileHandler' driver.
DEBUG - 2026-08-03 09:01:00 --> Session: Class initialized using 'CodeIgniter\Session\Handlers\FileHandler' driver.
DEBUG - 2026-08-03 09:01:04 --> Session: Class initialized using 'CodeIgniter\Session\Handlers\FileHandler' driver.
DEBUG - 2026-08-03 09:01:05 --> Session: Class initialized using 'CodeIgniter\Session\Handlers\FileHandler' driver.
DEBUG - 2026-08-03 09:01:06 --> Session: Class initialized using 'CodeIgniter\Session\Handlers\FileHandler' driver.
DEBUG - 2026-08-03 09:01:38 --> Session: Class initialized using 'CodeIgniter\Session\Handlers\FileHandler' driver.
DEBUG - 2026-08-03 09:01:38 --> Session: Class initialized using 'CodeIgniter\Session\Handlers\FileHandler' driver.
DEBUG - 2026-08-03 09:01:38 --> Session: Class initialized using 'CodeIgniter\Session\Handlers\FileHandler' driver.
DEBUG - 2026-08-03 09:01:45 --> Session: Class initialized using 'CodeIgniter\Session\Handlers\FileHandler' driver.
DEBUG - 2026-08-03 09:01:46 --> Session: Class initialized using 'CodeIgniter\Session\Handlers\FileHandler' driver.
DEBUG - 2026-08-03 09:01:48 --> Session: Class initialized using 'CodeIgniter\Session\Handlers\FileHandler' driver.
DEBUG - 2026-08-03 09:01:48 --> Session: Class initialized using 'CodeIgniter\Session\Handlers\FileHandler' driver.
DEBUG - 2026-08-03 09:07:25 --> Session: Class initialized using 'CodeIgniter\Session\Handlers\FileHandler' driver.
DEBUG - 2026-08-03 09:07:29 --> Session: Class initialized using 'CodeIgniter\Session\Handlers\FileHandler' driver.
ERROR - 2026-08-03 09:07:29 --> mysqli_sql_exception: Illegal mix of collations (utf8mb4_bin,NONE) and (utf8mb4_0900_ai_ci,COERCIBLE) for operation 'like' in C:\laragon\www\pharmacy-project\system\Database\MySQLi\Connection.php:327
Stack trace:
#0 C:\laragon\www\pharmacy-project\system\Database\MySQLi\Connection.php(327): mysqli->query('SELECT `p`.`pro...', 0)
#1 C:\laragon\www\pharmacy-project\system\Database\BaseConnection.php(729): CodeIgniter\Database\MySQLi\Connection->execute('SELECT `p`.`pro...')
#2 C:\laragon\www\pharmacy-project\system\Database\BaseConnection.php(646): CodeIgniter\Database\BaseConnection->simpleQuery('SELECT `p`.`pro...')
#3 C:\laragon\www\pharmacy-project\system\Database\BaseBuilder.php(1649): CodeIgniter\Database\BaseConnection->query('SELECT `p`.`pro...', Array, false)
#4 C:\laragon\www\pharmacy-project\app\Models\ProductModel.php(296): CodeIgniter\Database\BaseBuilder->get()
#5 C:\laragon\www\pharmacy-project\app\Controllers\PosController.php(90): App\Models\ProductModel->searchProducts('n')
#6 C:\laragon\www\pharmacy-project\system\CodeIgniter.php(933): App\Controllers\PosController->productSearch()
#7 C:\laragon\www\pharmacy-project\system\CodeIgniter.php(507): CodeIgniter\CodeIgniter->runController(Object(App\Controllers\PosController))
#8 C:\laragon\www\pharmacy-project\system\CodeIgniter.php(354): CodeIgniter\CodeIgniter->handleRequest(NULL, Object(Config\Cache), false)
#9 C:\laragon\www\pharmacy-project\system\Boot.php(363): CodeIgniter\CodeIgniter->run()
#10 C:\laragon\www\pharmacy-project\system\Boot.php(68): CodeIgniter\Boot::runCodeIgniter(Object(CodeIgniter\CodeIgniter))
#11 C:\laragon\www\pharmacy-project\index.php(59): CodeIgniter\Boot::bootWeb(Object(Config\Paths))
#12 {main}
CRITICAL - 2026-08-03 09:07:29 --> CodeIgniter\Database\Exceptions\DatabaseException: Illegal mix of collations (utf8mb4_bin,NONE) and (utf8mb4_0900_ai_ci,COERCIBLE) for operation 'like'
[Method: GET, Route: pos/product-search]
in SYSTEMPATH\Database\BaseConnection.php on line 684.
 1 SYSTEMPATH\Database\BaseBuilder.php(1649): CodeIgniter\Database\BaseConnection->query('SELECT `p`.`product_id` AS `id`, `p`.`product_name` AS `name`, CONCAT(
            p.product_name, \' | \', IFNULL(pb.product_brand_name, \'\'), \' | \', IFNULL(pc.category_name, \'\'), \' | \', IFNULL(pg.group_name, \'\'), \' | Stock: \', COALESCE(SUM(sl.qty_in - sl.qty_out), 0)
        ) AS label, COALESCE(SUM(sl.qty_in - sl.qty_out), 0) AS total_stock
FROM `products` `p`
LEFT JOIN `stock_ledger` `sl` ON `sl`.`product_id` = `p`.`product_id`
LEFT JOIN `product_brand` `pb` ON `pb`.`brand_id` = `p`.`product_brand`
LEFT JOIN `product_category` `pc` ON `pc`.`product_category_id` = `p`.`product_category`
LEFT JOIN `product_group` `pg` ON `pg`.`product_group_id` = `p`.`product_group`
WHERE `p`.`status` = :p.status:
AND   (

        LOWER(CONCAT(
            p.product_name,\' \',
            IFNULL(pb.product_brand_name,\'\'),\' \',
            IFNULL(pc.category_name,\'\'),\' \',
            IFNULL(pg.group_name,\'\'),\' \',
            IFNULL(p.barcode,\'\')
        )) LIKE \'%n%\'
    
 )
GROUP BY `p`.`product_id`, `p`.`product_name`, `pb`.`product_brand_name`, `pc`.`category_name`, `pg`.`group_name`, `p`.`barcode`
HAVING `total_stock` > :total_stock:
ORDER BY CASE
            WHEN p.barcode = \'n\' THEN 1
            WHEN LOWER(p.product_name) = \'n\' THEN 2
            WHEN LOWER(p.product_name) LIKE \'%n%\' THEN 3
            WHEN LOWER(pb.product_brand_name) LIKE \'n%\' THEN 4
            WHEN LOWER(pc.category_name) LIKE \'n%\' THEN 5
            WHEN LOWER(pg.group_name) LIKE \'n%\' THEN 6
            ELSE 7
        END, `p`.`product_name` ASC
 LIMIT 20', [...], false)
 2 APPPATH\Models\ProductModel.php(296): CodeIgniter\Database\BaseBuilder->get()
 3 APPPATH\Controllers\PosController.php(90): App\Models\ProductModel->searchProducts('n')
 4 SYSTEMPATH\CodeIgniter.php(933): App\Controllers\PosController->productSearch()
 5 SYSTEMPATH\CodeIgniter.php(507): CodeIgniter\CodeIgniter->runController(Object(App\Controllers\PosController))
 6 SYSTEMPATH\CodeIgniter.php(354): CodeIgniter\CodeIgniter->handleRequest(null, Object(Config\Cache), false)
 7 SYSTEMPATH\Boot.php(363): CodeIgniter\CodeIgniter->run()
 8 SYSTEMPATH\Boot.php(68): CodeIgniter\Boot::runCodeIgniter(Object(CodeIgniter\CodeIgniter))
 9 FCPATH\index.php(59): CodeIgniter\Boot::bootWeb(Object(Config\Paths))
CRITICAL - 2026-08-03 09:07:29 --> [Caused by] CodeIgniter\Database\Exceptions\DatabaseException: Illegal mix of collations (utf8mb4_bin,NONE) and (utf8mb4_0900_ai_ci,COERCIBLE) for operation 'like'
in SYSTEMPATH\Database\MySQLi\Connection.php on line 332.
 1 SYSTEMPATH\Database\BaseConnection.php(729): CodeIgniter\Database\MySQLi\Connection->execute('SELECT `p`.`product_id` AS `id`, `p`.`product_name` AS `name`, CONCAT(
            p.product_name, \' | \', IFNULL(pb.product_brand_name, \'\'), \' | \', IFNULL(pc.category_name, \'\'), \' | \', IFNULL(pg.group_name, \'\'), \' | Stock: \', COALESCE(SUM(sl.qty_in - sl.qty_out), 0)
        ) AS label, COALESCE(SUM(sl.qty_in - sl.qty_out), 0) AS total_stock
FROM `products` `p`
LEFT JOIN `stock_ledger` `sl` ON `sl`.`product_id` = `p`.`product_id`
LEFT JOIN `product_brand` `pb` ON `pb`.`brand_id` = `p`.`product_brand`
LEFT JOIN `product_category` `pc` ON `pc`.`product_category_id` = `p`.`product_category`
LEFT JOIN `product_group` `pg` ON `pg`.`product_group_id` = `p`.`product_group`
WHERE `p`.`status` = \'active\'
AND   (

        LOWER(CONCAT(
            p.product_name,\' \',
            IFNULL(pb.product_brand_name,\'\'),\' \',
            IFNULL(pc.category_name,\'\'),\' \',
            IFNULL(pg.group_name,\'\'),\' \',
            IFNULL(p.barcode,\'\')
        )) LIKE \'%n%\'
    
 )
GROUP BY `p`.`product_id`, `p`.`product_name`, `pb`.`product_brand_name`, `pc`.`category_name`, `pg`.`group_name`, `p`.`barcode`
HAVING `total_stock` > 0
ORDER BY CASE
            WHEN p.barcode = \'n\' THEN 1
            WHEN LOWER(p.product_name) = \'n\' THEN 2
            WHEN LOWER(p.product_name) LIKE \'%n%\' THEN 3
            WHEN LOWER(pb.product_brand_name) LIKE \'n%\' THEN 4
            WHEN LOWER(pc.category_name) LIKE \'n%\' THEN 5
            WHEN LOWER(pg.group_name) LIKE \'n%\' THEN 6
            ELSE 7
        END, `p`.`product_name` ASC
 LIMIT 20')
 2 SYSTEMPATH\Database\BaseConnection.php(646): CodeIgniter\Database\BaseConnection->simpleQuery('SELECT `p`.`product_id` AS `id`, `p`.`product_name` AS `name`, CONCAT(
            p.product_name, \' | \', IFNULL(pb.product_brand_name, \'\'), \' | \', IFNULL(pc.category_name, \'\'), \' | \', IFNULL(pg.group_name, \'\'), \' | Stock: \', COALESCE(SUM(sl.qty_in - sl.qty_out), 0)
        ) AS label, COALESCE(SUM(sl.qty_in - sl.qty_out), 0) AS total_stock
FROM `products` `p`
LEFT JOIN `stock_ledger` `sl` ON `sl`.`product_id` = `p`.`product_id`
LEFT JOIN `product_brand` `pb` ON `pb`.`brand_id` = `p`.`product_brand`
LEFT JOIN `product_category` `pc` ON `pc`.`product_category_id` = `p`.`product_category`
LEFT JOIN `product_group` `pg` ON `pg`.`product_group_id` = `p`.`product_group`
WHERE `p`.`status` = \'active\'
AND   (

        LOWER(CONCAT(
            p.product_name,\' \',
            IFNULL(pb.product_brand_name,\'\'),\' \',
            IFNULL(pc.category_name,\'\'),\' \',
            IFNULL(pg.group_name,\'\'),\' \',
            IFNULL(p.barcode,\'\')
        )) LIKE \'%n%\'
    
 )
GROUP BY `p`.`product_id`, `p`.`product_name`, `pb`.`product_brand_name`, `pc`.`category_name`, `pg`.`group_name`, `p`.`barcode`
HAVING `total_stock` > 0
ORDER BY CASE
            WHEN p.barcode = \'n\' THEN 1
            WHEN LOWER(p.product_name) = \'n\' THEN 2
            WHEN LOWER(p.product_name) LIKE \'%n%\' THEN 3
            WHEN LOWER(pb.product_brand_name) LIKE \'n%\' THEN 4
            WHEN LOWER(pc.category_name) LIKE \'n%\' THEN 5
            WHEN LOWER(pg.group_name) LIKE \'n%\' THEN 6
            ELSE 7
        END, `p`.`product_name` ASC
 LIMIT 20')
 3 SYSTEMPATH\Database\BaseBuilder.php(1649): CodeIgniter\Database\BaseConnection->query('SELECT `p`.`product_id` AS `id`, `p`.`product_name` AS `name`, CONCAT(
            p.product_name, \' | \', IFNULL(pb.product_brand_name, \'\'), \' | \', IFNULL(pc.category_name, \'\'), \' | \', IFNULL(pg.group_name, \'\'), \' | Stock: \', COALESCE(SUM(sl.qty_in - sl.qty_out), 0)
        ) AS label, COALESCE(SUM(sl.qty_in - sl.qty_out), 0) AS total_stock
FROM `products` `p`
LEFT JOIN `stock_ledger` `sl` ON `sl`.`product_id` = `p`.`product_id`
LEFT JOIN `product_brand` `pb` ON `pb`.`brand_id` = `p`.`product_brand`
LEFT JOIN `product_category` `pc` ON `pc`.`product_category_id` = `p`.`product_category`
LEFT JOIN `product_group` `pg` ON `pg`.`product_group_id` = `p`.`product_group`
WHERE `p`.`status` = :p.status:
AND   (

        LOWER(CONCAT(
            p.product_name,\' \',
            IFNULL(pb.product_brand_name,\'\'),\' \',
            IFNULL(pc.category_name,\'\'),\' \',
            IFNULL(pg.group_name,\'\'),\' \',
            IFNULL(p.barcode,\'\')
        )) LIKE \'%n%\'
    
 )
GROUP BY `p`.`product_id`, `p`.`product_name`, `pb`.`product_brand_name`, `pc`.`category_name`, `pg`.`group_name`, `p`.`barcode`
HAVING `total_stock` > :total_stock:
ORDER BY CASE
            WHEN p.barcode = \'n\' THEN 1
            WHEN LOWER(p.product_name) = \'n\' THEN 2
            WHEN LOWER(p.product_name) LIKE \'%n%\' THEN 3
            WHEN LOWER(pb.product_brand_name) LIKE \'n%\' THEN 4
            WHEN LOWER(pc.category_name) LIKE \'n%\' THEN 5
            WHEN LOWER(pg.group_name) LIKE \'n%\' THEN 6
            ELSE 7
        END, `p`.`product_name` ASC
 LIMIT 20', [...], false)
 4 APPPATH\Models\ProductModel.php(296): CodeIgniter\Database\BaseBuilder->get()
 5 APPPATH\Controllers\PosController.php(90): App\Models\ProductModel->searchProducts('n')
 6 SYSTEMPATH\CodeIgniter.php(933): App\Controllers\PosController->productSearch()
 7 SYSTEMPATH\CodeIgniter.php(507): CodeIgniter\CodeIgniter->runController(Object(App\Controllers\PosController))
 8 SYSTEMPATH\CodeIgniter.php(354): CodeIgniter\CodeIgniter->handleRequest(null, Object(Config\Cache), false)
 9 SYSTEMPATH\Boot.php(363): CodeIgniter\CodeIgniter->run()
10 SYSTEMPATH\Boot.php(68): CodeIgniter\Boot::runCodeIgniter(Object(CodeIgniter\CodeIgniter))
11 FCPATH\index.php(59): CodeIgniter\Boot::bootWeb(Object(Config\Paths))
CRITICAL - 2026-08-03 09:07:29 --> [Caused by] mysqli_sql_exception: Illegal mix of collations (utf8mb4_bin,NONE) and (utf8mb4_0900_ai_ci,COERCIBLE) for operation 'like'
in SYSTEMPATH\Database\MySQLi\Connection.php on line 327.
 1 SYSTEMPATH\Database\MySQLi\Connection.php(327): mysqli->query('SELECT `p`.`product_id` AS `id`, `p`.`product_name` AS `name`, CONCAT(
            p.product_name, \' | \', IFNULL(pb.product_brand_name, \'\'), \' | \', IFNULL(pc.category_name, \'\'), \' | \', IFNULL(pg.group_name, \'\'), \' | Stock: \', COALESCE(SUM(sl.qty_in - sl.qty_out), 0)
        ) AS label, COALESCE(SUM(sl.qty_in - sl.qty_out), 0) AS total_stock
FROM `products` `p`
LEFT JOIN `stock_ledger` `sl` ON `sl`.`product_id` = `p`.`product_id`
LEFT JOIN `product_brand` `pb` ON `pb`.`brand_id` = `p`.`product_brand`
LEFT JOIN `product_category` `pc` ON `pc`.`product_category_id` = `p`.`product_category`
LEFT JOIN `product_group` `pg` ON `pg`.`product_group_id` = `p`.`product_group`
WHERE `p`.`status` = \'active\'
AND   (

        LOWER(CONCAT(
            p.product_name,\' \',
            IFNULL(pb.product_brand_name,\'\'),\' \',
            IFNULL(pc.category_name,\'\'),\' \',
            IFNULL(pg.group_name,\'\'),\' \',
            IFNULL(p.barcode,\'\')
        )) LIKE \'%n%\'
    
 )
GROUP BY `p`.`product_id`, `p`.`product_name`, `pb`.`product_brand_name`, `pc`.`category_name`, `pg`.`group_name`, `p`.`barcode`
HAVING `total_stock` > 0
ORDER BY CASE
            WHEN p.barcode = \'n\' THEN 1
            WHEN LOWER(p.product_name) = \'n\' THEN 2
            WHEN LOWER(p.product_name) LIKE \'%n%\' THEN 3
            WHEN LOWER(pb.product_brand_name) LIKE \'n%\' THEN 4
            WHEN LOWER(pc.category_name) LIKE \'n%\' THEN 5
            WHEN LOWER(pg.group_name) LIKE \'n%\' THEN 6
            ELSE 7
        END, `p`.`product_name` ASC
 LIMIT 20', 0)
 2 SYSTEMPATH\Database\BaseConnection.php(729): CodeIgniter\Database\MySQLi\Connection->execute('SELECT `p`.`product_id` AS `id`, `p`.`product_name` AS `name`, CONCAT(
            p.product_name, \' | \', IFNULL(pb.product_brand_name, \'\'), \' | \', IFNULL(pc.category_name, \'\'), \' | \', IFNULL(pg.group_name, \'\'), \' | Stock: \', COALESCE(SUM(sl.qty_in - sl.qty_out), 0)
        ) AS label, COALESCE(SUM(sl.qty_in - sl.qty_out), 0) AS total_stock
FROM `products` `p`
LEFT JOIN `stock_ledger` `sl` ON `sl`.`product_id` = `p`.`product_id`
LEFT JOIN `product_brand` `pb` ON `pb`.`brand_id` = `p`.`product_brand`
LEFT JOIN `product_category` `pc` ON `pc`.`product_category_id` = `p`.`product_category`
LEFT JOIN `product_group` `pg` ON `pg`.`product_group_id` = `p`.`product_group`
WHERE `p`.`status` = \'active\'
AND   (

        LOWER(CONCAT(
            p.product_name,\' \',
            IFNULL(pb.product_brand_name,\'\'),\' \',
            IFNULL(pc.category_name,\'\'),\' \',
            IFNULL(pg.group_name,\'\'),\' \',
            IFNULL(p.barcode,\'\')
        )) LIKE \'%n%\'
    
 )
GROUP BY `p`.`product_id`, `p`.`product_name`, `pb`.`product_brand_name`, `pc`.`category_name`, `pg`.`group_name`, `p`.`barcode`
HAVING `total_stock` > 0
ORDER BY CASE
            WHEN p.barcode = \'n\' THEN 1
            WHEN LOWER(p.product_name) = \'n\' THEN 2
            WHEN LOWER(p.product_name) LIKE \'%n%\' THEN 3
            WHEN LOWER(pb.product_brand_name) LIKE \'n%\' THEN 4
            WHEN LOWER(pc.category_name) LIKE \'n%\' THEN 5
            WHEN LOWER(pg.group_name) LIKE \'n%\' THEN 6
            ELSE 7
        END, `p`.`product_name` ASC
 LIMIT 20')
 3 SYSTEMPATH\Database\BaseConnection.php(646): CodeIgniter\Database\BaseConnection->simpleQuery('SELECT `p`.`product_id` AS `id`, `p`.`product_name` AS `name`, CONCAT(
            p.product_name, \' | \', IFNULL(pb.product_brand_name, \'\'), \' | \', IFNULL(pc.category_name, \'\'), \' | \', IFNULL(pg.group_name, \'\'), \' | Stock: \', COALESCE(SUM(sl.qty_in - sl.qty_out), 0)
        ) AS label, COALESCE(SUM(sl.qty_in - sl.qty_out), 0) AS total_stock
FROM `products` `p`
LEFT JOIN `stock_ledger` `sl` ON `sl`.`product_id` = `p`.`product_id`
LEFT JOIN `product_brand` `pb` ON `pb`.`brand_id` = `p`.`product_brand`
LEFT JOIN `product_category` `pc` ON `pc`.`product_category_id` = `p`.`product_category`
LEFT JOIN `product_group` `pg` ON `pg`.`product_group_id` = `p`.`product_group`
WHERE `p`.`status` = \'active\'
AND   (

        LOWER(CONCAT(
            p.product_name,\' \',
            IFNULL(pb.product_brand_name,\'\'),\' \',
            IFNULL(pc.category_name,\'\'),\' \',
            IFNULL(pg.group_name,\'\'),\' \',
            IFNULL(p.barcode,\'\')
        )) LIKE \'%n%\'
    
 )
GROUP BY `p`.`product_id`, `p`.`product_name`, `pb`.`product_brand_name`, `pc`.`category_name`, `pg`.`group_name`, `p`.`barcode`
HAVING `total_stock` > 0
ORDER BY CASE
            WHEN p.barcode = \'n\' THEN 1
            WHEN LOWER(p.product_name) = \'n\' THEN 2
            WHEN LOWER(p.product_name) LIKE \'%n%\' THEN 3
            WHEN LOWER(pb.product_brand_name) LIKE \'n%\' THEN 4
            WHEN LOWER(pc.category_name) LIKE \'n%\' THEN 5
            WHEN LOWER(pg.group_name) LIKE \'n%\' THEN 6
            ELSE 7
        END, `p`.`product_name` ASC
 LIMIT 20')
 4 SYSTEMPATH\Database\BaseBuilder.php(1649): CodeIgniter\Database\BaseConnection->query('SELECT `p`.`product_id` AS `id`, `p`.`product_name` AS `name`, CONCAT(
            p.product_name, \' | \', IFNULL(pb.product_brand_name, \'\'), \' | \', IFNULL(pc.category_name, \'\'), \' | \', IFNULL(pg.group_name, \'\'), \' | Stock: \', COALESCE(SUM(sl.qty_in - sl.qty_out), 0)
        ) AS label, COALESCE(SUM(sl.qty_in - sl.qty_out), 0) AS total_stock
FROM `products` `p`
LEFT JOIN `stock_ledger` `sl` ON `sl`.`product_id` = `p`.`product_id`
LEFT JOIN `product_brand` `pb` ON `pb`.`brand_id` = `p`.`product_brand`
LEFT JOIN `product_category` `pc` ON `pc`.`product_category_id` = `p`.`product_category`
LEFT JOIN `product_group` `pg` ON `pg`.`product_group_id` = `p`.`product_group`
WHERE `p`.`status` = :p.status:
AND   (

        LOWER(CONCAT(
            p.product_name,\' \',
            IFNULL(pb.product_brand_name,\'\'),\' \',
            IFNULL(pc.category_name,\'\'),\' \',
            IFNULL(pg.group_name,\'\'),\' \',
            IFNULL(p.barcode,\'\')
        )) LIKE \'%n%\'
    
 )
GROUP BY `p`.`product_id`, `p`.`product_name`, `pb`.`product_brand_name`, `pc`.`category_name`, `pg`.`group_name`, `p`.`barcode`
HAVING `total_stock` > :total_stock:
ORDER BY CASE
            WHEN p.barcode = \'n\' THEN 1
            WHEN LOWER(p.product_name) = \'n\' THEN 2
            WHEN LOWER(p.product_name) LIKE \'%n%\' THEN 3
            WHEN LOWER(pb.product_brand_name) LIKE \'n%\' THEN 4
            WHEN LOWER(pc.category_name) LIKE \'n%\' THEN 5
            WHEN LOWER(pg.group_name) LIKE \'n%\' THEN 6
            ELSE 7
        END, `p`.`product_name` ASC
 LIMIT 20', [...], false)
 5 APPPATH\Models\ProductModel.php(296): CodeIgniter\Database\BaseBuilder->get()
 6 APPPATH\Controllers\PosController.php(90): App\Models\ProductModel->searchProducts('n')
 7 SYSTEMPATH\CodeIgniter.php(933): App\Controllers\PosController->productSearch()
 8 SYSTEMPATH\CodeIgniter.php(507): CodeIgniter\CodeIgniter->runController(Object(App\Controllers\PosController))
 9 SYSTEMPATH\CodeIgniter.php(354): CodeIgniter\CodeIgniter->handleRequest(null, Object(Config\Cache), false)
10 SYSTEMPATH\Boot.php(363): CodeIgniter\CodeIgniter->run()
11 SYSTEMPATH\Boot.php(68): CodeIgniter\Boot::runCodeIgniter(Object(CodeIgniter\CodeIgniter))
12 FCPATH\index.php(59): CodeIgniter\Boot::bootWeb(Object(Config\Paths))
DEBUG - 2026-08-03 09:07:36 --> Session: Class initialized using 'CodeIgniter\Session\Handlers\FileHandler' driver.
ERROR - 2026-08-03 09:07:36 --> mysqli_sql_exception: Illegal mix of collations (utf8mb4_bin,NONE) and (utf8mb4_0900_ai_ci,COERCIBLE) for operation 'like' in C:\laragon\www\pharmacy-project\system\Database\MySQLi\Connection.php:327
Stack trace:
#0 C:\laragon\www\pharmacy-project\system\Database\MySQLi\Connection.php(327): mysqli->query('SELECT `p`.`pro...', 0)
#1 C:\laragon\www\pharmacy-project\system\Database\BaseConnection.php(729): CodeIgniter\Database\MySQLi\Connection->execute('SELECT `p`.`pro...')
#2 C:\laragon\www\pharmacy-project\system\Database\BaseConnection.php(646): CodeIgniter\Database\BaseConnection->simpleQuery('SELECT `p`.`pro...')
#3 C:\laragon\www\pharmacy-project\system\Database\BaseBuilder.php(1649): CodeIgniter\Database\BaseConnection->query('SELECT `p`.`pro...', Array, false)
#4 C:\laragon\www\pharmacy-project\app\Models\ProductModel.php(296): CodeIgniter\Database\BaseBuilder->get()
#5 C:\laragon\www\pharmacy-project\app\Controllers\PosController.php(90): App\Models\ProductModel->searchProducts('n')
#6 C:\laragon\www\pharmacy-project\system\CodeIgniter.php(933): App\Controllers\PosController->productSearch()
#7 C:\laragon\www\pharmacy-project\system\CodeIgniter.php(507): CodeIgniter\CodeIgniter->runController(Object(App\Controllers\PosController))
#8 C:\laragon\www\pharmacy-project\system\CodeIgniter.php(354): CodeIgniter\CodeIgniter->handleRequest(NULL, Object(Config\Cache), false)
#9 C:\laragon\www\pharmacy-project\system\Boot.php(363): CodeIgniter\CodeIgniter->run()
#10 C:\laragon\www\pharmacy-project\system\Boot.php(68): CodeIgniter\Boot::runCodeIgniter(Object(CodeIgniter\CodeIgniter))
#11 C:\laragon\www\pharmacy-project\index.php(59): CodeIgniter\Boot::bootWeb(Object(Config\Paths))
#12 {main}
CRITICAL - 2026-08-03 09:07:36 --> CodeIgniter\Database\Exceptions\DatabaseException: Illegal mix of collations (utf8mb4_bin,NONE) and (utf8mb4_0900_ai_ci,COERCIBLE) for operation 'like'
[Method: GET, Route: pos/product-search]
in SYSTEMPATH\Database\BaseConnection.php on line 684.
 1 SYSTEMPATH\Database\BaseBuilder.php(1649): CodeIgniter\Database\BaseConnection->query('SELECT `p`.`product_id` AS `id`, `p`.`product_name` AS `name`, CONCAT(
            p.product_name, \' | \', IFNULL(pb.product_brand_name, \'\'), \' | \', IFNULL(pc.category_name, \'\'), \' | \', IFNULL(pg.group_name, \'\'), \' | Stock: \', COALESCE(SUM(sl.qty_in - sl.qty_out), 0)
        ) AS label, COALESCE(SUM(sl.qty_in - sl.qty_out), 0) AS total_stock
FROM `products` `p`
LEFT JOIN `stock_ledger` `sl` ON `sl`.`product_id` = `p`.`product_id`
LEFT JOIN `product_brand` `pb` ON `pb`.`brand_id` = `p`.`product_brand`
LEFT JOIN `product_category` `pc` ON `pc`.`product_category_id` = `p`.`product_category`
LEFT JOIN `product_group` `pg` ON `pg`.`product_group_id` = `p`.`product_group`
WHERE `p`.`status` = :p.status:
AND   (

        LOWER(CONCAT(
            p.product_name,\' \',
            IFNULL(pb.product_brand_name,\'\'),\' \',
            IFNULL(pc.category_name,\'\'),\' \',
            IFNULL(pg.group_name,\'\'),\' \',
            IFNULL(p.barcode,\'\')
        )) LIKE \'%n%\'
    
 )
GROUP BY `p`.`product_id`, `p`.`product_name`, `pb`.`product_brand_name`, `pc`.`category_name`, `pg`.`group_name`, `p`.`barcode`
HAVING `total_stock` > :total_stock:
ORDER BY CASE
            WHEN p.barcode = \'n\' THEN 1
            WHEN LOWER(p.product_name) = \'n\' THEN 2
            WHEN LOWER(p.product_name) LIKE \'%n%\' THEN 3
            WHEN LOWER(pb.product_brand_name) LIKE \'n%\' THEN 4
            WHEN LOWER(pc.category_name) LIKE \'n%\' THEN 5
            WHEN LOWER(pg.group_name) LIKE \'n%\' THEN 6
            ELSE 7
        END, `p`.`product_name` ASC
 LIMIT 20', [...], false)
 2 APPPATH\Models\ProductModel.php(296): CodeIgniter\Database\BaseBuilder->get()
 3 APPPATH\Controllers\PosController.php(90): App\Models\ProductModel->searchProducts('n')
 4 SYSTEMPATH\CodeIgniter.php(933): App\Controllers\PosController->productSearch()
 5 SYSTEMPATH\CodeIgniter.php(507): CodeIgniter\CodeIgniter->runController(Object(App\Controllers\PosController))
 6 SYSTEMPATH\CodeIgniter.php(354): CodeIgniter\CodeIgniter->handleRequest(null, Object(Config\Cache), false)
 7 SYSTEMPATH\Boot.php(363): CodeIgniter\CodeIgniter->run()
 8 SYSTEMPATH\Boot.php(68): CodeIgniter\Boot::runCodeIgniter(Object(CodeIgniter\CodeIgniter))
 9 FCPATH\index.php(59): CodeIgniter\Boot::bootWeb(Object(Config\Paths))
CRITICAL - 2026-08-03 09:07:36 --> [Caused by] CodeIgniter\Database\Exceptions\DatabaseException: Illegal mix of collations (utf8mb4_bin,NONE) and (utf8mb4_0900_ai_ci,COERCIBLE) for operation 'like'
in SYSTEMPATH\Database\MySQLi\Connection.php on line 332.
 1 SYSTEMPATH\Database\BaseConnection.php(729): CodeIgniter\Database\MySQLi\Connection->execute('SELECT `p`.`product_id` AS `id`, `p`.`product_name` AS `name`, CONCAT(
            p.product_name, \' | \', IFNULL(pb.product_brand_name, \'\'), \' | \', IFNULL(pc.category_name, \'\'), \' | \', IFNULL(pg.group_name, \'\'), \' | Stock: \', COALESCE(SUM(sl.qty_in - sl.qty_out), 0)
        ) AS label, COALESCE(SUM(sl.qty_in - sl.qty_out), 0) AS total_stock
FROM `products` `p`
LEFT JOIN `stock_ledger` `sl` ON `sl`.`product_id` = `p`.`product_id`
LEFT JOIN `product_brand` `pb` ON `pb`.`brand_id` = `p`.`product_brand`
LEFT JOIN `product_category` `pc` ON `pc`.`product_category_id` = `p`.`product_category`
LEFT JOIN `product_group` `pg` ON `pg`.`product_group_id` = `p`.`product_group`
WHERE `p`.`status` = \'active\'
AND   (

        LOWER(CONCAT(
            p.product_name,\' \',
            IFNULL(pb.product_brand_name,\'\'),\' \',
            IFNULL(pc.category_name,\'\'),\' \',
            IFNULL(pg.group_name,\'\'),\' \',
            IFNULL(p.barcode,\'\')
        )) LIKE \'%n%\'
    
 )
GROUP BY `p`.`product_id`, `p`.`product_name`, `pb`.`product_brand_name`, `pc`.`category_name`, `pg`.`group_name`, `p`.`barcode`
HAVING `total_stock` > 0
ORDER BY CASE
            WHEN p.barcode = \'n\' THEN 1
            WHEN LOWER(p.product_name) = \'n\' THEN 2
            WHEN LOWER(p.product_name) LIKE \'%n%\' THEN 3
            WHEN LOWER(pb.product_brand_name) LIKE \'n%\' THEN 4
            WHEN LOWER(pc.category_name) LIKE \'n%\' THEN 5
            WHEN LOWER(pg.group_name) LIKE \'n%\' THEN 6
            ELSE 7
        END, `p`.`product_name` ASC
 LIMIT 20')
 2 SYSTEMPATH\Database\BaseConnection.php(646): CodeIgniter\Database\BaseConnection->simpleQuery('SELECT `p`.`product_id` AS `id`, `p`.`product_name` AS `name`, CONCAT(
            p.product_name, \' | \', IFNULL(pb.product_brand_name, \'\'), \' | \', IFNULL(pc.category_name, \'\'), \' | \', IFNULL(pg.group_name, \'\'), \' | Stock: \', COALESCE(SUM(sl.qty_in - sl.qty_out), 0)
        ) AS label, COALESCE(SUM(sl.qty_in - sl.qty_out), 0) AS total_stock
FROM `products` `p`
LEFT JOIN `stock_ledger` `sl` ON `sl`.`product_id` = `p`.`product_id`
LEFT JOIN `product_brand` `pb` ON `pb`.`brand_id` = `p`.`product_brand`
LEFT JOIN `product_category` `pc` ON `pc`.`product_category_id` = `p`.`product_category`
LEFT JOIN `product_group` `pg` ON `pg`.`product_group_id` = `p`.`product_group`
WHERE `p`.`status` = \'active\'
AND   (

        LOWER(CONCAT(
            p.product_name,\' \',
            IFNULL(pb.product_brand_name,\'\'),\' \',
            IFNULL(pc.category_name,\'\'),\' \',
            IFNULL(pg.group_name,\'\'),\' \',
            IFNULL(p.barcode,\'\')
        )) LIKE \'%n%\'
    
 )
GROUP BY `p`.`product_id`, `p`.`product_name`, `pb`.`product_brand_name`, `pc`.`category_name`, `pg`.`group_name`, `p`.`barcode`
HAVING `total_stock` > 0
ORDER BY CASE
            WHEN p.barcode = \'n\' THEN 1
            WHEN LOWER(p.product_name) = \'n\' THEN 2
            WHEN LOWER(p.product_name) LIKE \'%n%\' THEN 3
            WHEN LOWER(pb.product_brand_name) LIKE \'n%\' THEN 4
            WHEN LOWER(pc.category_name) LIKE \'n%\' THEN 5
            WHEN LOWER(pg.group_name) LIKE \'n%\' THEN 6
            ELSE 7
        END, `p`.`product_name` ASC
 LIMIT 20')
 3 SYSTEMPATH\Database\BaseBuilder.php(1649): CodeIgniter\Database\BaseConnection->query('SELECT `p`.`product_id` AS `id`, `p`.`product_name` AS `name`, CONCAT(
            p.product_name, \' | \', IFNULL(pb.product_brand_name, \'\'), \' | \', IFNULL(pc.category_name, \'\'), \' | \', IFNULL(pg.group_name, \'\'), \' | Stock: \', COALESCE(SUM(sl.qty_in - sl.qty_out), 0)
        ) AS label, COALESCE(SUM(sl.qty_in - sl.qty_out), 0) AS total_stock
FROM `products` `p`
LEFT JOIN `stock_ledger` `sl` ON `sl`.`product_id` = `p`.`product_id`
LEFT JOIN `product_brand` `pb` ON `pb`.`brand_id` = `p`.`product_brand`
LEFT JOIN `product_category` `pc` ON `pc`.`product_category_id` = `p`.`product_category`
LEFT JOIN `product_group` `pg` ON `pg`.`product_group_id` = `p`.`product_group`
WHERE `p`.`status` = :p.status:
AND   (

        LOWER(CONCAT(
            p.product_name,\' \',
            IFNULL(pb.product_brand_name,\'\'),\' \',
            IFNULL(pc.category_name,\'\'),\' \',
            IFNULL(pg.group_name,\'\'),\' \',
            IFNULL(p.barcode,\'\')
        )) LIKE \'%n%\'
    
 )
GROUP BY `p`.`product_id`, `p`.`product_name`, `pb`.`product_brand_name`, `pc`.`category_name`, `pg`.`group_name`, `p`.`barcode`
HAVING `total_stock` > :total_stock:
ORDER BY CASE
            WHEN p.barcode = \'n\' THEN 1
            WHEN LOWER(p.product_name) = \'n\' THEN 2
            WHEN LOWER(p.product_name) LIKE \'%n%\' THEN 3
            WHEN LOWER(pb.product_brand_name) LIKE \'n%\' THEN 4
            WHEN LOWER(pc.category_name) LIKE \'n%\' THEN 5
            WHEN LOWER(pg.group_name) LIKE \'n%\' THEN 6
            ELSE 7
        END, `p`.`product_name` ASC
 LIMIT 20', [...], false)
 4 APPPATH\Models\ProductModel.php(296): CodeIgniter\Database\BaseBuilder->get()
 5 APPPATH\Controllers\PosController.php(90): App\Models\ProductModel->searchProducts('n')
 6 SYSTEMPATH\CodeIgniter.php(933): App\Controllers\PosController->productSearch()
 7 SYSTEMPATH\CodeIgniter.php(507): CodeIgniter\CodeIgniter->runController(Object(App\Controllers\PosController))
 8 SYSTEMPATH\CodeIgniter.php(354): CodeIgniter\CodeIgniter->handleRequest(null, Object(Config\Cache), false)
 9 SYSTEMPATH\Boot.php(363): CodeIgniter\CodeIgniter->run()
10 SYSTEMPATH\Boot.php(68): CodeIgniter\Boot::runCodeIgniter(Object(CodeIgniter\CodeIgniter))
11 FCPATH\index.php(59): CodeIgniter\Boot::bootWeb(Object(Config\Paths))
CRITICAL - 2026-08-03 09:07:36 --> [Caused by] mysqli_sql_exception: Illegal mix of collations (utf8mb4_bin,NONE) and (utf8mb4_0900_ai_ci,COERCIBLE) for operation 'like'
in SYSTEMPATH\Database\MySQLi\Connection.php on line 327.
 1 SYSTEMPATH\Database\MySQLi\Connection.php(327): mysqli->query('SELECT `p`.`product_id` AS `id`, `p`.`product_name` AS `name`, CONCAT(
            p.product_name, \' | \', IFNULL(pb.product_brand_name, \'\'), \' | \', IFNULL(pc.category_name, \'\'), \' | \', IFNULL(pg.group_name, \'\'), \' | Stock: \', COALESCE(SUM(sl.qty_in - sl.qty_out), 0)
        ) AS label, COALESCE(SUM(sl.qty_in - sl.qty_out), 0) AS total_stock
FROM `products` `p`
LEFT JOIN `stock_ledger` `sl` ON `sl`.`product_id` = `p`.`product_id`
LEFT JOIN `product_brand` `pb` ON `pb`.`brand_id` = `p`.`product_brand`
LEFT JOIN `product_category` `pc` ON `pc`.`product_category_id` = `p`.`product_category`
LEFT JOIN `product_group` `pg` ON `pg`.`product_group_id` = `p`.`product_group`
WHERE `p`.`status` = \'active\'
AND   (

        LOWER(CONCAT(
            p.product_name,\' \',
            IFNULL(pb.product_brand_name,\'\'),\' \',
            IFNULL(pc.category_name,\'\'),\' \',
            IFNULL(pg.group_name,\'\'),\' \',
            IFNULL(p.barcode,\'\')
        )) LIKE \'%n%\'
    
 )
GROUP BY `p`.`product_id`, `p`.`product_name`, `pb`.`product_brand_name`, `pc`.`category_name`, `pg`.`group_name`, `p`.`barcode`
HAVING `total_stock` > 0
ORDER BY CASE
            WHEN p.barcode = \'n\' THEN 1
            WHEN LOWER(p.product_name) = \'n\' THEN 2
            WHEN LOWER(p.product_name) LIKE \'%n%\' THEN 3
            WHEN LOWER(pb.product_brand_name) LIKE \'n%\' THEN 4
            WHEN LOWER(pc.category_name) LIKE \'n%\' THEN 5
            WHEN LOWER(pg.group_name) LIKE \'n%\' THEN 6
            ELSE 7
        END, `p`.`product_name` ASC
 LIMIT 20', 0)
 2 SYSTEMPATH\Database\BaseConnection.php(729): CodeIgniter\Database\MySQLi\Connection->execute('SELECT `p`.`product_id` AS `id`, `p`.`product_name` AS `name`, CONCAT(
            p.product_name, \' | \', IFNULL(pb.product_brand_name, \'\'), \' | \', IFNULL(pc.category_name, \'\'), \' | \', IFNULL(pg.group_name, \'\'), \' | Stock: \', COALESCE(SUM(sl.qty_in - sl.qty_out), 0)
        ) AS label, COALESCE(SUM(sl.qty_in - sl.qty_out), 0) AS total_stock
FROM `products` `p`
LEFT JOIN `stock_ledger` `sl` ON `sl`.`product_id` = `p`.`product_id`
LEFT JOIN `product_brand` `pb` ON `pb`.`brand_id` = `p`.`product_brand`
LEFT JOIN `product_category` `pc` ON `pc`.`product_category_id` = `p`.`product_category`
LEFT JOIN `product_group` `pg` ON `pg`.`product_group_id` = `p`.`product_group`
WHERE `p`.`status` = \'active\'
AND   (

        LOWER(CONCAT(
            p.product_name,\' \',
            IFNULL(pb.product_brand_name,\'\'),\' \',
            IFNULL(pc.category_name,\'\'),\' \',
            IFNULL(pg.group_name,\'\'),\' \',
            IFNULL(p.barcode,\'\')
        )) LIKE \'%n%\'
    
 )
GROUP BY `p`.`product_id`, `p`.`product_name`, `pb`.`product_brand_name`, `pc`.`category_name`, `pg`.`group_name`, `p`.`barcode`
HAVING `total_stock` > 0
ORDER BY CASE
            WHEN p.barcode = \'n\' THEN 1
            WHEN LOWER(p.product_name) = \'n\' THEN 2
            WHEN LOWER(p.product_name) LIKE \'%n%\' THEN 3
            WHEN LOWER(pb.product_brand_name) LIKE \'n%\' THEN 4
            WHEN LOWER(pc.category_name) LIKE \'n%\' THEN 5
            WHEN LOWER(pg.group_name) LIKE \'n%\' THEN 6
            ELSE 7
        END, `p`.`product_name` ASC
 LIMIT 20')
 3 SYSTEMPATH\Database\BaseConnection.php(646): CodeIgniter\Database\BaseConnection->simpleQuery('SELECT `p`.`product_id` AS `id`, `p`.`product_name` AS `name`, CONCAT(
            p.product_name, \' | \', IFNULL(pb.product_brand_name, \'\'), \' | \', IFNULL(pc.category_name, \'\'), \' | \', IFNULL(pg.group_name, \'\'), \' | Stock: \', COALESCE(SUM(sl.qty_in - sl.qty_out), 0)
        ) AS label, COALESCE(SUM(sl.qty_in - sl.qty_out), 0) AS total_stock
FROM `products` `p`
LEFT JOIN `stock_ledger` `sl` ON `sl`.`product_id` = `p`.`product_id`
LEFT JOIN `product_brand` `pb` ON `pb`.`brand_id` = `p`.`product_brand`
LEFT JOIN `product_category` `pc` ON `pc`.`product_category_id` = `p`.`product_category`
LEFT JOIN `product_group` `pg` ON `pg`.`product_group_id` = `p`.`product_group`
WHERE `p`.`status` = \'active\'
AND   (

        LOWER(CONCAT(
            p.product_name,\' \',
            IFNULL(pb.product_brand_name,\'\'),\' \',
            IFNULL(pc.category_name,\'\'),\' \',
            IFNULL(pg.group_name,\'\'),\' \',
            IFNULL(p.barcode,\'\')
        )) LIKE \'%n%\'
    
 )
GROUP BY `p`.`product_id`, `p`.`product_name`, `pb`.`product_brand_name`, `pc`.`category_name`, `pg`.`group_name`, `p`.`barcode`
HAVING `total_stock` > 0
ORDER BY CASE
            WHEN p.barcode = \'n\' THEN 1
            WHEN LOWER(p.product_name) = \'n\' THEN 2
            WHEN LOWER(p.product_name) LIKE \'%n%\' THEN 3
            WHEN LOWER(pb.product_brand_name) LIKE \'n%\' THEN 4
            WHEN LOWER(pc.category_name) LIKE \'n%\' THEN 5
            WHEN LOWER(pg.group_name) LIKE \'n%\' THEN 6
            ELSE 7
        END, `p`.`product_name` ASC
 LIMIT 20')
 4 SYSTEMPATH\Database\BaseBuilder.php(1649): CodeIgniter\Database\BaseConnection->query('SELECT `p`.`product_id` AS `id`, `p`.`product_name` AS `name`, CONCAT(
            p.product_name, \' | \', IFNULL(pb.product_brand_name, \'\'), \' | \', IFNULL(pc.category_name, \'\'), \' | \', IFNULL(pg.group_name, \'\'), \' | Stock: \', COALESCE(SUM(sl.qty_in - sl.qty_out), 0)
        ) AS label, COALESCE(SUM(sl.qty_in - sl.qty_out), 0) AS total_stock
FROM `products` `p`
LEFT JOIN `stock_ledger` `sl` ON `sl`.`product_id` = `p`.`product_id`
LEFT JOIN `product_brand` `pb` ON `pb`.`brand_id` = `p`.`product_brand`
LEFT JOIN `product_category` `pc` ON `pc`.`product_category_id` = `p`.`product_category`
LEFT JOIN `product_group` `pg` ON `pg`.`product_group_id` = `p`.`product_group`
WHERE `p`.`status` = :p.status:
AND   (

        LOWER(CONCAT(
            p.product_name,\' \',
            IFNULL(pb.product_brand_name,\'\'),\' \',
            IFNULL(pc.category_name,\'\'),\' \',
            IFNULL(pg.group_name,\'\'),\' \',
            IFNULL(p.barcode,\'\')
        )) LIKE \'%n%\'
    
 )
GROUP BY `p`.`product_id`, `p`.`product_name`, `pb`.`product_brand_name`, `pc`.`category_name`, `pg`.`group_name`, `p`.`barcode`
HAVING `total_stock` > :total_stock:
ORDER BY CASE
            WHEN p.barcode = \'n\' THEN 1
            WHEN LOWER(p.product_name) = \'n\' THEN 2
            WHEN LOWER(p.product_name) LIKE \'%n%\' THEN 3
            WHEN LOWER(pb.product_brand_name) LIKE \'n%\' THEN 4
            WHEN LOWER(pc.category_name) LIKE \'n%\' THEN 5
            WHEN LOWER(pg.group_name) LIKE \'n%\' THEN 6
            ELSE 7
        END, `p`.`product_name` ASC
 LIMIT 20', [...], false)
 5 APPPATH\Models\ProductModel.php(296): CodeIgniter\Database\BaseBuilder->get()
 6 APPPATH\Controllers\PosController.php(90): App\Models\ProductModel->searchProducts('n')
 7 SYSTEMPATH\CodeIgniter.php(933): App\Controllers\PosController->productSearch()
 8 SYSTEMPATH\CodeIgniter.php(507): CodeIgniter\CodeIgniter->runController(Object(App\Controllers\PosController))
 9 SYSTEMPATH\CodeIgniter.php(354): CodeIgniter\CodeIgniter->handleRequest(null, Object(Config\Cache), false)
10 SYSTEMPATH\Boot.php(363): CodeIgniter\CodeIgniter->run()
11 SYSTEMPATH\Boot.php(68): CodeIgniter\Boot::runCodeIgniter(Object(CodeIgniter\CodeIgniter))
12 FCPATH\index.php(59): CodeIgniter\Boot::bootWeb(Object(Config\Paths))
DEBUG - 2026-08-03 09:07:40 --> Session: Class initialized using 'CodeIgniter\Session\Handlers\FileHandler' driver.
ERROR - 2026-08-03 09:07:40 --> mysqli_sql_exception: Illegal mix of collations (utf8mb4_bin,NONE) and (utf8mb4_0900_ai_ci,COERCIBLE) for operation 'like' in C:\laragon\www\pharmacy-project\system\Database\MySQLi\Connection.php:327
Stack trace:
#0 C:\laragon\www\pharmacy-project\system\Database\MySQLi\Connection.php(327): mysqli->query('SELECT `p`.`pro...', 0)
#1 C:\laragon\www\pharmacy-project\system\Database\BaseConnection.php(729): CodeIgniter\Database\MySQLi\Connection->execute('SELECT `p`.`pro...')
#2 C:\laragon\www\pharmacy-project\system\Database\BaseConnection.php(646): CodeIgniter\Database\BaseConnection->simpleQuery('SELECT `p`.`pro...')
#3 C:\laragon\www\pharmacy-project\system\Database\BaseBuilder.php(1649): CodeIgniter\Database\BaseConnection->query('SELECT `p`.`pro...', Array, false)
#4 C:\laragon\www\pharmacy-project\app\Models\ProductModel.php(296): CodeIgniter\Database\BaseBuilder->get()
#5 C:\laragon\www\pharmacy-project\app\Controllers\PosController.php(90): App\Models\ProductModel->searchProducts('na')
#6 C:\laragon\www\pharmacy-project\system\CodeIgniter.php(933): App\Controllers\PosController->productSearch()
#7 C:\laragon\www\pharmacy-project\system\CodeIgniter.php(507): CodeIgniter\CodeIgniter->runController(Object(App\Controllers\PosController))
#8 C:\laragon\www\pharmacy-project\system\CodeIgniter.php(354): CodeIgniter\CodeIgniter->handleRequest(NULL, Object(Config\Cache), false)
#9 C:\laragon\www\pharmacy-project\system\Boot.php(363): CodeIgniter\CodeIgniter->run()
#10 C:\laragon\www\pharmacy-project\system\Boot.php(68): CodeIgniter\Boot::runCodeIgniter(Object(CodeIgniter\CodeIgniter))
#11 C:\laragon\www\pharmacy-project\index.php(59): CodeIgniter\Boot::bootWeb(Object(Config\Paths))
#12 {main}
CRITICAL - 2026-08-03 09:07:40 --> CodeIgniter\Database\Exceptions\DatabaseException: Illegal mix of collations (utf8mb4_bin,NONE) and (utf8mb4_0900_ai_ci,COERCIBLE) for operation 'like'
[Method: GET, Route: pos/product-search]
in SYSTEMPATH\Database\BaseConnection.php on line 684.
 1 SYSTEMPATH\Database\BaseBuilder.php(1649): CodeIgniter\Database\BaseConnection->query('SELECT `p`.`product_id` AS `id`, `p`.`product_name` AS `name`, CONCAT(
            p.product_name, \' | \', IFNULL(pb.product_brand_name, \'\'), \' | \', IFNULL(pc.category_name, \'\'), \' | \', IFNULL(pg.group_name, \'\'), \' | Stock: \', COALESCE(SUM(sl.qty_in - sl.qty_out), 0)
        ) AS label, COALESCE(SUM(sl.qty_in - sl.qty_out), 0) AS total_stock
FROM `products` `p`
LEFT JOIN `stock_ledger` `sl` ON `sl`.`product_id` = `p`.`product_id`
LEFT JOIN `product_brand` `pb` ON `pb`.`brand_id` = `p`.`product_brand`
LEFT JOIN `product_category` `pc` ON `pc`.`product_category_id` = `p`.`product_category`
LEFT JOIN `product_group` `pg` ON `pg`.`product_group_id` = `p`.`product_group`
WHERE `p`.`status` = :p.status:
AND   (

        LOWER(CONCAT(
            p.product_name,\' \',
            IFNULL(pb.product_brand_name,\'\'),\' \',
            IFNULL(pc.category_name,\'\'),\' \',
            IFNULL(pg.group_name,\'\'),\' \',
            IFNULL(p.barcode,\'\')
        )) LIKE \'%na%\'
    
 )
GROUP BY `p`.`product_id`, `p`.`product_name`, `pb`.`product_brand_name`, `pc`.`category_name`, `pg`.`group_name`, `p`.`barcode`
HAVING `total_stock` > :total_stock:
ORDER BY CASE
            WHEN p.barcode = \'na\' THEN 1
            WHEN LOWER(p.product_name) = \'na\' THEN 2
            WHEN LOWER(p.product_name) LIKE \'%na%\' THEN 3
            WHEN LOWER(pb.product_brand_name) LIKE \'na%\' THEN 4
            WHEN LOWER(pc.category_name) LIKE \'na%\' THEN 5
            WHEN LOWER(pg.group_name) LIKE \'na%\' THEN 6
            ELSE 7
        END, `p`.`product_name` ASC
 LIMIT 20', [...], false)
 2 APPPATH\Models\ProductModel.php(296): CodeIgniter\Database\BaseBuilder->get()
 3 APPPATH\Controllers\PosController.php(90): App\Models\ProductModel->searchProducts('na')
 4 SYSTEMPATH\CodeIgniter.php(933): App\Controllers\PosController->productSearch()
 5 SYSTEMPATH\CodeIgniter.php(507): CodeIgniter\CodeIgniter->runController(Object(App\Controllers\PosController))
 6 SYSTEMPATH\CodeIgniter.php(354): CodeIgniter\CodeIgniter->handleRequest(null, Object(Config\Cache), false)
 7 SYSTEMPATH\Boot.php(363): CodeIgniter\CodeIgniter->run()
 8 SYSTEMPATH\Boot.php(68): CodeIgniter\Boot::runCodeIgniter(Object(CodeIgniter\CodeIgniter))
 9 FCPATH\index.php(59): CodeIgniter\Boot::bootWeb(Object(Config\Paths))
CRITICAL - 2026-08-03 09:07:40 --> [Caused by] CodeIgniter\Database\Exceptions\DatabaseException: Illegal mix of collations (utf8mb4_bin,NONE) and (utf8mb4_0900_ai_ci,COERCIBLE) for operation 'like'
in SYSTEMPATH\Database\MySQLi\Connection.php on line 332.
 1 SYSTEMPATH\Database\BaseConnection.php(729): CodeIgniter\Database\MySQLi\Connection->execute('SELECT `p`.`product_id` AS `id`, `p`.`product_name` AS `name`, CONCAT(
            p.product_name, \' | \', IFNULL(pb.product_brand_name, \'\'), \' | \', IFNULL(pc.category_name, \'\'), \' | \', IFNULL(pg.group_name, \'\'), \' | Stock: \', COALESCE(SUM(sl.qty_in - sl.qty_out), 0)
        ) AS label, COALESCE(SUM(sl.qty_in - sl.qty_out), 0) AS total_stock
FROM `products` `p`
LEFT JOIN `stock_ledger` `sl` ON `sl`.`product_id` = `p`.`product_id`
LEFT JOIN `product_brand` `pb` ON `pb`.`brand_id` = `p`.`product_brand`
LEFT JOIN `product_category` `pc` ON `pc`.`product_category_id` = `p`.`product_category`
LEFT JOIN `product_group` `pg` ON `pg`.`product_group_id` = `p`.`product_group`
WHERE `p`.`status` = \'active\'
AND   (

        LOWER(CONCAT(
            p.product_name,\' \',
            IFNULL(pb.product_brand_name,\'\'),\' \',
            IFNULL(pc.category_name,\'\'),\' \',
            IFNULL(pg.group_name,\'\'),\' \',
            IFNULL(p.barcode,\'\')
        )) LIKE \'%na%\'
    
 )
GROUP BY `p`.`product_id`, `p`.`product_name`, `pb`.`product_brand_name`, `pc`.`category_name`, `pg`.`group_name`, `p`.`barcode`
HAVING `total_stock` > 0
ORDER BY CASE
            WHEN p.barcode = \'na\' THEN 1
            WHEN LOWER(p.product_name) = \'na\' THEN 2
            WHEN LOWER(p.product_name) LIKE \'%na%\' THEN 3
            WHEN LOWER(pb.product_brand_name) LIKE \'na%\' THEN 4
            WHEN LOWER(pc.category_name) LIKE \'na%\' THEN 5
            WHEN LOWER(pg.group_name) LIKE \'na%\' THEN 6
            ELSE 7
        END, `p`.`product_name` ASC
 LIMIT 20')
 2 SYSTEMPATH\Database\BaseConnection.php(646): CodeIgniter\Database\BaseConnection->simpleQuery('SELECT `p`.`product_id` AS `id`, `p`.`product_name` AS `name`, CONCAT(
            p.product_name, \' | \', IFNULL(pb.product_brand_name, \'\'), \' | \', IFNULL(pc.category_name, \'\'), \' | \', IFNULL(pg.group_name, \'\'), \' | Stock: \', COALESCE(SUM(sl.qty_in - sl.qty_out), 0)
        ) AS label, COALESCE(SUM(sl.qty_in - sl.qty_out), 0) AS total_stock
FROM `products` `p`
LEFT JOIN `stock_ledger` `sl` ON `sl`.`product_id` = `p`.`product_id`
LEFT JOIN `product_brand` `pb` ON `pb`.`brand_id` = `p`.`product_brand`
LEFT JOIN `product_category` `pc` ON `pc`.`product_category_id` = `p`.`product_category`
LEFT JOIN `product_group` `pg` ON `pg`.`product_group_id` = `p`.`product_group`
WHERE `p`.`status` = \'active\'
AND   (

        LOWER(CONCAT(
            p.product_name,\' \',
            IFNULL(pb.product_brand_name,\'\'),\' \',
            IFNULL(pc.category_name,\'\'),\' \',
            IFNULL(pg.group_name,\'\'),\' \',
            IFNULL(p.barcode,\'\')
        )) LIKE \'%na%\'
    
 )
GROUP BY `p`.`product_id`, `p`.`product_name`, `pb`.`product_brand_name`, `pc`.`category_name`, `pg`.`group_name`, `p`.`barcode`
HAVING `total_stock` > 0
ORDER BY CASE
            WHEN p.barcode = \'na\' THEN 1
            WHEN LOWER(p.product_name) = \'na\' THEN 2
            WHEN LOWER(p.product_name) LIKE \'%na%\' THEN 3
            WHEN LOWER(pb.product_brand_name) LIKE \'na%\' THEN 4
            WHEN LOWER(pc.category_name) LIKE \'na%\' THEN 5
            WHEN LOWER(pg.group_name) LIKE \'na%\' THEN 6
            ELSE 7
        END, `p`.`product_name` ASC
 LIMIT 20')
 3 SYSTEMPATH\Database\BaseBuilder.php(1649): CodeIgniter\Database\BaseConnection->query('SELECT `p`.`product_id` AS `id`, `p`.`product_name` AS `name`, CONCAT(
            p.product_name, \' | \', IFNULL(pb.product_brand_name, \'\'), \' | \', IFNULL(pc.category_name, \'\'), \' | \', IFNULL(pg.group_name, \'\'), \' | Stock: \', COALESCE(SUM(sl.qty_in - sl.qty_out), 0)
        ) AS label, COALESCE(SUM(sl.qty_in - sl.qty_out), 0) AS total_stock
FROM `products` `p`
LEFT JOIN `stock_ledger` `sl` ON `sl`.`product_id` = `p`.`product_id`
LEFT JOIN `product_brand` `pb` ON `pb`.`brand_id` = `p`.`product_brand`
LEFT JOIN `product_category` `pc` ON `pc`.`product_category_id` = `p`.`product_category`
LEFT JOIN `product_group` `pg` ON `pg`.`product_group_id` = `p`.`product_group`
WHERE `p`.`status` = :p.status:
AND   (

        LOWER(CONCAT(
            p.product_name,\' \',
            IFNULL(pb.product_brand_name,\'\'),\' \',
            IFNULL(pc.category_name,\'\'),\' \',
            IFNULL(pg.group_name,\'\'),\' \',
            IFNULL(p.barcode,\'\')
        )) LIKE \'%na%\'
    
 )
GROUP BY `p`.`product_id`, `p`.`product_name`, `pb`.`product_brand_name`, `pc`.`category_name`, `pg`.`group_name`, `p`.`barcode`
HAVING `total_stock` > :total_stock:
ORDER BY CASE
            WHEN p.barcode = \'na\' THEN 1
            WHEN LOWER(p.product_name) = \'na\' THEN 2
            WHEN LOWER(p.product_name) LIKE \'%na%\' THEN 3
            WHEN LOWER(pb.product_brand_name) LIKE \'na%\' THEN 4
            WHEN LOWER(pc.category_name) LIKE \'na%\' THEN 5
            WHEN LOWER(pg.group_name) LIKE \'na%\' THEN 6
            ELSE 7
        END, `p`.`product_name` ASC
 LIMIT 20', [...], false)
 4 APPPATH\Models\ProductModel.php(296): CodeIgniter\Database\BaseBuilder->get()
 5 APPPATH\Controllers\PosController.php(90): App\Models\ProductModel->searchProducts('na')
 6 SYSTEMPATH\CodeIgniter.php(933): App\Controllers\PosController->productSearch()
 7 SYSTEMPATH\CodeIgniter.php(507): CodeIgniter\CodeIgniter->runController(Object(App\Controllers\PosController))
 8 SYSTEMPATH\CodeIgniter.php(354): CodeIgniter\CodeIgniter->handleRequest(null, Object(Config\Cache), false)
 9 SYSTEMPATH\Boot.php(363): CodeIgniter\CodeIgniter->run()
10 SYSTEMPATH\Boot.php(68): CodeIgniter\Boot::runCodeIgniter(Object(CodeIgniter\CodeIgniter))
11 FCPATH\index.php(59): CodeIgniter\Boot::bootWeb(Object(Config\Paths))
CRITICAL - 2026-08-03 09:07:40 --> [Caused by] mysqli_sql_exception: Illegal mix of collations (utf8mb4_bin,NONE) and (utf8mb4_0900_ai_ci,COERCIBLE) for operation 'like'
in SYSTEMPATH\Database\MySQLi\Connection.php on line 327.
 1 SYSTEMPATH\Database\MySQLi\Connection.php(327): mysqli->query('SELECT `p`.`product_id` AS `id`, `p`.`product_name` AS `name`, CONCAT(
            p.product_name, \' | \', IFNULL(pb.product_brand_name, \'\'), \' | \', IFNULL(pc.category_name, \'\'), \' | \', IFNULL(pg.group_name, \'\'), \' | Stock: \', COALESCE(SUM(sl.qty_in - sl.qty_out), 0)
        ) AS label, COALESCE(SUM(sl.qty_in - sl.qty_out), 0) AS total_stock
FROM `products` `p`
LEFT JOIN `stock_ledger` `sl` ON `sl`.`product_id` = `p`.`product_id`
LEFT JOIN `product_brand` `pb` ON `pb`.`brand_id` = `p`.`product_brand`
LEFT JOIN `product_category` `pc` ON `pc`.`product_category_id` = `p`.`product_category`
LEFT JOIN `product_group` `pg` ON `pg`.`product_group_id` = `p`.`product_group`
WHERE `p`.`status` = \'active\'
AND   (

        LOWER(CONCAT(
            p.product_name,\' \',
            IFNULL(pb.product_brand_name,\'\'),\' \',
            IFNULL(pc.category_name,\'\'),\' \',
            IFNULL(pg.group_name,\'\'),\' \',
            IFNULL(p.barcode,\'\')
        )) LIKE \'%na%\'
    
 )
GROUP BY `p`.`product_id`, `p`.`product_name`, `pb`.`product_brand_name`, `pc`.`category_name`, `pg`.`group_name`, `p`.`barcode`
HAVING `total_stock` > 0
ORDER BY CASE
            WHEN p.barcode = \'na\' THEN 1
            WHEN LOWER(p.product_name) = \'na\' THEN 2
            WHEN LOWER(p.product_name) LIKE \'%na%\' THEN 3
            WHEN LOWER(pb.product_brand_name) LIKE \'na%\' THEN 4
            WHEN LOWER(pc.category_name) LIKE \'na%\' THEN 5
            WHEN LOWER(pg.group_name) LIKE \'na%\' THEN 6
            ELSE 7
        END, `p`.`product_name` ASC
 LIMIT 20', 0)
 2 SYSTEMPATH\Database\BaseConnection.php(729): CodeIgniter\Database\MySQLi\Connection->execute('SELECT `p`.`product_id` AS `id`, `p`.`product_name` AS `name`, CONCAT(
            p.product_name, \' | \', IFNULL(pb.product_brand_name, \'\'), \' | \', IFNULL(pc.category_name, \'\'), \' | \', IFNULL(pg.group_name, \'\'), \' | Stock: \', COALESCE(SUM(sl.qty_in - sl.qty_out), 0)
        ) AS label, COALESCE(SUM(sl.qty_in - sl.qty_out), 0) AS total_stock
FROM `products` `p`
LEFT JOIN `stock_ledger` `sl` ON `sl`.`product_id` = `p`.`product_id`
LEFT JOIN `product_brand` `pb` ON `pb`.`brand_id` = `p`.`product_brand`
LEFT JOIN `product_category` `pc` ON `pc`.`product_category_id` = `p`.`product_category`
LEFT JOIN `product_group` `pg` ON `pg`.`product_group_id` = `p`.`product_group`
WHERE `p`.`status` = \'active\'
AND   (

        LOWER(CONCAT(
            p.product_name,\' \',
            IFNULL(pb.product_brand_name,\'\'),\' \',
            IFNULL(pc.category_name,\'\'),\' \',
            IFNULL(pg.group_name,\'\'),\' \',
            IFNULL(p.barcode,\'\')
        )) LIKE \'%na%\'
    
 )
GROUP BY `p`.`product_id`, `p`.`product_name`, `pb`.`product_brand_name`, `pc`.`category_name`, `pg`.`group_name`, `p`.`barcode`
HAVING `total_stock` > 0
ORDER BY CASE
            WHEN p.barcode = \'na\' THEN 1
            WHEN LOWER(p.product_name) = \'na\' THEN 2
            WHEN LOWER(p.product_name) LIKE \'%na%\' THEN 3
            WHEN LOWER(pb.product_brand_name) LIKE \'na%\' THEN 4
            WHEN LOWER(pc.category_name) LIKE \'na%\' THEN 5
            WHEN LOWER(pg.group_name) LIKE \'na%\' THEN 6
            ELSE 7
        END, `p`.`product_name` ASC
 LIMIT 20')
 3 SYSTEMPATH\Database\BaseConnection.php(646): CodeIgniter\Database\BaseConnection->simpleQuery('SELECT `p`.`product_id` AS `id`, `p`.`product_name` AS `name`, CONCAT(
            p.product_name, \' | \', IFNULL(pb.product_brand_name, \'\'), \' | \', IFNULL(pc.category_name, \'\'), \' | \', IFNULL(pg.group_name, \'\'), \' | Stock: \', COALESCE(SUM(sl.qty_in - sl.qty_out), 0)
        ) AS label, COALESCE(SUM(sl.qty_in - sl.qty_out), 0) AS total_stock
FROM `products` `p`
LEFT JOIN `stock_ledger` `sl` ON `sl`.`product_id` = `p`.`product_id`
LEFT JOIN `product_brand` `pb` ON `pb`.`brand_id` = `p`.`product_brand`
LEFT JOIN `product_category` `pc` ON `pc`.`product_category_id` = `p`.`product_category`
LEFT JOIN `product_group` `pg` ON `pg`.`product_group_id` = `p`.`product_group`
WHERE `p`.`status` = \'active\'
AND   (

        LOWER(CONCAT(
            p.product_name,\' \',
            IFNULL(pb.product_brand_name,\'\'),\' \',
            IFNULL(pc.category_name,\'\'),\' \',
            IFNULL(pg.group_name,\'\'),\' \',
            IFNULL(p.barcode,\'\')
        )) LIKE \'%na%\'
    
 )
GROUP BY `p`.`product_id`, `p`.`product_name`, `pb`.`product_brand_name`, `pc`.`category_name`, `pg`.`group_name`, `p`.`barcode`
HAVING `total_stock` > 0
ORDER BY CASE
            WHEN p.barcode = \'na\' THEN 1
            WHEN LOWER(p.product_name) = \'na\' THEN 2
            WHEN LOWER(p.product_name) LIKE \'%na%\' THEN 3
            WHEN LOWER(pb.product_brand_name) LIKE \'na%\' THEN 4
            WHEN LOWER(pc.category_name) LIKE \'na%\' THEN 5
            WHEN LOWER(pg.group_name) LIKE \'na%\' THEN 6
            ELSE 7
        END, `p`.`product_name` ASC
 LIMIT 20')
 4 SYSTEMPATH\Database\BaseBuilder.php(1649): CodeIgniter\Database\BaseConnection->query('SELECT `p`.`product_id` AS `id`, `p`.`product_name` AS `name`, CONCAT(
            p.product_name, \' | \', IFNULL(pb.product_brand_name, \'\'), \' | \', IFNULL(pc.category_name, \'\'), \' | \', IFNULL(pg.group_name, \'\'), \' | Stock: \', COALESCE(SUM(sl.qty_in - sl.qty_out), 0)
        ) AS label, COALESCE(SUM(sl.qty_in - sl.qty_out), 0) AS total_stock
FROM `products` `p`
LEFT JOIN `stock_ledger` `sl` ON `sl`.`product_id` = `p`.`product_id`
LEFT JOIN `product_brand` `pb` ON `pb`.`brand_id` = `p`.`product_brand`
LEFT JOIN `product_category` `pc` ON `pc`.`product_category_id` = `p`.`product_category`
LEFT JOIN `product_group` `pg` ON `pg`.`product_group_id` = `p`.`product_group`
WHERE `p`.`status` = :p.status:
AND   (

        LOWER(CONCAT(
            p.product_name,\' \',
            IFNULL(pb.product_brand_name,\'\'),\' \',
            IFNULL(pc.category_name,\'\'),\' \',
            IFNULL(pg.group_name,\'\'),\' \',
            IFNULL(p.barcode,\'\')
        )) LIKE \'%na%\'
    
 )
GROUP BY `p`.`product_id`, `p`.`product_name`, `pb`.`product_brand_name`, `pc`.`category_name`, `pg`.`group_name`, `p`.`barcode`
HAVING `total_stock` > :total_stock:
ORDER BY CASE
            WHEN p.barcode = \'na\' THEN 1
            WHEN LOWER(p.product_name) = \'na\' THEN 2
            WHEN LOWER(p.product_name) LIKE \'%na%\' THEN 3
            WHEN LOWER(pb.product_brand_name) LIKE \'na%\' THEN 4
            WHEN LOWER(pc.category_name) LIKE \'na%\' THEN 5
            WHEN LOWER(pg.group_name) LIKE \'na%\' THEN 6
            ELSE 7
        END, `p`.`product_name` ASC
 LIMIT 20', [...], false)
 5 APPPATH\Models\ProductModel.php(296): CodeIgniter\Database\BaseBuilder->get()
 6 APPPATH\Controllers\PosController.php(90): App\Models\ProductModel->searchProducts('na')
 7 SYSTEMPATH\CodeIgniter.php(933): App\Controllers\PosController->productSearch()
 8 SYSTEMPATH\CodeIgniter.php(507): CodeIgniter\CodeIgniter->runController(Object(App\Controllers\PosController))
 9 SYSTEMPATH\CodeIgniter.php(354): CodeIgniter\CodeIgniter->handleRequest(null, Object(Config\Cache), false)
10 SYSTEMPATH\Boot.php(363): CodeIgniter\CodeIgniter->run()
11 SYSTEMPATH\Boot.php(68): CodeIgniter\Boot::runCodeIgniter(Object(CodeIgniter\CodeIgniter))
12 FCPATH\index.php(59): CodeIgniter\Boot::bootWeb(Object(Config\Paths))
DEBUG - 2026-08-03 09:07:41 --> Session: Class initialized using 'CodeIgniter\Session\Handlers\FileHandler' driver.
ERROR - 2026-08-03 09:07:41 --> mysqli_sql_exception: Illegal mix of collations (utf8mb4_bin,NONE) and (utf8mb4_0900_ai_ci,COERCIBLE) for operation 'like' in C:\laragon\www\pharmacy-project\system\Database\MySQLi\Connection.php:327
Stack trace:
#0 C:\laragon\www\pharmacy-project\system\Database\MySQLi\Connection.php(327): mysqli->query('SELECT `p`.`pro...', 0)
#1 C:\laragon\www\pharmacy-project\system\Database\BaseConnection.php(729): CodeIgniter\Database\MySQLi\Connection->execute('SELECT `p`.`pro...')
#2 C:\laragon\www\pharmacy-project\system\Database\BaseConnection.php(646): CodeIgniter\Database\BaseConnection->simpleQuery('SELECT `p`.`pro...')
#3 C:\laragon\www\pharmacy-project\system\Database\BaseBuilder.php(1649): CodeIgniter\Database\BaseConnection->query('SELECT `p`.`pro...', Array, false)
#4 C:\laragon\www\pharmacy-project\app\Models\ProductModel.php(296): CodeIgniter\Database\BaseBuilder->get()
#5 C:\laragon\www\pharmacy-project\app\Controllers\PosController.php(90): App\Models\ProductModel->searchProducts('napa')
#6 C:\laragon\www\pharmacy-project\system\CodeIgniter.php(933): App\Controllers\PosController->productSearch()
#7 C:\laragon\www\pharmacy-project\system\CodeIgniter.php(507): CodeIgniter\CodeIgniter->runController(Object(App\Controllers\PosController))
#8 C:\laragon\www\pharmacy-project\system\CodeIgniter.php(354): CodeIgniter\CodeIgniter->handleRequest(NULL, Object(Config\Cache), false)
#9 C:\laragon\www\pharmacy-project\system\Boot.php(363): CodeIgniter\CodeIgniter->run()
#10 C:\laragon\www\pharmacy-project\system\Boot.php(68): CodeIgniter\Boot::runCodeIgniter(Object(CodeIgniter\CodeIgniter))
#11 C:\laragon\www\pharmacy-project\index.php(59): CodeIgniter\Boot::bootWeb(Object(Config\Paths))
#12 {main}
CRITICAL - 2026-08-03 09:07:41 --> CodeIgniter\Database\Exceptions\DatabaseException: Illegal mix of collations (utf8mb4_bin,NONE) and (utf8mb4_0900_ai_ci,COERCIBLE) for operation 'like'
[Method: GET, Route: pos/product-search]
in SYSTEMPATH\Database\BaseConnection.php on line 684.
 1 SYSTEMPATH\Database\BaseBuilder.php(1649): CodeIgniter\Database\BaseConnection->query('SELECT `p`.`product_id` AS `id`, `p`.`product_name` AS `name`, CONCAT(
            p.product_name, \' | \', IFNULL(pb.product_brand_name, \'\'), \' | \', IFNULL(pc.category_name, \'\'), \' | \', IFNULL(pg.group_name, \'\'), \' | Stock: \', COALESCE(SUM(sl.qty_in - sl.qty_out), 0)
        ) AS label, COALESCE(SUM(sl.qty_in - sl.qty_out), 0) AS total_stock
FROM `products` `p`
LEFT JOIN `stock_ledger` `sl` ON `sl`.`product_id` = `p`.`product_id`
LEFT JOIN `product_brand` `pb` ON `pb`.`brand_id` = `p`.`product_brand`
LEFT JOIN `product_category` `pc` ON `pc`.`product_category_id` = `p`.`product_category`
LEFT JOIN `product_group` `pg` ON `pg`.`product_group_id` = `p`.`product_group`
WHERE `p`.`status` = :p.status:
AND   (

        LOWER(CONCAT(
            p.product_name,\' \',
            IFNULL(pb.product_brand_name,\'\'),\' \',
            IFNULL(pc.category_name,\'\'),\' \',
            IFNULL(pg.group_name,\'\'),\' \',
            IFNULL(p.barcode,\'\')
        )) LIKE \'%napa%\'
    
 )
GROUP BY `p`.`product_id`, `p`.`product_name`, `pb`.`product_brand_name`, `pc`.`category_name`, `pg`.`group_name`, `p`.`barcode`
HAVING `total_stock` > :total_stock:
ORDER BY CASE
            WHEN p.barcode = \'napa\' THEN 1
            WHEN LOWER(p.product_name) = \'napa\' THEN 2
            WHEN LOWER(p.product_name) LIKE \'%napa%\' THEN 3
            WHEN LOWER(pb.product_brand_name) LIKE \'napa%\' THEN 4
            WHEN LOWER(pc.category_name) LIKE \'napa%\' THEN 5
            WHEN LOWER(pg.group_name) LIKE \'napa%\' THEN 6
            ELSE 7
        END, `p`.`product_name` ASC
 LIMIT 20', [...], false)
 2 APPPATH\Models\ProductModel.php(296): CodeIgniter\Database\BaseBuilder->get()
 3 APPPATH\Controllers\PosController.php(90): App\Models\ProductModel->searchProducts('napa')
 4 SYSTEMPATH\CodeIgniter.php(933): App\Controllers\PosController->productSearch()
 5 SYSTEMPATH\CodeIgniter.php(507): CodeIgniter\CodeIgniter->runController(Object(App\Controllers\PosController))
 6 SYSTEMPATH\CodeIgniter.php(354): CodeIgniter\CodeIgniter->handleRequest(null, Object(Config\Cache), false)
 7 SYSTEMPATH\Boot.php(363): CodeIgniter\CodeIgniter->run()
 8 SYSTEMPATH\Boot.php(68): CodeIgniter\Boot::runCodeIgniter(Object(CodeIgniter\CodeIgniter))
 9 FCPATH\index.php(59): CodeIgniter\Boot::bootWeb(Object(Config\Paths))
CRITICAL - 2026-08-03 09:07:41 --> [Caused by] CodeIgniter\Database\Exceptions\DatabaseException: Illegal mix of collations (utf8mb4_bin,NONE) and (utf8mb4_0900_ai_ci,COERCIBLE) for operation 'like'
in SYSTEMPATH\Database\MySQLi\Connection.php on line 332.
 1 SYSTEMPATH\Database\BaseConnection.php(729): CodeIgniter\Database\MySQLi\Connection->execute('SELECT `p`.`product_id` AS `id`, `p`.`product_name` AS `name`, CONCAT(
            p.product_name, \' | \', IFNULL(pb.product_brand_name, \'\'), \' | \', IFNULL(pc.category_name, \'\'), \' | \', IFNULL(pg.group_name, \'\'), \' | Stock: \', COALESCE(SUM(sl.qty_in - sl.qty_out), 0)
        ) AS label, COALESCE(SUM(sl.qty_in - sl.qty_out), 0) AS total_stock
FROM `products` `p`
LEFT JOIN `stock_ledger` `sl` ON `sl`.`product_id` = `p`.`product_id`
LEFT JOIN `product_brand` `pb` ON `pb`.`brand_id` = `p`.`product_brand`
LEFT JOIN `product_category` `pc` ON `pc`.`product_category_id` = `p`.`product_category`
LEFT JOIN `product_group` `pg` ON `pg`.`product_group_id` = `p`.`product_group`
WHERE `p`.`status` = \'active\'
AND   (

        LOWER(CONCAT(
            p.product_name,\' \',
            IFNULL(pb.product_brand_name,\'\'),\' \',
            IFNULL(pc.category_name,\'\'),\' \',
            IFNULL(pg.group_name,\'\'),\' \',
            IFNULL(p.barcode,\'\')
        )) LIKE \'%napa%\'
    
 )
GROUP BY `p`.`product_id`, `p`.`product_name`, `pb`.`product_brand_name`, `pc`.`category_name`, `pg`.`group_name`, `p`.`barcode`
HAVING `total_stock` > 0
ORDER BY CASE
            WHEN p.barcode = \'napa\' THEN 1
            WHEN LOWER(p.product_name) = \'napa\' THEN 2
            WHEN LOWER(p.product_name) LIKE \'%napa%\' THEN 3
            WHEN LOWER(pb.product_brand_name) LIKE \'napa%\' THEN 4
            WHEN LOWER(pc.category_name) LIKE \'napa%\' THEN 5
            WHEN LOWER(pg.group_name) LIKE \'napa%\' THEN 6
            ELSE 7
        END, `p`.`product_name` ASC
 LIMIT 20')
 2 SYSTEMPATH\Database\BaseConnection.php(646): CodeIgniter\Database\BaseConnection->simpleQuery('SELECT `p`.`product_id` AS `id`, `p`.`product_name` AS `name`, CONCAT(
            p.product_name, \' | \', IFNULL(pb.product_brand_name, \'\'), \' | \', IFNULL(pc.category_name, \'\'), \' | \', IFNULL(pg.group_name, \'\'), \' | Stock: \', COALESCE(SUM(sl.qty_in - sl.qty_out), 0)
        ) AS label, COALESCE(SUM(sl.qty_in - sl.qty_out), 0) AS total_stock
FROM `products` `p`
LEFT JOIN `stock_ledger` `sl` ON `sl`.`product_id` = `p`.`product_id`
LEFT JOIN `product_brand` `pb` ON `pb`.`brand_id` = `p`.`product_brand`
LEFT JOIN `product_category` `pc` ON `pc`.`product_category_id` = `p`.`product_category`
LEFT JOIN `product_group` `pg` ON `pg`.`product_group_id` = `p`.`product_group`
WHERE `p`.`status` = \'active\'
AND   (

        LOWER(CONCAT(
            p.product_name,\' \',
            IFNULL(pb.product_brand_name,\'\'),\' \',
            IFNULL(pc.category_name,\'\'),\' \',
            IFNULL(pg.group_name,\'\'),\' \',
            IFNULL(p.barcode,\'\')
        )) LIKE \'%napa%\'
    
 )
GROUP BY `p`.`product_id`, `p`.`product_name`, `pb`.`product_brand_name`, `pc`.`category_name`, `pg`.`group_name`, `p`.`barcode`
HAVING `total_stock` > 0
ORDER BY CASE
            WHEN p.barcode = \'napa\' THEN 1
            WHEN LOWER(p.product_name) = \'napa\' THEN 2
            WHEN LOWER(p.product_name) LIKE \'%napa%\' THEN 3
            WHEN LOWER(pb.product_brand_name) LIKE \'napa%\' THEN 4
            WHEN LOWER(pc.category_name) LIKE \'napa%\' THEN 5
            WHEN LOWER(pg.group_name) LIKE \'napa%\' THEN 6
            ELSE 7
        END, `p`.`product_name` ASC
 LIMIT 20')
 3 SYSTEMPATH\Database\BaseBuilder.php(1649): CodeIgniter\Database\BaseConnection->query('SELECT `p`.`product_id` AS `id`, `p`.`product_name` AS `name`, CONCAT(
            p.product_name, \' | \', IFNULL(pb.product_brand_name, \'\'), \' | \', IFNULL(pc.category_name, \'\'), \' | \', IFNULL(pg.group_name, \'\'), \' | Stock: \', COALESCE(SUM(sl.qty_in - sl.qty_out), 0)
        ) AS label, COALESCE(SUM(sl.qty_in - sl.qty_out), 0) AS total_stock
FROM `products` `p`
LEFT JOIN `stock_ledger` `sl` ON `sl`.`product_id` = `p`.`product_id`
LEFT JOIN `product_brand` `pb` ON `pb`.`brand_id` = `p`.`product_brand`
LEFT JOIN `product_category` `pc` ON `pc`.`product_category_id` = `p`.`product_category`
LEFT JOIN `product_group` `pg` ON `pg`.`product_group_id` = `p`.`product_group`
WHERE `p`.`status` = :p.status:
AND   (

        LOWER(CONCAT(
            p.product_name,\' \',
            IFNULL(pb.product_brand_name,\'\'),\' \',
            IFNULL(pc.category_name,\'\'),\' \',
            IFNULL(pg.group_name,\'\'),\' \',
            IFNULL(p.barcode,\'\')
        )) LIKE \'%napa%\'
    
 )
GROUP BY `p`.`product_id`, `p`.`product_name`, `pb`.`product_brand_name`, `pc`.`category_name`, `pg`.`group_name`, `p`.`barcode`
HAVING `total_stock` > :total_stock:
ORDER BY CASE
            WHEN p.barcode = \'napa\' THEN 1
            WHEN LOWER(p.product_name) = \'napa\' THEN 2
            WHEN LOWER(p.product_name) LIKE \'%napa%\' THEN 3
            WHEN LOWER(pb.product_brand_name) LIKE \'napa%\' THEN 4
            WHEN LOWER(pc.category_name) LIKE \'napa%\' THEN 5
            WHEN LOWER(pg.group_name) LIKE \'napa%\' THEN 6
            ELSE 7
        END, `p`.`product_name` ASC
 LIMIT 20', [...], false)
 4 APPPATH\Models\ProductModel.php(296): CodeIgniter\Database\BaseBuilder->get()
 5 APPPATH\Controllers\PosController.php(90): App\Models\ProductModel->searchProducts('napa')
 6 SYSTEMPATH\CodeIgniter.php(933): App\Controllers\PosController->productSearch()
 7 SYSTEMPATH\CodeIgniter.php(507): CodeIgniter\CodeIgniter->runController(Object(App\Controllers\PosController))
 8 SYSTEMPATH\CodeIgniter.php(354): CodeIgniter\CodeIgniter->handleRequest(null, Object(Config\Cache), false)
 9 SYSTEMPATH\Boot.php(363): CodeIgniter\CodeIgniter->run()
10 SYSTEMPATH\Boot.php(68): CodeIgniter\Boot::runCodeIgniter(Object(CodeIgniter\CodeIgniter))
11 FCPATH\index.php(59): CodeIgniter\Boot::bootWeb(Object(Config\Paths))
CRITICAL - 2026-08-03 09:07:41 --> [Caused by] mysqli_sql_exception: Illegal mix of collations (utf8mb4_bin,NONE) and (utf8mb4_0900_ai_ci,COERCIBLE) for operation 'like'
in SYSTEMPATH\Database\MySQLi\Connection.php on line 327.
 1 SYSTEMPATH\Database\MySQLi\Connection.php(327): mysqli->query('SELECT `p`.`product_id` AS `id`, `p`.`product_name` AS `name`, CONCAT(
            p.product_name, \' | \', IFNULL(pb.product_brand_name, \'\'), \' | \', IFNULL(pc.category_name, \'\'), \' | \', IFNULL(pg.group_name, \'\'), \' | Stock: \', COALESCE(SUM(sl.qty_in - sl.qty_out), 0)
        ) AS label, COALESCE(SUM(sl.qty_in - sl.qty_out), 0) AS total_stock
FROM `products` `p`
LEFT JOIN `stock_ledger` `sl` ON `sl`.`product_id` = `p`.`product_id`
LEFT JOIN `product_brand` `pb` ON `pb`.`brand_id` = `p`.`product_brand`
LEFT JOIN `product_category` `pc` ON `pc`.`product_category_id` = `p`.`product_category`
LEFT JOIN `product_group` `pg` ON `pg`.`product_group_id` = `p`.`product_group`
WHERE `p`.`status` = \'active\'
AND   (

        LOWER(CONCAT(
            p.product_name,\' \',
            IFNULL(pb.product_brand_name,\'\'),\' \',
            IFNULL(pc.category_name,\'\'),\' \',
            IFNULL(pg.group_name,\'\'),\' \',
            IFNULL(p.barcode,\'\')
        )) LIKE \'%napa%\'
    
 )
GROUP BY `p`.`product_id`, `p`.`product_name`, `pb`.`product_brand_name`, `pc`.`category_name`, `pg`.`group_name`, `p`.`barcode`
HAVING `total_stock` > 0
ORDER BY CASE
            WHEN p.barcode = \'napa\' THEN 1
            WHEN LOWER(p.product_name) = \'napa\' THEN 2
            WHEN LOWER(p.product_name) LIKE \'%napa%\' THEN 3
            WHEN LOWER(pb.product_brand_name) LIKE \'napa%\' THEN 4
            WHEN LOWER(pc.category_name) LIKE \'napa%\' THEN 5
            WHEN LOWER(pg.group_name) LIKE \'napa%\' THEN 6
            ELSE 7
        END, `p`.`product_name` ASC
 LIMIT 20', 0)
 2 SYSTEMPATH\Database\BaseConnection.php(729): CodeIgniter\Database\MySQLi\Connection->execute('SELECT `p`.`product_id` AS `id`, `p`.`product_name` AS `name`, CONCAT(
            p.product_name, \' | \', IFNULL(pb.product_brand_name, \'\'), \' | \', IFNULL(pc.category_name, \'\'), \' | \', IFNULL(pg.group_name, \'\'), \' | Stock: \', COALESCE(SUM(sl.qty_in - sl.qty_out), 0)
        ) AS label, COALESCE(SUM(sl.qty_in - sl.qty_out), 0) AS total_stock
FROM `products` `p`
LEFT JOIN `stock_ledger` `sl` ON `sl`.`product_id` = `p`.`product_id`
LEFT JOIN `product_brand` `pb` ON `pb`.`brand_id` = `p`.`product_brand`
LEFT JOIN `product_category` `pc` ON `pc`.`product_category_id` = `p`.`product_category`
LEFT JOIN `product_group` `pg` ON `pg`.`product_group_id` = `p`.`product_group`
WHERE `p`.`status` = \'active\'
AND   (

        LOWER(CONCAT(
            p.product_name,\' \',
            IFNULL(pb.product_brand_name,\'\'),\' \',
            IFNULL(pc.category_name,\'\'),\' \',
            IFNULL(pg.group_name,\'\'),\' \',
            IFNULL(p.barcode,\'\')
        )) LIKE \'%napa%\'
    
 )
GROUP BY `p`.`product_id`, `p`.`product_name`, `pb`.`product_brand_name`, `pc`.`category_name`, `pg`.`group_name`, `p`.`barcode`
HAVING `total_stock` > 0
ORDER BY CASE
            WHEN p.barcode = \'napa\' THEN 1
            WHEN LOWER(p.product_name) = \'napa\' THEN 2
            WHEN LOWER(p.product_name) LIKE \'%napa%\' THEN 3
            WHEN LOWER(pb.product_brand_name) LIKE \'napa%\' THEN 4
            WHEN LOWER(pc.category_name) LIKE \'napa%\' THEN 5
            WHEN LOWER(pg.group_name) LIKE \'napa%\' THEN 6
            ELSE 7
        END, `p`.`product_name` ASC
 LIMIT 20')
 3 SYSTEMPATH\Database\BaseConnection.php(646): CodeIgniter\Database\BaseConnection->simpleQuery('SELECT `p`.`product_id` AS `id`, `p`.`product_name` AS `name`, CONCAT(
            p.product_name, \' | \', IFNULL(pb.product_brand_name, \'\'), \' | \', IFNULL(pc.category_name, \'\'), \' | \', IFNULL(pg.group_name, \'\'), \' | Stock: \', COALESCE(SUM(sl.qty_in - sl.qty_out), 0)
        ) AS label, COALESCE(SUM(sl.qty_in - sl.qty_out), 0) AS total_stock
FROM `products` `p`
LEFT JOIN `stock_ledger` `sl` ON `sl`.`product_id` = `p`.`product_id`
LEFT JOIN `product_brand` `pb` ON `pb`.`brand_id` = `p`.`product_brand`
LEFT JOIN `product_category` `pc` ON `pc`.`product_category_id` = `p`.`product_category`
LEFT JOIN `product_group` `pg` ON `pg`.`product_group_id` = `p`.`product_group`
WHERE `p`.`status` = \'active\'
AND   (

        LOWER(CONCAT(
            p.product_name,\' \',
            IFNULL(pb.product_brand_name,\'\'),\' \',
            IFNULL(pc.category_name,\'\'),\' \',
            IFNULL(pg.group_name,\'\'),\' \',
            IFNULL(p.barcode,\'\')
        )) LIKE \'%napa%\'
    
 )
GROUP BY `p`.`product_id`, `p`.`product_name`, `pb`.`product_brand_name`, `pc`.`category_name`, `pg`.`group_name`, `p`.`barcode`
HAVING `total_stock` > 0
ORDER BY CASE
            WHEN p.barcode = \'napa\' THEN 1
            WHEN LOWER(p.product_name) = \'napa\' THEN 2
            WHEN LOWER(p.product_name) LIKE \'%napa%\' THEN 3
            WHEN LOWER(pb.product_brand_name) LIKE \'napa%\' THEN 4
            WHEN LOWER(pc.category_name) LIKE \'napa%\' THEN 5
            WHEN LOWER(pg.group_name) LIKE \'napa%\' THEN 6
            ELSE 7
        END, `p`.`product_name` ASC
 LIMIT 20')
 4 SYSTEMPATH\Database\BaseBuilder.php(1649): CodeIgniter\Database\BaseConnection->query('SELECT `p`.`product_id` AS `id`, `p`.`product_name` AS `name`, CONCAT(
            p.product_name, \' | \', IFNULL(pb.product_brand_name, \'\'), \' | \', IFNULL(pc.category_name, \'\'), \' | \', IFNULL(pg.group_name, \'\'), \' | Stock: \', COALESCE(SUM(sl.qty_in - sl.qty_out), 0)
        ) AS label, COALESCE(SUM(sl.qty_in - sl.qty_out), 0) AS total_stock
FROM `products` `p`
LEFT JOIN `stock_ledger` `sl` ON `sl`.`product_id` = `p`.`product_id`
LEFT JOIN `product_brand` `pb` ON `pb`.`brand_id` = `p`.`product_brand`
LEFT JOIN `product_category` `pc` ON `pc`.`product_category_id` = `p`.`product_category`
LEFT JOIN `product_group` `pg` ON `pg`.`product_group_id` = `p`.`product_group`
WHERE `p`.`status` = :p.status:
AND   (

        LOWER(CONCAT(
            p.product_name,\' \',
            IFNULL(pb.product_brand_name,\'\'),\' \',
            IFNULL(pc.category_name,\'\'),\' \',
            IFNULL(pg.group_name,\'\'),\' \',
            IFNULL(p.barcode,\'\')
        )) LIKE \'%napa%\'
    
 )
GROUP BY `p`.`product_id`, `p`.`product_name`, `pb`.`product_brand_name`, `pc`.`category_name`, `pg`.`group_name`, `p`.`barcode`
HAVING `total_stock` > :total_stock:
ORDER BY CASE
            WHEN p.barcode = \'napa\' THEN 1
            WHEN LOWER(p.product_name) = \'napa\' THEN 2
            WHEN LOWER(p.product_name) LIKE \'%napa%\' THEN 3
            WHEN LOWER(pb.product_brand_name) LIKE \'napa%\' THEN 4
            WHEN LOWER(pc.category_name) LIKE \'napa%\' THEN 5
            WHEN LOWER(pg.group_name) LIKE \'napa%\' THEN 6
            ELSE 7
        END, `p`.`product_name` ASC
 LIMIT 20', [...], false)
 5 APPPATH\Models\ProductModel.php(296): CodeIgniter\Database\BaseBuilder->get()
 6 APPPATH\Controllers\PosController.php(90): App\Models\ProductModel->searchProducts('napa')
 7 SYSTEMPATH\CodeIgniter.php(933): App\Controllers\PosController->productSearch()
 8 SYSTEMPATH\CodeIgniter.php(507): CodeIgniter\CodeIgniter->runController(Object(App\Controllers\PosController))
 9 SYSTEMPATH\CodeIgniter.php(354): CodeIgniter\CodeIgniter->handleRequest(null, Object(Config\Cache), false)
10 SYSTEMPATH\Boot.php(363): CodeIgniter\CodeIgniter->run()
11 SYSTEMPATH\Boot.php(68): CodeIgniter\Boot::runCodeIgniter(Object(CodeIgniter\CodeIgniter))
12 FCPATH\index.php(59): CodeIgniter\Boot::bootWeb(Object(Config\Paths))
DEBUG - 2026-08-03 09:10:31 --> Session: Class initialized using 'CodeIgniter\Session\Handlers\FileHandler' driver.
DEBUG - 2026-08-03 09:10:41 --> Session: Class initialized using 'CodeIgniter\Session\Handlers\FileHandler' driver.
DEBUG - 2026-08-03 09:10:43 --> Session: Class initialized using 'CodeIgniter\Session\Handlers\FileHandler' driver.
DEBUG - 2026-08-03 09:10:45 --> Session: Class initialized using 'CodeIgniter\Session\Handlers\FileHandler' driver.
DEBUG - 2026-08-03 09:10:56 --> Session: Class initialized using 'CodeIgniter\Session\Handlers\FileHandler' driver.
DEBUG - 2026-08-03 09:10:57 --> Session: Class initialized using 'CodeIgniter\Session\Handlers\FileHandler' driver.
DEBUG - 2026-08-03 09:11:10 --> Session: Class initialized using 'CodeIgniter\Session\Handlers\FileHandler' driver.
DEBUG - 2026-08-03 09:11:12 --> Session: Class initialized using 'CodeIgniter\Session\Handlers\FileHandler' driver.
DEBUG - 2026-08-03 09:13:30 --> Session: Class initialized using 'CodeIgniter\Session\Handlers\FileHandler' driver.
DEBUG - 2026-08-03 09:13:35 --> Session: Class initialized using 'CodeIgniter\Session\Handlers\FileHandler' driver.
DEBUG - 2026-08-03 09:15:38 --> Session: Class initialized using 'CodeIgniter\Session\Handlers\FileHandler' driver.
CRITICAL - 2026-08-03 09:15:38 --> ErrorException: Undefined variable $totalTime
[Method: GET, Route: /]
in SYSTEMPATH\Debug\Toolbar\Views\toolbar.tpl.php on line 49.
 1 SYSTEMPATH\Debug\Toolbar\Views\toolbar.tpl.php(49): CodeIgniter\Debug\Exceptions->errorHandler(2, 'Undefined variable $totalTime', 'C:\\laragon\\www\\pharmacy-project\\system\\Debug\\Toolbar\\Views\\toolbar.tpl.php', 49)
 2 SYSTEMPATH\Debug\Toolbar.php(533): include('C:\\laragon\\www\\pharmacy-project\\system\\Debug\\Toolbar\\Views\\toolbar.tpl.php')
 3 SYSTEMPATH\Debug\Toolbar.php(496): CodeIgniter\Debug\Toolbar->format([...], 'html')
 4 APPPATH\Config\Events.php(47): CodeIgniter\Debug\Toolbar->respond()
 5 SYSTEMPATH\Events\Events.php(152): CodeIgniter\Events\Events::Config\{closure}()
 6 SYSTEMPATH\CodeIgniter.php(339): CodeIgniter\Events\Events::trigger('pre_system')
 7 SYSTEMPATH\Boot.php(363): CodeIgniter\CodeIgniter->run()
 8 SYSTEMPATH\Boot.php(68): CodeIgniter\Boot::runCodeIgniter(Object(CodeIgniter\CodeIgniter))
 9 FCPATH\index.php(59): CodeIgniter\Boot::bootWeb(Object(Config\Paths))
DEBUG - 2026-08-03 09:15:40 --> Session: Class initialized using 'CodeIgniter\Session\Handlers\FileHandler' driver.
DEBUG - 2026-08-03 09:15:40 --> Session: Class initialized using 'CodeIgniter\Session\Handlers\FileHandler' driver.
DEBUG - 2026-08-03 09:15:52 --> Session: Class initialized using 'CodeIgniter\Session\Handlers\FileHandler' driver.
DEBUG - 2026-08-03 09:15:52 --> Session: Class initialized using 'CodeIgniter\Session\Handlers\FileHandler' driver.
DEBUG - 2026-08-03 09:15:58 --> Session: Class initialized using 'CodeIgniter\Session\Handlers\FileHandler' driver.
DEBUG - 2026-08-03 09:15:58 --> Session: Class initialized using 'CodeIgniter\Session\Handlers\FileHandler' driver.
DEBUG - 2026-08-03 09:16:11 --> Session: Class initialized using 'CodeIgniter\Session\Handlers\FileHandler' driver.
DEBUG - 2026-08-03 09:16:16 --> Session: Class initialized using 'CodeIgniter\Session\Handlers\FileHandler' driver.
DEBUG - 2026-08-03 09:16:23 --> Session: Class initialized using 'CodeIgniter\Session\Handlers\FileHandler' driver.
DEBUG - 2026-08-03 09:16:36 --> Session: Class initialized using 'CodeIgniter\Session\Handlers\FileHandler' driver.
DEBUG - 2026-08-03 09:21:13 --> Session: Class initialized using 'CodeIgniter\Session\Handlers\FileHandler' driver.
DEBUG - 2026-08-03 09:22:43 --> Session: Class initialized using 'CodeIgniter\Session\Handlers\FileHandler' driver.
DEBUG - 2026-08-03 09:22:49 --> Session: Class initialized using 'CodeIgniter\Session\Handlers\FileHandler' driver.
DEBUG - 2026-08-03 09:22:53 --> Session: Class initialized using 'CodeIgniter\Session\Handlers\FileHandler' driver.
DEBUG - 2026-08-03 09:23:01 --> Session: Class initialized using 'CodeIgniter\Session\Handlers\FileHandler' driver.
DEBUG - 2026-08-03 09:23:01 --> Session: Class initialized using 'CodeIgniter\Session\Handlers\FileHandler' driver.
DEBUG - 2026-08-03 09:23:03 --> Session: Class initialized using 'CodeIgniter\Session\Handlers\FileHandler' driver.
DEBUG - 2026-08-03 09:23:04 --> Session: Class initialized using 'CodeIgniter\Session\Handlers\FileHandler' driver.
DEBUG - 2026-08-03 09:23:04 --> Session: Class initialized using 'CodeIgniter\Session\Handlers\FileHandler' driver.
DEBUG - 2026-08-03 09:23:04 --> Session: Class initialized using 'CodeIgniter\Session\Handlers\FileHandler' driver.
DEBUG - 2026-08-03 09:23:04 --> Session: Class initialized using 'CodeIgniter\Session\Handlers\FileHandler' driver.
DEBUG - 2026-08-03 09:23:10 --> Session: Class initialized using 'CodeIgniter\Session\Handlers\FileHandler' driver.
DEBUG - 2026-08-03 09:23:35 --> Session: Class initialized using 'CodeIgniter\Session\Handlers\FileHandler' driver.
DEBUG - 2026-08-03 09:23:46 --> Session: Class initialized using 'CodeIgniter\Session\Handlers\FileHandler' driver.
DEBUG - 2026-08-03 09:25:36 --> Session: Class initialized using 'CodeIgniter\Session\Handlers\FileHandler' driver.
DEBUG - 2026-08-03 09:25:41 --> Session: Class initialized using 'CodeIgniter\Session\Handlers\FileHandler' driver.
DEBUG - 2026-08-03 09:25:44 --> Session: Class initialized using 'CodeIgniter\Session\Handlers\FileHandler' driver.
DEBUG - 2026-08-03 09:25:44 --> Session: Class initialized using 'CodeIgniter\Session\Handlers\FileHandler' driver.
DEBUG - 2026-08-03 09:25:48 --> Session: Class initialized using 'CodeIgniter\Session\Handlers\FileHandler' driver.
DEBUG - 2026-08-03 09:27:45 --> Session: Class initialized using 'CodeIgniter\Session\Handlers\FileHandler' driver.
DEBUG - 2026-08-03 09:27:49 --> Session: Class initialized using 'CodeIgniter\Session\Handlers\FileHandler' driver.
DEBUG - 2026-08-03 09:27:50 --> Session: Class initialized using 'CodeIgniter\Session\Handlers\FileHandler' driver.
DEBUG - 2026-08-03 09:27:57 --> Session: Class initialized using 'CodeIgniter\Session\Handlers\FileHandler' driver.
DEBUG - 2026-08-03 09:28:00 --> Session: Class initialized using 'CodeIgniter\Session\Handlers\FileHandler' driver.
DEBUG - 2026-08-03 09:29:11 --> Session: Class initialized using 'CodeIgniter\Session\Handlers\FileHandler' driver.
DEBUG - 2026-08-03 09:29:15 --> Session: Class initialized using 'CodeIgniter\Session\Handlers\FileHandler' driver.
DEBUG - 2026-08-03 09:29:21 --> Session: Class initialized using 'CodeIgniter\Session\Handlers\FileHandler' driver.
DEBUG - 2026-08-03 09:29:22 --> Session: Class initialized using 'CodeIgniter\Session\Handlers\FileHandler' driver.
DEBUG - 2026-08-03 09:30:47 --> Session: Class initialized using 'CodeIgniter\Session\Handlers\FileHandler' driver.
DEBUG - 2026-08-03 09:30:50 --> Session: Class initialized using 'CodeIgniter\Session\Handlers\FileHandler' driver.
DEBUG - 2026-08-03 09:31:01 --> Session: Class initialized using 'CodeIgniter\Session\Handlers\FileHandler' driver.
DEBUG - 2026-08-03 09:31:05 --> Session: Class initialized using 'CodeIgniter\Session\Handlers\FileHandler' driver.
DEBUG - 2026-08-03 09:31:06 --> Session: Class initialized using 'CodeIgniter\Session\Handlers\FileHandler' driver.
DEBUG - 2026-08-03 09:31:22 --> Session: Class initialized using 'CodeIgniter\Session\Handlers\FileHandler' driver.
DEBUG - 2026-08-03 09:31:25 --> Session: Class initialized using 'CodeIgniter\Session\Handlers\FileHandler' driver.
DEBUG - 2026-08-03 09:31:26 --> Session: Class initialized using 'CodeIgniter\Session\Handlers\FileHandler' driver.
DEBUG - 2026-08-03 09:31:40 --> Session: Class initialized using 'CodeIgniter\Session\Handlers\FileHandler' driver.
DEBUG - 2026-08-03 09:33:26 --> Session: Class initialized using 'CodeIgniter\Session\Handlers\FileHandler' driver.
DEBUG - 2026-08-03 09:33:30 --> Session: Class initialized using 'CodeIgniter\Session\Handlers\FileHandler' driver.
DEBUG - 2026-08-03 09:33:35 --> Session: Class initialized using 'CodeIgniter\Session\Handlers\FileHandler' driver.
DEBUG - 2026-08-03 09:33:37 --> Session: Class initialized using 'CodeIgniter\Session\Handlers\FileHandler' driver.
DEBUG - 2026-08-03 09:33:39 --> Session: Class initialized using 'CodeIgniter\Session\Handlers\FileHandler' driver.
DEBUG - 2026-08-03 09:33:40 --> Session: Class initialized using 'CodeIgniter\Session\Handlers\FileHandler' driver.
DEBUG - 2026-08-03 09:33:43 --> Session: Class initialized using 'CodeIgniter\Session\Handlers\FileHandler' driver.
DEBUG - 2026-08-03 09:33:43 --> Session: Class initialized using 'CodeIgniter\Session\Handlers\FileHandler' driver.
DEBUG - 2026-08-03 09:34:31 --> Session: Class initialized using 'CodeIgniter\Session\Handlers\FileHandler' driver.
DEBUG - 2026-08-03 09:34:34 --> Session: Class initialized using 'CodeIgniter\Session\Handlers\FileHandler' driver.
DEBUG - 2026-08-03 09:34:39 --> Session: Class initialized using 'CodeIgniter\Session\Handlers\FileHandler' driver.
DEBUG - 2026-08-03 09:34:40 --> Session: Class initialized using 'CodeIgniter\Session\Handlers\FileHandler' driver.
DEBUG - 2026-08-03 09:36:01 --> Session: Class initialized using 'CodeIgniter\Session\Handlers\FileHandler' driver.
DEBUG - 2026-08-03 09:36:03 --> Session: Class initialized using 'CodeIgniter\Session\Handlers\FileHandler' driver.
DEBUG - 2026-08-03 09:36:27 --> Session: Class initialized using 'CodeIgniter\Session\Handlers\FileHandler' driver.
DEBUG - 2026-08-03 09:36:29 --> Session: Class initialized using 'CodeIgniter\Session\Handlers\FileHandler' driver.
DEBUG - 2026-08-03 09:36:29 --> Session: Class initialized using 'CodeIgniter\Session\Handlers\FileHandler' driver.
DEBUG - 2026-08-03 09:37:00 --> Session: Class initialized using 'CodeIgniter\Session\Handlers\FileHandler' driver.
DEBUG - 2026-08-03 09:37:02 --> Session: Class initialized using 'CodeIgniter\Session\Handlers\FileHandler' driver.
DEBUG - 2026-08-03 09:37:28 --> Session: Class initialized using 'CodeIgniter\Session\Handlers\FileHandler' driver.
ERROR - 2026-08-03 09:37:28 --> mysqli_sql_exception: Unknown column 's.total_amount' in 'field list' in C:\laragon\www\pharmacy-project\system\Database\MySQLi\Connection.php:327
Stack trace:
#0 C:\laragon\www\pharmacy-project\system\Database\MySQLi\Connection.php(327): mysqli->query('SELECT s.sales_...', 0)
#1 C:\laragon\www\pharmacy-project\system\Database\BaseConnection.php(729): CodeIgniter\Database\MySQLi\Connection->execute('SELECT s.sales_...')
#2 C:\laragon\www\pharmacy-project\system\Database\BaseConnection.php(646): CodeIgniter\Database\BaseConnection->simpleQuery('SELECT s.sales_...')
#3 C:\laragon\www\pharmacy-project\system\Database\BaseBuilder.php(1649): CodeIgniter\Database\BaseConnection->query('SELECT s.sales_...', Array, false)
#4 C:\laragon\www\pharmacy-project\app\Models\ProductSaleModel.php(62): CodeIgniter\Database\BaseBuilder->get()
#5 C:\laragon\www\pharmacy-project\app\Controllers\SaleListController.php(18): App\Models\ProductSaleModel->getSaleList()
#6 C:\laragon\www\pharmacy-project\system\CodeIgniter.php(933): App\Controllers\SaleListController->index()
#7 C:\laragon\www\pharmacy-project\system\CodeIgniter.php(507): CodeIgniter\CodeIgniter->runController(Object(App\Controllers\SaleListController))
#8 C:\laragon\www\pharmacy-project\system\CodeIgniter.php(354): CodeIgniter\CodeIgniter->handleRequest(NULL, Object(Config\Cache), false)
#9 C:\laragon\www\pharmacy-project\system\Boot.php(363): CodeIgniter\CodeIgniter->run()
#10 C:\laragon\www\pharmacy-project\system\Boot.php(68): CodeIgniter\Boot::runCodeIgniter(Object(CodeIgniter\CodeIgniter))
#11 C:\laragon\www\pharmacy-project\index.php(59): CodeIgniter\Boot::bootWeb(Object(Config\Paths))
#12 {main}
CRITICAL - 2026-08-03 09:37:28 --> CodeIgniter\Database\Exceptions\DatabaseException: Unknown column 's.total_amount' in 'field list'
[Method: GET, Route: salelist]
in SYSTEMPATH\Database\BaseConnection.php on line 684.
 1 SYSTEMPATH\Database\BaseBuilder.php(1649): CodeIgniter\Database\BaseConnection->query('SELECT s.sales_id,
                                        s.sales_invoice,
                                        s.sales_date,
                                        s.total_amount,
                                        s.product_discount,
                                        s.product_vat,
                                        s.other_charge_on_all,
                                        s.paid_amount,
                                        s.due_amount,

                                        c.customer_name,

                                        u.user_name AS seller_name,

                                        CASE
                                            WHEN s.due_amount <= 0 THEN \'Fully Paid\'
                                            WHEN s.paid_amount <= 0 THEN \'Unpaid\'
                                            ELSE \'Partially Paid\'
                                        END AS payment_status
FROM `sales` `s`
LEFT JOIN `customer` `c` ON `c`.`customer_id` = `s`.`customer_id`
LEFT JOIN `user` `u` ON `u`.`user_id` = `s`.`seller_id`
ORDER BY `s`.`sales_date` DESC, `s`.`sales_id` DESC', [], false)
 2 APPPATH\Models\ProductSaleModel.php(62): CodeIgniter\Database\BaseBuilder->get()
 3 APPPATH\Controllers\SaleListController.php(18): App\Models\ProductSaleModel->getSaleList()
 4 SYSTEMPATH\CodeIgniter.php(933): App\Controllers\SaleListController->index()
 5 SYSTEMPATH\CodeIgniter.php(507): CodeIgniter\CodeIgniter->runController(Object(App\Controllers\SaleListController))
 6 SYSTEMPATH\CodeIgniter.php(354): CodeIgniter\CodeIgniter->handleRequest(null, Object(Config\Cache), false)
 7 SYSTEMPATH\Boot.php(363): CodeIgniter\CodeIgniter->run()
 8 SYSTEMPATH\Boot.php(68): CodeIgniter\Boot::runCodeIgniter(Object(CodeIgniter\CodeIgniter))
 9 FCPATH\index.php(59): CodeIgniter\Boot::bootWeb(Object(Config\Paths))
CRITICAL - 2026-08-03 09:37:28 --> [Caused by] CodeIgniter\Database\Exceptions\DatabaseException: Unknown column 's.total_amount' in 'field list'
in SYSTEMPATH\Database\MySQLi\Connection.php on line 332.
 1 SYSTEMPATH\Database\BaseConnection.php(729): CodeIgniter\Database\MySQLi\Connection->execute('SELECT s.sales_id,
                                        s.sales_invoice,
                                        s.sales_date,
                                        s.total_amount,
                                        s.product_discount,
                                        s.product_vat,
                                        s.other_charge_on_all,
                                        s.paid_amount,
                                        s.due_amount,

                                        c.customer_name,

                                        u.user_name AS seller_name,

                                        CASE
                                            WHEN s.due_amount <= 0 THEN \'Fully Paid\'
                                            WHEN s.paid_amount <= 0 THEN \'Unpaid\'
                                            ELSE \'Partially Paid\'
                                        END AS payment_status
FROM `sales` `s`
LEFT JOIN `customer` `c` ON `c`.`customer_id` = `s`.`customer_id`
LEFT JOIN `user` `u` ON `u`.`user_id` = `s`.`seller_id`
ORDER BY `s`.`sales_date` DESC, `s`.`sales_id` DESC')
 2 SYSTEMPATH\Database\BaseConnection.php(646): CodeIgniter\Database\BaseConnection->simpleQuery('SELECT s.sales_id,
                                        s.sales_invoice,
                                        s.sales_date,
                                        s.total_amount,
                                        s.product_discount,
                                        s.product_vat,
                                        s.other_charge_on_all,
                                        s.paid_amount,
                                        s.due_amount,

                                        c.customer_name,

                                        u.user_name AS seller_name,

                                        CASE
                                            WHEN s.due_amount <= 0 THEN \'Fully Paid\'
                                            WHEN s.paid_amount <= 0 THEN \'Unpaid\'
                                            ELSE \'Partially Paid\'
                                        END AS payment_status
FROM `sales` `s`
LEFT JOIN `customer` `c` ON `c`.`customer_id` = `s`.`customer_id`
LEFT JOIN `user` `u` ON `u`.`user_id` = `s`.`seller_id`
ORDER BY `s`.`sales_date` DESC, `s`.`sales_id` DESC')
 3 SYSTEMPATH\Database\BaseBuilder.php(1649): CodeIgniter\Database\BaseConnection->query('SELECT s.sales_id,
                                        s.sales_invoice,
                                        s.sales_date,
                                        s.total_amount,
                                        s.product_discount,
                                        s.product_vat,
                                        s.other_charge_on_all,
                                        s.paid_amount,
                                        s.due_amount,

                                        c.customer_name,

                                        u.user_name AS seller_name,

                                        CASE
                                            WHEN s.due_amount <= 0 THEN \'Fully Paid\'
                                            WHEN s.paid_amount <= 0 THEN \'Unpaid\'
                                            ELSE \'Partially Paid\'
                                        END AS payment_status
FROM `sales` `s`
LEFT JOIN `customer` `c` ON `c`.`customer_id` = `s`.`customer_id`
LEFT JOIN `user` `u` ON `u`.`user_id` = `s`.`seller_id`
ORDER BY `s`.`sales_date` DESC, `s`.`sales_id` DESC', [], false)
 4 APPPATH\Models\ProductSaleModel.php(62): CodeIgniter\Database\BaseBuilder->get()
 5 APPPATH\Controllers\SaleListController.php(18): App\Models\ProductSaleModel->getSaleList()
 6 SYSTEMPATH\CodeIgniter.php(933): App\Controllers\SaleListController->index()
 7 SYSTEMPATH\CodeIgniter.php(507): CodeIgniter\CodeIgniter->runController(Object(App\Controllers\SaleListController))
 8 SYSTEMPATH\CodeIgniter.php(354): CodeIgniter\CodeIgniter->handleRequest(null, Object(Config\Cache), false)
 9 SYSTEMPATH\Boot.php(363): CodeIgniter\CodeIgniter->run()
10 SYSTEMPATH\Boot.php(68): CodeIgniter\Boot::runCodeIgniter(Object(CodeIgniter\CodeIgniter))
11 FCPATH\index.php(59): CodeIgniter\Boot::bootWeb(Object(Config\Paths))
CRITICAL - 2026-08-03 09:37:28 --> [Caused by] mysqli_sql_exception: Unknown column 's.total_amount' in 'field list'
in SYSTEMPATH\Database\MySQLi\Connection.php on line 327.
 1 SYSTEMPATH\Database\MySQLi\Connection.php(327): mysqli->query('SELECT s.sales_id,
                                        s.sales_invoice,
                                        s.sales_date,
                                        s.total_amount,
                                        s.product_discount,
                                        s.product_vat,
                                        s.other_charge_on_all,
                                        s.paid_amount,
                                        s.due_amount,

                                        c.customer_name,

                                        u.user_name AS seller_name,

                                        CASE
                                            WHEN s.due_amount <= 0 THEN \'Fully Paid\'
                                            WHEN s.paid_amount <= 0 THEN \'Unpaid\'
                                            ELSE \'Partially Paid\'
                                        END AS payment_status
FROM `sales` `s`
LEFT JOIN `customer` `c` ON `c`.`customer_id` = `s`.`customer_id`
LEFT JOIN `user` `u` ON `u`.`user_id` = `s`.`seller_id`
ORDER BY `s`.`sales_date` DESC, `s`.`sales_id` DESC', 0)
 2 SYSTEMPATH\Database\BaseConnection.php(729): CodeIgniter\Database\MySQLi\Connection->execute('SELECT s.sales_id,
                                        s.sales_invoice,
                                        s.sales_date,
                                        s.total_amount,
                                        s.product_discount,
                                        s.product_vat,
                                        s.other_charge_on_all,
                                        s.paid_amount,
                                        s.due_amount,

                                        c.customer_name,

                                        u.user_name AS seller_name,

                                        CASE
                                            WHEN s.due_amount <= 0 THEN \'Fully Paid\'
                                            WHEN s.paid_amount <= 0 THEN \'Unpaid\'
                                            ELSE \'Partially Paid\'
                                        END AS payment_status
FROM `sales` `s`
LEFT JOIN `customer` `c` ON `c`.`customer_id` = `s`.`customer_id`
LEFT JOIN `user` `u` ON `u`.`user_id` = `s`.`seller_id`
ORDER BY `s`.`sales_date` DESC, `s`.`sales_id` DESC')
 3 SYSTEMPATH\Database\BaseConnection.php(646): CodeIgniter\Database\BaseConnection->simpleQuery('SELECT s.sales_id,
                                        s.sales_invoice,
                                        s.sales_date,
                                        s.total_amount,
                                        s.product_discount,
                                        s.product_vat,
                                        s.other_charge_on_all,
                                        s.paid_amount,
                                        s.due_amount,

                                        c.customer_name,

                                        u.user_name AS seller_name,

                                        CASE
                                            WHEN s.due_amount <= 0 THEN \'Fully Paid\'
                                            WHEN s.paid_amount <= 0 THEN \'Unpaid\'
                                            ELSE \'Partially Paid\'
                                        END AS payment_status
FROM `sales` `s`
LEFT JOIN `customer` `c` ON `c`.`customer_id` = `s`.`customer_id`
LEFT JOIN `user` `u` ON `u`.`user_id` = `s`.`seller_id`
ORDER BY `s`.`sales_date` DESC, `s`.`sales_id` DESC')
 4 SYSTEMPATH\Database\BaseBuilder.php(1649): CodeIgniter\Database\BaseConnection->query('SELECT s.sales_id,
                                        s.sales_invoice,
                                        s.sales_date,
                                        s.total_amount,
                                        s.product_discount,
                                        s.product_vat,
                                        s.other_charge_on_all,
                                        s.paid_amount,
                                        s.due_amount,

                                        c.customer_name,

                                        u.user_name AS seller_name,

                                        CASE
                                            WHEN s.due_amount <= 0 THEN \'Fully Paid\'
                                            WHEN s.paid_amount <= 0 THEN \'Unpaid\'
                                            ELSE \'Partially Paid\'
                                        END AS payment_status
FROM `sales` `s`
LEFT JOIN `customer` `c` ON `c`.`customer_id` = `s`.`customer_id`
LEFT JOIN `user` `u` ON `u`.`user_id` = `s`.`seller_id`
ORDER BY `s`.`sales_date` DESC, `s`.`sales_id` DESC', [], false)
 5 APPPATH\Models\ProductSaleModel.php(62): CodeIgniter\Database\BaseBuilder->get()
 6 APPPATH\Controllers\SaleListController.php(18): App\Models\ProductSaleModel->getSaleList()
 7 SYSTEMPATH\CodeIgniter.php(933): App\Controllers\SaleListController->index()
 8 SYSTEMPATH\CodeIgniter.php(507): CodeIgniter\CodeIgniter->runController(Object(App\Controllers\SaleListController))
 9 SYSTEMPATH\CodeIgniter.php(354): CodeIgniter\CodeIgniter->handleRequest(null, Object(Config\Cache), false)
10 SYSTEMPATH\Boot.php(363): CodeIgniter\CodeIgniter->run()
11 SYSTEMPATH\Boot.php(68): CodeIgniter\Boot::runCodeIgniter(Object(CodeIgniter\CodeIgniter))
12 FCPATH\index.php(59): CodeIgniter\Boot::bootWeb(Object(Config\Paths))
DEBUG - 2026-08-03 09:42:41 --> Session: Class initialized using 'CodeIgniter\Session\Handlers\FileHandler' driver.
ERROR - 2026-08-03 09:42:41 --> mysqli_sql_exception: Unknown column 'cdp.paid_amount' in 'field list' in C:\laragon\www\pharmacy-project\system\Database\MySQLi\Connection.php:327
Stack trace:
#0 C:\laragon\www\pharmacy-project\system\Database\MySQLi\Connection.php(327): mysqli->query('SELECT s.sales_...', 0)
#1 C:\laragon\www\pharmacy-project\system\Database\BaseConnection.php(729): CodeIgniter\Database\MySQLi\Connection->execute('SELECT s.sales_...')
#2 C:\laragon\www\pharmacy-project\system\Database\BaseConnection.php(646): CodeIgniter\Database\BaseConnection->simpleQuery('SELECT s.sales_...')
#3 C:\laragon\www\pharmacy-project\system\Database\BaseBuilder.php(1649): CodeIgniter\Database\BaseConnection->query('SELECT s.sales_...', Array, false)
#4 C:\laragon\www\pharmacy-project\app\Models\ProductSaleModel.php(88): CodeIgniter\Database\BaseBuilder->get()
#5 C:\laragon\www\pharmacy-project\app\Controllers\SaleListController.php(18): App\Models\ProductSaleModel->getSaleList()
#6 C:\laragon\www\pharmacy-project\system\CodeIgniter.php(933): App\Controllers\SaleListController->index()
#7 C:\laragon\www\pharmacy-project\system\CodeIgniter.php(507): CodeIgniter\CodeIgniter->runController(Object(App\Controllers\SaleListController))
#8 C:\laragon\www\pharmacy-project\system\CodeIgniter.php(354): CodeIgniter\CodeIgniter->handleRequest(NULL, Object(Config\Cache), false)
#9 C:\laragon\www\pharmacy-project\system\Boot.php(363): CodeIgniter\CodeIgniter->run()
#10 C:\laragon\www\pharmacy-project\system\Boot.php(68): CodeIgniter\Boot::runCodeIgniter(Object(CodeIgniter\CodeIgniter))
#11 C:\laragon\www\pharmacy-project\index.php(59): CodeIgniter\Boot::bootWeb(Object(Config\Paths))
#12 {main}
CRITICAL - 2026-08-03 09:42:41 --> CodeIgniter\Database\Exceptions\DatabaseException: Unknown column 'cdp.paid_amount' in 'field list'
[Method: GET, Route: salelist]
in SYSTEMPATH\Database\BaseConnection.php on line 684.
 1 SYSTEMPATH\Database\BaseBuilder.php(1649): CodeIgniter\Database\BaseConnection->query('SELECT s.sales_id,
                                        s.sales_invoice,
                                        s.sales_date,
                            
                                        s.grand_total,
                                        s.product_discount,
                                        s.product_vat,
                                        s.other_charge_on_all,
                            
                                        s.paid_amount,
                            
                                        IFNULL(c.customer_name, \'Walk-In Customer\') AS customer_name,
                                        u.user_name AS seller_name,
                            
                                        COALESCE(cd.due_amount,0) AS due_amount,
                            
                                        COALESCE(SUM(cdp.paid_amount),0) AS due_paid,
                            
                                        (
                                            COALESCE(cd.due_amount,0)
                                            -
                                            COALESCE(SUM(cdp.paid_amount),0)
                                        ) AS due_balance
FROM `sales` `s`
LEFT JOIN `customer` `c` ON `c`.`customer_id` = `s`.`customer_id`
LEFT JOIN `user` `u` ON `u`.`user_id` = `s`.`seller_id`
LEFT JOIN `customer_due` `cd` ON `cd`.`sales_id` = `s`.`sales_id`
LEFT JOIN `customer_due_payment` `cdp` ON `cdp`.`due_id` = `cd`.`due_id`
GROUP BY `s`.`sales_id`, `s`.`sales_invoice`, `s`.`sales_date`, `s`.`grand_total`, `s`.`product_discount`, `s`.`product_vat`, `s`.`other_charge_on_all`, `s`.`paid_amount`, `c`.`customer_name`, `u`.`user_name`, `cd`.`due_amount`
ORDER BY `s`.`sales_date` DESC, `s`.`sales_id` DESC', [], false)
 2 APPPATH\Models\ProductSaleModel.php(88): CodeIgniter\Database\BaseBuilder->get()
 3 APPPATH\Controllers\SaleListController.php(18): App\Models\ProductSaleModel->getSaleList()
 4 SYSTEMPATH\CodeIgniter.php(933): App\Controllers\SaleListController->index()
 5 SYSTEMPATH\CodeIgniter.php(507): CodeIgniter\CodeIgniter->runController(Object(App\Controllers\SaleListController))
 6 SYSTEMPATH\CodeIgniter.php(354): CodeIgniter\CodeIgniter->handleRequest(null, Object(Config\Cache), false)
 7 SYSTEMPATH\Boot.php(363): CodeIgniter\CodeIgniter->run()
 8 SYSTEMPATH\Boot.php(68): CodeIgniter\Boot::runCodeIgniter(Object(CodeIgniter\CodeIgniter))
 9 FCPATH\index.php(59): CodeIgniter\Boot::bootWeb(Object(Config\Paths))
CRITICAL - 2026-08-03 09:42:41 --> [Caused by] CodeIgniter\Database\Exceptions\DatabaseException: Unknown column 'cdp.paid_amount' in 'field list'
in SYSTEMPATH\Database\MySQLi\Connection.php on line 332.
 1 SYSTEMPATH\Database\BaseConnection.php(729): CodeIgniter\Database\MySQLi\Connection->execute('SELECT s.sales_id,
                                        s.sales_invoice,
                                        s.sales_date,
                            
                                        s.grand_total,
                                        s.product_discount,
                                        s.product_vat,
                                        s.other_charge_on_all,
                            
                                        s.paid_amount,
                            
                                        IFNULL(c.customer_name, \'Walk-In Customer\') AS customer_name,
                                        u.user_name AS seller_name,
                            
                                        COALESCE(cd.due_amount,0) AS due_amount,
                            
                                        COALESCE(SUM(cdp.paid_amount),0) AS due_paid,
                            
                                        (
                                            COALESCE(cd.due_amount,0)
                                            -
                                            COALESCE(SUM(cdp.paid_amount),0)
                                        ) AS due_balance
FROM `sales` `s`
LEFT JOIN `customer` `c` ON `c`.`customer_id` = `s`.`customer_id`
LEFT JOIN `user` `u` ON `u`.`user_id` = `s`.`seller_id`
LEFT JOIN `customer_due` `cd` ON `cd`.`sales_id` = `s`.`sales_id`
LEFT JOIN `customer_due_payment` `cdp` ON `cdp`.`due_id` = `cd`.`due_id`
GROUP BY `s`.`sales_id`, `s`.`sales_invoice`, `s`.`sales_date`, `s`.`grand_total`, `s`.`product_discount`, `s`.`product_vat`, `s`.`other_charge_on_all`, `s`.`paid_amount`, `c`.`customer_name`, `u`.`user_name`, `cd`.`due_amount`
ORDER BY `s`.`sales_date` DESC, `s`.`sales_id` DESC')
 2 SYSTEMPATH\Database\BaseConnection.php(646): CodeIgniter\Database\BaseConnection->simpleQuery('SELECT s.sales_id,
                                        s.sales_invoice,
                                        s.sales_date,
                            
                                        s.grand_total,
                                        s.product_discount,
                                        s.product_vat,
                                        s.other_charge_on_all,
                            
                                        s.paid_amount,
                            
                                        IFNULL(c.customer_name, \'Walk-In Customer\') AS customer_name,
                                        u.user_name AS seller_name,
                            
                                        COALESCE(cd.due_amount,0) AS due_amount,
                            
                                        COALESCE(SUM(cdp.paid_amount),0) AS due_paid,
                            
                                        (
                                            COALESCE(cd.due_amount,0)
                                            -
                                            COALESCE(SUM(cdp.paid_amount),0)
                                        ) AS due_balance
FROM `sales` `s`
LEFT JOIN `customer` `c` ON `c`.`customer_id` = `s`.`customer_id`
LEFT JOIN `user` `u` ON `u`.`user_id` = `s`.`seller_id`
LEFT JOIN `customer_due` `cd` ON `cd`.`sales_id` = `s`.`sales_id`
LEFT JOIN `customer_due_payment` `cdp` ON `cdp`.`due_id` = `cd`.`due_id`
GROUP BY `s`.`sales_id`, `s`.`sales_invoice`, `s`.`sales_date`, `s`.`grand_total`, `s`.`product_discount`, `s`.`product_vat`, `s`.`other_charge_on_all`, `s`.`paid_amount`, `c`.`customer_name`, `u`.`user_name`, `cd`.`due_amount`
ORDER BY `s`.`sales_date` DESC, `s`.`sales_id` DESC')
 3 SYSTEMPATH\Database\BaseBuilder.php(1649): CodeIgniter\Database\BaseConnection->query('SELECT s.sales_id,
                                        s.sales_invoice,
                                        s.sales_date,
                            
                                        s.grand_total,
                                        s.product_discount,
                                        s.product_vat,
                                        s.other_charge_on_all,
                            
                                        s.paid_amount,
                            
                                        IFNULL(c.customer_name, \'Walk-In Customer\') AS customer_name,
                                        u.user_name AS seller_name,
                            
                                        COALESCE(cd.due_amount,0) AS due_amount,
                            
                                        COALESCE(SUM(cdp.paid_amount),0) AS due_paid,
                            
                                        (
                                            COALESCE(cd.due_amount,0)
                                            -
                                            COALESCE(SUM(cdp.paid_amount),0)
                                        ) AS due_balance
FROM `sales` `s`
LEFT JOIN `customer` `c` ON `c`.`customer_id` = `s`.`customer_id`
LEFT JOIN `user` `u` ON `u`.`user_id` = `s`.`seller_id`
LEFT JOIN `customer_due` `cd` ON `cd`.`sales_id` = `s`.`sales_id`
LEFT JOIN `customer_due_payment` `cdp` ON `cdp`.`due_id` = `cd`.`due_id`
GROUP BY `s`.`sales_id`, `s`.`sales_invoice`, `s`.`sales_date`, `s`.`grand_total`, `s`.`product_discount`, `s`.`product_vat`, `s`.`other_charge_on_all`, `s`.`paid_amount`, `c`.`customer_name`, `u`.`user_name`, `cd`.`due_amount`
ORDER BY `s`.`sales_date` DESC, `s`.`sales_id` DESC', [], false)
 4 APPPATH\Models\ProductSaleModel.php(88): CodeIgniter\Database\BaseBuilder->get()
 5 APPPATH\Controllers\SaleListController.php(18): App\Models\ProductSaleModel->getSaleList()
 6 SYSTEMPATH\CodeIgniter.php(933): App\Controllers\SaleListController->index()
 7 SYSTEMPATH\CodeIgniter.php(507): CodeIgniter\CodeIgniter->runController(Object(App\Controllers\SaleListController))
 8 SYSTEMPATH\CodeIgniter.php(354): CodeIgniter\CodeIgniter->handleRequest(null, Object(Config\Cache), false)
 9 SYSTEMPATH\Boot.php(363): CodeIgniter\CodeIgniter->run()
10 SYSTEMPATH\Boot.php(68): CodeIgniter\Boot::runCodeIgniter(Object(CodeIgniter\CodeIgniter))
11 FCPATH\index.php(59): CodeIgniter\Boot::bootWeb(Object(Config\Paths))
CRITICAL - 2026-08-03 09:42:41 --> [Caused by] mysqli_sql_exception: Unknown column 'cdp.paid_amount' in 'field list'
in SYSTEMPATH\Database\MySQLi\Connection.php on line 327.
 1 SYSTEMPATH\Database\MySQLi\Connection.php(327): mysqli->query('SELECT s.sales_id,
                                        s.sales_invoice,
                                        s.sales_date,
                            
                                        s.grand_total,
                                        s.product_discount,
                                        s.product_vat,
                                        s.other_charge_on_all,
                            
                                        s.paid_amount,
                            
                                        IFNULL(c.customer_name, \'Walk-In Customer\') AS customer_name,
                                        u.user_name AS seller_name,
                            
                                        COALESCE(cd.due_amount,0) AS due_amount,
                            
                                        COALESCE(SUM(cdp.paid_amount),0) AS due_paid,
                            
                                        (
                                            COALESCE(cd.due_amount,0)
                                            -
                                            COALESCE(SUM(cdp.paid_amount),0)
                                        ) AS due_balance
FROM `sales` `s`
LEFT JOIN `customer` `c` ON `c`.`customer_id` = `s`.`customer_id`
LEFT JOIN `user` `u` ON `u`.`user_id` = `s`.`seller_id`
LEFT JOIN `customer_due` `cd` ON `cd`.`sales_id` = `s`.`sales_id`
LEFT JOIN `customer_due_payment` `cdp` ON `cdp`.`due_id` = `cd`.`due_id`
GROUP BY `s`.`sales_id`, `s`.`sales_invoice`, `s`.`sales_date`, `s`.`grand_total`, `s`.`product_discount`, `s`.`product_vat`, `s`.`other_charge_on_all`, `s`.`paid_amount`, `c`.`customer_name`, `u`.`user_name`, `cd`.`due_amount`
ORDER BY `s`.`sales_date` DESC, `s`.`sales_id` DESC', 0)
 2 SYSTEMPATH\Database\BaseConnection.php(729): CodeIgniter\Database\MySQLi\Connection->execute('SELECT s.sales_id,
                                        s.sales_invoice,
                                        s.sales_date,
                            
                                        s.grand_total,
                                        s.product_discount,
                                        s.product_vat,
                                        s.other_charge_on_all,
                            
                                        s.paid_amount,
                            
                                        IFNULL(c.customer_name, \'Walk-In Customer\') AS customer_name,
                                        u.user_name AS seller_name,
                            
                                        COALESCE(cd.due_amount,0) AS due_amount,
                            
                                        COALESCE(SUM(cdp.paid_amount),0) AS due_paid,
                            
                                        (
                                            COALESCE(cd.due_amount,0)
                                            -
                                            COALESCE(SUM(cdp.paid_amount),0)
                                        ) AS due_balance
FROM `sales` `s`
LEFT JOIN `customer` `c` ON `c`.`customer_id` = `s`.`customer_id`
LEFT JOIN `user` `u` ON `u`.`user_id` = `s`.`seller_id`
LEFT JOIN `customer_due` `cd` ON `cd`.`sales_id` = `s`.`sales_id`
LEFT JOIN `customer_due_payment` `cdp` ON `cdp`.`due_id` = `cd`.`due_id`
GROUP BY `s`.`sales_id`, `s`.`sales_invoice`, `s`.`sales_date`, `s`.`grand_total`, `s`.`product_discount`, `s`.`product_vat`, `s`.`other_charge_on_all`, `s`.`paid_amount`, `c`.`customer_name`, `u`.`user_name`, `cd`.`due_amount`
ORDER BY `s`.`sales_date` DESC, `s`.`sales_id` DESC')
 3 SYSTEMPATH\Database\BaseConnection.php(646): CodeIgniter\Database\BaseConnection->simpleQuery('SELECT s.sales_id,
                                        s.sales_invoice,
                                        s.sales_date,
                            
                                        s.grand_total,
                                        s.product_discount,
                                        s.product_vat,
                                        s.other_charge_on_all,
                            
                                        s.paid_amount,
                            
                                        IFNULL(c.customer_name, \'Walk-In Customer\') AS customer_name,
                                        u.user_name AS seller_name,
                            
                                        COALESCE(cd.due_amount,0) AS due_amount,
                            
                                        COALESCE(SUM(cdp.paid_amount),0) AS due_paid,
                            
                                        (
                                            COALESCE(cd.due_amount,0)
                                            -
                                            COALESCE(SUM(cdp.paid_amount),0)
                                        ) AS due_balance
FROM `sales` `s`
LEFT JOIN `customer` `c` ON `c`.`customer_id` = `s`.`customer_id`
LEFT JOIN `user` `u` ON `u`.`user_id` = `s`.`seller_id`
LEFT JOIN `customer_due` `cd` ON `cd`.`sales_id` = `s`.`sales_id`
LEFT JOIN `customer_due_payment` `cdp` ON `cdp`.`due_id` = `cd`.`due_id`
GROUP BY `s`.`sales_id`, `s`.`sales_invoice`, `s`.`sales_date`, `s`.`grand_total`, `s`.`product_discount`, `s`.`product_vat`, `s`.`other_charge_on_all`, `s`.`paid_amount`, `c`.`customer_name`, `u`.`user_name`, `cd`.`due_amount`
ORDER BY `s`.`sales_date` DESC, `s`.`sales_id` DESC')
 4 SYSTEMPATH\Database\BaseBuilder.php(1649): CodeIgniter\Database\BaseConnection->query('SELECT s.sales_id,
                                        s.sales_invoice,
                                        s.sales_date,
                            
                                        s.grand_total,
                                        s.product_discount,
                                        s.product_vat,
                                        s.other_charge_on_all,
                            
                                        s.paid_amount,
                            
                                        IFNULL(c.customer_name, \'Walk-In Customer\') AS customer_name,
                                        u.user_name AS seller_name,
                            
                                        COALESCE(cd.due_amount,0) AS due_amount,
                            
                                        COALESCE(SUM(cdp.paid_amount),0) AS due_paid,
                            
                                        (
                                            COALESCE(cd.due_amount,0)
                                            -
                                            COALESCE(SUM(cdp.paid_amount),0)
                                        ) AS due_balance
FROM `sales` `s`
LEFT JOIN `customer` `c` ON `c`.`customer_id` = `s`.`customer_id`
LEFT JOIN `user` `u` ON `u`.`user_id` = `s`.`seller_id`
LEFT JOIN `customer_due` `cd` ON `cd`.`sales_id` = `s`.`sales_id`
LEFT JOIN `customer_due_payment` `cdp` ON `cdp`.`due_id` = `cd`.`due_id`
GROUP BY `s`.`sales_id`, `s`.`sales_invoice`, `s`.`sales_date`, `s`.`grand_total`, `s`.`product_discount`, `s`.`product_vat`, `s`.`other_charge_on_all`, `s`.`paid_amount`, `c`.`customer_name`, `u`.`user_name`, `cd`.`due_amount`
ORDER BY `s`.`sales_date` DESC, `s`.`sales_id` DESC', [], false)
 5 APPPATH\Models\ProductSaleModel.php(88): CodeIgniter\Database\BaseBuilder->get()
 6 APPPATH\Controllers\SaleListController.php(18): App\Models\ProductSaleModel->getSaleList()
 7 SYSTEMPATH\CodeIgniter.php(933): App\Controllers\SaleListController->index()
 8 SYSTEMPATH\CodeIgniter.php(507): CodeIgniter\CodeIgniter->runController(Object(App\Controllers\SaleListController))
 9 SYSTEMPATH\CodeIgniter.php(354): CodeIgniter\CodeIgniter->handleRequest(null, Object(Config\Cache), false)
10 SYSTEMPATH\Boot.php(363): CodeIgniter\CodeIgniter->run()
11 SYSTEMPATH\Boot.php(68): CodeIgniter\Boot::runCodeIgniter(Object(CodeIgniter\CodeIgniter))
12 FCPATH\index.php(59): CodeIgniter\Boot::bootWeb(Object(Config\Paths))
DEBUG - 2026-08-03 09:42:43 --> Session: Class initialized using 'CodeIgniter\Session\Handlers\FileHandler' driver.
ERROR - 2026-08-03 09:42:43 --> mysqli_sql_exception: Unknown column 'cdp.paid_amount' in 'field list' in C:\laragon\www\pharmacy-project\system\Database\MySQLi\Connection.php:327
Stack trace:
#0 C:\laragon\www\pharmacy-project\system\Database\MySQLi\Connection.php(327): mysqli->query('SELECT s.sales_...', 0)
#1 C:\laragon\www\pharmacy-project\system\Database\BaseConnection.php(729): CodeIgniter\Database\MySQLi\Connection->execute('SELECT s.sales_...')
#2 C:\laragon\www\pharmacy-project\system\Database\BaseConnection.php(646): CodeIgniter\Database\BaseConnection->simpleQuery('SELECT s.sales_...')
#3 C:\laragon\www\pharmacy-project\system\Database\BaseBuilder.php(1649): CodeIgniter\Database\BaseConnection->query('SELECT s.sales_...', Array, false)
#4 C:\laragon\www\pharmacy-project\app\Models\ProductSaleModel.php(88): CodeIgniter\Database\BaseBuilder->get()
#5 C:\laragon\www\pharmacy-project\app\Controllers\SaleListController.php(18): App\Models\ProductSaleModel->getSaleList()
#6 C:\laragon\www\pharmacy-project\system\CodeIgniter.php(933): App\Controllers\SaleListController->index()
#7 C:\laragon\www\pharmacy-project\system\CodeIgniter.php(507): CodeIgniter\CodeIgniter->runController(Object(App\Controllers\SaleListController))
#8 C:\laragon\www\pharmacy-project\system\CodeIgniter.php(354): CodeIgniter\CodeIgniter->handleRequest(NULL, Object(Config\Cache), false)
#9 C:\laragon\www\pharmacy-project\system\Boot.php(363): CodeIgniter\CodeIgniter->run()
#10 C:\laragon\www\pharmacy-project\system\Boot.php(68): CodeIgniter\Boot::runCodeIgniter(Object(CodeIgniter\CodeIgniter))
#11 C:\laragon\www\pharmacy-project\index.php(59): CodeIgniter\Boot::bootWeb(Object(Config\Paths))
#12 {main}
CRITICAL - 2026-08-03 09:42:43 --> CodeIgniter\Database\Exceptions\DatabaseException: Unknown column 'cdp.paid_amount' in 'field list'
[Method: GET, Route: salelist]
in SYSTEMPATH\Database\BaseConnection.php on line 684.
 1 SYSTEMPATH\Database\BaseBuilder.php(1649): CodeIgniter\Database\BaseConnection->query('SELECT s.sales_id,
                                        s.sales_invoice,
                                        s.sales_date,
                            
                                        s.grand_total,
                                        s.product_discount,
                                        s.product_vat,
                                        s.other_charge_on_all,
                            
                                        s.paid_amount,
                            
                                        IFNULL(c.customer_name, \'Walk-In Customer\') AS customer_name,
                                        u.user_name AS seller_name,
                            
                                        COALESCE(cd.due_amount,0) AS due_amount,
                            
                                        COALESCE(SUM(cdp.paid_amount),0) AS due_paid,
                            
                                        (
                                            COALESCE(cd.due_amount,0)
                                            -
                                            COALESCE(SUM(cdp.paid_amount),0)
                                        ) AS due_balance
FROM `sales` `s`
LEFT JOIN `customer` `c` ON `c`.`customer_id` = `s`.`customer_id`
LEFT JOIN `user` `u` ON `u`.`user_id` = `s`.`seller_id`
LEFT JOIN `customer_due` `cd` ON `cd`.`sales_id` = `s`.`sales_id`
LEFT JOIN `customer_due_payment` `cdp` ON `cdp`.`due_id` = `cd`.`due_id`
GROUP BY `s`.`sales_id`, `s`.`sales_invoice`, `s`.`sales_date`, `s`.`grand_total`, `s`.`product_discount`, `s`.`product_vat`, `s`.`other_charge_on_all`, `s`.`paid_amount`, `c`.`customer_name`, `u`.`user_name`, `cd`.`due_amount`
ORDER BY `s`.`sales_date` DESC, `s`.`sales_id` DESC', [], false)
 2 APPPATH\Models\ProductSaleModel.php(88): CodeIgniter\Database\BaseBuilder->get()
 3 APPPATH\Controllers\SaleListController.php(18): App\Models\ProductSaleModel->getSaleList()
 4 SYSTEMPATH\CodeIgniter.php(933): App\Controllers\SaleListController->index()
 5 SYSTEMPATH\CodeIgniter.php(507): CodeIgniter\CodeIgniter->runController(Object(App\Controllers\SaleListController))
 6 SYSTEMPATH\CodeIgniter.php(354): CodeIgniter\CodeIgniter->handleRequest(null, Object(Config\Cache), false)
 7 SYSTEMPATH\Boot.php(363): CodeIgniter\CodeIgniter->run()
 8 SYSTEMPATH\Boot.php(68): CodeIgniter\Boot::runCodeIgniter(Object(CodeIgniter\CodeIgniter))
 9 FCPATH\index.php(59): CodeIgniter\Boot::bootWeb(Object(Config\Paths))
CRITICAL - 2026-08-03 09:42:43 --> [Caused by] CodeIgniter\Database\Exceptions\DatabaseException: Unknown column 'cdp.paid_amount' in 'field list'
in SYSTEMPATH\Database\MySQLi\Connection.php on line 332.
 1 SYSTEMPATH\Database\BaseConnection.php(729): CodeIgniter\Database\MySQLi\Connection->execute('SELECT s.sales_id,
                                        s.sales_invoice,
                                        s.sales_date,
                            
                                        s.grand_total,
                                        s.product_discount,
                                        s.product_vat,
                                        s.other_charge_on_all,
                            
                                        s.paid_amount,
                            
                                        IFNULL(c.customer_name, \'Walk-In Customer\') AS customer_name,
                                        u.user_name AS seller_name,
                            
                                        COALESCE(cd.due_amount,0) AS due_amount,
                            
                                        COALESCE(SUM(cdp.paid_amount),0) AS due_paid,
                            
                                        (
                                            COALESCE(cd.due_amount,0)
                                            -
                                            COALESCE(SUM(cdp.paid_amount),0)
                                        ) AS due_balance
FROM `sales` `s`
LEFT JOIN `customer` `c` ON `c`.`customer_id` = `s`.`customer_id`
LEFT JOIN `user` `u` ON `u`.`user_id` = `s`.`seller_id`
LEFT JOIN `customer_due` `cd` ON `cd`.`sales_id` = `s`.`sales_id`
LEFT JOIN `customer_due_payment` `cdp` ON `cdp`.`due_id` = `cd`.`due_id`
GROUP BY `s`.`sales_id`, `s`.`sales_invoice`, `s`.`sales_date`, `s`.`grand_total`, `s`.`product_discount`, `s`.`product_vat`, `s`.`other_charge_on_all`, `s`.`paid_amount`, `c`.`customer_name`, `u`.`user_name`, `cd`.`due_amount`
ORDER BY `s`.`sales_date` DESC, `s`.`sales_id` DESC')
 2 SYSTEMPATH\Database\BaseConnection.php(646): CodeIgniter\Database\BaseConnection->simpleQuery('SELECT s.sales_id,
                                        s.sales_invoice,
                                        s.sales_date,
                            
                                        s.grand_total,
                                        s.product_discount,
                                        s.product_vat,
                                        s.other_charge_on_all,
                            
                                        s.paid_amount,
                            
                                        IFNULL(c.customer_name, \'Walk-In Customer\') AS customer_name,
                                        u.user_name AS seller_name,
                            
                                        COALESCE(cd.due_amount,0) AS due_amount,
                            
                                        COALESCE(SUM(cdp.paid_amount),0) AS due_paid,
                            
                                        (
                                            COALESCE(cd.due_amount,0)
                                            -
                                            COALESCE(SUM(cdp.paid_amount),0)
                                        ) AS due_balance
FROM `sales` `s`
LEFT JOIN `customer` `c` ON `c`.`customer_id` = `s`.`customer_id`
LEFT JOIN `user` `u` ON `u`.`user_id` = `s`.`seller_id`
LEFT JOIN `customer_due` `cd` ON `cd`.`sales_id` = `s`.`sales_id`
LEFT JOIN `customer_due_payment` `cdp` ON `cdp`.`due_id` = `cd`.`due_id`
GROUP BY `s`.`sales_id`, `s`.`sales_invoice`, `s`.`sales_date`, `s`.`grand_total`, `s`.`product_discount`, `s`.`product_vat`, `s`.`other_charge_on_all`, `s`.`paid_amount`, `c`.`customer_name`, `u`.`user_name`, `cd`.`due_amount`
ORDER BY `s`.`sales_date` DESC, `s`.`sales_id` DESC')
 3 SYSTEMPATH\Database\BaseBuilder.php(1649): CodeIgniter\Database\BaseConnection->query('SELECT s.sales_id,
                                        s.sales_invoice,
                                        s.sales_date,
                            
                                        s.grand_total,
                                        s.product_discount,
                                        s.product_vat,
                                        s.other_charge_on_all,
                            
                                        s.paid_amount,
                            
                                        IFNULL(c.customer_name, \'Walk-In Customer\') AS customer_name,
                                        u.user_name AS seller_name,
                            
                                        COALESCE(cd.due_amount,0) AS due_amount,
                            
                                        COALESCE(SUM(cdp.paid_amount),0) AS due_paid,
                            
                                        (
                                            COALESCE(cd.due_amount,0)
                                            -
                                            COALESCE(SUM(cdp.paid_amount),0)
                                        ) AS due_balance
FROM `sales` `s`
LEFT JOIN `customer` `c` ON `c`.`customer_id` = `s`.`customer_id`
LEFT JOIN `user` `u` ON `u`.`user_id` = `s`.`seller_id`
LEFT JOIN `customer_due` `cd` ON `cd`.`sales_id` = `s`.`sales_id`
LEFT JOIN `customer_due_payment` `cdp` ON `cdp`.`due_id` = `cd`.`due_id`
GROUP BY `s`.`sales_id`, `s`.`sales_invoice`, `s`.`sales_date`, `s`.`grand_total`, `s`.`product_discount`, `s`.`product_vat`, `s`.`other_charge_on_all`, `s`.`paid_amount`, `c`.`customer_name`, `u`.`user_name`, `cd`.`due_amount`
ORDER BY `s`.`sales_date` DESC, `s`.`sales_id` DESC', [], false)
 4 APPPATH\Models\ProductSaleModel.php(88): CodeIgniter\Database\BaseBuilder->get()
 5 APPPATH\Controllers\SaleListController.php(18): App\Models\ProductSaleModel->getSaleList()
 6 SYSTEMPATH\CodeIgniter.php(933): App\Controllers\SaleListController->index()
 7 SYSTEMPATH\CodeIgniter.php(507): CodeIgniter\CodeIgniter->runController(Object(App\Controllers\SaleListController))
 8 SYSTEMPATH\CodeIgniter.php(354): CodeIgniter\CodeIgniter->handleRequest(null, Object(Config\Cache), false)
 9 SYSTEMPATH\Boot.php(363): CodeIgniter\CodeIgniter->run()
10 SYSTEMPATH\Boot.php(68): CodeIgniter\Boot::runCodeIgniter(Object(CodeIgniter\CodeIgniter))
11 FCPATH\index.php(59): CodeIgniter\Boot::bootWeb(Object(Config\Paths))
CRITICAL - 2026-08-03 09:42:43 --> [Caused by] mysqli_sql_exception: Unknown column 'cdp.paid_amount' in 'field list'
in SYSTEMPATH\Database\MySQLi\Connection.php on line 327.
 1 SYSTEMPATH\Database\MySQLi\Connection.php(327): mysqli->query('SELECT s.sales_id,
                                        s.sales_invoice,
                                        s.sales_date,
                            
                                        s.grand_total,
                                        s.product_discount,
                                        s.product_vat,
                                        s.other_charge_on_all,
                            
                                        s.paid_amount,
                            
                                        IFNULL(c.customer_name, \'Walk-In Customer\') AS customer_name,
                                        u.user_name AS seller_name,
                            
                                        COALESCE(cd.due_amount,0) AS due_amount,
                            
                                        COALESCE(SUM(cdp.paid_amount),0) AS due_paid,
                            
                                        (
                                            COALESCE(cd.due_amount,0)
                                            -
                                            COALESCE(SUM(cdp.paid_amount),0)
                                        ) AS due_balance
FROM `sales` `s`
LEFT JOIN `customer` `c` ON `c`.`customer_id` = `s`.`customer_id`
LEFT JOIN `user` `u` ON `u`.`user_id` = `s`.`seller_id`
LEFT JOIN `customer_due` `cd` ON `cd`.`sales_id` = `s`.`sales_id`
LEFT JOIN `customer_due_payment` `cdp` ON `cdp`.`due_id` = `cd`.`due_id`
GROUP BY `s`.`sales_id`, `s`.`sales_invoice`, `s`.`sales_date`, `s`.`grand_total`, `s`.`product_discount`, `s`.`product_vat`, `s`.`other_charge_on_all`, `s`.`paid_amount`, `c`.`customer_name`, `u`.`user_name`, `cd`.`due_amount`
ORDER BY `s`.`sales_date` DESC, `s`.`sales_id` DESC', 0)
 2 SYSTEMPATH\Database\BaseConnection.php(729): CodeIgniter\Database\MySQLi\Connection->execute('SELECT s.sales_id,
                                        s.sales_invoice,
                                        s.sales_date,
                            
                                        s.grand_total,
                                        s.product_discount,
                                        s.product_vat,
                                        s.other_charge_on_all,
                            
                                        s.paid_amount,
                            
                                        IFNULL(c.customer_name, \'Walk-In Customer\') AS customer_name,
                                        u.user_name AS seller_name,
                            
                                        COALESCE(cd.due_amount,0) AS due_amount,
                            
                                        COALESCE(SUM(cdp.paid_amount),0) AS due_paid,
                            
                                        (
                                            COALESCE(cd.due_amount,0)
                                            -
                                            COALESCE(SUM(cdp.paid_amount),0)
                                        ) AS due_balance
FROM `sales` `s`
LEFT JOIN `customer` `c` ON `c`.`customer_id` = `s`.`customer_id`
LEFT JOIN `user` `u` ON `u`.`user_id` = `s`.`seller_id`
LEFT JOIN `customer_due` `cd` ON `cd`.`sales_id` = `s`.`sales_id`
LEFT JOIN `customer_due_payment` `cdp` ON `cdp`.`due_id` = `cd`.`due_id`
GROUP BY `s`.`sales_id`, `s`.`sales_invoice`, `s`.`sales_date`, `s`.`grand_total`, `s`.`product_discount`, `s`.`product_vat`, `s`.`other_charge_on_all`, `s`.`paid_amount`, `c`.`customer_name`, `u`.`user_name`, `cd`.`due_amount`
ORDER BY `s`.`sales_date` DESC, `s`.`sales_id` DESC')
 3 SYSTEMPATH\Database\BaseConnection.php(646): CodeIgniter\Database\BaseConnection->simpleQuery('SELECT s.sales_id,
                                        s.sales_invoice,
                                        s.sales_date,
                            
                                        s.grand_total,
                                        s.product_discount,
                                        s.product_vat,
                                        s.other_charge_on_all,
                            
                                        s.paid_amount,
                            
                                        IFNULL(c.customer_name, \'Walk-In Customer\') AS customer_name,
                                        u.user_name AS seller_name,
                            
                                        COALESCE(cd.due_amount,0) AS due_amount,
                            
                                        COALESCE(SUM(cdp.paid_amount),0) AS due_paid,
                            
                                        (
                                            COALESCE(cd.due_amount,0)
                                            -
                                            COALESCE(SUM(cdp.paid_amount),0)
                                        ) AS due_balance
FROM `sales` `s`
LEFT JOIN `customer` `c` ON `c`.`customer_id` = `s`.`customer_id`
LEFT JOIN `user` `u` ON `u`.`user_id` = `s`.`seller_id`
LEFT JOIN `customer_due` `cd` ON `cd`.`sales_id` = `s`.`sales_id`
LEFT JOIN `customer_due_payment` `cdp` ON `cdp`.`due_id` = `cd`.`due_id`
GROUP BY `s`.`sales_id`, `s`.`sales_invoice`, `s`.`sales_date`, `s`.`grand_total`, `s`.`product_discount`, `s`.`product_vat`, `s`.`other_charge_on_all`, `s`.`paid_amount`, `c`.`customer_name`, `u`.`user_name`, `cd`.`due_amount`
ORDER BY `s`.`sales_date` DESC, `s`.`sales_id` DESC')
 4 SYSTEMPATH\Database\BaseBuilder.php(1649): CodeIgniter\Database\BaseConnection->query('SELECT s.sales_id,
                                        s.sales_invoice,
                                        s.sales_date,
                            
                                        s.grand_total,
                                        s.product_discount,
                                        s.product_vat,
                                        s.other_charge_on_all,
                            
                                        s.paid_amount,
                            
                                        IFNULL(c.customer_name, \'Walk-In Customer\') AS customer_name,
                                        u.user_name AS seller_name,
                            
                                        COALESCE(cd.due_amount,0) AS due_amount,
                            
                                        COALESCE(SUM(cdp.paid_amount),0) AS due_paid,
                            
                                        (
                                            COALESCE(cd.due_amount,0)
                                            -
                                            COALESCE(SUM(cdp.paid_amount),0)
                                        ) AS due_balance
FROM `sales` `s`
LEFT JOIN `customer` `c` ON `c`.`customer_id` = `s`.`customer_id`
LEFT JOIN `user` `u` ON `u`.`user_id` = `s`.`seller_id`
LEFT JOIN `customer_due` `cd` ON `cd`.`sales_id` = `s`.`sales_id`
LEFT JOIN `customer_due_payment` `cdp` ON `cdp`.`due_id` = `cd`.`due_id`
GROUP BY `s`.`sales_id`, `s`.`sales_invoice`, `s`.`sales_date`, `s`.`grand_total`, `s`.`product_discount`, `s`.`product_vat`, `s`.`other_charge_on_all`, `s`.`paid_amount`, `c`.`customer_name`, `u`.`user_name`, `cd`.`due_amount`
ORDER BY `s`.`sales_date` DESC, `s`.`sales_id` DESC', [], false)
 5 APPPATH\Models\ProductSaleModel.php(88): CodeIgniter\Database\BaseBuilder->get()
 6 APPPATH\Controllers\SaleListController.php(18): App\Models\ProductSaleModel->getSaleList()
 7 SYSTEMPATH\CodeIgniter.php(933): App\Controllers\SaleListController->index()
 8 SYSTEMPATH\CodeIgniter.php(507): CodeIgniter\CodeIgniter->runController(Object(App\Controllers\SaleListController))
 9 SYSTEMPATH\CodeIgniter.php(354): CodeIgniter\CodeIgniter->handleRequest(null, Object(Config\Cache), false)
10 SYSTEMPATH\Boot.php(363): CodeIgniter\CodeIgniter->run()
11 SYSTEMPATH\Boot.php(68): CodeIgniter\Boot::runCodeIgniter(Object(CodeIgniter\CodeIgniter))
12 FCPATH\index.php(59): CodeIgniter\Boot::bootWeb(Object(Config\Paths))
DEBUG - 2026-08-03 09:43:52 --> Session: Class initialized using 'CodeIgniter\Session\Handlers\FileHandler' driver.
ERROR - 2026-08-03 09:43:52 --> mysqli_sql_exception: Unknown column 'cdp.paid_amount' in 'field list' in C:\laragon\www\pharmacy-project\system\Database\MySQLi\Connection.php:327
Stack trace:
#0 C:\laragon\www\pharmacy-project\system\Database\MySQLi\Connection.php(327): mysqli->query('SELECT s.sales_...', 0)
#1 C:\laragon\www\pharmacy-project\system\Database\BaseConnection.php(729): CodeIgniter\Database\MySQLi\Connection->execute('SELECT s.sales_...')
#2 C:\laragon\www\pharmacy-project\system\Database\BaseConnection.php(646): CodeIgniter\Database\BaseConnection->simpleQuery('SELECT s.sales_...')
#3 C:\laragon\www\pharmacy-project\system\Database\BaseBuilder.php(1649): CodeIgniter\Database\BaseConnection->query('SELECT s.sales_...', Array, false)
#4 C:\laragon\www\pharmacy-project\app\Models\ProductSaleModel.php(88): CodeIgniter\Database\BaseBuilder->get()
#5 C:\laragon\www\pharmacy-project\app\Controllers\SaleListController.php(18): App\Models\ProductSaleModel->getSaleList()
#6 C:\laragon\www\pharmacy-project\system\CodeIgniter.php(933): App\Controllers\SaleListController->index()
#7 C:\laragon\www\pharmacy-project\system\CodeIgniter.php(507): CodeIgniter\CodeIgniter->runController(Object(App\Controllers\SaleListController))
#8 C:\laragon\www\pharmacy-project\system\CodeIgniter.php(354): CodeIgniter\CodeIgniter->handleRequest(NULL, Object(Config\Cache), false)
#9 C:\laragon\www\pharmacy-project\system\Boot.php(363): CodeIgniter\CodeIgniter->run()
#10 C:\laragon\www\pharmacy-project\system\Boot.php(68): CodeIgniter\Boot::runCodeIgniter(Object(CodeIgniter\CodeIgniter))
#11 C:\laragon\www\pharmacy-project\index.php(59): CodeIgniter\Boot::bootWeb(Object(Config\Paths))
#12 {main}
CRITICAL - 2026-08-03 09:43:52 --> CodeIgniter\Database\Exceptions\DatabaseException: Unknown column 'cdp.paid_amount' in 'field list'
[Method: GET, Route: salelist]
in SYSTEMPATH\Database\BaseConnection.php on line 684.
 1 SYSTEMPATH\Database\BaseBuilder.php(1649): CodeIgniter\Database\BaseConnection->query('SELECT s.sales_id,
                                        s.sales_invoice,
                                        s.sales_date,
                            
                                        s.grand_total,
                                        s.product_discount,
                                        s.product_vat,
                                        s.other_charge_on_all,
                            
                                        s.paid_amount,
                            
                                        IFNULL(c.customer_name, \'Walk-In Customer\') AS customer_name,
                                        u.user_name AS seller_name,
                            
                                        COALESCE(cd.due_amount,0) AS due_amount,
                            
                                        COALESCE(SUM(cdp.paid_amount),0) AS due_paid,
                            
                                        (
                                            COALESCE(cd.due_amount,0)
                                            -
                                            COALESCE(SUM(cdp.paid_amount),0)
                                        ) AS due_balance
FROM `sales` `s`
LEFT JOIN `customer` `c` ON `c`.`customer_id` = `s`.`customer_id`
LEFT JOIN `user` `u` ON `u`.`user_id` = `s`.`seller_id`
LEFT JOIN `customer_due` `cd` ON `cd`.`sales_id` = `s`.`sales_id`
LEFT JOIN `customer_due_payment` `cdp` ON `cdp`.`due_id` = `cd`.`due_id`
GROUP BY `s`.`sales_id`, `s`.`sales_invoice`, `s`.`sales_date`, `s`.`grand_total`, `s`.`product_discount`, `s`.`product_vat`, `s`.`other_charge_on_all`, `s`.`paid_amount`, `c`.`customer_name`, `u`.`user_name`, `cd`.`due_amount`
ORDER BY `s`.`sales_date` DESC, `s`.`sales_id` DESC', [], false)
 2 APPPATH\Models\ProductSaleModel.php(88): CodeIgniter\Database\BaseBuilder->get()
 3 APPPATH\Controllers\SaleListController.php(18): App\Models\ProductSaleModel->getSaleList()
 4 SYSTEMPATH\CodeIgniter.php(933): App\Controllers\SaleListController->index()
 5 SYSTEMPATH\CodeIgniter.php(507): CodeIgniter\CodeIgniter->runController(Object(App\Controllers\SaleListController))
 6 SYSTEMPATH\CodeIgniter.php(354): CodeIgniter\CodeIgniter->handleRequest(null, Object(Config\Cache), false)
 7 SYSTEMPATH\Boot.php(363): CodeIgniter\CodeIgniter->run()
 8 SYSTEMPATH\Boot.php(68): CodeIgniter\Boot::runCodeIgniter(Object(CodeIgniter\CodeIgniter))
 9 FCPATH\index.php(59): CodeIgniter\Boot::bootWeb(Object(Config\Paths))
CRITICAL - 2026-08-03 09:43:52 --> [Caused by] CodeIgniter\Database\Exceptions\DatabaseException: Unknown column 'cdp.paid_amount' in 'field list'
in SYSTEMPATH\Database\MySQLi\Connection.php on line 332.
 1 SYSTEMPATH\Database\BaseConnection.php(729): CodeIgniter\Database\MySQLi\Connection->execute('SELECT s.sales_id,
                                        s.sales_invoice,
                                        s.sales_date,
                            
                                        s.grand_total,
                                        s.product_discount,
                                        s.product_vat,
                                        s.other_charge_on_all,
                            
                                        s.paid_amount,
                            
                                        IFNULL(c.customer_name, \'Walk-In Customer\') AS customer_name,
                                        u.user_name AS seller_name,
                            
                                        COALESCE(cd.due_amount,0) AS due_amount,
                            
                                        COALESCE(SUM(cdp.paid_amount),0) AS due_paid,
                            
                                        (
                                            COALESCE(cd.due_amount,0)
                                            -
                                            COALESCE(SUM(cdp.paid_amount),0)
                                        ) AS due_balance
FROM `sales` `s`
LEFT JOIN `customer` `c` ON `c`.`customer_id` = `s`.`customer_id`
LEFT JOIN `user` `u` ON `u`.`user_id` = `s`.`seller_id`
LEFT JOIN `customer_due` `cd` ON `cd`.`sales_id` = `s`.`sales_id`
LEFT JOIN `customer_due_payment` `cdp` ON `cdp`.`due_id` = `cd`.`due_id`
GROUP BY `s`.`sales_id`, `s`.`sales_invoice`, `s`.`sales_date`, `s`.`grand_total`, `s`.`product_discount`, `s`.`product_vat`, `s`.`other_charge_on_all`, `s`.`paid_amount`, `c`.`customer_name`, `u`.`user_name`, `cd`.`due_amount`
ORDER BY `s`.`sales_date` DESC, `s`.`sales_id` DESC')
 2 SYSTEMPATH\Database\BaseConnection.php(646): CodeIgniter\Database\BaseConnection->simpleQuery('SELECT s.sales_id,
                                        s.sales_invoice,
                                        s.sales_date,
                            
                                        s.grand_total,
                                        s.product_discount,
                                        s.product_vat,
                                        s.other_charge_on_all,
                            
                                        s.paid_amount,
                            
                                        IFNULL(c.customer_name, \'Walk-In Customer\') AS customer_name,
                                        u.user_name AS seller_name,
                            
                                        COALESCE(cd.due_amount,0) AS due_amount,
                            
                                        COALESCE(SUM(cdp.paid_amount),0) AS due_paid,
                            
                                        (
                                            COALESCE(cd.due_amount,0)
                                            -
                                            COALESCE(SUM(cdp.paid_amount),0)
                                        ) AS due_balance
FROM `sales` `s`
LEFT JOIN `customer` `c` ON `c`.`customer_id` = `s`.`customer_id`
LEFT JOIN `user` `u` ON `u`.`user_id` = `s`.`seller_id`
LEFT JOIN `customer_due` `cd` ON `cd`.`sales_id` = `s`.`sales_id`
LEFT JOIN `customer_due_payment` `cdp` ON `cdp`.`due_id` = `cd`.`due_id`
GROUP BY `s`.`sales_id`, `s`.`sales_invoice`, `s`.`sales_date`, `s`.`grand_total`, `s`.`product_discount`, `s`.`product_vat`, `s`.`other_charge_on_all`, `s`.`paid_amount`, `c`.`customer_name`, `u`.`user_name`, `cd`.`due_amount`
ORDER BY `s`.`sales_date` DESC, `s`.`sales_id` DESC')
 3 SYSTEMPATH\Database\BaseBuilder.php(1649): CodeIgniter\Database\BaseConnection->query('SELECT s.sales_id,
                                        s.sales_invoice,
                                        s.sales_date,
                            
                                        s.grand_total,
                                        s.product_discount,
                                        s.product_vat,
                                        s.other_charge_on_all,
                            
                                        s.paid_amount,
                            
                                        IFNULL(c.customer_name, \'Walk-In Customer\') AS customer_name,
                                        u.user_name AS seller_name,
                            
                                        COALESCE(cd.due_amount,0) AS due_amount,
                            
                                        COALESCE(SUM(cdp.paid_amount),0) AS due_paid,
                            
                                        (
                                            COALESCE(cd.due_amount,0)
                                            -
                                            COALESCE(SUM(cdp.paid_amount),0)
                                        ) AS due_balance
FROM `sales` `s`
LEFT JOIN `customer` `c` ON `c`.`customer_id` = `s`.`customer_id`
LEFT JOIN `user` `u` ON `u`.`user_id` = `s`.`seller_id`
LEFT JOIN `customer_due` `cd` ON `cd`.`sales_id` = `s`.`sales_id`
LEFT JOIN `customer_due_payment` `cdp` ON `cdp`.`due_id` = `cd`.`due_id`
GROUP BY `s`.`sales_id`, `s`.`sales_invoice`, `s`.`sales_date`, `s`.`grand_total`, `s`.`product_discount`, `s`.`product_vat`, `s`.`other_charge_on_all`, `s`.`paid_amount`, `c`.`customer_name`, `u`.`user_name`, `cd`.`due_amount`
ORDER BY `s`.`sales_date` DESC, `s`.`sales_id` DESC', [], false)
 4 APPPATH\Models\ProductSaleModel.php(88): CodeIgniter\Database\BaseBuilder->get()
 5 APPPATH\Controllers\SaleListController.php(18): App\Models\ProductSaleModel->getSaleList()
 6 SYSTEMPATH\CodeIgniter.php(933): App\Controllers\SaleListController->index()
 7 SYSTEMPATH\CodeIgniter.php(507): CodeIgniter\CodeIgniter->runController(Object(App\Controllers\SaleListController))
 8 SYSTEMPATH\CodeIgniter.php(354): CodeIgniter\CodeIgniter->handleRequest(null, Object(Config\Cache), false)
 9 SYSTEMPATH\Boot.php(363): CodeIgniter\CodeIgniter->run()
10 SYSTEMPATH\Boot.php(68): CodeIgniter\Boot::runCodeIgniter(Object(CodeIgniter\CodeIgniter))
11 FCPATH\index.php(59): CodeIgniter\Boot::bootWeb(Object(Config\Paths))
CRITICAL - 2026-08-03 09:43:52 --> [Caused by] mysqli_sql_exception: Unknown column 'cdp.paid_amount' in 'field list'
in SYSTEMPATH\Database\MySQLi\Connection.php on line 327.
 1 SYSTEMPATH\Database\MySQLi\Connection.php(327): mysqli->query('SELECT s.sales_id,
                                        s.sales_invoice,
                                        s.sales_date,
                            
                                        s.grand_total,
                                        s.product_discount,
                                        s.product_vat,
                                        s.other_charge_on_all,
                            
                                        s.paid_amount,
                            
                                        IFNULL(c.customer_name, \'Walk-In Customer\') AS customer_name,
                                        u.user_name AS seller_name,
                            
                                        COALESCE(cd.due_amount,0) AS due_amount,
                            
                                        COALESCE(SUM(cdp.paid_amount),0) AS due_paid,
                            
                                        (
                                            COALESCE(cd.due_amount,0)
                                            -
                                            COALESCE(SUM(cdp.paid_amount),0)
                                        ) AS due_balance
FROM `sales` `s`
LEFT JOIN `customer` `c` ON `c`.`customer_id` = `s`.`customer_id`
LEFT JOIN `user` `u` ON `u`.`user_id` = `s`.`seller_id`
LEFT JOIN `customer_due` `cd` ON `cd`.`sales_id` = `s`.`sales_id`
LEFT JOIN `customer_due_payment` `cdp` ON `cdp`.`due_id` = `cd`.`due_id`
GROUP BY `s`.`sales_id`, `s`.`sales_invoice`, `s`.`sales_date`, `s`.`grand_total`, `s`.`product_discount`, `s`.`product_vat`, `s`.`other_charge_on_all`, `s`.`paid_amount`, `c`.`customer_name`, `u`.`user_name`, `cd`.`due_amount`
ORDER BY `s`.`sales_date` DESC, `s`.`sales_id` DESC', 0)
 2 SYSTEMPATH\Database\BaseConnection.php(729): CodeIgniter\Database\MySQLi\Connection->execute('SELECT s.sales_id,
                                        s.sales_invoice,
                                        s.sales_date,
                            
                                        s.grand_total,
                                        s.product_discount,
                                        s.product_vat,
                                        s.other_charge_on_all,
                            
                                        s.paid_amount,
                            
                                        IFNULL(c.customer_name, \'Walk-In Customer\') AS customer_name,
                                        u.user_name AS seller_name,
                            
                                        COALESCE(cd.due_amount,0) AS due_amount,
                            
                                        COALESCE(SUM(cdp.paid_amount),0) AS due_paid,
                            
                                        (
                                            COALESCE(cd.due_amount,0)
                                            -
                                            COALESCE(SUM(cdp.paid_amount),0)
                                        ) AS due_balance
FROM `sales` `s`
LEFT JOIN `customer` `c` ON `c`.`customer_id` = `s`.`customer_id`
LEFT JOIN `user` `u` ON `u`.`user_id` = `s`.`seller_id`
LEFT JOIN `customer_due` `cd` ON `cd`.`sales_id` = `s`.`sales_id`
LEFT JOIN `customer_due_payment` `cdp` ON `cdp`.`due_id` = `cd`.`due_id`
GROUP BY `s`.`sales_id`, `s`.`sales_invoice`, `s`.`sales_date`, `s`.`grand_total`, `s`.`product_discount`, `s`.`product_vat`, `s`.`other_charge_on_all`, `s`.`paid_amount`, `c`.`customer_name`, `u`.`user_name`, `cd`.`due_amount`
ORDER BY `s`.`sales_date` DESC, `s`.`sales_id` DESC')
 3 SYSTEMPATH\Database\BaseConnection.php(646): CodeIgniter\Database\BaseConnection->simpleQuery('SELECT s.sales_id,
                                        s.sales_invoice,
                                        s.sales_date,
                            
                                        s.grand_total,
                                        s.product_discount,
                                        s.product_vat,
                                        s.other_charge_on_all,
                            
                                        s.paid_amount,
                            
                                        IFNULL(c.customer_name, \'Walk-In Customer\') AS customer_name,
                                        u.user_name AS seller_name,
                            
                                        COALESCE(cd.due_amount,0) AS due_amount,
                            
                                        COALESCE(SUM(cdp.paid_amount),0) AS due_paid,
                            
                                        (
                                            COALESCE(cd.due_amount,0)
                                            -
                                            COALESCE(SUM(cdp.paid_amount),0)
                                        ) AS due_balance
FROM `sales` `s`
LEFT JOIN `customer` `c` ON `c`.`customer_id` = `s`.`customer_id`
LEFT JOIN `user` `u` ON `u`.`user_id` = `s`.`seller_id`
LEFT JOIN `customer_due` `cd` ON `cd`.`sales_id` = `s`.`sales_id`
LEFT JOIN `customer_due_payment` `cdp` ON `cdp`.`due_id` = `cd`.`due_id`
GROUP BY `s`.`sales_id`, `s`.`sales_invoice`, `s`.`sales_date`, `s`.`grand_total`, `s`.`product_discount`, `s`.`product_vat`, `s`.`other_charge_on_all`, `s`.`paid_amount`, `c`.`customer_name`, `u`.`user_name`, `cd`.`due_amount`
ORDER BY `s`.`sales_date` DESC, `s`.`sales_id` DESC')
 4 SYSTEMPATH\Database\BaseBuilder.php(1649): CodeIgniter\Database\BaseConnection->query('SELECT s.sales_id,
                                        s.sales_invoice,
                                        s.sales_date,
                            
                                        s.grand_total,
                                        s.product_discount,
                                        s.product_vat,
                                        s.other_charge_on_all,
                            
                                        s.paid_amount,
                            
                                        IFNULL(c.customer_name, \'Walk-In Customer\') AS customer_name,
                                        u.user_name AS seller_name,
                            
                                        COALESCE(cd.due_amount,0) AS due_amount,
                            
                                        COALESCE(SUM(cdp.paid_amount),0) AS due_paid,
                            
                                        (
                                            COALESCE(cd.due_amount,0)
                                            -
                                            COALESCE(SUM(cdp.paid_amount),0)
                                        ) AS due_balance
FROM `sales` `s`
LEFT JOIN `customer` `c` ON `c`.`customer_id` = `s`.`customer_id`
LEFT JOIN `user` `u` ON `u`.`user_id` = `s`.`seller_id`
LEFT JOIN `customer_due` `cd` ON `cd`.`sales_id` = `s`.`sales_id`
LEFT JOIN `customer_due_payment` `cdp` ON `cdp`.`due_id` = `cd`.`due_id`
GROUP BY `s`.`sales_id`, `s`.`sales_invoice`, `s`.`sales_date`, `s`.`grand_total`, `s`.`product_discount`, `s`.`product_vat`, `s`.`other_charge_on_all`, `s`.`paid_amount`, `c`.`customer_name`, `u`.`user_name`, `cd`.`due_amount`
ORDER BY `s`.`sales_date` DESC, `s`.`sales_id` DESC', [], false)
 5 APPPATH\Models\ProductSaleModel.php(88): CodeIgniter\Database\BaseBuilder->get()
 6 APPPATH\Controllers\SaleListController.php(18): App\Models\ProductSaleModel->getSaleList()
 7 SYSTEMPATH\CodeIgniter.php(933): App\Controllers\SaleListController->index()
 8 SYSTEMPATH\CodeIgniter.php(507): CodeIgniter\CodeIgniter->runController(Object(App\Controllers\SaleListController))
 9 SYSTEMPATH\CodeIgniter.php(354): CodeIgniter\CodeIgniter->handleRequest(null, Object(Config\Cache), false)
10 SYSTEMPATH\Boot.php(363): CodeIgniter\CodeIgniter->run()
11 SYSTEMPATH\Boot.php(68): CodeIgniter\Boot::runCodeIgniter(Object(CodeIgniter\CodeIgniter))
12 FCPATH\index.php(59): CodeIgniter\Boot::bootWeb(Object(Config\Paths))
DEBUG - 2026-08-03 09:43:53 --> Session: Class initialized using 'CodeIgniter\Session\Handlers\FileHandler' driver.
ERROR - 2026-08-03 09:43:53 --> mysqli_sql_exception: Unknown column 'cdp.paid_amount' in 'field list' in C:\laragon\www\pharmacy-project\system\Database\MySQLi\Connection.php:327
Stack trace:
#0 C:\laragon\www\pharmacy-project\system\Database\MySQLi\Connection.php(327): mysqli->query('SELECT s.sales_...', 0)
#1 C:\laragon\www\pharmacy-project\system\Database\BaseConnection.php(729): CodeIgniter\Database\MySQLi\Connection->execute('SELECT s.sales_...')
#2 C:\laragon\www\pharmacy-project\system\Database\BaseConnection.php(646): CodeIgniter\Database\BaseConnection->simpleQuery('SELECT s.sales_...')
#3 C:\laragon\www\pharmacy-project\system\Database\BaseBuilder.php(1649): CodeIgniter\Database\BaseConnection->query('SELECT s.sales_...', Array, false)
#4 C:\laragon\www\pharmacy-project\app\Models\ProductSaleModel.php(88): CodeIgniter\Database\BaseBuilder->get()
#5 C:\laragon\www\pharmacy-project\app\Controllers\SaleListController.php(18): App\Models\ProductSaleModel->getSaleList()
#6 C:\laragon\www\pharmacy-project\system\CodeIgniter.php(933): App\Controllers\SaleListController->index()
#7 C:\laragon\www\pharmacy-project\system\CodeIgniter.php(507): CodeIgniter\CodeIgniter->runController(Object(App\Controllers\SaleListController))
#8 C:\laragon\www\pharmacy-project\system\CodeIgniter.php(354): CodeIgniter\CodeIgniter->handleRequest(NULL, Object(Config\Cache), false)
#9 C:\laragon\www\pharmacy-project\system\Boot.php(363): CodeIgniter\CodeIgniter->run()
#10 C:\laragon\www\pharmacy-project\system\Boot.php(68): CodeIgniter\Boot::runCodeIgniter(Object(CodeIgniter\CodeIgniter))
#11 C:\laragon\www\pharmacy-project\index.php(59): CodeIgniter\Boot::bootWeb(Object(Config\Paths))
#12 {main}
CRITICAL - 2026-08-03 09:43:53 --> CodeIgniter\Database\Exceptions\DatabaseException: Unknown column 'cdp.paid_amount' in 'field list'
[Method: GET, Route: salelist]
in SYSTEMPATH\Database\BaseConnection.php on line 684.
 1 SYSTEMPATH\Database\BaseBuilder.php(1649): CodeIgniter\Database\BaseConnection->query('SELECT s.sales_id,
                                        s.sales_invoice,
                                        s.sales_date,
                            
                                        s.grand_total,
                                        s.product_discount,
                                        s.product_vat,
                                        s.other_charge_on_all,
                            
                                        s.paid_amount,
                            
                                        IFNULL(c.customer_name, \'Walk-In Customer\') AS customer_name,
                                        u.user_name AS seller_name,
                            
                                        COALESCE(cd.due_amount,0) AS due_amount,
                            
                                        COALESCE(SUM(cdp.paid_amount),0) AS due_paid,
                            
                                        (
                                            COALESCE(cd.due_amount,0)
                                            -
                                            COALESCE(SUM(cdp.paid_amount),0)
                                        ) AS due_balance
FROM `sales` `s`
LEFT JOIN `customer` `c` ON `c`.`customer_id` = `s`.`customer_id`
LEFT JOIN `user` `u` ON `u`.`user_id` = `s`.`seller_id`
LEFT JOIN `customer_due` `cd` ON `cd`.`sales_id` = `s`.`sales_id`
LEFT JOIN `customer_due_payment` `cdp` ON `cdp`.`due_id` = `cd`.`due_id`
GROUP BY `s`.`sales_id`, `s`.`sales_invoice`, `s`.`sales_date`, `s`.`grand_total`, `s`.`product_discount`, `s`.`product_vat`, `s`.`other_charge_on_all`, `s`.`paid_amount`, `c`.`customer_name`, `u`.`user_name`, `cd`.`due_amount`
ORDER BY `s`.`sales_date` DESC, `s`.`sales_id` DESC', [], false)
 2 APPPATH\Models\ProductSaleModel.php(88): CodeIgniter\Database\BaseBuilder->get()
 3 APPPATH\Controllers\SaleListController.php(18): App\Models\ProductSaleModel->getSaleList()
 4 SYSTEMPATH\CodeIgniter.php(933): App\Controllers\SaleListController->index()
 5 SYSTEMPATH\CodeIgniter.php(507): CodeIgniter\CodeIgniter->runController(Object(App\Controllers\SaleListController))
 6 SYSTEMPATH\CodeIgniter.php(354): CodeIgniter\CodeIgniter->handleRequest(null, Object(Config\Cache), false)
 7 SYSTEMPATH\Boot.php(363): CodeIgniter\CodeIgniter->run()
 8 SYSTEMPATH\Boot.php(68): CodeIgniter\Boot::runCodeIgniter(Object(CodeIgniter\CodeIgniter))
 9 FCPATH\index.php(59): CodeIgniter\Boot::bootWeb(Object(Config\Paths))
CRITICAL - 2026-08-03 09:43:53 --> [Caused by] CodeIgniter\Database\Exceptions\DatabaseException: Unknown column 'cdp.paid_amount' in 'field list'
in SYSTEMPATH\Database\MySQLi\Connection.php on line 332.
 1 SYSTEMPATH\Database\BaseConnection.php(729): CodeIgniter\Database\MySQLi\Connection->execute('SELECT s.sales_id,
                                        s.sales_invoice,
                                        s.sales_date,
                            
                                        s.grand_total,
                                        s.product_discount,
                                        s.product_vat,
                                        s.other_charge_on_all,
                            
                                        s.paid_amount,
                            
                                        IFNULL(c.customer_name, \'Walk-In Customer\') AS customer_name,
                                        u.user_name AS seller_name,
                            
                                        COALESCE(cd.due_amount,0) AS due_amount,
                            
                                        COALESCE(SUM(cdp.paid_amount),0) AS due_paid,
                            
                                        (
                                            COALESCE(cd.due_amount,0)
                                            -
                                            COALESCE(SUM(cdp.paid_amount),0)
                                        ) AS due_balance
FROM `sales` `s`
LEFT JOIN `customer` `c` ON `c`.`customer_id` = `s`.`customer_id`
LEFT JOIN `user` `u` ON `u`.`user_id` = `s`.`seller_id`
LEFT JOIN `customer_due` `cd` ON `cd`.`sales_id` = `s`.`sales_id`
LEFT JOIN `customer_due_payment` `cdp` ON `cdp`.`due_id` = `cd`.`due_id`
GROUP BY `s`.`sales_id`, `s`.`sales_invoice`, `s`.`sales_date`, `s`.`grand_total`, `s`.`product_discount`, `s`.`product_vat`, `s`.`other_charge_on_all`, `s`.`paid_amount`, `c`.`customer_name`, `u`.`user_name`, `cd`.`due_amount`
ORDER BY `s`.`sales_date` DESC, `s`.`sales_id` DESC')
 2 SYSTEMPATH\Database\BaseConnection.php(646): CodeIgniter\Database\BaseConnection->simpleQuery('SELECT s.sales_id,
                                        s.sales_invoice,
                                        s.sales_date,
                            
                                        s.grand_total,
                                        s.product_discount,
                                        s.product_vat,
                                        s.other_charge_on_all,
                            
                                        s.paid_amount,
                            
                                        IFNULL(c.customer_name, \'Walk-In Customer\') AS customer_name,
                                        u.user_name AS seller_name,
                            
                                        COALESCE(cd.due_amount,0) AS due_amount,
                            
                                        COALESCE(SUM(cdp.paid_amount),0) AS due_paid,
                            
                                        (
                                            COALESCE(cd.due_amount,0)
                                            -
                                            COALESCE(SUM(cdp.paid_amount),0)
                                        ) AS due_balance
FROM `sales` `s`
LEFT JOIN `customer` `c` ON `c`.`customer_id` = `s`.`customer_id`
LEFT JOIN `user` `u` ON `u`.`user_id` = `s`.`seller_id`
LEFT JOIN `customer_due` `cd` ON `cd`.`sales_id` = `s`.`sales_id`
LEFT JOIN `customer_due_payment` `cdp` ON `cdp`.`due_id` = `cd`.`due_id`
GROUP BY `s`.`sales_id`, `s`.`sales_invoice`, `s`.`sales_date`, `s`.`grand_total`, `s`.`product_discount`, `s`.`product_vat`, `s`.`other_charge_on_all`, `s`.`paid_amount`, `c`.`customer_name`, `u`.`user_name`, `cd`.`due_amount`
ORDER BY `s`.`sales_date` DESC, `s`.`sales_id` DESC')
 3 SYSTEMPATH\Database\BaseBuilder.php(1649): CodeIgniter\Database\BaseConnection->query('SELECT s.sales_id,
                                        s.sales_invoice,
                                        s.sales_date,
                            
                                        s.grand_total,
                                        s.product_discount,
                                        s.product_vat,
                                        s.other_charge_on_all,
                            
                                        s.paid_amount,
                            
                                        IFNULL(c.customer_name, \'Walk-In Customer\') AS customer_name,
                                        u.user_name AS seller_name,
                            
                                        COALESCE(cd.due_amount,0) AS due_amount,
                            
                                        COALESCE(SUM(cdp.paid_amount),0) AS due_paid,
                            
                                        (
                                            COALESCE(cd.due_amount,0)
                                            -
                                            COALESCE(SUM(cdp.paid_amount),0)
                                        ) AS due_balance
FROM `sales` `s`
LEFT JOIN `customer` `c` ON `c`.`customer_id` = `s`.`customer_id`
LEFT JOIN `user` `u` ON `u`.`user_id` = `s`.`seller_id`
LEFT JOIN `customer_due` `cd` ON `cd`.`sales_id` = `s`.`sales_id`
LEFT JOIN `customer_due_payment` `cdp` ON `cdp`.`due_id` = `cd`.`due_id`
GROUP BY `s`.`sales_id`, `s`.`sales_invoice`, `s`.`sales_date`, `s`.`grand_total`, `s`.`product_discount`, `s`.`product_vat`, `s`.`other_charge_on_all`, `s`.`paid_amount`, `c`.`customer_name`, `u`.`user_name`, `cd`.`due_amount`
ORDER BY `s`.`sales_date` DESC, `s`.`sales_id` DESC', [], false)
 4 APPPATH\Models\ProductSaleModel.php(88): CodeIgniter\Database\BaseBuilder->get()
 5 APPPATH\Controllers\SaleListController.php(18): App\Models\ProductSaleModel->getSaleList()
 6 SYSTEMPATH\CodeIgniter.php(933): App\Controllers\SaleListController->index()
 7 SYSTEMPATH\CodeIgniter.php(507): CodeIgniter\CodeIgniter->runController(Object(App\Controllers\SaleListController))
 8 SYSTEMPATH\CodeIgniter.php(354): CodeIgniter\CodeIgniter->handleRequest(null, Object(Config\Cache), false)
 9 SYSTEMPATH\Boot.php(363): CodeIgniter\CodeIgniter->run()
10 SYSTEMPATH\Boot.php(68): CodeIgniter\Boot::runCodeIgniter(Object(CodeIgniter\CodeIgniter))
11 FCPATH\index.php(59): CodeIgniter\Boot::bootWeb(Object(Config\Paths))
CRITICAL - 2026-08-03 09:43:53 --> [Caused by] mysqli_sql_exception: Unknown column 'cdp.paid_amount' in 'field list'
in SYSTEMPATH\Database\MySQLi\Connection.php on line 327.
 1 SYSTEMPATH\Database\MySQLi\Connection.php(327): mysqli->query('SELECT s.sales_id,
                                        s.sales_invoice,
                                        s.sales_date,
                            
                                        s.grand_total,
                                        s.product_discount,
                                        s.product_vat,
                                        s.other_charge_on_all,
                            
                                        s.paid_amount,
                            
                                        IFNULL(c.customer_name, \'Walk-In Customer\') AS customer_name,
                                        u.user_name AS seller_name,
                            
                                        COALESCE(cd.due_amount,0) AS due_amount,
                            
                                        COALESCE(SUM(cdp.paid_amount),0) AS due_paid,
                            
                                        (
                                            COALESCE(cd.due_amount,0)
                                            -
                                            COALESCE(SUM(cdp.paid_amount),0)
                                        ) AS due_balance
FROM `sales` `s`
LEFT JOIN `customer` `c` ON `c`.`customer_id` = `s`.`customer_id`
LEFT JOIN `user` `u` ON `u`.`user_id` = `s`.`seller_id`
LEFT JOIN `customer_due` `cd` ON `cd`.`sales_id` = `s`.`sales_id`
LEFT JOIN `customer_due_payment` `cdp` ON `cdp`.`due_id` = `cd`.`due_id`
GROUP BY `s`.`sales_id`, `s`.`sales_invoice`, `s`.`sales_date`, `s`.`grand_total`, `s`.`product_discount`, `s`.`product_vat`, `s`.`other_charge_on_all`, `s`.`paid_amount`, `c`.`customer_name`, `u`.`user_name`, `cd`.`due_amount`
ORDER BY `s`.`sales_date` DESC, `s`.`sales_id` DESC', 0)
 2 SYSTEMPATH\Database\BaseConnection.php(729): CodeIgniter\Database\MySQLi\Connection->execute('SELECT s.sales_id,
                                        s.sales_invoice,
                                        s.sales_date,
                            
                                        s.grand_total,
                                        s.product_discount,
                                        s.product_vat,
                                        s.other_charge_on_all,
                            
                                        s.paid_amount,
                            
                                        IFNULL(c.customer_name, \'Walk-In Customer\') AS customer_name,
                                        u.user_name AS seller_name,
                            
                                        COALESCE(cd.due_amount,0) AS due_amount,
                            
                                        COALESCE(SUM(cdp.paid_amount),0) AS due_paid,
                            
                                        (
                                            COALESCE(cd.due_amount,0)
                                            -
                                            COALESCE(SUM(cdp.paid_amount),0)
                                        ) AS due_balance
FROM `sales` `s`
LEFT JOIN `customer` `c` ON `c`.`customer_id` = `s`.`customer_id`
LEFT JOIN `user` `u` ON `u`.`user_id` = `s`.`seller_id`
LEFT JOIN `customer_due` `cd` ON `cd`.`sales_id` = `s`.`sales_id`
LEFT JOIN `customer_due_payment` `cdp` ON `cdp`.`due_id` = `cd`.`due_id`
GROUP BY `s`.`sales_id`, `s`.`sales_invoice`, `s`.`sales_date`, `s`.`grand_total`, `s`.`product_discount`, `s`.`product_vat`, `s`.`other_charge_on_all`, `s`.`paid_amount`, `c`.`customer_name`, `u`.`user_name`, `cd`.`due_amount`
ORDER BY `s`.`sales_date` DESC, `s`.`sales_id` DESC')
 3 SYSTEMPATH\Database\BaseConnection.php(646): CodeIgniter\Database\BaseConnection->simpleQuery('SELECT s.sales_id,
                                        s.sales_invoice,
                                        s.sales_date,
                            
                                        s.grand_total,
                                        s.product_discount,
                                        s.product_vat,
                                        s.other_charge_on_all,
                            
                                        s.paid_amount,
                            
                                        IFNULL(c.customer_name, \'Walk-In Customer\') AS customer_name,
                                        u.user_name AS seller_name,
                            
                                        COALESCE(cd.due_amount,0) AS due_amount,
                            
                                        COALESCE(SUM(cdp.paid_amount),0) AS due_paid,
                            
                                        (
                                            COALESCE(cd.due_amount,0)
                                            -
                                            COALESCE(SUM(cdp.paid_amount),0)
                                        ) AS due_balance
FROM `sales` `s`
LEFT JOIN `customer` `c` ON `c`.`customer_id` = `s`.`customer_id`
LEFT JOIN `user` `u` ON `u`.`user_id` = `s`.`seller_id`
LEFT JOIN `customer_due` `cd` ON `cd`.`sales_id` = `s`.`sales_id`
LEFT JOIN `customer_due_payment` `cdp` ON `cdp`.`due_id` = `cd`.`due_id`
GROUP BY `s`.`sales_id`, `s`.`sales_invoice`, `s`.`sales_date`, `s`.`grand_total`, `s`.`product_discount`, `s`.`product_vat`, `s`.`other_charge_on_all`, `s`.`paid_amount`, `c`.`customer_name`, `u`.`user_name`, `cd`.`due_amount`
ORDER BY `s`.`sales_date` DESC, `s`.`sales_id` DESC')
 4 SYSTEMPATH\Database\BaseBuilder.php(1649): CodeIgniter\Database\BaseConnection->query('SELECT s.sales_id,
                                        s.sales_invoice,
                                        s.sales_date,
                            
                                        s.grand_total,
                                        s.product_discount,
                                        s.product_vat,
                                        s.other_charge_on_all,
                            
                                        s.paid_amount,
                            
                                        IFNULL(c.customer_name, \'Walk-In Customer\') AS customer_name,
                                        u.user_name AS seller_name,
                            
                                        COALESCE(cd.due_amount,0) AS due_amount,
                            
                                        COALESCE(SUM(cdp.paid_amount),0) AS due_paid,
                            
                                        (
                                            COALESCE(cd.due_amount,0)
                                            -
                                            COALESCE(SUM(cdp.paid_amount),0)
                                        ) AS due_balance
FROM `sales` `s`
LEFT JOIN `customer` `c` ON `c`.`customer_id` = `s`.`customer_id`
LEFT JOIN `user` `u` ON `u`.`user_id` = `s`.`seller_id`
LEFT JOIN `customer_due` `cd` ON `cd`.`sales_id` = `s`.`sales_id`
LEFT JOIN `customer_due_payment` `cdp` ON `cdp`.`due_id` = `cd`.`due_id`
GROUP BY `s`.`sales_id`, `s`.`sales_invoice`, `s`.`sales_date`, `s`.`grand_total`, `s`.`product_discount`, `s`.`product_vat`, `s`.`other_charge_on_all`, `s`.`paid_amount`, `c`.`customer_name`, `u`.`user_name`, `cd`.`due_amount`
ORDER BY `s`.`sales_date` DESC, `s`.`sales_id` DESC', [], false)
 5 APPPATH\Models\ProductSaleModel.php(88): CodeIgniter\Database\BaseBuilder->get()
 6 APPPATH\Controllers\SaleListController.php(18): App\Models\ProductSaleModel->getSaleList()
 7 SYSTEMPATH\CodeIgniter.php(933): App\Controllers\SaleListController->index()
 8 SYSTEMPATH\CodeIgniter.php(507): CodeIgniter\CodeIgniter->runController(Object(App\Controllers\SaleListController))
 9 SYSTEMPATH\CodeIgniter.php(354): CodeIgniter\CodeIgniter->handleRequest(null, Object(Config\Cache), false)
10 SYSTEMPATH\Boot.php(363): CodeIgniter\CodeIgniter->run()
11 SYSTEMPATH\Boot.php(68): CodeIgniter\Boot::runCodeIgniter(Object(CodeIgniter\CodeIgniter))
12 FCPATH\index.php(59): CodeIgniter\Boot::bootWeb(Object(Config\Paths))
DEBUG - 2026-08-03 09:43:54 --> Session: Class initialized using 'CodeIgniter\Session\Handlers\FileHandler' driver.
ERROR - 2026-08-03 09:43:54 --> mysqli_sql_exception: Unknown column 'cdp.paid_amount' in 'field list' in C:\laragon\www\pharmacy-project\system\Database\MySQLi\Connection.php:327
Stack trace:
#0 C:\laragon\www\pharmacy-project\system\Database\MySQLi\Connection.php(327): mysqli->query('SELECT s.sales_...', 0)
#1 C:\laragon\www\pharmacy-project\system\Database\BaseConnection.php(729): CodeIgniter\Database\MySQLi\Connection->execute('SELECT s.sales_...')
#2 C:\laragon\www\pharmacy-project\system\Database\BaseConnection.php(646): CodeIgniter\Database\BaseConnection->simpleQuery('SELECT s.sales_...')
#3 C:\laragon\www\pharmacy-project\system\Database\BaseBuilder.php(1649): CodeIgniter\Database\BaseConnection->query('SELECT s.sales_...', Array, false)
#4 C:\laragon\www\pharmacy-project\app\Models\ProductSaleModel.php(88): CodeIgniter\Database\BaseBuilder->get()
#5 C:\laragon\www\pharmacy-project\app\Controllers\SaleListController.php(18): App\Models\ProductSaleModel->getSaleList()
#6 C:\laragon\www\pharmacy-project\system\CodeIgniter.php(933): App\Controllers\SaleListController->index()
#7 C:\laragon\www\pharmacy-project\system\CodeIgniter.php(507): CodeIgniter\CodeIgniter->runController(Object(App\Controllers\SaleListController))
#8 C:\laragon\www\pharmacy-project\system\CodeIgniter.php(354): CodeIgniter\CodeIgniter->handleRequest(NULL, Object(Config\Cache), false)
#9 C:\laragon\www\pharmacy-project\system\Boot.php(363): CodeIgniter\CodeIgniter->run()
#10 C:\laragon\www\pharmacy-project\system\Boot.php(68): CodeIgniter\Boot::runCodeIgniter(Object(CodeIgniter\CodeIgniter))
#11 C:\laragon\www\pharmacy-project\index.php(59): CodeIgniter\Boot::bootWeb(Object(Config\Paths))
#12 {main}
CRITICAL - 2026-08-03 09:43:54 --> CodeIgniter\Database\Exceptions\DatabaseException: Unknown column 'cdp.paid_amount' in 'field list'
[Method: GET, Route: salelist]
in SYSTEMPATH\Database\BaseConnection.php on line 684.
 1 SYSTEMPATH\Database\BaseBuilder.php(1649): CodeIgniter\Database\BaseConnection->query('SELECT s.sales_id,
                                        s.sales_invoice,
                                        s.sales_date,
                            
                                        s.grand_total,
                                        s.product_discount,
                                        s.product_vat,
                                        s.other_charge_on_all,
                            
                                        s.paid_amount,
                            
                                        IFNULL(c.customer_name, \'Walk-In Customer\') AS customer_name,
                                        u.user_name AS seller_name,
                            
                                        COALESCE(cd.due_amount,0) AS due_amount,
                            
                                        COALESCE(SUM(cdp.paid_amount),0) AS due_paid,
                            
                                        (
                                            COALESCE(cd.due_amount,0)
                                            -
                                            COALESCE(SUM(cdp.paid_amount),0)
                                        ) AS due_balance
FROM `sales` `s`
LEFT JOIN `customer` `c` ON `c`.`customer_id` = `s`.`customer_id`
LEFT JOIN `user` `u` ON `u`.`user_id` = `s`.`seller_id`
LEFT JOIN `customer_due` `cd` ON `cd`.`sales_id` = `s`.`sales_id`
LEFT JOIN `customer_due_payment` `cdp` ON `cdp`.`due_id` = `cd`.`due_id`
GROUP BY `s`.`sales_id`, `s`.`sales_invoice`, `s`.`sales_date`, `s`.`grand_total`, `s`.`product_discount`, `s`.`product_vat`, `s`.`other_charge_on_all`, `s`.`paid_amount`, `c`.`customer_name`, `u`.`user_name`, `cd`.`due_amount`
ORDER BY `s`.`sales_date` DESC, `s`.`sales_id` DESC', [], false)
 2 APPPATH\Models\ProductSaleModel.php(88): CodeIgniter\Database\BaseBuilder->get()
 3 APPPATH\Controllers\SaleListController.php(18): App\Models\ProductSaleModel->getSaleList()
 4 SYSTEMPATH\CodeIgniter.php(933): App\Controllers\SaleListController->index()
 5 SYSTEMPATH\CodeIgniter.php(507): CodeIgniter\CodeIgniter->runController(Object(App\Controllers\SaleListController))
 6 SYSTEMPATH\CodeIgniter.php(354): CodeIgniter\CodeIgniter->handleRequest(null, Object(Config\Cache), false)
 7 SYSTEMPATH\Boot.php(363): CodeIgniter\CodeIgniter->run()
 8 SYSTEMPATH\Boot.php(68): CodeIgniter\Boot::runCodeIgniter(Object(CodeIgniter\CodeIgniter))
 9 FCPATH\index.php(59): CodeIgniter\Boot::bootWeb(Object(Config\Paths))
CRITICAL - 2026-08-03 09:43:54 --> [Caused by] CodeIgniter\Database\Exceptions\DatabaseException: Unknown column 'cdp.paid_amount' in 'field list'
in SYSTEMPATH\Database\MySQLi\Connection.php on line 332.
 1 SYSTEMPATH\Database\BaseConnection.php(729): CodeIgniter\Database\MySQLi\Connection->execute('SELECT s.sales_id,
                                        s.sales_invoice,
                                        s.sales_date,
                            
                                        s.grand_total,
                                        s.product_discount,
                                        s.product_vat,
                                        s.other_charge_on_all,
                            
                                        s.paid_amount,
                            
                                        IFNULL(c.customer_name, \'Walk-In Customer\') AS customer_name,
                                        u.user_name AS seller_name,
                            
                                        COALESCE(cd.due_amount,0) AS due_amount,
                            
                                        COALESCE(SUM(cdp.paid_amount),0) AS due_paid,
                            
                                        (
                                            COALESCE(cd.due_amount,0)
                                            -
                                            COALESCE(SUM(cdp.paid_amount),0)
                                        ) AS due_balance
FROM `sales` `s`
LEFT JOIN `customer` `c` ON `c`.`customer_id` = `s`.`customer_id`
LEFT JOIN `user` `u` ON `u`.`user_id` = `s`.`seller_id`
LEFT JOIN `customer_due` `cd` ON `cd`.`sales_id` = `s`.`sales_id`
LEFT JOIN `customer_due_payment` `cdp` ON `cdp`.`due_id` = `cd`.`due_id`
GROUP BY `s`.`sales_id`, `s`.`sales_invoice`, `s`.`sales_date`, `s`.`grand_total`, `s`.`product_discount`, `s`.`product_vat`, `s`.`other_charge_on_all`, `s`.`paid_amount`, `c`.`customer_name`, `u`.`user_name`, `cd`.`due_amount`
ORDER BY `s`.`sales_date` DESC, `s`.`sales_id` DESC')
 2 SYSTEMPATH\Database\BaseConnection.php(646): CodeIgniter\Database\BaseConnection->simpleQuery('SELECT s.sales_id,
                                        s.sales_invoice,
                                        s.sales_date,
                            
                                        s.grand_total,
                                        s.product_discount,
                                        s.product_vat,
                                        s.other_charge_on_all,
                            
                                        s.paid_amount,
                            
                                        IFNULL(c.customer_name, \'Walk-In Customer\') AS customer_name,
                                        u.user_name AS seller_name,
                            
                                        COALESCE(cd.due_amount,0) AS due_amount,
                            
                                        COALESCE(SUM(cdp.paid_amount),0) AS due_paid,
                            
                                        (
                                            COALESCE(cd.due_amount,0)
                                            -
                                            COALESCE(SUM(cdp.paid_amount),0)
                                        ) AS due_balance
FROM `sales` `s`
LEFT JOIN `customer` `c` ON `c`.`customer_id` = `s`.`customer_id`
LEFT JOIN `user` `u` ON `u`.`user_id` = `s`.`seller_id`
LEFT JOIN `customer_due` `cd` ON `cd`.`sales_id` = `s`.`sales_id`
LEFT JOIN `customer_due_payment` `cdp` ON `cdp`.`due_id` = `cd`.`due_id`
GROUP BY `s`.`sales_id`, `s`.`sales_invoice`, `s`.`sales_date`, `s`.`grand_total`, `s`.`product_discount`, `s`.`product_vat`, `s`.`other_charge_on_all`, `s`.`paid_amount`, `c`.`customer_name`, `u`.`user_name`, `cd`.`due_amount`
ORDER BY `s`.`sales_date` DESC, `s`.`sales_id` DESC')
 3 SYSTEMPATH\Database\BaseBuilder.php(1649): CodeIgniter\Database\BaseConnection->query('SELECT s.sales_id,
                                        s.sales_invoice,
                                        s.sales_date,
                            
                                        s.grand_total,
                                        s.product_discount,
                                        s.product_vat,
                                        s.other_charge_on_all,
                            
                                        s.paid_amount,
                            
                                        IFNULL(c.customer_name, \'Walk-In Customer\') AS customer_name,
                                        u.user_name AS seller_name,
                            
                                        COALESCE(cd.due_amount,0) AS due_amount,
                            
                                        COALESCE(SUM(cdp.paid_amount),0) AS due_paid,
                            
                                        (
                                            COALESCE(cd.due_amount,0)
                                            -
                                            COALESCE(SUM(cdp.paid_amount),0)
                                        ) AS due_balance
FROM `sales` `s`
LEFT JOIN `customer` `c` ON `c`.`customer_id` = `s`.`customer_id`
LEFT JOIN `user` `u` ON `u`.`user_id` = `s`.`seller_id`
LEFT JOIN `customer_due` `cd` ON `cd`.`sales_id` = `s`.`sales_id`
LEFT JOIN `customer_due_payment` `cdp` ON `cdp`.`due_id` = `cd`.`due_id`
GROUP BY `s`.`sales_id`, `s`.`sales_invoice`, `s`.`sales_date`, `s`.`grand_total`, `s`.`product_discount`, `s`.`product_vat`, `s`.`other_charge_on_all`, `s`.`paid_amount`, `c`.`customer_name`, `u`.`user_name`, `cd`.`due_amount`
ORDER BY `s`.`sales_date` DESC, `s`.`sales_id` DESC', [], false)
 4 APPPATH\Models\ProductSaleModel.php(88): CodeIgniter\Database\BaseBuilder->get()
 5 APPPATH\Controllers\SaleListController.php(18): App\Models\ProductSaleModel->getSaleList()
 6 SYSTEMPATH\CodeIgniter.php(933): App\Controllers\SaleListController->index()
 7 SYSTEMPATH\CodeIgniter.php(507): CodeIgniter\CodeIgniter->runController(Object(App\Controllers\SaleListController))
 8 SYSTEMPATH\CodeIgniter.php(354): CodeIgniter\CodeIgniter->handleRequest(null, Object(Config\Cache), false)
 9 SYSTEMPATH\Boot.php(363): CodeIgniter\CodeIgniter->run()
10 SYSTEMPATH\Boot.php(68): CodeIgniter\Boot::runCodeIgniter(Object(CodeIgniter\CodeIgniter))
11 FCPATH\index.php(59): CodeIgniter\Boot::bootWeb(Object(Config\Paths))
CRITICAL - 2026-08-03 09:43:54 --> [Caused by] mysqli_sql_exception: Unknown column 'cdp.paid_amount' in 'field list'
in SYSTEMPATH\Database\MySQLi\Connection.php on line 327.
 1 SYSTEMPATH\Database\MySQLi\Connection.php(327): mysqli->query('SELECT s.sales_id,
                                        s.sales_invoice,
                                        s.sales_date,
                            
                                        s.grand_total,
                                        s.product_discount,
                                        s.product_vat,
                                        s.other_charge_on_all,
                            
                                        s.paid_amount,
                            
                                        IFNULL(c.customer_name, \'Walk-In Customer\') AS customer_name,
                                        u.user_name AS seller_name,
                            
                                        COALESCE(cd.due_amount,0) AS due_amount,
                            
                                        COALESCE(SUM(cdp.paid_amount),0) AS due_paid,
                            
                                        (
                                            COALESCE(cd.due_amount,0)
                                            -
                                            COALESCE(SUM(cdp.paid_amount),0)
                                        ) AS due_balance
FROM `sales` `s`
LEFT JOIN `customer` `c` ON `c`.`customer_id` = `s`.`customer_id`
LEFT JOIN `user` `u` ON `u`.`user_id` = `s`.`seller_id`
LEFT JOIN `customer_due` `cd` ON `cd`.`sales_id` = `s`.`sales_id`
LEFT JOIN `customer_due_payment` `cdp` ON `cdp`.`due_id` = `cd`.`due_id`
GROUP BY `s`.`sales_id`, `s`.`sales_invoice`, `s`.`sales_date`, `s`.`grand_total`, `s`.`product_discount`, `s`.`product_vat`, `s`.`other_charge_on_all`, `s`.`paid_amount`, `c`.`customer_name`, `u`.`user_name`, `cd`.`due_amount`
ORDER BY `s`.`sales_date` DESC, `s`.`sales_id` DESC', 0)
 2 SYSTEMPATH\Database\BaseConnection.php(729): CodeIgniter\Database\MySQLi\Connection->execute('SELECT s.sales_id,
                                        s.sales_invoice,
                                        s.sales_date,
                            
                                        s.grand_total,
                                        s.product_discount,
                                        s.product_vat,
                                        s.other_charge_on_all,
                            
                                        s.paid_amount,
                            
                                        IFNULL(c.customer_name, \'Walk-In Customer\') AS customer_name,
                                        u.user_name AS seller_name,
                            
                                        COALESCE(cd.due_amount,0) AS due_amount,
                            
                                        COALESCE(SUM(cdp.paid_amount),0) AS due_paid,
                            
                                        (
                                            COALESCE(cd.due_amount,0)
                                            -
                                            COALESCE(SUM(cdp.paid_amount),0)
                                        ) AS due_balance
FROM `sales` `s`
LEFT JOIN `customer` `c` ON `c`.`customer_id` = `s`.`customer_id`
LEFT JOIN `user` `u` ON `u`.`user_id` = `s`.`seller_id`
LEFT JOIN `customer_due` `cd` ON `cd`.`sales_id` = `s`.`sales_id`
LEFT JOIN `customer_due_payment` `cdp` ON `cdp`.`due_id` = `cd`.`due_id`
GROUP BY `s`.`sales_id`, `s`.`sales_invoice`, `s`.`sales_date`, `s`.`grand_total`, `s`.`product_discount`, `s`.`product_vat`, `s`.`other_charge_on_all`, `s`.`paid_amount`, `c`.`customer_name`, `u`.`user_name`, `cd`.`due_amount`
ORDER BY `s`.`sales_date` DESC, `s`.`sales_id` DESC')
 3 SYSTEMPATH\Database\BaseConnection.php(646): CodeIgniter\Database\BaseConnection->simpleQuery('SELECT s.sales_id,
                                        s.sales_invoice,
                                        s.sales_date,
                            
                                        s.grand_total,
                                        s.product_discount,
                                        s.product_vat,
                                        s.other_charge_on_all,
                            
                                        s.paid_amount,
                            
                                        IFNULL(c.customer_name, \'Walk-In Customer\') AS customer_name,
                                        u.user_name AS seller_name,
                            
                                        COALESCE(cd.due_amount,0) AS due_amount,
                            
                                        COALESCE(SUM(cdp.paid_amount),0) AS due_paid,
                            
                                        (
                                            COALESCE(cd.due_amount,0)
                                            -
                                            COALESCE(SUM(cdp.paid_amount),0)
                                        ) AS due_balance
FROM `sales` `s`
LEFT JOIN `customer` `c` ON `c`.`customer_id` = `s`.`customer_id`
LEFT JOIN `user` `u` ON `u`.`user_id` = `s`.`seller_id`
LEFT JOIN `customer_due` `cd` ON `cd`.`sales_id` = `s`.`sales_id`
LEFT JOIN `customer_due_payment` `cdp` ON `cdp`.`due_id` = `cd`.`due_id`
GROUP BY `s`.`sales_id`, `s`.`sales_invoice`, `s`.`sales_date`, `s`.`grand_total`, `s`.`product_discount`, `s`.`product_vat`, `s`.`other_charge_on_all`, `s`.`paid_amount`, `c`.`customer_name`, `u`.`user_name`, `cd`.`due_amount`
ORDER BY `s`.`sales_date` DESC, `s`.`sales_id` DESC')
 4 SYSTEMPATH\Database\BaseBuilder.php(1649): CodeIgniter\Database\BaseConnection->query('SELECT s.sales_id,
                                        s.sales_invoice,
                                        s.sales_date,
                            
                                        s.grand_total,
                                        s.product_discount,
                                        s.product_vat,
                                        s.other_charge_on_all,
                            
                                        s.paid_amount,
                            
                                        IFNULL(c.customer_name, \'Walk-In Customer\') AS customer_name,
                                        u.user_name AS seller_name,
                            
                                        COALESCE(cd.due_amount,0) AS due_amount,
                            
                                        COALESCE(SUM(cdp.paid_amount),0) AS due_paid,
                            
                                        (
                                            COALESCE(cd.due_amount,0)
                                            -
                                            COALESCE(SUM(cdp.paid_amount),0)
                                        ) AS due_balance
FROM `sales` `s`
LEFT JOIN `customer` `c` ON `c`.`customer_id` = `s`.`customer_id`
LEFT JOIN `user` `u` ON `u`.`user_id` = `s`.`seller_id`
LEFT JOIN `customer_due` `cd` ON `cd`.`sales_id` = `s`.`sales_id`
LEFT JOIN `customer_due_payment` `cdp` ON `cdp`.`due_id` = `cd`.`due_id`
GROUP BY `s`.`sales_id`, `s`.`sales_invoice`, `s`.`sales_date`, `s`.`grand_total`, `s`.`product_discount`, `s`.`product_vat`, `s`.`other_charge_on_all`, `s`.`paid_amount`, `c`.`customer_name`, `u`.`user_name`, `cd`.`due_amount`
ORDER BY `s`.`sales_date` DESC, `s`.`sales_id` DESC', [], false)
 5 APPPATH\Models\ProductSaleModel.php(88): CodeIgniter\Database\BaseBuilder->get()
 6 APPPATH\Controllers\SaleListController.php(18): App\Models\ProductSaleModel->getSaleList()
 7 SYSTEMPATH\CodeIgniter.php(933): App\Controllers\SaleListController->index()
 8 SYSTEMPATH\CodeIgniter.php(507): CodeIgniter\CodeIgniter->runController(Object(App\Controllers\SaleListController))
 9 SYSTEMPATH\CodeIgniter.php(354): CodeIgniter\CodeIgniter->handleRequest(null, Object(Config\Cache), false)
10 SYSTEMPATH\Boot.php(363): CodeIgniter\CodeIgniter->run()
11 SYSTEMPATH\Boot.php(68): CodeIgniter\Boot::runCodeIgniter(Object(CodeIgniter\CodeIgniter))
12 FCPATH\index.php(59): CodeIgniter\Boot::bootWeb(Object(Config\Paths))
DEBUG - 2026-08-03 09:46:49 --> Session: Class initialized using 'CodeIgniter\Session\Handlers\FileHandler' driver.
DEBUG - 2026-08-03 09:54:30 --> Session: Class initialized using 'CodeIgniter\Session\Handlers\FileHandler' driver.
