DEBUG - 2026-08-01 01:29:15 --> Session: Class initialized using 'CodeIgniter\Session\Handlers\FileHandler' driver.
DEBUG - 2026-08-01 01:29:25 --> Session: Class initialized using 'CodeIgniter\Session\Handlers\FileHandler' driver.
DEBUG - 2026-08-01 01:29:26 --> Session: Class initialized using 'CodeIgniter\Session\Handlers\FileHandler' driver.
DEBUG - 2026-08-01 01:32:02 --> Session: Class initialized using 'CodeIgniter\Session\Handlers\FileHandler' driver.
ERROR - 2026-08-01 01:32:03 --> mysqli_sql_exception: Unknown column 'pr.cost_without_vat' in 'field list' in C:\laragon\www\pharmacy-project\system\Database\MySQLi\Connection.php:327
Stack trace:
#0 C:\laragon\www\pharmacy-project\system\Database\MySQLi\Connection.php(327): mysqli->query('SELECT `pr`.`pr...', 0)
#1 C:\laragon\www\pharmacy-project\system\Database\BaseConnection.php(729): CodeIgniter\Database\MySQLi\Connection->execute('SELECT `pr`.`pr...')
#2 C:\laragon\www\pharmacy-project\system\Database\BaseConnection.php(646): CodeIgniter\Database\BaseConnection->simpleQuery('SELECT `pr`.`pr...')
#3 C:\laragon\www\pharmacy-project\system\Database\BaseBuilder.php(1649): CodeIgniter\Database\BaseConnection->query('SELECT `pr`.`pr...', Array, false)
#4 C:\laragon\www\pharmacy-project\app\Models\ProductModel.php(241): CodeIgniter\Database\BaseBuilder->get()
#5 C:\laragon\www\pharmacy-project\app\Controllers\ProductController.php(46): App\Models\ProductModel->getProductList()
#6 C:\laragon\www\pharmacy-project\system\CodeIgniter.php(933): App\Controllers\ProductController->index()
#7 C:\laragon\www\pharmacy-project\system\CodeIgniter.php(507): CodeIgniter\CodeIgniter->runController(Object(App\Controllers\ProductController))
#8 C:\laragon\www\pharmacy-project\system\CodeIgniter.php(354): CodeIgniter\CodeIgniter->handleRequest(NULL, Object(Config\Cache), false)
#9 C:\laragon\www\pharmacy-project\system\Boot.php(363): CodeIgniter\CodeIgniter->run()
#10 C:\laragon\www\pharmacy-project\system\Boot.php(68): CodeIgniter\Boot::runCodeIgniter(Object(CodeIgniter\CodeIgniter))
#11 C:\laragon\www\pharmacy-project\index.php(59): CodeIgniter\Boot::bootWeb(Object(Config\Paths))
#12 {main}
CRITICAL - 2026-08-01 01:32:03 --> CodeIgniter\Database\Exceptions\DatabaseException: Unknown column 'pr.cost_without_vat' in 'field list'
[Method: GET, Route: products]
in SYSTEMPATH\Database\BaseConnection.php on line 684.
 1 SYSTEMPATH\Database\BaseBuilder.php(1649): CodeIgniter\Database\BaseConnection->query('SELECT `pr`.`product_id`, `pr`.`product_name`, `pr`.`product_category`, `pr`.`product_brand`, `pr`.`product_group`, `pr`.`product_strength`, `pr`.`product_unit`, `pr`.`sku`, `pr`.`barcode`, `pr`.`cost_without_vat`, `pr`.`tax_type`, `pr`.`tax_id`, `pr`.`tax_amount`, `pr`.`purchase_price`, `pr`.`profit_margin_percent`, `pr`.`selling_price`, `pr`.`alert_quantity`, `pr`.`product_image`, `pr`.`status`, `pc`.`category_name`, `pg`.`group_name`, `pb`.`product_brand_name`, `pu`.`product_unit_name`, `ps`.`strength_name`, `tx`.`tax_name`, `tx`.`tax_percentage`, COALESCE(SUM(os.quantity), 0) AS opening_stock
FROM `products` `pr`
LEFT JOIN `product_category` `pc` ON `pc`.`product_category_id` = `pr`.`product_category`
LEFT JOIN `product_group` `pg` ON `pg`.`product_group_id` = `pr`.`product_group`
LEFT JOIN `product_brand` `pb` ON `pb`.`brand_id` = `pr`.`product_brand`
LEFT JOIN `product_unit` `pu` ON `pu`.`product_unit_id` = `pr`.`product_unit`
LEFT JOIN `product_strength` `ps` ON `ps`.`strength_id` = `pr`.`product_strength`
LEFT JOIN `tax` `tx` ON `tx`.`tax_id` = `pr`.`tax_id`
LEFT JOIN `product_opening_stock` `os` ON `os`.`product_id` = `pr`.`product_id`
WHERE `pr`.`status` = :pr.status:
GROUP BY `pr`.`product_id`
ORDER BY `pr`.`product_name` ASC', [...], false)
 2 APPPATH\Models\ProductModel.php(241): CodeIgniter\Database\BaseBuilder->get()
 3 APPPATH\Controllers\ProductController.php(46): App\Models\ProductModel->getProductList()
 4 SYSTEMPATH\CodeIgniter.php(933): App\Controllers\ProductController->index()
 5 SYSTEMPATH\CodeIgniter.php(507): CodeIgniter\CodeIgniter->runController(Object(App\Controllers\ProductController))
 6 SYSTEMPATH\CodeIgniter.php(354): CodeIgniter\CodeIgniter->handleRequest(null, Object(Config\Cache), false)
 7 SYSTEMPATH\Boot.php(363): CodeIgniter\CodeIgniter->run()
 8 SYSTEMPATH\Boot.php(68): CodeIgniter\Boot::runCodeIgniter(Object(CodeIgniter\CodeIgniter))
 9 FCPATH\index.php(59): CodeIgniter\Boot::bootWeb(Object(Config\Paths))
CRITICAL - 2026-08-01 01:32:03 --> [Caused by] CodeIgniter\Database\Exceptions\DatabaseException: Unknown column 'pr.cost_without_vat' in 'field list'
in SYSTEMPATH\Database\MySQLi\Connection.php on line 332.
 1 SYSTEMPATH\Database\BaseConnection.php(729): CodeIgniter\Database\MySQLi\Connection->execute('SELECT `pr`.`product_id`, `pr`.`product_name`, `pr`.`product_category`, `pr`.`product_brand`, `pr`.`product_group`, `pr`.`product_strength`, `pr`.`product_unit`, `pr`.`sku`, `pr`.`barcode`, `pr`.`cost_without_vat`, `pr`.`tax_type`, `pr`.`tax_id`, `pr`.`tax_amount`, `pr`.`purchase_price`, `pr`.`profit_margin_percent`, `pr`.`selling_price`, `pr`.`alert_quantity`, `pr`.`product_image`, `pr`.`status`, `pc`.`category_name`, `pg`.`group_name`, `pb`.`product_brand_name`, `pu`.`product_unit_name`, `ps`.`strength_name`, `tx`.`tax_name`, `tx`.`tax_percentage`, COALESCE(SUM(os.quantity), 0) AS opening_stock
FROM `products` `pr`
LEFT JOIN `product_category` `pc` ON `pc`.`product_category_id` = `pr`.`product_category`
LEFT JOIN `product_group` `pg` ON `pg`.`product_group_id` = `pr`.`product_group`
LEFT JOIN `product_brand` `pb` ON `pb`.`brand_id` = `pr`.`product_brand`
LEFT JOIN `product_unit` `pu` ON `pu`.`product_unit_id` = `pr`.`product_unit`
LEFT JOIN `product_strength` `ps` ON `ps`.`strength_id` = `pr`.`product_strength`
LEFT JOIN `tax` `tx` ON `tx`.`tax_id` = `pr`.`tax_id`
LEFT JOIN `product_opening_stock` `os` ON `os`.`product_id` = `pr`.`product_id`
WHERE `pr`.`status` = \'active\'
GROUP BY `pr`.`product_id`
ORDER BY `pr`.`product_name` ASC')
 2 SYSTEMPATH\Database\BaseConnection.php(646): CodeIgniter\Database\BaseConnection->simpleQuery('SELECT `pr`.`product_id`, `pr`.`product_name`, `pr`.`product_category`, `pr`.`product_brand`, `pr`.`product_group`, `pr`.`product_strength`, `pr`.`product_unit`, `pr`.`sku`, `pr`.`barcode`, `pr`.`cost_without_vat`, `pr`.`tax_type`, `pr`.`tax_id`, `pr`.`tax_amount`, `pr`.`purchase_price`, `pr`.`profit_margin_percent`, `pr`.`selling_price`, `pr`.`alert_quantity`, `pr`.`product_image`, `pr`.`status`, `pc`.`category_name`, `pg`.`group_name`, `pb`.`product_brand_name`, `pu`.`product_unit_name`, `ps`.`strength_name`, `tx`.`tax_name`, `tx`.`tax_percentage`, COALESCE(SUM(os.quantity), 0) AS opening_stock
FROM `products` `pr`
LEFT JOIN `product_category` `pc` ON `pc`.`product_category_id` = `pr`.`product_category`
LEFT JOIN `product_group` `pg` ON `pg`.`product_group_id` = `pr`.`product_group`
LEFT JOIN `product_brand` `pb` ON `pb`.`brand_id` = `pr`.`product_brand`
LEFT JOIN `product_unit` `pu` ON `pu`.`product_unit_id` = `pr`.`product_unit`
LEFT JOIN `product_strength` `ps` ON `ps`.`strength_id` = `pr`.`product_strength`
LEFT JOIN `tax` `tx` ON `tx`.`tax_id` = `pr`.`tax_id`
LEFT JOIN `product_opening_stock` `os` ON `os`.`product_id` = `pr`.`product_id`
WHERE `pr`.`status` = \'active\'
GROUP BY `pr`.`product_id`
ORDER BY `pr`.`product_name` ASC')
 3 SYSTEMPATH\Database\BaseBuilder.php(1649): CodeIgniter\Database\BaseConnection->query('SELECT `pr`.`product_id`, `pr`.`product_name`, `pr`.`product_category`, `pr`.`product_brand`, `pr`.`product_group`, `pr`.`product_strength`, `pr`.`product_unit`, `pr`.`sku`, `pr`.`barcode`, `pr`.`cost_without_vat`, `pr`.`tax_type`, `pr`.`tax_id`, `pr`.`tax_amount`, `pr`.`purchase_price`, `pr`.`profit_margin_percent`, `pr`.`selling_price`, `pr`.`alert_quantity`, `pr`.`product_image`, `pr`.`status`, `pc`.`category_name`, `pg`.`group_name`, `pb`.`product_brand_name`, `pu`.`product_unit_name`, `ps`.`strength_name`, `tx`.`tax_name`, `tx`.`tax_percentage`, COALESCE(SUM(os.quantity), 0) AS opening_stock
FROM `products` `pr`
LEFT JOIN `product_category` `pc` ON `pc`.`product_category_id` = `pr`.`product_category`
LEFT JOIN `product_group` `pg` ON `pg`.`product_group_id` = `pr`.`product_group`
LEFT JOIN `product_brand` `pb` ON `pb`.`brand_id` = `pr`.`product_brand`
LEFT JOIN `product_unit` `pu` ON `pu`.`product_unit_id` = `pr`.`product_unit`
LEFT JOIN `product_strength` `ps` ON `ps`.`strength_id` = `pr`.`product_strength`
LEFT JOIN `tax` `tx` ON `tx`.`tax_id` = `pr`.`tax_id`
LEFT JOIN `product_opening_stock` `os` ON `os`.`product_id` = `pr`.`product_id`
WHERE `pr`.`status` = :pr.status:
GROUP BY `pr`.`product_id`
ORDER BY `pr`.`product_name` ASC', [...], false)
 4 APPPATH\Models\ProductModel.php(241): CodeIgniter\Database\BaseBuilder->get()
 5 APPPATH\Controllers\ProductController.php(46): App\Models\ProductModel->getProductList()
 6 SYSTEMPATH\CodeIgniter.php(933): App\Controllers\ProductController->index()
 7 SYSTEMPATH\CodeIgniter.php(507): CodeIgniter\CodeIgniter->runController(Object(App\Controllers\ProductController))
 8 SYSTEMPATH\CodeIgniter.php(354): CodeIgniter\CodeIgniter->handleRequest(null, Object(Config\Cache), false)
 9 SYSTEMPATH\Boot.php(363): CodeIgniter\CodeIgniter->run()
10 SYSTEMPATH\Boot.php(68): CodeIgniter\Boot::runCodeIgniter(Object(CodeIgniter\CodeIgniter))
11 FCPATH\index.php(59): CodeIgniter\Boot::bootWeb(Object(Config\Paths))
CRITICAL - 2026-08-01 01:32:03 --> [Caused by] mysqli_sql_exception: Unknown column 'pr.cost_without_vat' in 'field list'
in SYSTEMPATH\Database\MySQLi\Connection.php on line 327.
 1 SYSTEMPATH\Database\MySQLi\Connection.php(327): mysqli->query('SELECT `pr`.`product_id`, `pr`.`product_name`, `pr`.`product_category`, `pr`.`product_brand`, `pr`.`product_group`, `pr`.`product_strength`, `pr`.`product_unit`, `pr`.`sku`, `pr`.`barcode`, `pr`.`cost_without_vat`, `pr`.`tax_type`, `pr`.`tax_id`, `pr`.`tax_amount`, `pr`.`purchase_price`, `pr`.`profit_margin_percent`, `pr`.`selling_price`, `pr`.`alert_quantity`, `pr`.`product_image`, `pr`.`status`, `pc`.`category_name`, `pg`.`group_name`, `pb`.`product_brand_name`, `pu`.`product_unit_name`, `ps`.`strength_name`, `tx`.`tax_name`, `tx`.`tax_percentage`, COALESCE(SUM(os.quantity), 0) AS opening_stock
FROM `products` `pr`
LEFT JOIN `product_category` `pc` ON `pc`.`product_category_id` = `pr`.`product_category`
LEFT JOIN `product_group` `pg` ON `pg`.`product_group_id` = `pr`.`product_group`
LEFT JOIN `product_brand` `pb` ON `pb`.`brand_id` = `pr`.`product_brand`
LEFT JOIN `product_unit` `pu` ON `pu`.`product_unit_id` = `pr`.`product_unit`
LEFT JOIN `product_strength` `ps` ON `ps`.`strength_id` = `pr`.`product_strength`
LEFT JOIN `tax` `tx` ON `tx`.`tax_id` = `pr`.`tax_id`
LEFT JOIN `product_opening_stock` `os` ON `os`.`product_id` = `pr`.`product_id`
WHERE `pr`.`status` = \'active\'
GROUP BY `pr`.`product_id`
ORDER BY `pr`.`product_name` ASC', 0)
 2 SYSTEMPATH\Database\BaseConnection.php(729): CodeIgniter\Database\MySQLi\Connection->execute('SELECT `pr`.`product_id`, `pr`.`product_name`, `pr`.`product_category`, `pr`.`product_brand`, `pr`.`product_group`, `pr`.`product_strength`, `pr`.`product_unit`, `pr`.`sku`, `pr`.`barcode`, `pr`.`cost_without_vat`, `pr`.`tax_type`, `pr`.`tax_id`, `pr`.`tax_amount`, `pr`.`purchase_price`, `pr`.`profit_margin_percent`, `pr`.`selling_price`, `pr`.`alert_quantity`, `pr`.`product_image`, `pr`.`status`, `pc`.`category_name`, `pg`.`group_name`, `pb`.`product_brand_name`, `pu`.`product_unit_name`, `ps`.`strength_name`, `tx`.`tax_name`, `tx`.`tax_percentage`, COALESCE(SUM(os.quantity), 0) AS opening_stock
FROM `products` `pr`
LEFT JOIN `product_category` `pc` ON `pc`.`product_category_id` = `pr`.`product_category`
LEFT JOIN `product_group` `pg` ON `pg`.`product_group_id` = `pr`.`product_group`
LEFT JOIN `product_brand` `pb` ON `pb`.`brand_id` = `pr`.`product_brand`
LEFT JOIN `product_unit` `pu` ON `pu`.`product_unit_id` = `pr`.`product_unit`
LEFT JOIN `product_strength` `ps` ON `ps`.`strength_id` = `pr`.`product_strength`
LEFT JOIN `tax` `tx` ON `tx`.`tax_id` = `pr`.`tax_id`
LEFT JOIN `product_opening_stock` `os` ON `os`.`product_id` = `pr`.`product_id`
WHERE `pr`.`status` = \'active\'
GROUP BY `pr`.`product_id`
ORDER BY `pr`.`product_name` ASC')
 3 SYSTEMPATH\Database\BaseConnection.php(646): CodeIgniter\Database\BaseConnection->simpleQuery('SELECT `pr`.`product_id`, `pr`.`product_name`, `pr`.`product_category`, `pr`.`product_brand`, `pr`.`product_group`, `pr`.`product_strength`, `pr`.`product_unit`, `pr`.`sku`, `pr`.`barcode`, `pr`.`cost_without_vat`, `pr`.`tax_type`, `pr`.`tax_id`, `pr`.`tax_amount`, `pr`.`purchase_price`, `pr`.`profit_margin_percent`, `pr`.`selling_price`, `pr`.`alert_quantity`, `pr`.`product_image`, `pr`.`status`, `pc`.`category_name`, `pg`.`group_name`, `pb`.`product_brand_name`, `pu`.`product_unit_name`, `ps`.`strength_name`, `tx`.`tax_name`, `tx`.`tax_percentage`, COALESCE(SUM(os.quantity), 0) AS opening_stock
FROM `products` `pr`
LEFT JOIN `product_category` `pc` ON `pc`.`product_category_id` = `pr`.`product_category`
LEFT JOIN `product_group` `pg` ON `pg`.`product_group_id` = `pr`.`product_group`
LEFT JOIN `product_brand` `pb` ON `pb`.`brand_id` = `pr`.`product_brand`
LEFT JOIN `product_unit` `pu` ON `pu`.`product_unit_id` = `pr`.`product_unit`
LEFT JOIN `product_strength` `ps` ON `ps`.`strength_id` = `pr`.`product_strength`
LEFT JOIN `tax` `tx` ON `tx`.`tax_id` = `pr`.`tax_id`
LEFT JOIN `product_opening_stock` `os` ON `os`.`product_id` = `pr`.`product_id`
WHERE `pr`.`status` = \'active\'
GROUP BY `pr`.`product_id`
ORDER BY `pr`.`product_name` ASC')
 4 SYSTEMPATH\Database\BaseBuilder.php(1649): CodeIgniter\Database\BaseConnection->query('SELECT `pr`.`product_id`, `pr`.`product_name`, `pr`.`product_category`, `pr`.`product_brand`, `pr`.`product_group`, `pr`.`product_strength`, `pr`.`product_unit`, `pr`.`sku`, `pr`.`barcode`, `pr`.`cost_without_vat`, `pr`.`tax_type`, `pr`.`tax_id`, `pr`.`tax_amount`, `pr`.`purchase_price`, `pr`.`profit_margin_percent`, `pr`.`selling_price`, `pr`.`alert_quantity`, `pr`.`product_image`, `pr`.`status`, `pc`.`category_name`, `pg`.`group_name`, `pb`.`product_brand_name`, `pu`.`product_unit_name`, `ps`.`strength_name`, `tx`.`tax_name`, `tx`.`tax_percentage`, COALESCE(SUM(os.quantity), 0) AS opening_stock
FROM `products` `pr`
LEFT JOIN `product_category` `pc` ON `pc`.`product_category_id` = `pr`.`product_category`
LEFT JOIN `product_group` `pg` ON `pg`.`product_group_id` = `pr`.`product_group`
LEFT JOIN `product_brand` `pb` ON `pb`.`brand_id` = `pr`.`product_brand`
LEFT JOIN `product_unit` `pu` ON `pu`.`product_unit_id` = `pr`.`product_unit`
LEFT JOIN `product_strength` `ps` ON `ps`.`strength_id` = `pr`.`product_strength`
LEFT JOIN `tax` `tx` ON `tx`.`tax_id` = `pr`.`tax_id`
LEFT JOIN `product_opening_stock` `os` ON `os`.`product_id` = `pr`.`product_id`
WHERE `pr`.`status` = :pr.status:
GROUP BY `pr`.`product_id`
ORDER BY `pr`.`product_name` ASC', [...], false)
 5 APPPATH\Models\ProductModel.php(241): CodeIgniter\Database\BaseBuilder->get()
 6 APPPATH\Controllers\ProductController.php(46): App\Models\ProductModel->getProductList()
 7 SYSTEMPATH\CodeIgniter.php(933): App\Controllers\ProductController->index()
 8 SYSTEMPATH\CodeIgniter.php(507): CodeIgniter\CodeIgniter->runController(Object(App\Controllers\ProductController))
 9 SYSTEMPATH\CodeIgniter.php(354): CodeIgniter\CodeIgniter->handleRequest(null, Object(Config\Cache), false)
10 SYSTEMPATH\Boot.php(363): CodeIgniter\CodeIgniter->run()
11 SYSTEMPATH\Boot.php(68): CodeIgniter\Boot::runCodeIgniter(Object(CodeIgniter\CodeIgniter))
12 FCPATH\index.php(59): CodeIgniter\Boot::bootWeb(Object(Config\Paths))
DEBUG - 2026-08-01 01:32:21 --> Session: Class initialized using 'CodeIgniter\Session\Handlers\FileHandler' driver.
DEBUG - 2026-08-01 01:32:26 --> Session: Class initialized using 'CodeIgniter\Session\Handlers\FileHandler' driver.
DEBUG - 2026-08-01 02:10:16 --> Session: Class initialized using 'CodeIgniter\Session\Handlers\FileHandler' driver.
ERROR - 2026-08-01 02:10:17 --> mysqli_sql_exception: Unknown column 'pr.cost_without_vat' in 'field list' in C:\laragon\www\pharmacy-project\system\Database\MySQLi\Connection.php:327
Stack trace:
#0 C:\laragon\www\pharmacy-project\system\Database\MySQLi\Connection.php(327): mysqli->query('SELECT `pr`.`pr...', 0)
#1 C:\laragon\www\pharmacy-project\system\Database\BaseConnection.php(729): CodeIgniter\Database\MySQLi\Connection->execute('SELECT `pr`.`pr...')
#2 C:\laragon\www\pharmacy-project\system\Database\BaseConnection.php(646): CodeIgniter\Database\BaseConnection->simpleQuery('SELECT `pr`.`pr...')
#3 C:\laragon\www\pharmacy-project\system\Database\BaseBuilder.php(1649): CodeIgniter\Database\BaseConnection->query('SELECT `pr`.`pr...', Array, false)
#4 C:\laragon\www\pharmacy-project\app\Models\ProductModel.php(241): CodeIgniter\Database\BaseBuilder->get()
#5 C:\laragon\www\pharmacy-project\app\Controllers\ProductController.php(46): App\Models\ProductModel->getProductList()
#6 C:\laragon\www\pharmacy-project\system\CodeIgniter.php(933): App\Controllers\ProductController->index()
#7 C:\laragon\www\pharmacy-project\system\CodeIgniter.php(507): CodeIgniter\CodeIgniter->runController(Object(App\Controllers\ProductController))
#8 C:\laragon\www\pharmacy-project\system\CodeIgniter.php(354): CodeIgniter\CodeIgniter->handleRequest(NULL, Object(Config\Cache), false)
#9 C:\laragon\www\pharmacy-project\system\Boot.php(363): CodeIgniter\CodeIgniter->run()
#10 C:\laragon\www\pharmacy-project\system\Boot.php(68): CodeIgniter\Boot::runCodeIgniter(Object(CodeIgniter\CodeIgniter))
#11 C:\laragon\www\pharmacy-project\index.php(59): CodeIgniter\Boot::bootWeb(Object(Config\Paths))
#12 {main}
CRITICAL - 2026-08-01 02:10:17 --> CodeIgniter\Database\Exceptions\DatabaseException: Unknown column 'pr.cost_without_vat' in 'field list'
[Method: GET, Route: products]
in SYSTEMPATH\Database\BaseConnection.php on line 684.
 1 SYSTEMPATH\Database\BaseBuilder.php(1649): CodeIgniter\Database\BaseConnection->query('SELECT `pr`.`product_id`, `pr`.`product_name`, `pr`.`product_category`, `pr`.`product_brand`, `pr`.`product_group`, `pr`.`product_strength`, `pr`.`product_unit`, `pr`.`sku`, `pr`.`barcode`, `pr`.`cost_without_vat`, `pr`.`tax_type`, `pr`.`tax_id`, `pr`.`tax_amount`, `pr`.`purchase_price`, `pr`.`profit_margin_percent`, `pr`.`selling_price`, `pr`.`alert_quantity`, `pr`.`product_image`, `pr`.`status`, `pc`.`category_name`, `pg`.`group_name`, `pb`.`product_brand_name`, `pu`.`product_unit_name`, `ps`.`strength_name`, `tx`.`tax_name`, `tx`.`tax_percentage`, COALESCE(SUM(os.quantity), 0) AS opening_stock
FROM `products` `pr`
LEFT JOIN `product_category` `pc` ON `pc`.`product_category_id` = `pr`.`product_category`
LEFT JOIN `product_group` `pg` ON `pg`.`product_group_id` = `pr`.`product_group`
LEFT JOIN `product_brand` `pb` ON `pb`.`brand_id` = `pr`.`product_brand`
LEFT JOIN `product_unit` `pu` ON `pu`.`product_unit_id` = `pr`.`product_unit`
LEFT JOIN `product_strength` `ps` ON `ps`.`strength_id` = `pr`.`product_strength`
LEFT JOIN `tax` `tx` ON `tx`.`tax_id` = `pr`.`tax_id`
LEFT JOIN `product_opening_stock` `os` ON `os`.`product_id` = `pr`.`product_id`
WHERE `pr`.`status` = :pr.status:
GROUP BY `pr`.`product_id`
ORDER BY `pr`.`product_name` ASC', [...], false)
 2 APPPATH\Models\ProductModel.php(241): CodeIgniter\Database\BaseBuilder->get()
 3 APPPATH\Controllers\ProductController.php(46): App\Models\ProductModel->getProductList()
 4 SYSTEMPATH\CodeIgniter.php(933): App\Controllers\ProductController->index()
 5 SYSTEMPATH\CodeIgniter.php(507): CodeIgniter\CodeIgniter->runController(Object(App\Controllers\ProductController))
 6 SYSTEMPATH\CodeIgniter.php(354): CodeIgniter\CodeIgniter->handleRequest(null, Object(Config\Cache), false)
 7 SYSTEMPATH\Boot.php(363): CodeIgniter\CodeIgniter->run()
 8 SYSTEMPATH\Boot.php(68): CodeIgniter\Boot::runCodeIgniter(Object(CodeIgniter\CodeIgniter))
 9 FCPATH\index.php(59): CodeIgniter\Boot::bootWeb(Object(Config\Paths))
CRITICAL - 2026-08-01 02:10:17 --> [Caused by] CodeIgniter\Database\Exceptions\DatabaseException: Unknown column 'pr.cost_without_vat' in 'field list'
in SYSTEMPATH\Database\MySQLi\Connection.php on line 332.
 1 SYSTEMPATH\Database\BaseConnection.php(729): CodeIgniter\Database\MySQLi\Connection->execute('SELECT `pr`.`product_id`, `pr`.`product_name`, `pr`.`product_category`, `pr`.`product_brand`, `pr`.`product_group`, `pr`.`product_strength`, `pr`.`product_unit`, `pr`.`sku`, `pr`.`barcode`, `pr`.`cost_without_vat`, `pr`.`tax_type`, `pr`.`tax_id`, `pr`.`tax_amount`, `pr`.`purchase_price`, `pr`.`profit_margin_percent`, `pr`.`selling_price`, `pr`.`alert_quantity`, `pr`.`product_image`, `pr`.`status`, `pc`.`category_name`, `pg`.`group_name`, `pb`.`product_brand_name`, `pu`.`product_unit_name`, `ps`.`strength_name`, `tx`.`tax_name`, `tx`.`tax_percentage`, COALESCE(SUM(os.quantity), 0) AS opening_stock
FROM `products` `pr`
LEFT JOIN `product_category` `pc` ON `pc`.`product_category_id` = `pr`.`product_category`
LEFT JOIN `product_group` `pg` ON `pg`.`product_group_id` = `pr`.`product_group`
LEFT JOIN `product_brand` `pb` ON `pb`.`brand_id` = `pr`.`product_brand`
LEFT JOIN `product_unit` `pu` ON `pu`.`product_unit_id` = `pr`.`product_unit`
LEFT JOIN `product_strength` `ps` ON `ps`.`strength_id` = `pr`.`product_strength`
LEFT JOIN `tax` `tx` ON `tx`.`tax_id` = `pr`.`tax_id`
LEFT JOIN `product_opening_stock` `os` ON `os`.`product_id` = `pr`.`product_id`
WHERE `pr`.`status` = \'active\'
GROUP BY `pr`.`product_id`
ORDER BY `pr`.`product_name` ASC')
 2 SYSTEMPATH\Database\BaseConnection.php(646): CodeIgniter\Database\BaseConnection->simpleQuery('SELECT `pr`.`product_id`, `pr`.`product_name`, `pr`.`product_category`, `pr`.`product_brand`, `pr`.`product_group`, `pr`.`product_strength`, `pr`.`product_unit`, `pr`.`sku`, `pr`.`barcode`, `pr`.`cost_without_vat`, `pr`.`tax_type`, `pr`.`tax_id`, `pr`.`tax_amount`, `pr`.`purchase_price`, `pr`.`profit_margin_percent`, `pr`.`selling_price`, `pr`.`alert_quantity`, `pr`.`product_image`, `pr`.`status`, `pc`.`category_name`, `pg`.`group_name`, `pb`.`product_brand_name`, `pu`.`product_unit_name`, `ps`.`strength_name`, `tx`.`tax_name`, `tx`.`tax_percentage`, COALESCE(SUM(os.quantity), 0) AS opening_stock
FROM `products` `pr`
LEFT JOIN `product_category` `pc` ON `pc`.`product_category_id` = `pr`.`product_category`
LEFT JOIN `product_group` `pg` ON `pg`.`product_group_id` = `pr`.`product_group`
LEFT JOIN `product_brand` `pb` ON `pb`.`brand_id` = `pr`.`product_brand`
LEFT JOIN `product_unit` `pu` ON `pu`.`product_unit_id` = `pr`.`product_unit`
LEFT JOIN `product_strength` `ps` ON `ps`.`strength_id` = `pr`.`product_strength`
LEFT JOIN `tax` `tx` ON `tx`.`tax_id` = `pr`.`tax_id`
LEFT JOIN `product_opening_stock` `os` ON `os`.`product_id` = `pr`.`product_id`
WHERE `pr`.`status` = \'active\'
GROUP BY `pr`.`product_id`
ORDER BY `pr`.`product_name` ASC')
 3 SYSTEMPATH\Database\BaseBuilder.php(1649): CodeIgniter\Database\BaseConnection->query('SELECT `pr`.`product_id`, `pr`.`product_name`, `pr`.`product_category`, `pr`.`product_brand`, `pr`.`product_group`, `pr`.`product_strength`, `pr`.`product_unit`, `pr`.`sku`, `pr`.`barcode`, `pr`.`cost_without_vat`, `pr`.`tax_type`, `pr`.`tax_id`, `pr`.`tax_amount`, `pr`.`purchase_price`, `pr`.`profit_margin_percent`, `pr`.`selling_price`, `pr`.`alert_quantity`, `pr`.`product_image`, `pr`.`status`, `pc`.`category_name`, `pg`.`group_name`, `pb`.`product_brand_name`, `pu`.`product_unit_name`, `ps`.`strength_name`, `tx`.`tax_name`, `tx`.`tax_percentage`, COALESCE(SUM(os.quantity), 0) AS opening_stock
FROM `products` `pr`
LEFT JOIN `product_category` `pc` ON `pc`.`product_category_id` = `pr`.`product_category`
LEFT JOIN `product_group` `pg` ON `pg`.`product_group_id` = `pr`.`product_group`
LEFT JOIN `product_brand` `pb` ON `pb`.`brand_id` = `pr`.`product_brand`
LEFT JOIN `product_unit` `pu` ON `pu`.`product_unit_id` = `pr`.`product_unit`
LEFT JOIN `product_strength` `ps` ON `ps`.`strength_id` = `pr`.`product_strength`
LEFT JOIN `tax` `tx` ON `tx`.`tax_id` = `pr`.`tax_id`
LEFT JOIN `product_opening_stock` `os` ON `os`.`product_id` = `pr`.`product_id`
WHERE `pr`.`status` = :pr.status:
GROUP BY `pr`.`product_id`
ORDER BY `pr`.`product_name` ASC', [...], false)
 4 APPPATH\Models\ProductModel.php(241): CodeIgniter\Database\BaseBuilder->get()
 5 APPPATH\Controllers\ProductController.php(46): App\Models\ProductModel->getProductList()
 6 SYSTEMPATH\CodeIgniter.php(933): App\Controllers\ProductController->index()
 7 SYSTEMPATH\CodeIgniter.php(507): CodeIgniter\CodeIgniter->runController(Object(App\Controllers\ProductController))
 8 SYSTEMPATH\CodeIgniter.php(354): CodeIgniter\CodeIgniter->handleRequest(null, Object(Config\Cache), false)
 9 SYSTEMPATH\Boot.php(363): CodeIgniter\CodeIgniter->run()
10 SYSTEMPATH\Boot.php(68): CodeIgniter\Boot::runCodeIgniter(Object(CodeIgniter\CodeIgniter))
11 FCPATH\index.php(59): CodeIgniter\Boot::bootWeb(Object(Config\Paths))
CRITICAL - 2026-08-01 02:10:17 --> [Caused by] mysqli_sql_exception: Unknown column 'pr.cost_without_vat' in 'field list'
in SYSTEMPATH\Database\MySQLi\Connection.php on line 327.
 1 SYSTEMPATH\Database\MySQLi\Connection.php(327): mysqli->query('SELECT `pr`.`product_id`, `pr`.`product_name`, `pr`.`product_category`, `pr`.`product_brand`, `pr`.`product_group`, `pr`.`product_strength`, `pr`.`product_unit`, `pr`.`sku`, `pr`.`barcode`, `pr`.`cost_without_vat`, `pr`.`tax_type`, `pr`.`tax_id`, `pr`.`tax_amount`, `pr`.`purchase_price`, `pr`.`profit_margin_percent`, `pr`.`selling_price`, `pr`.`alert_quantity`, `pr`.`product_image`, `pr`.`status`, `pc`.`category_name`, `pg`.`group_name`, `pb`.`product_brand_name`, `pu`.`product_unit_name`, `ps`.`strength_name`, `tx`.`tax_name`, `tx`.`tax_percentage`, COALESCE(SUM(os.quantity), 0) AS opening_stock
FROM `products` `pr`
LEFT JOIN `product_category` `pc` ON `pc`.`product_category_id` = `pr`.`product_category`
LEFT JOIN `product_group` `pg` ON `pg`.`product_group_id` = `pr`.`product_group`
LEFT JOIN `product_brand` `pb` ON `pb`.`brand_id` = `pr`.`product_brand`
LEFT JOIN `product_unit` `pu` ON `pu`.`product_unit_id` = `pr`.`product_unit`
LEFT JOIN `product_strength` `ps` ON `ps`.`strength_id` = `pr`.`product_strength`
LEFT JOIN `tax` `tx` ON `tx`.`tax_id` = `pr`.`tax_id`
LEFT JOIN `product_opening_stock` `os` ON `os`.`product_id` = `pr`.`product_id`
WHERE `pr`.`status` = \'active\'
GROUP BY `pr`.`product_id`
ORDER BY `pr`.`product_name` ASC', 0)
 2 SYSTEMPATH\Database\BaseConnection.php(729): CodeIgniter\Database\MySQLi\Connection->execute('SELECT `pr`.`product_id`, `pr`.`product_name`, `pr`.`product_category`, `pr`.`product_brand`, `pr`.`product_group`, `pr`.`product_strength`, `pr`.`product_unit`, `pr`.`sku`, `pr`.`barcode`, `pr`.`cost_without_vat`, `pr`.`tax_type`, `pr`.`tax_id`, `pr`.`tax_amount`, `pr`.`purchase_price`, `pr`.`profit_margin_percent`, `pr`.`selling_price`, `pr`.`alert_quantity`, `pr`.`product_image`, `pr`.`status`, `pc`.`category_name`, `pg`.`group_name`, `pb`.`product_brand_name`, `pu`.`product_unit_name`, `ps`.`strength_name`, `tx`.`tax_name`, `tx`.`tax_percentage`, COALESCE(SUM(os.quantity), 0) AS opening_stock
FROM `products` `pr`
LEFT JOIN `product_category` `pc` ON `pc`.`product_category_id` = `pr`.`product_category`
LEFT JOIN `product_group` `pg` ON `pg`.`product_group_id` = `pr`.`product_group`
LEFT JOIN `product_brand` `pb` ON `pb`.`brand_id` = `pr`.`product_brand`
LEFT JOIN `product_unit` `pu` ON `pu`.`product_unit_id` = `pr`.`product_unit`
LEFT JOIN `product_strength` `ps` ON `ps`.`strength_id` = `pr`.`product_strength`
LEFT JOIN `tax` `tx` ON `tx`.`tax_id` = `pr`.`tax_id`
LEFT JOIN `product_opening_stock` `os` ON `os`.`product_id` = `pr`.`product_id`
WHERE `pr`.`status` = \'active\'
GROUP BY `pr`.`product_id`
ORDER BY `pr`.`product_name` ASC')
 3 SYSTEMPATH\Database\BaseConnection.php(646): CodeIgniter\Database\BaseConnection->simpleQuery('SELECT `pr`.`product_id`, `pr`.`product_name`, `pr`.`product_category`, `pr`.`product_brand`, `pr`.`product_group`, `pr`.`product_strength`, `pr`.`product_unit`, `pr`.`sku`, `pr`.`barcode`, `pr`.`cost_without_vat`, `pr`.`tax_type`, `pr`.`tax_id`, `pr`.`tax_amount`, `pr`.`purchase_price`, `pr`.`profit_margin_percent`, `pr`.`selling_price`, `pr`.`alert_quantity`, `pr`.`product_image`, `pr`.`status`, `pc`.`category_name`, `pg`.`group_name`, `pb`.`product_brand_name`, `pu`.`product_unit_name`, `ps`.`strength_name`, `tx`.`tax_name`, `tx`.`tax_percentage`, COALESCE(SUM(os.quantity), 0) AS opening_stock
FROM `products` `pr`
LEFT JOIN `product_category` `pc` ON `pc`.`product_category_id` = `pr`.`product_category`
LEFT JOIN `product_group` `pg` ON `pg`.`product_group_id` = `pr`.`product_group`
LEFT JOIN `product_brand` `pb` ON `pb`.`brand_id` = `pr`.`product_brand`
LEFT JOIN `product_unit` `pu` ON `pu`.`product_unit_id` = `pr`.`product_unit`
LEFT JOIN `product_strength` `ps` ON `ps`.`strength_id` = `pr`.`product_strength`
LEFT JOIN `tax` `tx` ON `tx`.`tax_id` = `pr`.`tax_id`
LEFT JOIN `product_opening_stock` `os` ON `os`.`product_id` = `pr`.`product_id`
WHERE `pr`.`status` = \'active\'
GROUP BY `pr`.`product_id`
ORDER BY `pr`.`product_name` ASC')
 4 SYSTEMPATH\Database\BaseBuilder.php(1649): CodeIgniter\Database\BaseConnection->query('SELECT `pr`.`product_id`, `pr`.`product_name`, `pr`.`product_category`, `pr`.`product_brand`, `pr`.`product_group`, `pr`.`product_strength`, `pr`.`product_unit`, `pr`.`sku`, `pr`.`barcode`, `pr`.`cost_without_vat`, `pr`.`tax_type`, `pr`.`tax_id`, `pr`.`tax_amount`, `pr`.`purchase_price`, `pr`.`profit_margin_percent`, `pr`.`selling_price`, `pr`.`alert_quantity`, `pr`.`product_image`, `pr`.`status`, `pc`.`category_name`, `pg`.`group_name`, `pb`.`product_brand_name`, `pu`.`product_unit_name`, `ps`.`strength_name`, `tx`.`tax_name`, `tx`.`tax_percentage`, COALESCE(SUM(os.quantity), 0) AS opening_stock
FROM `products` `pr`
LEFT JOIN `product_category` `pc` ON `pc`.`product_category_id` = `pr`.`product_category`
LEFT JOIN `product_group` `pg` ON `pg`.`product_group_id` = `pr`.`product_group`
LEFT JOIN `product_brand` `pb` ON `pb`.`brand_id` = `pr`.`product_brand`
LEFT JOIN `product_unit` `pu` ON `pu`.`product_unit_id` = `pr`.`product_unit`
LEFT JOIN `product_strength` `ps` ON `ps`.`strength_id` = `pr`.`product_strength`
LEFT JOIN `tax` `tx` ON `tx`.`tax_id` = `pr`.`tax_id`
LEFT JOIN `product_opening_stock` `os` ON `os`.`product_id` = `pr`.`product_id`
WHERE `pr`.`status` = :pr.status:
GROUP BY `pr`.`product_id`
ORDER BY `pr`.`product_name` ASC', [...], false)
 5 APPPATH\Models\ProductModel.php(241): CodeIgniter\Database\BaseBuilder->get()
 6 APPPATH\Controllers\ProductController.php(46): App\Models\ProductModel->getProductList()
 7 SYSTEMPATH\CodeIgniter.php(933): App\Controllers\ProductController->index()
 8 SYSTEMPATH\CodeIgniter.php(507): CodeIgniter\CodeIgniter->runController(Object(App\Controllers\ProductController))
 9 SYSTEMPATH\CodeIgniter.php(354): CodeIgniter\CodeIgniter->handleRequest(null, Object(Config\Cache), false)
10 SYSTEMPATH\Boot.php(363): CodeIgniter\CodeIgniter->run()
11 SYSTEMPATH\Boot.php(68): CodeIgniter\Boot::runCodeIgniter(Object(CodeIgniter\CodeIgniter))
12 FCPATH\index.php(59): CodeIgniter\Boot::bootWeb(Object(Config\Paths))
DEBUG - 2026-08-01 02:24:40 --> Session: Class initialized using 'CodeIgniter\Session\Handlers\FileHandler' driver.
ERROR - 2026-08-01 02:24:40 --> mysqli_sql_exception: Unknown column 'pr.cost_without_vat' in 'field list' in C:\laragon\www\pharmacy-project\system\Database\MySQLi\Connection.php:327
Stack trace:
#0 C:\laragon\www\pharmacy-project\system\Database\MySQLi\Connection.php(327): mysqli->query('SELECT `pr`.`pr...', 0)
#1 C:\laragon\www\pharmacy-project\system\Database\BaseConnection.php(729): CodeIgniter\Database\MySQLi\Connection->execute('SELECT `pr`.`pr...')
#2 C:\laragon\www\pharmacy-project\system\Database\BaseConnection.php(646): CodeIgniter\Database\BaseConnection->simpleQuery('SELECT `pr`.`pr...')
#3 C:\laragon\www\pharmacy-project\system\Database\BaseBuilder.php(1649): CodeIgniter\Database\BaseConnection->query('SELECT `pr`.`pr...', Array, false)
#4 C:\laragon\www\pharmacy-project\app\Models\ProductModel.php(252): CodeIgniter\Database\BaseBuilder->get()
#5 C:\laragon\www\pharmacy-project\app\Controllers\ProductController.php(46): App\Models\ProductModel->getProductList()
#6 C:\laragon\www\pharmacy-project\system\CodeIgniter.php(933): App\Controllers\ProductController->index()
#7 C:\laragon\www\pharmacy-project\system\CodeIgniter.php(507): CodeIgniter\CodeIgniter->runController(Object(App\Controllers\ProductController))
#8 C:\laragon\www\pharmacy-project\system\CodeIgniter.php(354): CodeIgniter\CodeIgniter->handleRequest(NULL, Object(Config\Cache), false)
#9 C:\laragon\www\pharmacy-project\system\Boot.php(363): CodeIgniter\CodeIgniter->run()
#10 C:\laragon\www\pharmacy-project\system\Boot.php(68): CodeIgniter\Boot::runCodeIgniter(Object(CodeIgniter\CodeIgniter))
#11 C:\laragon\www\pharmacy-project\index.php(59): CodeIgniter\Boot::bootWeb(Object(Config\Paths))
#12 {main}
CRITICAL - 2026-08-01 02:24:40 --> CodeIgniter\Database\Exceptions\DatabaseException: Unknown column 'pr.cost_without_vat' in 'field list'
[Method: GET, Route: products]
in SYSTEMPATH\Database\BaseConnection.php on line 684.
 1 SYSTEMPATH\Database\BaseBuilder.php(1649): CodeIgniter\Database\BaseConnection->query('SELECT `pr`.`product_id`, `pr`.`product_name`, `pr`.`product_category`, `pr`.`product_brand`, `pr`.`product_group`, `pr`.`product_strength`, `pr`.`product_unit`, `pr`.`sku`, `pr`.`barcode`, `pr`.`cost_without_vat`, `pr`.`tax_type`, `pr`.`tax_id`, `pr`.`tax_amount`, `pr`.`purchase_price`, `pr`.`profit_margin_percent`, `pr`.`selling_price`, `pr`.`alert_quantity`, `pr`.`product_image`, `pr`.`status`, `pc`.`category_name`, `pg`.`group_name`, `pb`.`product_brand_name`, `pu`.`product_unit_name`, `ps`.`strength_name`, `tx`.`tax_name`, `tx`.`tax_percentage`, COALESCE(SUM(os.quantity), 0) AS opening_stock
FROM `products` `pr`
LEFT JOIN `product_category` `pc` ON `pc`.`product_category_id` = `pr`.`product_category`
LEFT JOIN `product_group` `pg` ON `pg`.`product_group_id` = `pr`.`product_group`
LEFT JOIN `product_brand` `pb` ON `pb`.`brand_id` = `pr`.`product_brand`
LEFT JOIN `product_unit` `pu` ON `pu`.`product_unit_id` = `pr`.`product_unit`
LEFT JOIN `product_strength` `ps` ON `ps`.`strength_id` = `pr`.`product_strength`
LEFT JOIN `tax` `tx` ON `tx`.`tax_id` = `pr`.`tax_id`
LEFT JOIN `product_opening_stock` `os` ON `os`.`product_id` = `pr`.`product_id`
WHERE `pr`.`status` = :pr.status:
GROUP BY `pr`.`product_id`
ORDER BY `pr`.`product_name` ASC', [...], false)
 2 APPPATH\Models\ProductModel.php(252): CodeIgniter\Database\BaseBuilder->get()
 3 APPPATH\Controllers\ProductController.php(46): App\Models\ProductModel->getProductList()
 4 SYSTEMPATH\CodeIgniter.php(933): App\Controllers\ProductController->index()
 5 SYSTEMPATH\CodeIgniter.php(507): CodeIgniter\CodeIgniter->runController(Object(App\Controllers\ProductController))
 6 SYSTEMPATH\CodeIgniter.php(354): CodeIgniter\CodeIgniter->handleRequest(null, Object(Config\Cache), false)
 7 SYSTEMPATH\Boot.php(363): CodeIgniter\CodeIgniter->run()
 8 SYSTEMPATH\Boot.php(68): CodeIgniter\Boot::runCodeIgniter(Object(CodeIgniter\CodeIgniter))
 9 FCPATH\index.php(59): CodeIgniter\Boot::bootWeb(Object(Config\Paths))
CRITICAL - 2026-08-01 02:24:40 --> [Caused by] CodeIgniter\Database\Exceptions\DatabaseException: Unknown column 'pr.cost_without_vat' in 'field list'
in SYSTEMPATH\Database\MySQLi\Connection.php on line 332.
 1 SYSTEMPATH\Database\BaseConnection.php(729): CodeIgniter\Database\MySQLi\Connection->execute('SELECT `pr`.`product_id`, `pr`.`product_name`, `pr`.`product_category`, `pr`.`product_brand`, `pr`.`product_group`, `pr`.`product_strength`, `pr`.`product_unit`, `pr`.`sku`, `pr`.`barcode`, `pr`.`cost_without_vat`, `pr`.`tax_type`, `pr`.`tax_id`, `pr`.`tax_amount`, `pr`.`purchase_price`, `pr`.`profit_margin_percent`, `pr`.`selling_price`, `pr`.`alert_quantity`, `pr`.`product_image`, `pr`.`status`, `pc`.`category_name`, `pg`.`group_name`, `pb`.`product_brand_name`, `pu`.`product_unit_name`, `ps`.`strength_name`, `tx`.`tax_name`, `tx`.`tax_percentage`, COALESCE(SUM(os.quantity), 0) AS opening_stock
FROM `products` `pr`
LEFT JOIN `product_category` `pc` ON `pc`.`product_category_id` = `pr`.`product_category`
LEFT JOIN `product_group` `pg` ON `pg`.`product_group_id` = `pr`.`product_group`
LEFT JOIN `product_brand` `pb` ON `pb`.`brand_id` = `pr`.`product_brand`
LEFT JOIN `product_unit` `pu` ON `pu`.`product_unit_id` = `pr`.`product_unit`
LEFT JOIN `product_strength` `ps` ON `ps`.`strength_id` = `pr`.`product_strength`
LEFT JOIN `tax` `tx` ON `tx`.`tax_id` = `pr`.`tax_id`
LEFT JOIN `product_opening_stock` `os` ON `os`.`product_id` = `pr`.`product_id`
WHERE `pr`.`status` = \'active\'
GROUP BY `pr`.`product_id`
ORDER BY `pr`.`product_name` ASC')
 2 SYSTEMPATH\Database\BaseConnection.php(646): CodeIgniter\Database\BaseConnection->simpleQuery('SELECT `pr`.`product_id`, `pr`.`product_name`, `pr`.`product_category`, `pr`.`product_brand`, `pr`.`product_group`, `pr`.`product_strength`, `pr`.`product_unit`, `pr`.`sku`, `pr`.`barcode`, `pr`.`cost_without_vat`, `pr`.`tax_type`, `pr`.`tax_id`, `pr`.`tax_amount`, `pr`.`purchase_price`, `pr`.`profit_margin_percent`, `pr`.`selling_price`, `pr`.`alert_quantity`, `pr`.`product_image`, `pr`.`status`, `pc`.`category_name`, `pg`.`group_name`, `pb`.`product_brand_name`, `pu`.`product_unit_name`, `ps`.`strength_name`, `tx`.`tax_name`, `tx`.`tax_percentage`, COALESCE(SUM(os.quantity), 0) AS opening_stock
FROM `products` `pr`
LEFT JOIN `product_category` `pc` ON `pc`.`product_category_id` = `pr`.`product_category`
LEFT JOIN `product_group` `pg` ON `pg`.`product_group_id` = `pr`.`product_group`
LEFT JOIN `product_brand` `pb` ON `pb`.`brand_id` = `pr`.`product_brand`
LEFT JOIN `product_unit` `pu` ON `pu`.`product_unit_id` = `pr`.`product_unit`
LEFT JOIN `product_strength` `ps` ON `ps`.`strength_id` = `pr`.`product_strength`
LEFT JOIN `tax` `tx` ON `tx`.`tax_id` = `pr`.`tax_id`
LEFT JOIN `product_opening_stock` `os` ON `os`.`product_id` = `pr`.`product_id`
WHERE `pr`.`status` = \'active\'
GROUP BY `pr`.`product_id`
ORDER BY `pr`.`product_name` ASC')
 3 SYSTEMPATH\Database\BaseBuilder.php(1649): CodeIgniter\Database\BaseConnection->query('SELECT `pr`.`product_id`, `pr`.`product_name`, `pr`.`product_category`, `pr`.`product_brand`, `pr`.`product_group`, `pr`.`product_strength`, `pr`.`product_unit`, `pr`.`sku`, `pr`.`barcode`, `pr`.`cost_without_vat`, `pr`.`tax_type`, `pr`.`tax_id`, `pr`.`tax_amount`, `pr`.`purchase_price`, `pr`.`profit_margin_percent`, `pr`.`selling_price`, `pr`.`alert_quantity`, `pr`.`product_image`, `pr`.`status`, `pc`.`category_name`, `pg`.`group_name`, `pb`.`product_brand_name`, `pu`.`product_unit_name`, `ps`.`strength_name`, `tx`.`tax_name`, `tx`.`tax_percentage`, COALESCE(SUM(os.quantity), 0) AS opening_stock
FROM `products` `pr`
LEFT JOIN `product_category` `pc` ON `pc`.`product_category_id` = `pr`.`product_category`
LEFT JOIN `product_group` `pg` ON `pg`.`product_group_id` = `pr`.`product_group`
LEFT JOIN `product_brand` `pb` ON `pb`.`brand_id` = `pr`.`product_brand`
LEFT JOIN `product_unit` `pu` ON `pu`.`product_unit_id` = `pr`.`product_unit`
LEFT JOIN `product_strength` `ps` ON `ps`.`strength_id` = `pr`.`product_strength`
LEFT JOIN `tax` `tx` ON `tx`.`tax_id` = `pr`.`tax_id`
LEFT JOIN `product_opening_stock` `os` ON `os`.`product_id` = `pr`.`product_id`
WHERE `pr`.`status` = :pr.status:
GROUP BY `pr`.`product_id`
ORDER BY `pr`.`product_name` ASC', [...], false)
 4 APPPATH\Models\ProductModel.php(252): CodeIgniter\Database\BaseBuilder->get()
 5 APPPATH\Controllers\ProductController.php(46): App\Models\ProductModel->getProductList()
 6 SYSTEMPATH\CodeIgniter.php(933): App\Controllers\ProductController->index()
 7 SYSTEMPATH\CodeIgniter.php(507): CodeIgniter\CodeIgniter->runController(Object(App\Controllers\ProductController))
 8 SYSTEMPATH\CodeIgniter.php(354): CodeIgniter\CodeIgniter->handleRequest(null, Object(Config\Cache), false)
 9 SYSTEMPATH\Boot.php(363): CodeIgniter\CodeIgniter->run()
10 SYSTEMPATH\Boot.php(68): CodeIgniter\Boot::runCodeIgniter(Object(CodeIgniter\CodeIgniter))
11 FCPATH\index.php(59): CodeIgniter\Boot::bootWeb(Object(Config\Paths))
CRITICAL - 2026-08-01 02:24:40 --> [Caused by] mysqli_sql_exception: Unknown column 'pr.cost_without_vat' in 'field list'
in SYSTEMPATH\Database\MySQLi\Connection.php on line 327.
 1 SYSTEMPATH\Database\MySQLi\Connection.php(327): mysqli->query('SELECT `pr`.`product_id`, `pr`.`product_name`, `pr`.`product_category`, `pr`.`product_brand`, `pr`.`product_group`, `pr`.`product_strength`, `pr`.`product_unit`, `pr`.`sku`, `pr`.`barcode`, `pr`.`cost_without_vat`, `pr`.`tax_type`, `pr`.`tax_id`, `pr`.`tax_amount`, `pr`.`purchase_price`, `pr`.`profit_margin_percent`, `pr`.`selling_price`, `pr`.`alert_quantity`, `pr`.`product_image`, `pr`.`status`, `pc`.`category_name`, `pg`.`group_name`, `pb`.`product_brand_name`, `pu`.`product_unit_name`, `ps`.`strength_name`, `tx`.`tax_name`, `tx`.`tax_percentage`, COALESCE(SUM(os.quantity), 0) AS opening_stock
FROM `products` `pr`
LEFT JOIN `product_category` `pc` ON `pc`.`product_category_id` = `pr`.`product_category`
LEFT JOIN `product_group` `pg` ON `pg`.`product_group_id` = `pr`.`product_group`
LEFT JOIN `product_brand` `pb` ON `pb`.`brand_id` = `pr`.`product_brand`
LEFT JOIN `product_unit` `pu` ON `pu`.`product_unit_id` = `pr`.`product_unit`
LEFT JOIN `product_strength` `ps` ON `ps`.`strength_id` = `pr`.`product_strength`
LEFT JOIN `tax` `tx` ON `tx`.`tax_id` = `pr`.`tax_id`
LEFT JOIN `product_opening_stock` `os` ON `os`.`product_id` = `pr`.`product_id`
WHERE `pr`.`status` = \'active\'
GROUP BY `pr`.`product_id`
ORDER BY `pr`.`product_name` ASC', 0)
 2 SYSTEMPATH\Database\BaseConnection.php(729): CodeIgniter\Database\MySQLi\Connection->execute('SELECT `pr`.`product_id`, `pr`.`product_name`, `pr`.`product_category`, `pr`.`product_brand`, `pr`.`product_group`, `pr`.`product_strength`, `pr`.`product_unit`, `pr`.`sku`, `pr`.`barcode`, `pr`.`cost_without_vat`, `pr`.`tax_type`, `pr`.`tax_id`, `pr`.`tax_amount`, `pr`.`purchase_price`, `pr`.`profit_margin_percent`, `pr`.`selling_price`, `pr`.`alert_quantity`, `pr`.`product_image`, `pr`.`status`, `pc`.`category_name`, `pg`.`group_name`, `pb`.`product_brand_name`, `pu`.`product_unit_name`, `ps`.`strength_name`, `tx`.`tax_name`, `tx`.`tax_percentage`, COALESCE(SUM(os.quantity), 0) AS opening_stock
FROM `products` `pr`
LEFT JOIN `product_category` `pc` ON `pc`.`product_category_id` = `pr`.`product_category`
LEFT JOIN `product_group` `pg` ON `pg`.`product_group_id` = `pr`.`product_group`
LEFT JOIN `product_brand` `pb` ON `pb`.`brand_id` = `pr`.`product_brand`
LEFT JOIN `product_unit` `pu` ON `pu`.`product_unit_id` = `pr`.`product_unit`
LEFT JOIN `product_strength` `ps` ON `ps`.`strength_id` = `pr`.`product_strength`
LEFT JOIN `tax` `tx` ON `tx`.`tax_id` = `pr`.`tax_id`
LEFT JOIN `product_opening_stock` `os` ON `os`.`product_id` = `pr`.`product_id`
WHERE `pr`.`status` = \'active\'
GROUP BY `pr`.`product_id`
ORDER BY `pr`.`product_name` ASC')
 3 SYSTEMPATH\Database\BaseConnection.php(646): CodeIgniter\Database\BaseConnection->simpleQuery('SELECT `pr`.`product_id`, `pr`.`product_name`, `pr`.`product_category`, `pr`.`product_brand`, `pr`.`product_group`, `pr`.`product_strength`, `pr`.`product_unit`, `pr`.`sku`, `pr`.`barcode`, `pr`.`cost_without_vat`, `pr`.`tax_type`, `pr`.`tax_id`, `pr`.`tax_amount`, `pr`.`purchase_price`, `pr`.`profit_margin_percent`, `pr`.`selling_price`, `pr`.`alert_quantity`, `pr`.`product_image`, `pr`.`status`, `pc`.`category_name`, `pg`.`group_name`, `pb`.`product_brand_name`, `pu`.`product_unit_name`, `ps`.`strength_name`, `tx`.`tax_name`, `tx`.`tax_percentage`, COALESCE(SUM(os.quantity), 0) AS opening_stock
FROM `products` `pr`
LEFT JOIN `product_category` `pc` ON `pc`.`product_category_id` = `pr`.`product_category`
LEFT JOIN `product_group` `pg` ON `pg`.`product_group_id` = `pr`.`product_group`
LEFT JOIN `product_brand` `pb` ON `pb`.`brand_id` = `pr`.`product_brand`
LEFT JOIN `product_unit` `pu` ON `pu`.`product_unit_id` = `pr`.`product_unit`
LEFT JOIN `product_strength` `ps` ON `ps`.`strength_id` = `pr`.`product_strength`
LEFT JOIN `tax` `tx` ON `tx`.`tax_id` = `pr`.`tax_id`
LEFT JOIN `product_opening_stock` `os` ON `os`.`product_id` = `pr`.`product_id`
WHERE `pr`.`status` = \'active\'
GROUP BY `pr`.`product_id`
ORDER BY `pr`.`product_name` ASC')
 4 SYSTEMPATH\Database\BaseBuilder.php(1649): CodeIgniter\Database\BaseConnection->query('SELECT `pr`.`product_id`, `pr`.`product_name`, `pr`.`product_category`, `pr`.`product_brand`, `pr`.`product_group`, `pr`.`product_strength`, `pr`.`product_unit`, `pr`.`sku`, `pr`.`barcode`, `pr`.`cost_without_vat`, `pr`.`tax_type`, `pr`.`tax_id`, `pr`.`tax_amount`, `pr`.`purchase_price`, `pr`.`profit_margin_percent`, `pr`.`selling_price`, `pr`.`alert_quantity`, `pr`.`product_image`, `pr`.`status`, `pc`.`category_name`, `pg`.`group_name`, `pb`.`product_brand_name`, `pu`.`product_unit_name`, `ps`.`strength_name`, `tx`.`tax_name`, `tx`.`tax_percentage`, COALESCE(SUM(os.quantity), 0) AS opening_stock
FROM `products` `pr`
LEFT JOIN `product_category` `pc` ON `pc`.`product_category_id` = `pr`.`product_category`
LEFT JOIN `product_group` `pg` ON `pg`.`product_group_id` = `pr`.`product_group`
LEFT JOIN `product_brand` `pb` ON `pb`.`brand_id` = `pr`.`product_brand`
LEFT JOIN `product_unit` `pu` ON `pu`.`product_unit_id` = `pr`.`product_unit`
LEFT JOIN `product_strength` `ps` ON `ps`.`strength_id` = `pr`.`product_strength`
LEFT JOIN `tax` `tx` ON `tx`.`tax_id` = `pr`.`tax_id`
LEFT JOIN `product_opening_stock` `os` ON `os`.`product_id` = `pr`.`product_id`
WHERE `pr`.`status` = :pr.status:
GROUP BY `pr`.`product_id`
ORDER BY `pr`.`product_name` ASC', [...], false)
 5 APPPATH\Models\ProductModel.php(252): CodeIgniter\Database\BaseBuilder->get()
 6 APPPATH\Controllers\ProductController.php(46): App\Models\ProductModel->getProductList()
 7 SYSTEMPATH\CodeIgniter.php(933): App\Controllers\ProductController->index()
 8 SYSTEMPATH\CodeIgniter.php(507): CodeIgniter\CodeIgniter->runController(Object(App\Controllers\ProductController))
 9 SYSTEMPATH\CodeIgniter.php(354): CodeIgniter\CodeIgniter->handleRequest(null, Object(Config\Cache), false)
10 SYSTEMPATH\Boot.php(363): CodeIgniter\CodeIgniter->run()
11 SYSTEMPATH\Boot.php(68): CodeIgniter\Boot::runCodeIgniter(Object(CodeIgniter\CodeIgniter))
12 FCPATH\index.php(59): CodeIgniter\Boot::bootWeb(Object(Config\Paths))
DEBUG - 2026-08-01 02:25:44 --> Session: Class initialized using 'CodeIgniter\Session\Handlers\FileHandler' driver.
ERROR - 2026-08-01 02:25:44 --> mysqli_sql_exception: Unknown column 'pr.cost_without_vat' in 'field list' in C:\laragon\www\pharmacy-project\system\Database\MySQLi\Connection.php:327
Stack trace:
#0 C:\laragon\www\pharmacy-project\system\Database\MySQLi\Connection.php(327): mysqli->query('SELECT `pr`.`pr...', 0)
#1 C:\laragon\www\pharmacy-project\system\Database\BaseConnection.php(729): CodeIgniter\Database\MySQLi\Connection->execute('SELECT `pr`.`pr...')
#2 C:\laragon\www\pharmacy-project\system\Database\BaseConnection.php(646): CodeIgniter\Database\BaseConnection->simpleQuery('SELECT `pr`.`pr...')
#3 C:\laragon\www\pharmacy-project\system\Database\BaseBuilder.php(1649): CodeIgniter\Database\BaseConnection->query('SELECT `pr`.`pr...', Array, false)
#4 C:\laragon\www\pharmacy-project\app\Models\ProductModel.php(252): CodeIgniter\Database\BaseBuilder->get()
#5 C:\laragon\www\pharmacy-project\app\Controllers\ProductController.php(46): App\Models\ProductModel->getProductList()
#6 C:\laragon\www\pharmacy-project\system\CodeIgniter.php(933): App\Controllers\ProductController->index()
#7 C:\laragon\www\pharmacy-project\system\CodeIgniter.php(507): CodeIgniter\CodeIgniter->runController(Object(App\Controllers\ProductController))
#8 C:\laragon\www\pharmacy-project\system\CodeIgniter.php(354): CodeIgniter\CodeIgniter->handleRequest(NULL, Object(Config\Cache), false)
#9 C:\laragon\www\pharmacy-project\system\Boot.php(363): CodeIgniter\CodeIgniter->run()
#10 C:\laragon\www\pharmacy-project\system\Boot.php(68): CodeIgniter\Boot::runCodeIgniter(Object(CodeIgniter\CodeIgniter))
#11 C:\laragon\www\pharmacy-project\index.php(59): CodeIgniter\Boot::bootWeb(Object(Config\Paths))
#12 {main}
CRITICAL - 2026-08-01 02:25:44 --> CodeIgniter\Database\Exceptions\DatabaseException: Unknown column 'pr.cost_without_vat' in 'field list'
[Method: GET, Route: products]
in SYSTEMPATH\Database\BaseConnection.php on line 684.
 1 SYSTEMPATH\Database\BaseBuilder.php(1649): CodeIgniter\Database\BaseConnection->query('SELECT `pr`.`product_id`, `pr`.`product_name`, `pr`.`product_category`, `pr`.`product_brand`, `pr`.`product_group`, `pr`.`product_strength`, `pr`.`product_unit`, `pr`.`sku`, `pr`.`barcode`, `pr`.`cost_without_vat`, `pr`.`tax_type`, `pr`.`tax_id`, `pr`.`tax_amount`, `pr`.`purchase_price`, `pr`.`profit_margin_percent`, `pr`.`selling_price`, `pr`.`alert_quantity`, `pr`.`product_image`, `pr`.`status`, `pc`.`category_name`, `pg`.`group_name`, `pb`.`product_brand_name`, `pu`.`product_unit_name`, `ps`.`strength_name`, `tx`.`tax_name`, `tx`.`tax_percentage`, COALESCE(SUM(os.quantity), 0) AS opening_stock
FROM `products` `pr`
LEFT JOIN `product_category` `pc` ON `pc`.`product_category_id` = `pr`.`product_category`
LEFT JOIN `product_group` `pg` ON `pg`.`product_group_id` = `pr`.`product_group`
LEFT JOIN `product_brand` `pb` ON `pb`.`brand_id` = `pr`.`product_brand`
LEFT JOIN `product_unit` `pu` ON `pu`.`product_unit_id` = `pr`.`product_unit`
LEFT JOIN `product_strength` `ps` ON `ps`.`strength_id` = `pr`.`product_strength`
LEFT JOIN `tax` `tx` ON `tx`.`tax_id` = `pr`.`tax_id`
LEFT JOIN `product_opening_stock` `os` ON `os`.`product_id` = `pr`.`product_id`
WHERE `pr`.`status` = :pr.status:
GROUP BY `pr`.`product_id`
ORDER BY `pr`.`product_name` ASC', [...], false)
 2 APPPATH\Models\ProductModel.php(252): CodeIgniter\Database\BaseBuilder->get()
 3 APPPATH\Controllers\ProductController.php(46): App\Models\ProductModel->getProductList()
 4 SYSTEMPATH\CodeIgniter.php(933): App\Controllers\ProductController->index()
 5 SYSTEMPATH\CodeIgniter.php(507): CodeIgniter\CodeIgniter->runController(Object(App\Controllers\ProductController))
 6 SYSTEMPATH\CodeIgniter.php(354): CodeIgniter\CodeIgniter->handleRequest(null, Object(Config\Cache), false)
 7 SYSTEMPATH\Boot.php(363): CodeIgniter\CodeIgniter->run()
 8 SYSTEMPATH\Boot.php(68): CodeIgniter\Boot::runCodeIgniter(Object(CodeIgniter\CodeIgniter))
 9 FCPATH\index.php(59): CodeIgniter\Boot::bootWeb(Object(Config\Paths))
CRITICAL - 2026-08-01 02:25:44 --> [Caused by] CodeIgniter\Database\Exceptions\DatabaseException: Unknown column 'pr.cost_without_vat' in 'field list'
in SYSTEMPATH\Database\MySQLi\Connection.php on line 332.
 1 SYSTEMPATH\Database\BaseConnection.php(729): CodeIgniter\Database\MySQLi\Connection->execute('SELECT `pr`.`product_id`, `pr`.`product_name`, `pr`.`product_category`, `pr`.`product_brand`, `pr`.`product_group`, `pr`.`product_strength`, `pr`.`product_unit`, `pr`.`sku`, `pr`.`barcode`, `pr`.`cost_without_vat`, `pr`.`tax_type`, `pr`.`tax_id`, `pr`.`tax_amount`, `pr`.`purchase_price`, `pr`.`profit_margin_percent`, `pr`.`selling_price`, `pr`.`alert_quantity`, `pr`.`product_image`, `pr`.`status`, `pc`.`category_name`, `pg`.`group_name`, `pb`.`product_brand_name`, `pu`.`product_unit_name`, `ps`.`strength_name`, `tx`.`tax_name`, `tx`.`tax_percentage`, COALESCE(SUM(os.quantity), 0) AS opening_stock
FROM `products` `pr`
LEFT JOIN `product_category` `pc` ON `pc`.`product_category_id` = `pr`.`product_category`
LEFT JOIN `product_group` `pg` ON `pg`.`product_group_id` = `pr`.`product_group`
LEFT JOIN `product_brand` `pb` ON `pb`.`brand_id` = `pr`.`product_brand`
LEFT JOIN `product_unit` `pu` ON `pu`.`product_unit_id` = `pr`.`product_unit`
LEFT JOIN `product_strength` `ps` ON `ps`.`strength_id` = `pr`.`product_strength`
LEFT JOIN `tax` `tx` ON `tx`.`tax_id` = `pr`.`tax_id`
LEFT JOIN `product_opening_stock` `os` ON `os`.`product_id` = `pr`.`product_id`
WHERE `pr`.`status` = \'active\'
GROUP BY `pr`.`product_id`
ORDER BY `pr`.`product_name` ASC')
 2 SYSTEMPATH\Database\BaseConnection.php(646): CodeIgniter\Database\BaseConnection->simpleQuery('SELECT `pr`.`product_id`, `pr`.`product_name`, `pr`.`product_category`, `pr`.`product_brand`, `pr`.`product_group`, `pr`.`product_strength`, `pr`.`product_unit`, `pr`.`sku`, `pr`.`barcode`, `pr`.`cost_without_vat`, `pr`.`tax_type`, `pr`.`tax_id`, `pr`.`tax_amount`, `pr`.`purchase_price`, `pr`.`profit_margin_percent`, `pr`.`selling_price`, `pr`.`alert_quantity`, `pr`.`product_image`, `pr`.`status`, `pc`.`category_name`, `pg`.`group_name`, `pb`.`product_brand_name`, `pu`.`product_unit_name`, `ps`.`strength_name`, `tx`.`tax_name`, `tx`.`tax_percentage`, COALESCE(SUM(os.quantity), 0) AS opening_stock
FROM `products` `pr`
LEFT JOIN `product_category` `pc` ON `pc`.`product_category_id` = `pr`.`product_category`
LEFT JOIN `product_group` `pg` ON `pg`.`product_group_id` = `pr`.`product_group`
LEFT JOIN `product_brand` `pb` ON `pb`.`brand_id` = `pr`.`product_brand`
LEFT JOIN `product_unit` `pu` ON `pu`.`product_unit_id` = `pr`.`product_unit`
LEFT JOIN `product_strength` `ps` ON `ps`.`strength_id` = `pr`.`product_strength`
LEFT JOIN `tax` `tx` ON `tx`.`tax_id` = `pr`.`tax_id`
LEFT JOIN `product_opening_stock` `os` ON `os`.`product_id` = `pr`.`product_id`
WHERE `pr`.`status` = \'active\'
GROUP BY `pr`.`product_id`
ORDER BY `pr`.`product_name` ASC')
 3 SYSTEMPATH\Database\BaseBuilder.php(1649): CodeIgniter\Database\BaseConnection->query('SELECT `pr`.`product_id`, `pr`.`product_name`, `pr`.`product_category`, `pr`.`product_brand`, `pr`.`product_group`, `pr`.`product_strength`, `pr`.`product_unit`, `pr`.`sku`, `pr`.`barcode`, `pr`.`cost_without_vat`, `pr`.`tax_type`, `pr`.`tax_id`, `pr`.`tax_amount`, `pr`.`purchase_price`, `pr`.`profit_margin_percent`, `pr`.`selling_price`, `pr`.`alert_quantity`, `pr`.`product_image`, `pr`.`status`, `pc`.`category_name`, `pg`.`group_name`, `pb`.`product_brand_name`, `pu`.`product_unit_name`, `ps`.`strength_name`, `tx`.`tax_name`, `tx`.`tax_percentage`, COALESCE(SUM(os.quantity), 0) AS opening_stock
FROM `products` `pr`
LEFT JOIN `product_category` `pc` ON `pc`.`product_category_id` = `pr`.`product_category`
LEFT JOIN `product_group` `pg` ON `pg`.`product_group_id` = `pr`.`product_group`
LEFT JOIN `product_brand` `pb` ON `pb`.`brand_id` = `pr`.`product_brand`
LEFT JOIN `product_unit` `pu` ON `pu`.`product_unit_id` = `pr`.`product_unit`
LEFT JOIN `product_strength` `ps` ON `ps`.`strength_id` = `pr`.`product_strength`
LEFT JOIN `tax` `tx` ON `tx`.`tax_id` = `pr`.`tax_id`
LEFT JOIN `product_opening_stock` `os` ON `os`.`product_id` = `pr`.`product_id`
WHERE `pr`.`status` = :pr.status:
GROUP BY `pr`.`product_id`
ORDER BY `pr`.`product_name` ASC', [...], false)
 4 APPPATH\Models\ProductModel.php(252): CodeIgniter\Database\BaseBuilder->get()
 5 APPPATH\Controllers\ProductController.php(46): App\Models\ProductModel->getProductList()
 6 SYSTEMPATH\CodeIgniter.php(933): App\Controllers\ProductController->index()
 7 SYSTEMPATH\CodeIgniter.php(507): CodeIgniter\CodeIgniter->runController(Object(App\Controllers\ProductController))
 8 SYSTEMPATH\CodeIgniter.php(354): CodeIgniter\CodeIgniter->handleRequest(null, Object(Config\Cache), false)
 9 SYSTEMPATH\Boot.php(363): CodeIgniter\CodeIgniter->run()
10 SYSTEMPATH\Boot.php(68): CodeIgniter\Boot::runCodeIgniter(Object(CodeIgniter\CodeIgniter))
11 FCPATH\index.php(59): CodeIgniter\Boot::bootWeb(Object(Config\Paths))
CRITICAL - 2026-08-01 02:25:44 --> [Caused by] mysqli_sql_exception: Unknown column 'pr.cost_without_vat' in 'field list'
in SYSTEMPATH\Database\MySQLi\Connection.php on line 327.
 1 SYSTEMPATH\Database\MySQLi\Connection.php(327): mysqli->query('SELECT `pr`.`product_id`, `pr`.`product_name`, `pr`.`product_category`, `pr`.`product_brand`, `pr`.`product_group`, `pr`.`product_strength`, `pr`.`product_unit`, `pr`.`sku`, `pr`.`barcode`, `pr`.`cost_without_vat`, `pr`.`tax_type`, `pr`.`tax_id`, `pr`.`tax_amount`, `pr`.`purchase_price`, `pr`.`profit_margin_percent`, `pr`.`selling_price`, `pr`.`alert_quantity`, `pr`.`product_image`, `pr`.`status`, `pc`.`category_name`, `pg`.`group_name`, `pb`.`product_brand_name`, `pu`.`product_unit_name`, `ps`.`strength_name`, `tx`.`tax_name`, `tx`.`tax_percentage`, COALESCE(SUM(os.quantity), 0) AS opening_stock
FROM `products` `pr`
LEFT JOIN `product_category` `pc` ON `pc`.`product_category_id` = `pr`.`product_category`
LEFT JOIN `product_group` `pg` ON `pg`.`product_group_id` = `pr`.`product_group`
LEFT JOIN `product_brand` `pb` ON `pb`.`brand_id` = `pr`.`product_brand`
LEFT JOIN `product_unit` `pu` ON `pu`.`product_unit_id` = `pr`.`product_unit`
LEFT JOIN `product_strength` `ps` ON `ps`.`strength_id` = `pr`.`product_strength`
LEFT JOIN `tax` `tx` ON `tx`.`tax_id` = `pr`.`tax_id`
LEFT JOIN `product_opening_stock` `os` ON `os`.`product_id` = `pr`.`product_id`
WHERE `pr`.`status` = \'active\'
GROUP BY `pr`.`product_id`
ORDER BY `pr`.`product_name` ASC', 0)
 2 SYSTEMPATH\Database\BaseConnection.php(729): CodeIgniter\Database\MySQLi\Connection->execute('SELECT `pr`.`product_id`, `pr`.`product_name`, `pr`.`product_category`, `pr`.`product_brand`, `pr`.`product_group`, `pr`.`product_strength`, `pr`.`product_unit`, `pr`.`sku`, `pr`.`barcode`, `pr`.`cost_without_vat`, `pr`.`tax_type`, `pr`.`tax_id`, `pr`.`tax_amount`, `pr`.`purchase_price`, `pr`.`profit_margin_percent`, `pr`.`selling_price`, `pr`.`alert_quantity`, `pr`.`product_image`, `pr`.`status`, `pc`.`category_name`, `pg`.`group_name`, `pb`.`product_brand_name`, `pu`.`product_unit_name`, `ps`.`strength_name`, `tx`.`tax_name`, `tx`.`tax_percentage`, COALESCE(SUM(os.quantity), 0) AS opening_stock
FROM `products` `pr`
LEFT JOIN `product_category` `pc` ON `pc`.`product_category_id` = `pr`.`product_category`
LEFT JOIN `product_group` `pg` ON `pg`.`product_group_id` = `pr`.`product_group`
LEFT JOIN `product_brand` `pb` ON `pb`.`brand_id` = `pr`.`product_brand`
LEFT JOIN `product_unit` `pu` ON `pu`.`product_unit_id` = `pr`.`product_unit`
LEFT JOIN `product_strength` `ps` ON `ps`.`strength_id` = `pr`.`product_strength`
LEFT JOIN `tax` `tx` ON `tx`.`tax_id` = `pr`.`tax_id`
LEFT JOIN `product_opening_stock` `os` ON `os`.`product_id` = `pr`.`product_id`
WHERE `pr`.`status` = \'active\'
GROUP BY `pr`.`product_id`
ORDER BY `pr`.`product_name` ASC')
 3 SYSTEMPATH\Database\BaseConnection.php(646): CodeIgniter\Database\BaseConnection->simpleQuery('SELECT `pr`.`product_id`, `pr`.`product_name`, `pr`.`product_category`, `pr`.`product_brand`, `pr`.`product_group`, `pr`.`product_strength`, `pr`.`product_unit`, `pr`.`sku`, `pr`.`barcode`, `pr`.`cost_without_vat`, `pr`.`tax_type`, `pr`.`tax_id`, `pr`.`tax_amount`, `pr`.`purchase_price`, `pr`.`profit_margin_percent`, `pr`.`selling_price`, `pr`.`alert_quantity`, `pr`.`product_image`, `pr`.`status`, `pc`.`category_name`, `pg`.`group_name`, `pb`.`product_brand_name`, `pu`.`product_unit_name`, `ps`.`strength_name`, `tx`.`tax_name`, `tx`.`tax_percentage`, COALESCE(SUM(os.quantity), 0) AS opening_stock
FROM `products` `pr`
LEFT JOIN `product_category` `pc` ON `pc`.`product_category_id` = `pr`.`product_category`
LEFT JOIN `product_group` `pg` ON `pg`.`product_group_id` = `pr`.`product_group`
LEFT JOIN `product_brand` `pb` ON `pb`.`brand_id` = `pr`.`product_brand`
LEFT JOIN `product_unit` `pu` ON `pu`.`product_unit_id` = `pr`.`product_unit`
LEFT JOIN `product_strength` `ps` ON `ps`.`strength_id` = `pr`.`product_strength`
LEFT JOIN `tax` `tx` ON `tx`.`tax_id` = `pr`.`tax_id`
LEFT JOIN `product_opening_stock` `os` ON `os`.`product_id` = `pr`.`product_id`
WHERE `pr`.`status` = \'active\'
GROUP BY `pr`.`product_id`
ORDER BY `pr`.`product_name` ASC')
 4 SYSTEMPATH\Database\BaseBuilder.php(1649): CodeIgniter\Database\BaseConnection->query('SELECT `pr`.`product_id`, `pr`.`product_name`, `pr`.`product_category`, `pr`.`product_brand`, `pr`.`product_group`, `pr`.`product_strength`, `pr`.`product_unit`, `pr`.`sku`, `pr`.`barcode`, `pr`.`cost_without_vat`, `pr`.`tax_type`, `pr`.`tax_id`, `pr`.`tax_amount`, `pr`.`purchase_price`, `pr`.`profit_margin_percent`, `pr`.`selling_price`, `pr`.`alert_quantity`, `pr`.`product_image`, `pr`.`status`, `pc`.`category_name`, `pg`.`group_name`, `pb`.`product_brand_name`, `pu`.`product_unit_name`, `ps`.`strength_name`, `tx`.`tax_name`, `tx`.`tax_percentage`, COALESCE(SUM(os.quantity), 0) AS opening_stock
FROM `products` `pr`
LEFT JOIN `product_category` `pc` ON `pc`.`product_category_id` = `pr`.`product_category`
LEFT JOIN `product_group` `pg` ON `pg`.`product_group_id` = `pr`.`product_group`
LEFT JOIN `product_brand` `pb` ON `pb`.`brand_id` = `pr`.`product_brand`
LEFT JOIN `product_unit` `pu` ON `pu`.`product_unit_id` = `pr`.`product_unit`
LEFT JOIN `product_strength` `ps` ON `ps`.`strength_id` = `pr`.`product_strength`
LEFT JOIN `tax` `tx` ON `tx`.`tax_id` = `pr`.`tax_id`
LEFT JOIN `product_opening_stock` `os` ON `os`.`product_id` = `pr`.`product_id`
WHERE `pr`.`status` = :pr.status:
GROUP BY `pr`.`product_id`
ORDER BY `pr`.`product_name` ASC', [...], false)
 5 APPPATH\Models\ProductModel.php(252): CodeIgniter\Database\BaseBuilder->get()
 6 APPPATH\Controllers\ProductController.php(46): App\Models\ProductModel->getProductList()
 7 SYSTEMPATH\CodeIgniter.php(933): App\Controllers\ProductController->index()
 8 SYSTEMPATH\CodeIgniter.php(507): CodeIgniter\CodeIgniter->runController(Object(App\Controllers\ProductController))
 9 SYSTEMPATH\CodeIgniter.php(354): CodeIgniter\CodeIgniter->handleRequest(null, Object(Config\Cache), false)
10 SYSTEMPATH\Boot.php(363): CodeIgniter\CodeIgniter->run()
11 SYSTEMPATH\Boot.php(68): CodeIgniter\Boot::runCodeIgniter(Object(CodeIgniter\CodeIgniter))
12 FCPATH\index.php(59): CodeIgniter\Boot::bootWeb(Object(Config\Paths))
DEBUG - 2026-08-01 02:28:30 --> Session: Class initialized using 'CodeIgniter\Session\Handlers\FileHandler' driver.
WARNING - 2026-08-01 02:28:30 --> [DEPRECATED] number_format(): Passing null to parameter #1 ($num) of type float is deprecated in APPPATH\Views\product\productAdd.php on line 89.
 1 APPPATH\Views\product\productAdd.php(89): number_format(null, 2)
 2 SYSTEMPATH\View\View.php(226): include('C:\\laragon\\www\\pharmacy-project\\app\\Views\\product\\productAdd.php')
 3 SYSTEMPATH\View\View.php(229): CodeIgniter\View\View->CodeIgniter\View\{closure}()
 4 SYSTEMPATH\Common.php(1167): CodeIgniter\View\View->render('product/productAdd', [], true)
 5 APPPATH\Controllers\ProductController.php(49): view('product/productAdd', [...])
 6 SYSTEMPATH\CodeIgniter.php(933): App\Controllers\ProductController->index()
 7 SYSTEMPATH\CodeIgniter.php(507): CodeIgniter\CodeIgniter->runController(Object(App\Controllers\ProductController))
 8 SYSTEMPATH\CodeIgniter.php(354): CodeIgniter\CodeIgniter->handleRequest(null, Object(Config\Cache), false)
 9 SYSTEMPATH\Boot.php(363): CodeIgniter\CodeIgniter->run()
10 SYSTEMPATH\Boot.php(68): CodeIgniter\Boot::runCodeIgniter(Object(CodeIgniter\CodeIgniter))
11 FCPATH\index.php(59): CodeIgniter\Boot::bootWeb(Object(Config\Paths))
WARNING - 2026-08-01 02:28:30 --> [DEPRECATED] number_format(): Passing null to parameter #1 ($num) of type float is deprecated in APPPATH\Views\product\productAdd.php on line 93.
 1 APPPATH\Views\product\productAdd.php(93): number_format(null, 2)
 2 SYSTEMPATH\View\View.php(226): include('C:\\laragon\\www\\pharmacy-project\\app\\Views\\product\\productAdd.php')
 3 SYSTEMPATH\View\View.php(229): CodeIgniter\View\View->CodeIgniter\View\{closure}()
 4 SYSTEMPATH\Common.php(1167): CodeIgniter\View\View->render('product/productAdd', [], true)
 5 APPPATH\Controllers\ProductController.php(49): view('product/productAdd', [...])
 6 SYSTEMPATH\CodeIgniter.php(933): App\Controllers\ProductController->index()
 7 SYSTEMPATH\CodeIgniter.php(507): CodeIgniter\CodeIgniter->runController(Object(App\Controllers\ProductController))
 8 SYSTEMPATH\CodeIgniter.php(354): CodeIgniter\CodeIgniter->handleRequest(null, Object(Config\Cache), false)
 9 SYSTEMPATH\Boot.php(363): CodeIgniter\CodeIgniter->run()
10 SYSTEMPATH\Boot.php(68): CodeIgniter\Boot::runCodeIgniter(Object(CodeIgniter\CodeIgniter))
11 FCPATH\index.php(59): CodeIgniter\Boot::bootWeb(Object(Config\Paths))
WARNING - 2026-08-01 02:28:30 --> [DEPRECATED] number_format(): Passing null to parameter #1 ($num) of type float is deprecated in APPPATH\Views\product\productAdd.php on line 97.
 1 APPPATH\Views\product\productAdd.php(97): number_format(null, 2)
 2 SYSTEMPATH\View\View.php(226): include('C:\\laragon\\www\\pharmacy-project\\app\\Views\\product\\productAdd.php')
 3 SYSTEMPATH\View\View.php(229): CodeIgniter\View\View->CodeIgniter\View\{closure}()
 4 SYSTEMPATH\Common.php(1167): CodeIgniter\View\View->render('product/productAdd', [], true)
 5 APPPATH\Controllers\ProductController.php(49): view('product/productAdd', [...])
 6 SYSTEMPATH\CodeIgniter.php(933): App\Controllers\ProductController->index()
 7 SYSTEMPATH\CodeIgniter.php(507): CodeIgniter\CodeIgniter->runController(Object(App\Controllers\ProductController))
 8 SYSTEMPATH\CodeIgniter.php(354): CodeIgniter\CodeIgniter->handleRequest(null, Object(Config\Cache), false)
 9 SYSTEMPATH\Boot.php(363): CodeIgniter\CodeIgniter->run()
10 SYSTEMPATH\Boot.php(68): CodeIgniter\Boot::runCodeIgniter(Object(CodeIgniter\CodeIgniter))
11 FCPATH\index.php(59): CodeIgniter\Boot::bootWeb(Object(Config\Paths))
WARNING - 2026-08-01 02:28:30 --> [DEPRECATED] number_format(): Passing null to parameter #1 ($num) of type float is deprecated in APPPATH\Views\product\productAdd.php on line 89.
 1 APPPATH\Views\product\productAdd.php(89): number_format(null, 2)
 2 SYSTEMPATH\View\View.php(226): include('C:\\laragon\\www\\pharmacy-project\\app\\Views\\product\\productAdd.php')
 3 SYSTEMPATH\View\View.php(229): CodeIgniter\View\View->CodeIgniter\View\{closure}()
 4 SYSTEMPATH\Common.php(1167): CodeIgniter\View\View->render('product/productAdd', [], true)
 5 APPPATH\Controllers\ProductController.php(49): view('product/productAdd', [...])
 6 SYSTEMPATH\CodeIgniter.php(933): App\Controllers\ProductController->index()
 7 SYSTEMPATH\CodeIgniter.php(507): CodeIgniter\CodeIgniter->runController(Object(App\Controllers\ProductController))
 8 SYSTEMPATH\CodeIgniter.php(354): CodeIgniter\CodeIgniter->handleRequest(null, Object(Config\Cache), false)
 9 SYSTEMPATH\Boot.php(363): CodeIgniter\CodeIgniter->run()
10 SYSTEMPATH\Boot.php(68): CodeIgniter\Boot::runCodeIgniter(Object(CodeIgniter\CodeIgniter))
11 FCPATH\index.php(59): CodeIgniter\Boot::bootWeb(Object(Config\Paths))
WARNING - 2026-08-01 02:28:30 --> [DEPRECATED] number_format(): Passing null to parameter #1 ($num) of type float is deprecated in APPPATH\Views\product\productAdd.php on line 93.
 1 APPPATH\Views\product\productAdd.php(93): number_format(null, 2)
 2 SYSTEMPATH\View\View.php(226): include('C:\\laragon\\www\\pharmacy-project\\app\\Views\\product\\productAdd.php')
 3 SYSTEMPATH\View\View.php(229): CodeIgniter\View\View->CodeIgniter\View\{closure}()
 4 SYSTEMPATH\Common.php(1167): CodeIgniter\View\View->render('product/productAdd', [], true)
 5 APPPATH\Controllers\ProductController.php(49): view('product/productAdd', [...])
 6 SYSTEMPATH\CodeIgniter.php(933): App\Controllers\ProductController->index()
 7 SYSTEMPATH\CodeIgniter.php(507): CodeIgniter\CodeIgniter->runController(Object(App\Controllers\ProductController))
 8 SYSTEMPATH\CodeIgniter.php(354): CodeIgniter\CodeIgniter->handleRequest(null, Object(Config\Cache), false)
 9 SYSTEMPATH\Boot.php(363): CodeIgniter\CodeIgniter->run()
10 SYSTEMPATH\Boot.php(68): CodeIgniter\Boot::runCodeIgniter(Object(CodeIgniter\CodeIgniter))
11 FCPATH\index.php(59): CodeIgniter\Boot::bootWeb(Object(Config\Paths))
WARNING - 2026-08-01 02:28:30 --> [DEPRECATED] number_format(): Passing null to parameter #1 ($num) of type float is deprecated in APPPATH\Views\product\productAdd.php on line 97.
 1 APPPATH\Views\product\productAdd.php(97): number_format(null, 2)
 2 SYSTEMPATH\View\View.php(226): include('C:\\laragon\\www\\pharmacy-project\\app\\Views\\product\\productAdd.php')
 3 SYSTEMPATH\View\View.php(229): CodeIgniter\View\View->CodeIgniter\View\{closure}()
 4 SYSTEMPATH\Common.php(1167): CodeIgniter\View\View->render('product/productAdd', [], true)
 5 APPPATH\Controllers\ProductController.php(49): view('product/productAdd', [...])
 6 SYSTEMPATH\CodeIgniter.php(933): App\Controllers\ProductController->index()
 7 SYSTEMPATH\CodeIgniter.php(507): CodeIgniter\CodeIgniter->runController(Object(App\Controllers\ProductController))
 8 SYSTEMPATH\CodeIgniter.php(354): CodeIgniter\CodeIgniter->handleRequest(null, Object(Config\Cache), false)
 9 SYSTEMPATH\Boot.php(363): CodeIgniter\CodeIgniter->run()
10 SYSTEMPATH\Boot.php(68): CodeIgniter\Boot::runCodeIgniter(Object(CodeIgniter\CodeIgniter))
11 FCPATH\index.php(59): CodeIgniter\Boot::bootWeb(Object(Config\Paths))
WARNING - 2026-08-01 02:28:30 --> [DEPRECATED] number_format(): Passing null to parameter #1 ($num) of type float is deprecated in APPPATH\Views\product\productAdd.php on line 89.
 1 APPPATH\Views\product\productAdd.php(89): number_format(null, 2)
 2 SYSTEMPATH\View\View.php(226): include('C:\\laragon\\www\\pharmacy-project\\app\\Views\\product\\productAdd.php')
 3 SYSTEMPATH\View\View.php(229): CodeIgniter\View\View->CodeIgniter\View\{closure}()
 4 SYSTEMPATH\Common.php(1167): CodeIgniter\View\View->render('product/productAdd', [], true)
 5 APPPATH\Controllers\ProductController.php(49): view('product/productAdd', [...])
 6 SYSTEMPATH\CodeIgniter.php(933): App\Controllers\ProductController->index()
 7 SYSTEMPATH\CodeIgniter.php(507): CodeIgniter\CodeIgniter->runController(Object(App\Controllers\ProductController))
 8 SYSTEMPATH\CodeIgniter.php(354): CodeIgniter\CodeIgniter->handleRequest(null, Object(Config\Cache), false)
 9 SYSTEMPATH\Boot.php(363): CodeIgniter\CodeIgniter->run()
10 SYSTEMPATH\Boot.php(68): CodeIgniter\Boot::runCodeIgniter(Object(CodeIgniter\CodeIgniter))
11 FCPATH\index.php(59): CodeIgniter\Boot::bootWeb(Object(Config\Paths))
WARNING - 2026-08-01 02:28:30 --> [DEPRECATED] number_format(): Passing null to parameter #1 ($num) of type float is deprecated in APPPATH\Views\product\productAdd.php on line 93.
 1 APPPATH\Views\product\productAdd.php(93): number_format(null, 2)
 2 SYSTEMPATH\View\View.php(226): include('C:\\laragon\\www\\pharmacy-project\\app\\Views\\product\\productAdd.php')
 3 SYSTEMPATH\View\View.php(229): CodeIgniter\View\View->CodeIgniter\View\{closure}()
 4 SYSTEMPATH\Common.php(1167): CodeIgniter\View\View->render('product/productAdd', [], true)
 5 APPPATH\Controllers\ProductController.php(49): view('product/productAdd', [...])
 6 SYSTEMPATH\CodeIgniter.php(933): App\Controllers\ProductController->index()
 7 SYSTEMPATH\CodeIgniter.php(507): CodeIgniter\CodeIgniter->runController(Object(App\Controllers\ProductController))
 8 SYSTEMPATH\CodeIgniter.php(354): CodeIgniter\CodeIgniter->handleRequest(null, Object(Config\Cache), false)
 9 SYSTEMPATH\Boot.php(363): CodeIgniter\CodeIgniter->run()
10 SYSTEMPATH\Boot.php(68): CodeIgniter\Boot::runCodeIgniter(Object(CodeIgniter\CodeIgniter))
11 FCPATH\index.php(59): CodeIgniter\Boot::bootWeb(Object(Config\Paths))
WARNING - 2026-08-01 02:28:30 --> [DEPRECATED] number_format(): Passing null to parameter #1 ($num) of type float is deprecated in APPPATH\Views\product\productAdd.php on line 97.
 1 APPPATH\Views\product\productAdd.php(97): number_format(null, 2)
 2 SYSTEMPATH\View\View.php(226): include('C:\\laragon\\www\\pharmacy-project\\app\\Views\\product\\productAdd.php')
 3 SYSTEMPATH\View\View.php(229): CodeIgniter\View\View->CodeIgniter\View\{closure}()
 4 SYSTEMPATH\Common.php(1167): CodeIgniter\View\View->render('product/productAdd', [], true)
 5 APPPATH\Controllers\ProductController.php(49): view('product/productAdd', [...])
 6 SYSTEMPATH\CodeIgniter.php(933): App\Controllers\ProductController->index()
 7 SYSTEMPATH\CodeIgniter.php(507): CodeIgniter\CodeIgniter->runController(Object(App\Controllers\ProductController))
 8 SYSTEMPATH\CodeIgniter.php(354): CodeIgniter\CodeIgniter->handleRequest(null, Object(Config\Cache), false)
 9 SYSTEMPATH\Boot.php(363): CodeIgniter\CodeIgniter->run()
10 SYSTEMPATH\Boot.php(68): CodeIgniter\Boot::runCodeIgniter(Object(CodeIgniter\CodeIgniter))
11 FCPATH\index.php(59): CodeIgniter\Boot::bootWeb(Object(Config\Paths))
WARNING - 2026-08-01 02:28:30 --> [DEPRECATED] number_format(): Passing null to parameter #1 ($num) of type float is deprecated in APPPATH\Views\product\productAdd.php on line 89.
 1 APPPATH\Views\product\productAdd.php(89): number_format(null, 2)
 2 SYSTEMPATH\View\View.php(226): include('C:\\laragon\\www\\pharmacy-project\\app\\Views\\product\\productAdd.php')
 3 SYSTEMPATH\View\View.php(229): CodeIgniter\View\View->CodeIgniter\View\{closure}()
 4 SYSTEMPATH\Common.php(1167): CodeIgniter\View\View->render('product/productAdd', [], true)
 5 APPPATH\Controllers\ProductController.php(49): view('product/productAdd', [...])
 6 SYSTEMPATH\CodeIgniter.php(933): App\Controllers\ProductController->index()
 7 SYSTEMPATH\CodeIgniter.php(507): CodeIgniter\CodeIgniter->runController(Object(App\Controllers\ProductController))
 8 SYSTEMPATH\CodeIgniter.php(354): CodeIgniter\CodeIgniter->handleRequest(null, Object(Config\Cache), false)
 9 SYSTEMPATH\Boot.php(363): CodeIgniter\CodeIgniter->run()
10 SYSTEMPATH\Boot.php(68): CodeIgniter\Boot::runCodeIgniter(Object(CodeIgniter\CodeIgniter))
11 FCPATH\index.php(59): CodeIgniter\Boot::bootWeb(Object(Config\Paths))
WARNING - 2026-08-01 02:28:30 --> [DEPRECATED] number_format(): Passing null to parameter #1 ($num) of type float is deprecated in APPPATH\Views\product\productAdd.php on line 93.
 1 APPPATH\Views\product\productAdd.php(93): number_format(null, 2)
 2 SYSTEMPATH\View\View.php(226): include('C:\\laragon\\www\\pharmacy-project\\app\\Views\\product\\productAdd.php')
 3 SYSTEMPATH\View\View.php(229): CodeIgniter\View\View->CodeIgniter\View\{closure}()
 4 SYSTEMPATH\Common.php(1167): CodeIgniter\View\View->render('product/productAdd', [], true)
 5 APPPATH\Controllers\ProductController.php(49): view('product/productAdd', [...])
 6 SYSTEMPATH\CodeIgniter.php(933): App\Controllers\ProductController->index()
 7 SYSTEMPATH\CodeIgniter.php(507): CodeIgniter\CodeIgniter->runController(Object(App\Controllers\ProductController))
 8 SYSTEMPATH\CodeIgniter.php(354): CodeIgniter\CodeIgniter->handleRequest(null, Object(Config\Cache), false)
 9 SYSTEMPATH\Boot.php(363): CodeIgniter\CodeIgniter->run()
10 SYSTEMPATH\Boot.php(68): CodeIgniter\Boot::runCodeIgniter(Object(CodeIgniter\CodeIgniter))
11 FCPATH\index.php(59): CodeIgniter\Boot::bootWeb(Object(Config\Paths))
WARNING - 2026-08-01 02:28:30 --> [DEPRECATED] number_format(): Passing null to parameter #1 ($num) of type float is deprecated in APPPATH\Views\product\productAdd.php on line 97.
 1 APPPATH\Views\product\productAdd.php(97): number_format(null, 2)
 2 SYSTEMPATH\View\View.php(226): include('C:\\laragon\\www\\pharmacy-project\\app\\Views\\product\\productAdd.php')
 3 SYSTEMPATH\View\View.php(229): CodeIgniter\View\View->CodeIgniter\View\{closure}()
 4 SYSTEMPATH\Common.php(1167): CodeIgniter\View\View->render('product/productAdd', [], true)
 5 APPPATH\Controllers\ProductController.php(49): view('product/productAdd', [...])
 6 SYSTEMPATH\CodeIgniter.php(933): App\Controllers\ProductController->index()
 7 SYSTEMPATH\CodeIgniter.php(507): CodeIgniter\CodeIgniter->runController(Object(App\Controllers\ProductController))
 8 SYSTEMPATH\CodeIgniter.php(354): CodeIgniter\CodeIgniter->handleRequest(null, Object(Config\Cache), false)
 9 SYSTEMPATH\Boot.php(363): CodeIgniter\CodeIgniter->run()
10 SYSTEMPATH\Boot.php(68): CodeIgniter\Boot::runCodeIgniter(Object(CodeIgniter\CodeIgniter))
11 FCPATH\index.php(59): CodeIgniter\Boot::bootWeb(Object(Config\Paths))
WARNING - 2026-08-01 02:28:30 --> [DEPRECATED] number_format(): Passing null to parameter #1 ($num) of type float is deprecated in APPPATH\Views\product\productAdd.php on line 89.
 1 APPPATH\Views\product\productAdd.php(89): number_format(null, 2)
 2 SYSTEMPATH\View\View.php(226): include('C:\\laragon\\www\\pharmacy-project\\app\\Views\\product\\productAdd.php')
 3 SYSTEMPATH\View\View.php(229): CodeIgniter\View\View->CodeIgniter\View\{closure}()
 4 SYSTEMPATH\Common.php(1167): CodeIgniter\View\View->render('product/productAdd', [], true)
 5 APPPATH\Controllers\ProductController.php(49): view('product/productAdd', [...])
 6 SYSTEMPATH\CodeIgniter.php(933): App\Controllers\ProductController->index()
 7 SYSTEMPATH\CodeIgniter.php(507): CodeIgniter\CodeIgniter->runController(Object(App\Controllers\ProductController))
 8 SYSTEMPATH\CodeIgniter.php(354): CodeIgniter\CodeIgniter->handleRequest(null, Object(Config\Cache), false)
 9 SYSTEMPATH\Boot.php(363): CodeIgniter\CodeIgniter->run()
10 SYSTEMPATH\Boot.php(68): CodeIgniter\Boot::runCodeIgniter(Object(CodeIgniter\CodeIgniter))
11 FCPATH\index.php(59): CodeIgniter\Boot::bootWeb(Object(Config\Paths))
WARNING - 2026-08-01 02:28:30 --> [DEPRECATED] number_format(): Passing null to parameter #1 ($num) of type float is deprecated in APPPATH\Views\product\productAdd.php on line 93.
 1 APPPATH\Views\product\productAdd.php(93): number_format(null, 2)
 2 SYSTEMPATH\View\View.php(226): include('C:\\laragon\\www\\pharmacy-project\\app\\Views\\product\\productAdd.php')
 3 SYSTEMPATH\View\View.php(229): CodeIgniter\View\View->CodeIgniter\View\{closure}()
 4 SYSTEMPATH\Common.php(1167): CodeIgniter\View\View->render('product/productAdd', [], true)
 5 APPPATH\Controllers\ProductController.php(49): view('product/productAdd', [...])
 6 SYSTEMPATH\CodeIgniter.php(933): App\Controllers\ProductController->index()
 7 SYSTEMPATH\CodeIgniter.php(507): CodeIgniter\CodeIgniter->runController(Object(App\Controllers\ProductController))
 8 SYSTEMPATH\CodeIgniter.php(354): CodeIgniter\CodeIgniter->handleRequest(null, Object(Config\Cache), false)
 9 SYSTEMPATH\Boot.php(363): CodeIgniter\CodeIgniter->run()
10 SYSTEMPATH\Boot.php(68): CodeIgniter\Boot::runCodeIgniter(Object(CodeIgniter\CodeIgniter))
11 FCPATH\index.php(59): CodeIgniter\Boot::bootWeb(Object(Config\Paths))
WARNING - 2026-08-01 02:28:30 --> [DEPRECATED] number_format(): Passing null to parameter #1 ($num) of type float is deprecated in APPPATH\Views\product\productAdd.php on line 97.
 1 APPPATH\Views\product\productAdd.php(97): number_format(null, 2)
 2 SYSTEMPATH\View\View.php(226): include('C:\\laragon\\www\\pharmacy-project\\app\\Views\\product\\productAdd.php')
 3 SYSTEMPATH\View\View.php(229): CodeIgniter\View\View->CodeIgniter\View\{closure}()
 4 SYSTEMPATH\Common.php(1167): CodeIgniter\View\View->render('product/productAdd', [], true)
 5 APPPATH\Controllers\ProductController.php(49): view('product/productAdd', [...])
 6 SYSTEMPATH\CodeIgniter.php(933): App\Controllers\ProductController->index()
 7 SYSTEMPATH\CodeIgniter.php(507): CodeIgniter\CodeIgniter->runController(Object(App\Controllers\ProductController))
 8 SYSTEMPATH\CodeIgniter.php(354): CodeIgniter\CodeIgniter->handleRequest(null, Object(Config\Cache), false)
 9 SYSTEMPATH\Boot.php(363): CodeIgniter\CodeIgniter->run()
10 SYSTEMPATH\Boot.php(68): CodeIgniter\Boot::runCodeIgniter(Object(CodeIgniter\CodeIgniter))
11 FCPATH\index.php(59): CodeIgniter\Boot::bootWeb(Object(Config\Paths))
WARNING - 2026-08-01 02:28:30 --> [DEPRECATED] number_format(): Passing null to parameter #1 ($num) of type float is deprecated in APPPATH\Views\product\productAdd.php on line 89.
 1 APPPATH\Views\product\productAdd.php(89): number_format(null, 2)
 2 SYSTEMPATH\View\View.php(226): include('C:\\laragon\\www\\pharmacy-project\\app\\Views\\product\\productAdd.php')
 3 SYSTEMPATH\View\View.php(229): CodeIgniter\View\View->CodeIgniter\View\{closure}()
 4 SYSTEMPATH\Common.php(1167): CodeIgniter\View\View->render('product/productAdd', [], true)
 5 APPPATH\Controllers\ProductController.php(49): view('product/productAdd', [...])
 6 SYSTEMPATH\CodeIgniter.php(933): App\Controllers\ProductController->index()
 7 SYSTEMPATH\CodeIgniter.php(507): CodeIgniter\CodeIgniter->runController(Object(App\Controllers\ProductController))
 8 SYSTEMPATH\CodeIgniter.php(354): CodeIgniter\CodeIgniter->handleRequest(null, Object(Config\Cache), false)
 9 SYSTEMPATH\Boot.php(363): CodeIgniter\CodeIgniter->run()
10 SYSTEMPATH\Boot.php(68): CodeIgniter\Boot::runCodeIgniter(Object(CodeIgniter\CodeIgniter))
11 FCPATH\index.php(59): CodeIgniter\Boot::bootWeb(Object(Config\Paths))
WARNING - 2026-08-01 02:28:30 --> [DEPRECATED] number_format(): Passing null to parameter #1 ($num) of type float is deprecated in APPPATH\Views\product\productAdd.php on line 93.
 1 APPPATH\Views\product\productAdd.php(93): number_format(null, 2)
 2 SYSTEMPATH\View\View.php(226): include('C:\\laragon\\www\\pharmacy-project\\app\\Views\\product\\productAdd.php')
 3 SYSTEMPATH\View\View.php(229): CodeIgniter\View\View->CodeIgniter\View\{closure}()
 4 SYSTEMPATH\Common.php(1167): CodeIgniter\View\View->render('product/productAdd', [], true)
 5 APPPATH\Controllers\ProductController.php(49): view('product/productAdd', [...])
 6 SYSTEMPATH\CodeIgniter.php(933): App\Controllers\ProductController->index()
 7 SYSTEMPATH\CodeIgniter.php(507): CodeIgniter\CodeIgniter->runController(Object(App\Controllers\ProductController))
 8 SYSTEMPATH\CodeIgniter.php(354): CodeIgniter\CodeIgniter->handleRequest(null, Object(Config\Cache), false)
 9 SYSTEMPATH\Boot.php(363): CodeIgniter\CodeIgniter->run()
10 SYSTEMPATH\Boot.php(68): CodeIgniter\Boot::runCodeIgniter(Object(CodeIgniter\CodeIgniter))
11 FCPATH\index.php(59): CodeIgniter\Boot::bootWeb(Object(Config\Paths))
WARNING - 2026-08-01 02:28:30 --> [DEPRECATED] number_format(): Passing null to parameter #1 ($num) of type float is deprecated in APPPATH\Views\product\productAdd.php on line 97.
 1 APPPATH\Views\product\productAdd.php(97): number_format(null, 2)
 2 SYSTEMPATH\View\View.php(226): include('C:\\laragon\\www\\pharmacy-project\\app\\Views\\product\\productAdd.php')
 3 SYSTEMPATH\View\View.php(229): CodeIgniter\View\View->CodeIgniter\View\{closure}()
 4 SYSTEMPATH\Common.php(1167): CodeIgniter\View\View->render('product/productAdd', [], true)
 5 APPPATH\Controllers\ProductController.php(49): view('product/productAdd', [...])
 6 SYSTEMPATH\CodeIgniter.php(933): App\Controllers\ProductController->index()
 7 SYSTEMPATH\CodeIgniter.php(507): CodeIgniter\CodeIgniter->runController(Object(App\Controllers\ProductController))
 8 SYSTEMPATH\CodeIgniter.php(354): CodeIgniter\CodeIgniter->handleRequest(null, Object(Config\Cache), false)
 9 SYSTEMPATH\Boot.php(363): CodeIgniter\CodeIgniter->run()
10 SYSTEMPATH\Boot.php(68): CodeIgniter\Boot::runCodeIgniter(Object(CodeIgniter\CodeIgniter))
11 FCPATH\index.php(59): CodeIgniter\Boot::bootWeb(Object(Config\Paths))
DEBUG - 2026-08-01 02:29:57 --> Session: Class initialized using 'CodeIgniter\Session\Handlers\FileHandler' driver.
DEBUG - 2026-08-01 02:30:02 --> Session: Class initialized using 'CodeIgniter\Session\Handlers\FileHandler' driver.
DEBUG - 2026-08-01 02:30:03 --> Session: Class initialized using 'CodeIgniter\Session\Handlers\FileHandler' driver.
DEBUG - 2026-08-01 02:30:08 --> Session: Class initialized using 'CodeIgniter\Session\Handlers\FileHandler' driver.
DEBUG - 2026-08-01 02:30:23 --> Session: Class initialized using 'CodeIgniter\Session\Handlers\FileHandler' driver.
DEBUG - 2026-08-01 02:30:23 --> Session: Class initialized using 'CodeIgniter\Session\Handlers\FileHandler' driver.
DEBUG - 2026-08-01 02:30:23 --> Session: Class initialized using 'CodeIgniter\Session\Handlers\FileHandler' driver.
DEBUG - 2026-08-01 02:30:55 --> Session: Class initialized using 'CodeIgniter\Session\Handlers\FileHandler' driver.
DEBUG - 2026-08-01 02:30:55 --> Session: Class initialized using 'CodeIgniter\Session\Handlers\FileHandler' driver.
WARNING - 2026-08-01 02:30:55 --> [DEPRECATED] number_format(): Passing null to parameter #1 ($num) of type float is deprecated in APPPATH\Views\product\productAdd.php on line 89.
 1 APPPATH\Views\product\productAdd.php(89): number_format(null, 2)
 2 SYSTEMPATH\View\View.php(226): include('C:\\laragon\\www\\pharmacy-project\\app\\Views\\product\\productAdd.php')
 3 SYSTEMPATH\View\View.php(229): CodeIgniter\View\View->CodeIgniter\View\{closure}()
 4 SYSTEMPATH\Common.php(1167): CodeIgniter\View\View->render('product/productAdd', [], true)
 5 APPPATH\Controllers\ProductController.php(49): view('product/productAdd', [...])
 6 SYSTEMPATH\CodeIgniter.php(933): App\Controllers\ProductController->index()
 7 SYSTEMPATH\CodeIgniter.php(507): CodeIgniter\CodeIgniter->runController(Object(App\Controllers\ProductController))
 8 SYSTEMPATH\CodeIgniter.php(354): CodeIgniter\CodeIgniter->handleRequest(null, Object(Config\Cache), false)
 9 SYSTEMPATH\Boot.php(363): CodeIgniter\CodeIgniter->run()
10 SYSTEMPATH\Boot.php(68): CodeIgniter\Boot::runCodeIgniter(Object(CodeIgniter\CodeIgniter))
11 FCPATH\index.php(59): CodeIgniter\Boot::bootWeb(Object(Config\Paths))
WARNING - 2026-08-01 02:30:55 --> [DEPRECATED] number_format(): Passing null to parameter #1 ($num) of type float is deprecated in APPPATH\Views\product\productAdd.php on line 93.
 1 APPPATH\Views\product\productAdd.php(93): number_format(null, 2)
 2 SYSTEMPATH\View\View.php(226): include('C:\\laragon\\www\\pharmacy-project\\app\\Views\\product\\productAdd.php')
 3 SYSTEMPATH\View\View.php(229): CodeIgniter\View\View->CodeIgniter\View\{closure}()
 4 SYSTEMPATH\Common.php(1167): CodeIgniter\View\View->render('product/productAdd', [], true)
 5 APPPATH\Controllers\ProductController.php(49): view('product/productAdd', [...])
 6 SYSTEMPATH\CodeIgniter.php(933): App\Controllers\ProductController->index()
 7 SYSTEMPATH\CodeIgniter.php(507): CodeIgniter\CodeIgniter->runController(Object(App\Controllers\ProductController))
 8 SYSTEMPATH\CodeIgniter.php(354): CodeIgniter\CodeIgniter->handleRequest(null, Object(Config\Cache), false)
 9 SYSTEMPATH\Boot.php(363): CodeIgniter\CodeIgniter->run()
10 SYSTEMPATH\Boot.php(68): CodeIgniter\Boot::runCodeIgniter(Object(CodeIgniter\CodeIgniter))
11 FCPATH\index.php(59): CodeIgniter\Boot::bootWeb(Object(Config\Paths))
WARNING - 2026-08-01 02:30:55 --> [DEPRECATED] number_format(): Passing null to parameter #1 ($num) of type float is deprecated in APPPATH\Views\product\productAdd.php on line 97.
 1 APPPATH\Views\product\productAdd.php(97): number_format(null, 2)
 2 SYSTEMPATH\View\View.php(226): include('C:\\laragon\\www\\pharmacy-project\\app\\Views\\product\\productAdd.php')
 3 SYSTEMPATH\View\View.php(229): CodeIgniter\View\View->CodeIgniter\View\{closure}()
 4 SYSTEMPATH\Common.php(1167): CodeIgniter\View\View->render('product/productAdd', [], true)
 5 APPPATH\Controllers\ProductController.php(49): view('product/productAdd', [...])
 6 SYSTEMPATH\CodeIgniter.php(933): App\Controllers\ProductController->index()
 7 SYSTEMPATH\CodeIgniter.php(507): CodeIgniter\CodeIgniter->runController(Object(App\Controllers\ProductController))
 8 SYSTEMPATH\CodeIgniter.php(354): CodeIgniter\CodeIgniter->handleRequest(null, Object(Config\Cache), false)
 9 SYSTEMPATH\Boot.php(363): CodeIgniter\CodeIgniter->run()
10 SYSTEMPATH\Boot.php(68): CodeIgniter\Boot::runCodeIgniter(Object(CodeIgniter\CodeIgniter))
11 FCPATH\index.php(59): CodeIgniter\Boot::bootWeb(Object(Config\Paths))
DEBUG - 2026-08-01 02:31:44 --> Session: Class initialized using 'CodeIgniter\Session\Handlers\FileHandler' driver.
DEBUG - 2026-08-01 02:35:10 --> Session: Class initialized using 'CodeIgniter\Session\Handlers\FileHandler' driver.
ERROR - 2026-08-01 02:35:11 --> mysqli_sql_exception: Unknown column 'remarks' in 'field list' in C:\laragon\www\pharmacy-project\system\Database\MySQLi\Connection.php:327
Stack trace:
#0 C:\laragon\www\pharmacy-project\system\Database\MySQLi\Connection.php(327): mysqli->query('INSERT INTO `st...', 0)
#1 C:\laragon\www\pharmacy-project\system\Database\BaseConnection.php(729): CodeIgniter\Database\MySQLi\Connection->execute('INSERT INTO `st...')
#2 C:\laragon\www\pharmacy-project\system\Database\BaseConnection.php(646): CodeIgniter\Database\BaseConnection->simpleQuery('INSERT INTO `st...')
#3 C:\laragon\www\pharmacy-project\system\Database\BaseBuilder.php(2345): CodeIgniter\Database\BaseConnection->query('INSERT INTO `st...', Array, false)
#4 C:\laragon\www\pharmacy-project\app\Controllers\OpeningStockController.php(154): CodeIgniter\Database\BaseBuilder->insert(Array)
#5 C:\laragon\www\pharmacy-project\system\CodeIgniter.php(933): App\Controllers\OpeningStockController->store()
#6 C:\laragon\www\pharmacy-project\system\CodeIgniter.php(507): CodeIgniter\CodeIgniter->runController(Object(App\Controllers\OpeningStockController))
#7 C:\laragon\www\pharmacy-project\system\CodeIgniter.php(354): CodeIgniter\CodeIgniter->handleRequest(NULL, Object(Config\Cache), false)
#8 C:\laragon\www\pharmacy-project\system\Boot.php(363): CodeIgniter\CodeIgniter->run()
#9 C:\laragon\www\pharmacy-project\system\Boot.php(68): CodeIgniter\Boot::runCodeIgniter(Object(CodeIgniter\CodeIgniter))
#10 C:\laragon\www\pharmacy-project\index.php(59): CodeIgniter\Boot::bootWeb(Object(Config\Paths))
#11 {main}
DEBUG - 2026-08-01 02:35:11 --> Session: Class initialized using 'CodeIgniter\Session\Handlers\FileHandler' driver.
DEBUG - 2026-08-01 02:44:12 --> Session: Class initialized using 'CodeIgniter\Session\Handlers\FileHandler' driver.
DEBUG - 2026-08-01 02:45:28 --> Session: Class initialized using 'CodeIgniter\Session\Handlers\FileHandler' driver.
DEBUG - 2026-08-01 02:52:09 --> Session: Class initialized using 'CodeIgniter\Session\Handlers\FileHandler' driver.
DEBUG - 2026-08-01 02:56:02 --> Session: Class initialized using 'CodeIgniter\Session\Handlers\FileHandler' driver.
ERROR - 2026-08-01 02:56:02 --> mysqli_sql_exception: Unknown column 'remarks' in 'field list' in C:\laragon\www\pharmacy-project\system\Database\MySQLi\Connection.php:327
Stack trace:
#0 C:\laragon\www\pharmacy-project\system\Database\MySQLi\Connection.php(327): mysqli->query('INSERT INTO `st...', 0)
#1 C:\laragon\www\pharmacy-project\system\Database\BaseConnection.php(729): CodeIgniter\Database\MySQLi\Connection->execute('INSERT INTO `st...')
#2 C:\laragon\www\pharmacy-project\system\Database\BaseConnection.php(646): CodeIgniter\Database\BaseConnection->simpleQuery('INSERT INTO `st...')
#3 C:\laragon\www\pharmacy-project\system\Database\BaseBuilder.php(2345): CodeIgniter\Database\BaseConnection->query('INSERT INTO `st...', Array, false)
#4 C:\laragon\www\pharmacy-project\app\Controllers\OpeningStockController.php(154): CodeIgniter\Database\BaseBuilder->insert(Array)
#5 C:\laragon\www\pharmacy-project\system\CodeIgniter.php(933): App\Controllers\OpeningStockController->store()
#6 C:\laragon\www\pharmacy-project\system\CodeIgniter.php(507): CodeIgniter\CodeIgniter->runController(Object(App\Controllers\OpeningStockController))
#7 C:\laragon\www\pharmacy-project\system\CodeIgniter.php(354): CodeIgniter\CodeIgniter->handleRequest(NULL, Object(Config\Cache), false)
#8 C:\laragon\www\pharmacy-project\system\Boot.php(363): CodeIgniter\CodeIgniter->run()
#9 C:\laragon\www\pharmacy-project\system\Boot.php(68): CodeIgniter\Boot::runCodeIgniter(Object(CodeIgniter\CodeIgniter))
#10 C:\laragon\www\pharmacy-project\index.php(59): CodeIgniter\Boot::bootWeb(Object(Config\Paths))
#11 {main}
DEBUG - 2026-08-01 02:56:03 --> Session: Class initialized using 'CodeIgniter\Session\Handlers\FileHandler' driver.
DEBUG - 2026-08-01 03:01:43 --> Session: Class initialized using 'CodeIgniter\Session\Handlers\FileHandler' driver.
DEBUG - 2026-08-01 03:02:40 --> Session: Class initialized using 'CodeIgniter\Session\Handlers\FileHandler' driver.
ERROR - 2026-08-01 03:02:40 --> mysqli_sql_exception: Unknown column 'remarks' in 'field list' in C:\laragon\www\pharmacy-project\system\Database\MySQLi\Connection.php:327
Stack trace:
#0 C:\laragon\www\pharmacy-project\system\Database\MySQLi\Connection.php(327): mysqli->query('INSERT INTO `st...', 0)
#1 C:\laragon\www\pharmacy-project\system\Database\BaseConnection.php(729): CodeIgniter\Database\MySQLi\Connection->execute('INSERT INTO `st...')
#2 C:\laragon\www\pharmacy-project\system\Database\BaseConnection.php(646): CodeIgniter\Database\BaseConnection->simpleQuery('INSERT INTO `st...')
#3 C:\laragon\www\pharmacy-project\system\Database\BaseBuilder.php(2345): CodeIgniter\Database\BaseConnection->query('INSERT INTO `st...', Array, false)
#4 C:\laragon\www\pharmacy-project\app\Controllers\OpeningStockController.php(154): CodeIgniter\Database\BaseBuilder->insert(Array)
#5 C:\laragon\www\pharmacy-project\system\CodeIgniter.php(933): App\Controllers\OpeningStockController->store()
#6 C:\laragon\www\pharmacy-project\system\CodeIgniter.php(507): CodeIgniter\CodeIgniter->runController(Object(App\Controllers\OpeningStockController))
#7 C:\laragon\www\pharmacy-project\system\CodeIgniter.php(354): CodeIgniter\CodeIgniter->handleRequest(NULL, Object(Config\Cache), false)
#8 C:\laragon\www\pharmacy-project\system\Boot.php(363): CodeIgniter\CodeIgniter->run()
#9 C:\laragon\www\pharmacy-project\system\Boot.php(68): CodeIgniter\Boot::runCodeIgniter(Object(CodeIgniter\CodeIgniter))
#10 C:\laragon\www\pharmacy-project\index.php(59): CodeIgniter\Boot::bootWeb(Object(Config\Paths))
#11 {main}
DEBUG - 2026-08-01 03:02:40 --> Session: Class initialized using 'CodeIgniter\Session\Handlers\FileHandler' driver.
DEBUG - 2026-08-01 03:08:45 --> Session: Class initialized using 'CodeIgniter\Session\Handlers\FileHandler' driver.
DEBUG - 2026-08-01 03:10:57 --> Session: Class initialized using 'CodeIgniter\Session\Handlers\FileHandler' driver.
DEBUG - 2026-08-01 03:12:20 --> Session: Class initialized using 'CodeIgniter\Session\Handlers\FileHandler' driver.
ERROR - 2026-08-01 03:12:20 --> mysqli_sql_exception: Unknown column 'remarks' in 'field list' in C:\laragon\www\pharmacy-project\system\Database\MySQLi\Connection.php:327
Stack trace:
#0 C:\laragon\www\pharmacy-project\system\Database\MySQLi\Connection.php(327): mysqli->query('INSERT INTO `st...', 0)
#1 C:\laragon\www\pharmacy-project\system\Database\BaseConnection.php(729): CodeIgniter\Database\MySQLi\Connection->execute('INSERT INTO `st...')
#2 C:\laragon\www\pharmacy-project\system\Database\BaseConnection.php(646): CodeIgniter\Database\BaseConnection->simpleQuery('INSERT INTO `st...')
#3 C:\laragon\www\pharmacy-project\system\Database\BaseBuilder.php(2345): CodeIgniter\Database\BaseConnection->query('INSERT INTO `st...', Array, false)
#4 C:\laragon\www\pharmacy-project\app\Controllers\OpeningStockController.php(154): CodeIgniter\Database\BaseBuilder->insert(Array)
#5 C:\laragon\www\pharmacy-project\system\CodeIgniter.php(933): App\Controllers\OpeningStockController->store()
#6 C:\laragon\www\pharmacy-project\system\CodeIgniter.php(507): CodeIgniter\CodeIgniter->runController(Object(App\Controllers\OpeningStockController))
#7 C:\laragon\www\pharmacy-project\system\CodeIgniter.php(354): CodeIgniter\CodeIgniter->handleRequest(NULL, Object(Config\Cache), false)
#8 C:\laragon\www\pharmacy-project\system\Boot.php(363): CodeIgniter\CodeIgniter->run()
#9 C:\laragon\www\pharmacy-project\system\Boot.php(68): CodeIgniter\Boot::runCodeIgniter(Object(CodeIgniter\CodeIgniter))
#10 C:\laragon\www\pharmacy-project\index.php(59): CodeIgniter\Boot::bootWeb(Object(Config\Paths))
#11 {main}
DEBUG - 2026-08-01 03:12:20 --> Session: Class initialized using 'CodeIgniter\Session\Handlers\FileHandler' driver.
DEBUG - 2026-08-01 07:40:10 --> Session: Class initialized using 'CodeIgniter\Session\Handlers\FileHandler' driver.
DEBUG - 2026-08-01 07:40:10 --> Session: Class initialized using 'CodeIgniter\Session\Handlers\FileHandler' driver.
DEBUG - 2026-08-01 07:40:28 --> Session: Class initialized using 'CodeIgniter\Session\Handlers\FileHandler' driver.
DEBUG - 2026-08-01 07:40:29 --> Session: Class initialized using 'CodeIgniter\Session\Handlers\FileHandler' driver.
DEBUG - 2026-08-01 07:40:45 --> Session: Class initialized using 'CodeIgniter\Session\Handlers\FileHandler' driver.
DEBUG - 2026-08-01 07:42:14 --> Session: Class initialized using 'CodeIgniter\Session\Handlers\FileHandler' driver.
ERROR - 2026-08-01 07:42:14 --> mysqli_sql_exception: Unknown column 'remarks' in 'field list' in C:\laragon\www\pharmacy-project\system\Database\MySQLi\Connection.php:327
Stack trace:
#0 C:\laragon\www\pharmacy-project\system\Database\MySQLi\Connection.php(327): mysqli->query('INSERT INTO `st...', 0)
#1 C:\laragon\www\pharmacy-project\system\Database\BaseConnection.php(729): CodeIgniter\Database\MySQLi\Connection->execute('INSERT INTO `st...')
#2 C:\laragon\www\pharmacy-project\system\Database\BaseConnection.php(646): CodeIgniter\Database\BaseConnection->simpleQuery('INSERT INTO `st...')
#3 C:\laragon\www\pharmacy-project\system\Database\BaseBuilder.php(2345): CodeIgniter\Database\BaseConnection->query('INSERT INTO `st...', Array, false)
#4 C:\laragon\www\pharmacy-project\app\Controllers\OpeningStockController.php(154): CodeIgniter\Database\BaseBuilder->insert(Array)
#5 C:\laragon\www\pharmacy-project\system\CodeIgniter.php(933): App\Controllers\OpeningStockController->store()
#6 C:\laragon\www\pharmacy-project\system\CodeIgniter.php(507): CodeIgniter\CodeIgniter->runController(Object(App\Controllers\OpeningStockController))
#7 C:\laragon\www\pharmacy-project\system\CodeIgniter.php(354): CodeIgniter\CodeIgniter->handleRequest(NULL, Object(Config\Cache), false)
#8 C:\laragon\www\pharmacy-project\system\Boot.php(363): CodeIgniter\CodeIgniter->run()
#9 C:\laragon\www\pharmacy-project\system\Boot.php(68): CodeIgniter\Boot::runCodeIgniter(Object(CodeIgniter\CodeIgniter))
#10 C:\laragon\www\pharmacy-project\index.php(59): CodeIgniter\Boot::bootWeb(Object(Config\Paths))
#11 {main}
DEBUG - 2026-08-01 07:42:15 --> Session: Class initialized using 'CodeIgniter\Session\Handlers\FileHandler' driver.
DEBUG - 2026-08-01 07:47:22 --> Session: Class initialized using 'CodeIgniter\Session\Handlers\FileHandler' driver.
DEBUG - 2026-08-01 07:48:18 --> Session: Class initialized using 'CodeIgniter\Session\Handlers\FileHandler' driver.
DEBUG - 2026-08-01 08:02:52 --> Session: Class initialized using 'CodeIgniter\Session\Handlers\FileHandler' driver.
ERROR - 2026-08-01 08:02:52 --> mysqli_sql_exception: Unknown column 'remarks' in 'field list' in C:\laragon\www\pharmacy-project\system\Database\MySQLi\Connection.php:327
Stack trace:
#0 C:\laragon\www\pharmacy-project\system\Database\MySQLi\Connection.php(327): mysqli->query('INSERT INTO `st...', 0)
#1 C:\laragon\www\pharmacy-project\system\Database\BaseConnection.php(729): CodeIgniter\Database\MySQLi\Connection->execute('INSERT INTO `st...')
#2 C:\laragon\www\pharmacy-project\system\Database\BaseConnection.php(646): CodeIgniter\Database\BaseConnection->simpleQuery('INSERT INTO `st...')
#3 C:\laragon\www\pharmacy-project\system\Database\BaseBuilder.php(2345): CodeIgniter\Database\BaseConnection->query('INSERT INTO `st...', Array, false)
#4 C:\laragon\www\pharmacy-project\app\Controllers\OpeningStockController.php(168): CodeIgniter\Database\BaseBuilder->insert(Array)
#5 C:\laragon\www\pharmacy-project\system\CodeIgniter.php(933): App\Controllers\OpeningStockController->store()
#6 C:\laragon\www\pharmacy-project\system\CodeIgniter.php(507): CodeIgniter\CodeIgniter->runController(Object(App\Controllers\OpeningStockController))
#7 C:\laragon\www\pharmacy-project\system\CodeIgniter.php(354): CodeIgniter\CodeIgniter->handleRequest(NULL, Object(Config\Cache), false)
#8 C:\laragon\www\pharmacy-project\system\Boot.php(363): CodeIgniter\CodeIgniter->run()
#9 C:\laragon\www\pharmacy-project\system\Boot.php(68): CodeIgniter\Boot::runCodeIgniter(Object(CodeIgniter\CodeIgniter))
#10 C:\laragon\www\pharmacy-project\index.php(59): CodeIgniter\Boot::bootWeb(Object(Config\Paths))
#11 {main}
DEBUG - 2026-08-01 08:02:52 --> Session: Class initialized using 'CodeIgniter\Session\Handlers\FileHandler' driver.
DEBUG - 2026-08-01 08:07:28 --> Session: Class initialized using 'CodeIgniter\Session\Handlers\FileHandler' driver.
DEBUG - 2026-08-01 08:08:37 --> Session: Class initialized using 'CodeIgniter\Session\Handlers\FileHandler' driver.
ERROR - 2026-08-01 08:08:37 --> mysqli_sql_exception: Unknown column 'remarks' in 'field list' in C:\laragon\www\pharmacy-project\system\Database\MySQLi\Connection.php:327
Stack trace:
#0 C:\laragon\www\pharmacy-project\system\Database\MySQLi\Connection.php(327): mysqli->query('INSERT INTO `st...', 0)
#1 C:\laragon\www\pharmacy-project\system\Database\BaseConnection.php(729): CodeIgniter\Database\MySQLi\Connection->execute('INSERT INTO `st...')
#2 C:\laragon\www\pharmacy-project\system\Database\BaseConnection.php(646): CodeIgniter\Database\BaseConnection->simpleQuery('INSERT INTO `st...')
#3 C:\laragon\www\pharmacy-project\system\Database\BaseBuilder.php(2345): CodeIgniter\Database\BaseConnection->query('INSERT INTO `st...', Array, false)
#4 C:\laragon\www\pharmacy-project\app\Controllers\OpeningStockController.php(175): CodeIgniter\Database\BaseBuilder->insert(Array)
#5 C:\laragon\www\pharmacy-project\system\CodeIgniter.php(933): App\Controllers\OpeningStockController->store()
#6 C:\laragon\www\pharmacy-project\system\CodeIgniter.php(507): CodeIgniter\CodeIgniter->runController(Object(App\Controllers\OpeningStockController))
#7 C:\laragon\www\pharmacy-project\system\CodeIgniter.php(354): CodeIgniter\CodeIgniter->handleRequest(NULL, Object(Config\Cache), false)
#8 C:\laragon\www\pharmacy-project\system\Boot.php(363): CodeIgniter\CodeIgniter->run()
#9 C:\laragon\www\pharmacy-project\system\Boot.php(68): CodeIgniter\Boot::runCodeIgniter(Object(CodeIgniter\CodeIgniter))
#10 C:\laragon\www\pharmacy-project\index.php(59): CodeIgniter\Boot::bootWeb(Object(Config\Paths))
#11 {main}
DEBUG - 2026-08-01 08:08:37 --> Session: Class initialized using 'CodeIgniter\Session\Handlers\FileHandler' driver.
DEBUG - 2026-08-01 08:16:00 --> Session: Class initialized using 'CodeIgniter\Session\Handlers\FileHandler' driver.
DEBUG - 2026-08-01 08:17:05 --> Session: Class initialized using 'CodeIgniter\Session\Handlers\FileHandler' driver.
DEBUG - 2026-08-01 10:38:39 --> Session: Class initialized using 'CodeIgniter\Session\Handlers\FileHandler' driver.
DEBUG - 2026-08-01 10:38:39 --> Session: Class initialized using 'CodeIgniter\Session\Handlers\FileHandler' driver.
DEBUG - 2026-08-01 10:38:49 --> Session: Class initialized using 'CodeIgniter\Session\Handlers\FileHandler' driver.
DEBUG - 2026-08-01 10:38:50 --> Session: Class initialized using 'CodeIgniter\Session\Handlers\FileHandler' driver.
DEBUG - 2026-08-01 10:38:55 --> Session: Class initialized using 'CodeIgniter\Session\Handlers\FileHandler' driver.
DEBUG - 2026-08-01 10:40:11 --> Session: Class initialized using 'CodeIgniter\Session\Handlers\FileHandler' driver.
ERROR - 2026-08-01 10:40:11 --> mysqli_sql_exception: Unknown column 'remarks' in 'field list' in C:\laragon\www\pharmacy-project\system\Database\MySQLi\Connection.php:327
Stack trace:
#0 C:\laragon\www\pharmacy-project\system\Database\MySQLi\Connection.php(327): mysqli->query('INSERT INTO `st...', 0)
#1 C:\laragon\www\pharmacy-project\system\Database\BaseConnection.php(729): CodeIgniter\Database\MySQLi\Connection->execute('INSERT INTO `st...')
#2 C:\laragon\www\pharmacy-project\system\Database\BaseConnection.php(646): CodeIgniter\Database\BaseConnection->simpleQuery('INSERT INTO `st...')
#3 C:\laragon\www\pharmacy-project\system\Database\BaseBuilder.php(2345): CodeIgniter\Database\BaseConnection->query('INSERT INTO `st...', Array, false)
#4 C:\laragon\www\pharmacy-project\app\Controllers\OpeningStockController.php(184): CodeIgniter\Database\BaseBuilder->insert(Array)
#5 C:\laragon\www\pharmacy-project\system\CodeIgniter.php(933): App\Controllers\OpeningStockController->store()
#6 C:\laragon\www\pharmacy-project\system\CodeIgniter.php(507): CodeIgniter\CodeIgniter->runController(Object(App\Controllers\OpeningStockController))
#7 C:\laragon\www\pharmacy-project\system\CodeIgniter.php(354): CodeIgniter\CodeIgniter->handleRequest(NULL, Object(Config\Cache), false)
#8 C:\laragon\www\pharmacy-project\system\Boot.php(363): CodeIgniter\CodeIgniter->run()
#9 C:\laragon\www\pharmacy-project\system\Boot.php(68): CodeIgniter\Boot::runCodeIgniter(Object(CodeIgniter\CodeIgniter))
#10 C:\laragon\www\pharmacy-project\index.php(59): CodeIgniter\Boot::bootWeb(Object(Config\Paths))
#11 {main}
DEBUG - 2026-08-01 10:40:11 --> Session: Class initialized using 'CodeIgniter\Session\Handlers\FileHandler' driver.
DEBUG - 2026-08-01 10:44:42 --> Session: Class initialized using 'CodeIgniter\Session\Handlers\FileHandler' driver.
DEBUG - 2026-08-01 10:45:42 --> Session: Class initialized using 'CodeIgniter\Session\Handlers\FileHandler' driver.
DEBUG - 2026-08-01 10:50:33 --> Session: Class initialized using 'CodeIgniter\Session\Handlers\FileHandler' driver.
ERROR - 2026-08-01 10:50:33 --> mysqli_sql_exception: Unknown column 'remarks' in 'field list' in C:\laragon\www\pharmacy-project\system\Database\MySQLi\Connection.php:327
Stack trace:
#0 C:\laragon\www\pharmacy-project\system\Database\MySQLi\Connection.php(327): mysqli->query('INSERT INTO `st...', 0)
#1 C:\laragon\www\pharmacy-project\system\Database\BaseConnection.php(729): CodeIgniter\Database\MySQLi\Connection->execute('INSERT INTO `st...')
#2 C:\laragon\www\pharmacy-project\system\Database\BaseConnection.php(646): CodeIgniter\Database\BaseConnection->simpleQuery('INSERT INTO `st...')
#3 C:\laragon\www\pharmacy-project\system\Database\BaseBuilder.php(2345): CodeIgniter\Database\BaseConnection->query('INSERT INTO `st...', Array, false)
#4 C:\laragon\www\pharmacy-project\app\Controllers\OpeningStockController.php(184): CodeIgniter\Database\BaseBuilder->insert(Array)
#5 C:\laragon\www\pharmacy-project\system\CodeIgniter.php(933): App\Controllers\OpeningStockController->store()
#6 C:\laragon\www\pharmacy-project\system\CodeIgniter.php(507): CodeIgniter\CodeIgniter->runController(Object(App\Controllers\OpeningStockController))
#7 C:\laragon\www\pharmacy-project\system\CodeIgniter.php(354): CodeIgniter\CodeIgniter->handleRequest(NULL, Object(Config\Cache), false)
#8 C:\laragon\www\pharmacy-project\system\Boot.php(363): CodeIgniter\CodeIgniter->run()
#9 C:\laragon\www\pharmacy-project\system\Boot.php(68): CodeIgniter\Boot::runCodeIgniter(Object(CodeIgniter\CodeIgniter))
#10 C:\laragon\www\pharmacy-project\index.php(59): CodeIgniter\Boot::bootWeb(Object(Config\Paths))
#11 {main}
ERROR - 2026-08-01 10:50:33 --> Opening Stock Error: Unknown column 'remarks' in 'field list'
DEBUG - 2026-08-01 10:50:33 --> Session: Class initialized using 'CodeIgniter\Session\Handlers\FileHandler' driver.
DEBUG - 2026-08-01 10:55:29 --> Session: Class initialized using 'CodeIgniter\Session\Handlers\FileHandler' driver.
DEBUG - 2026-08-01 10:56:56 --> Session: Class initialized using 'CodeIgniter\Session\Handlers\FileHandler' driver.
DEBUG - 2026-08-01 10:57:50 --> Session: Class initialized using 'CodeIgniter\Session\Handlers\FileHandler' driver.
DEBUG - 2026-08-01 10:59:32 --> Session: Class initialized using 'CodeIgniter\Session\Handlers\FileHandler' driver.
CRITICAL - 2026-08-01 10:59:32 --> Error: Class "App\Models\NewProductAddModel" not found
[Method: GET, Route: purchase]
in APPPATH\Controllers\PurchaseController.php on line 31.
 1 SYSTEMPATH\CodeIgniter.php(903): App\Controllers\PurchaseController->__construct()
 2 SYSTEMPATH\CodeIgniter.php(498): CodeIgniter\CodeIgniter->createController()
 3 SYSTEMPATH\CodeIgniter.php(354): CodeIgniter\CodeIgniter->handleRequest(null, Object(Config\Cache), false)
 4 SYSTEMPATH\Boot.php(363): CodeIgniter\CodeIgniter->run()
 5 SYSTEMPATH\Boot.php(68): CodeIgniter\Boot::runCodeIgniter(Object(CodeIgniter\CodeIgniter))
 6 FCPATH\index.php(59): CodeIgniter\Boot::bootWeb(Object(Config\Paths))
DEBUG - 2026-08-01 10:59:48 --> Session: Class initialized using 'CodeIgniter\Session\Handlers\FileHandler' driver.
DEBUG - 2026-08-01 10:59:51 --> Session: Class initialized using 'CodeIgniter\Session\Handlers\FileHandler' driver.
DEBUG - 2026-08-01 11:02:49 --> Session: Class initialized using 'CodeIgniter\Session\Handlers\FileHandler' driver.
DEBUG - 2026-08-01 11:09:50 --> Session: Class initialized using 'CodeIgniter\Session\Handlers\FileHandler' driver.
DEBUG - 2026-08-01 12:48:17 --> Session: Class initialized using 'CodeIgniter\Session\Handlers\FileHandler' driver.
DEBUG - 2026-08-01 13:26:17 --> Session: Class initialized using 'CodeIgniter\Session\Handlers\FileHandler' driver.
DEBUG - 2026-08-01 13:27:19 --> Session: Class initialized using 'CodeIgniter\Session\Handlers\FileHandler' driver.
DEBUG - 2026-08-01 13:50:02 --> Session: Class initialized using 'CodeIgniter\Session\Handlers\FileHandler' driver.
