DEBUG - 2026-07-08 05:48:01 --> Session: Class initialized using 'CodeIgniter\Session\Handlers\FileHandler' driver.
DEBUG - 2026-07-08 07:25:57 --> Session: Class initialized using 'CodeIgniter\Session\Handlers\FileHandler' driver.
DEBUG - 2026-07-08 07:25:59 --> Session: Class initialized using 'CodeIgniter\Session\Handlers\FileHandler' driver.
ERROR - 2026-07-08 07:26:05 --> mysqli_sql_exception: Unknown column 'productwiseVatPercnt' in 'field list' in C:\laragon\www\pharmacy-project\system\Database\MySQLi\Connection.php:327
Stack trace:
#0 C:\laragon\www\pharmacy-project\system\Database\MySQLi\Connection.php(327): mysqli->query(' SELECT \r\n     ...', 0)
#1 C:\laragon\www\pharmacy-project\system\Database\BaseConnection.php(729): CodeIgniter\Database\MySQLi\Connection->execute(' SELECT \r\n     ...')
#2 C:\laragon\www\pharmacy-project\system\Database\BaseConnection.php(646): CodeIgniter\Database\BaseConnection->simpleQuery(' SELECT \r\n     ...')
#3 C:\laragon\www\pharmacy-project\app\Controllers\salelist.php(70): CodeIgniter\Database\BaseConnection->query(' SELECT \r\n     ...')
#4 C:\laragon\www\pharmacy-project\system\CodeIgniter.php(933): App\Controllers\salelist->index()
#5 C:\laragon\www\pharmacy-project\system\CodeIgniter.php(507): CodeIgniter\CodeIgniter->runController(Object(App\Controllers\salelist))
#6 C:\laragon\www\pharmacy-project\system\CodeIgniter.php(354): CodeIgniter\CodeIgniter->handleRequest(NULL, Object(Config\Cache), false)
#7 C:\laragon\www\pharmacy-project\system\Boot.php(363): CodeIgniter\CodeIgniter->run()
#8 C:\laragon\www\pharmacy-project\system\Boot.php(68): CodeIgniter\Boot::runCodeIgniter(Object(CodeIgniter\CodeIgniter))
#9 C:\laragon\www\pharmacy-project\index.php(59): CodeIgniter\Boot::bootWeb(Object(Config\Paths))
#10 {main}
CRITICAL - 2026-07-08 07:26:05 --> CodeIgniter\Database\Exceptions\DatabaseException: Unknown column 'productwiseVatPercnt' in 'field list'
[Method: GET, Route: salelist]
in SYSTEMPATH\Database\BaseConnection.php on line 684.
 1 APPPATH\Controllers\salelist.php(70): CodeIgniter\Database\BaseConnection->query(' SELECT 
                            s.sales_invoice,
                            s.sales_date,
                            s.seller_id,
                            u.user_name AS seller_name,    -- ✅ Added seller name
                            sd.total_sale,
                            sd.product_wise_vatPercent_SUM,
                            s.discountOnTotalPrice,
                            s.vatOnTotalPrice,
                            s.paid_amount,
                            IFNULL(cd.customer_due, 0) AS customer_due,
                            IFNULL(cd.total_due_paid, 0) AS due_paid_amount,
                            (s.paid_amount + IFNULL(cd.total_due_paid, 0)) AS total_paid,
                            s.due_amount,
                            CASE 
                                WHEN s.customer_type REGEXP \'^[0-9]+$\' THEN c.cus_first_name
                                ELSE s.customer_type
                            END AS customer_name,
                            CASE
                                WHEN s.customer_type = \'Walk-In-Customer\' THEN \'Fully Paid\'
                                WHEN IFNULL(cd.customer_due, 0) = 0 THEN \'Fully Paid\'
                                ELSE \'Partially Paid\'
                            END AS payment_status
                        FROM sales s
                        JOIN (
                            SELECT 
                                sales_details_invoice, 
                                SUM(total_sale_price) AS total_sale, 
                                SUM(productwiseVatPercnt) AS product_wise_vatPercent_SUM
                            FROM sales_details
                            GROUP BY sales_details_invoice
                        ) sd ON s.sales_invoice = sd.sales_details_invoice
                        LEFT JOIN (
                            SELECT 
                                due_invoice_no, 
                                SUM(due_amount - due_paid_amount) AS customer_due,
                                SUM(due_paid_amount) AS total_due_paid
                            FROM customer_due
                            GROUP BY due_invoice_no
                        ) cd ON s.sales_invoice = cd.due_invoice_no
                        LEFT JOIN customer c 
                            ON c.customer_id = s.customer_type AND s.customer_type REGEXP \'^[0-9]+\'
                        LEFT JOIN `user` u 
                            ON u.user_id = s.seller_id ')
 2 SYSTEMPATH\CodeIgniter.php(933): App\Controllers\salelist->index()
 3 SYSTEMPATH\CodeIgniter.php(507): CodeIgniter\CodeIgniter->runController(Object(App\Controllers\salelist))
 4 SYSTEMPATH\CodeIgniter.php(354): CodeIgniter\CodeIgniter->handleRequest(null, Object(Config\Cache), false)
 5 SYSTEMPATH\Boot.php(363): CodeIgniter\CodeIgniter->run()
 6 SYSTEMPATH\Boot.php(68): CodeIgniter\Boot::runCodeIgniter(Object(CodeIgniter\CodeIgniter))
 7 FCPATH\index.php(59): CodeIgniter\Boot::bootWeb(Object(Config\Paths))
CRITICAL - 2026-07-08 07:26:05 --> [Caused by] CodeIgniter\Database\Exceptions\DatabaseException: Unknown column 'productwiseVatPercnt' in 'field list'
in SYSTEMPATH\Database\MySQLi\Connection.php on line 332.
 1 SYSTEMPATH\Database\BaseConnection.php(729): CodeIgniter\Database\MySQLi\Connection->execute(' SELECT 
                            s.sales_invoice,
                            s.sales_date,
                            s.seller_id,
                            u.user_name AS seller_name,    -- ✅ Added seller name
                            sd.total_sale,
                            sd.product_wise_vatPercent_SUM,
                            s.discountOnTotalPrice,
                            s.vatOnTotalPrice,
                            s.paid_amount,
                            IFNULL(cd.customer_due, 0) AS customer_due,
                            IFNULL(cd.total_due_paid, 0) AS due_paid_amount,
                            (s.paid_amount + IFNULL(cd.total_due_paid, 0)) AS total_paid,
                            s.due_amount,
                            CASE 
                                WHEN s.customer_type REGEXP \'^[0-9]+$\' THEN c.cus_first_name
                                ELSE s.customer_type
                            END AS customer_name,
                            CASE
                                WHEN s.customer_type = \'Walk-In-Customer\' THEN \'Fully Paid\'
                                WHEN IFNULL(cd.customer_due, 0) = 0 THEN \'Fully Paid\'
                                ELSE \'Partially Paid\'
                            END AS payment_status
                        FROM sales s
                        JOIN (
                            SELECT 
                                sales_details_invoice, 
                                SUM(total_sale_price) AS total_sale, 
                                SUM(productwiseVatPercnt) AS product_wise_vatPercent_SUM
                            FROM sales_details
                            GROUP BY sales_details_invoice
                        ) sd ON s.sales_invoice = sd.sales_details_invoice
                        LEFT JOIN (
                            SELECT 
                                due_invoice_no, 
                                SUM(due_amount - due_paid_amount) AS customer_due,
                                SUM(due_paid_amount) AS total_due_paid
                            FROM customer_due
                            GROUP BY due_invoice_no
                        ) cd ON s.sales_invoice = cd.due_invoice_no
                        LEFT JOIN customer c 
                            ON c.customer_id = s.customer_type AND s.customer_type REGEXP \'^[0-9]+\'
                        LEFT JOIN `user` u 
                            ON u.user_id = s.seller_id ')
 2 SYSTEMPATH\Database\BaseConnection.php(646): CodeIgniter\Database\BaseConnection->simpleQuery(' SELECT 
                            s.sales_invoice,
                            s.sales_date,
                            s.seller_id,
                            u.user_name AS seller_name,    -- ✅ Added seller name
                            sd.total_sale,
                            sd.product_wise_vatPercent_SUM,
                            s.discountOnTotalPrice,
                            s.vatOnTotalPrice,
                            s.paid_amount,
                            IFNULL(cd.customer_due, 0) AS customer_due,
                            IFNULL(cd.total_due_paid, 0) AS due_paid_amount,
                            (s.paid_amount + IFNULL(cd.total_due_paid, 0)) AS total_paid,
                            s.due_amount,
                            CASE 
                                WHEN s.customer_type REGEXP \'^[0-9]+$\' THEN c.cus_first_name
                                ELSE s.customer_type
                            END AS customer_name,
                            CASE
                                WHEN s.customer_type = \'Walk-In-Customer\' THEN \'Fully Paid\'
                                WHEN IFNULL(cd.customer_due, 0) = 0 THEN \'Fully Paid\'
                                ELSE \'Partially Paid\'
                            END AS payment_status
                        FROM sales s
                        JOIN (
                            SELECT 
                                sales_details_invoice, 
                                SUM(total_sale_price) AS total_sale, 
                                SUM(productwiseVatPercnt) AS product_wise_vatPercent_SUM
                            FROM sales_details
                            GROUP BY sales_details_invoice
                        ) sd ON s.sales_invoice = sd.sales_details_invoice
                        LEFT JOIN (
                            SELECT 
                                due_invoice_no, 
                                SUM(due_amount - due_paid_amount) AS customer_due,
                                SUM(due_paid_amount) AS total_due_paid
                            FROM customer_due
                            GROUP BY due_invoice_no
                        ) cd ON s.sales_invoice = cd.due_invoice_no
                        LEFT JOIN customer c 
                            ON c.customer_id = s.customer_type AND s.customer_type REGEXP \'^[0-9]+\'
                        LEFT JOIN `user` u 
                            ON u.user_id = s.seller_id ')
 3 APPPATH\Controllers\salelist.php(70): CodeIgniter\Database\BaseConnection->query(' SELECT 
                            s.sales_invoice,
                            s.sales_date,
                            s.seller_id,
                            u.user_name AS seller_name,    -- ✅ Added seller name
                            sd.total_sale,
                            sd.product_wise_vatPercent_SUM,
                            s.discountOnTotalPrice,
                            s.vatOnTotalPrice,
                            s.paid_amount,
                            IFNULL(cd.customer_due, 0) AS customer_due,
                            IFNULL(cd.total_due_paid, 0) AS due_paid_amount,
                            (s.paid_amount + IFNULL(cd.total_due_paid, 0)) AS total_paid,
                            s.due_amount,
                            CASE 
                                WHEN s.customer_type REGEXP \'^[0-9]+$\' THEN c.cus_first_name
                                ELSE s.customer_type
                            END AS customer_name,
                            CASE
                                WHEN s.customer_type = \'Walk-In-Customer\' THEN \'Fully Paid\'
                                WHEN IFNULL(cd.customer_due, 0) = 0 THEN \'Fully Paid\'
                                ELSE \'Partially Paid\'
                            END AS payment_status
                        FROM sales s
                        JOIN (
                            SELECT 
                                sales_details_invoice, 
                                SUM(total_sale_price) AS total_sale, 
                                SUM(productwiseVatPercnt) AS product_wise_vatPercent_SUM
                            FROM sales_details
                            GROUP BY sales_details_invoice
                        ) sd ON s.sales_invoice = sd.sales_details_invoice
                        LEFT JOIN (
                            SELECT 
                                due_invoice_no, 
                                SUM(due_amount - due_paid_amount) AS customer_due,
                                SUM(due_paid_amount) AS total_due_paid
                            FROM customer_due
                            GROUP BY due_invoice_no
                        ) cd ON s.sales_invoice = cd.due_invoice_no
                        LEFT JOIN customer c 
                            ON c.customer_id = s.customer_type AND s.customer_type REGEXP \'^[0-9]+\'
                        LEFT JOIN `user` u 
                            ON u.user_id = s.seller_id ')
 4 SYSTEMPATH\CodeIgniter.php(933): App\Controllers\salelist->index()
 5 SYSTEMPATH\CodeIgniter.php(507): CodeIgniter\CodeIgniter->runController(Object(App\Controllers\salelist))
 6 SYSTEMPATH\CodeIgniter.php(354): CodeIgniter\CodeIgniter->handleRequest(null, Object(Config\Cache), false)
 7 SYSTEMPATH\Boot.php(363): CodeIgniter\CodeIgniter->run()
 8 SYSTEMPATH\Boot.php(68): CodeIgniter\Boot::runCodeIgniter(Object(CodeIgniter\CodeIgniter))
 9 FCPATH\index.php(59): CodeIgniter\Boot::bootWeb(Object(Config\Paths))
CRITICAL - 2026-07-08 07:26:05 --> [Caused by] mysqli_sql_exception: Unknown column 'productwiseVatPercnt' in 'field list'
in SYSTEMPATH\Database\MySQLi\Connection.php on line 327.
 1 SYSTEMPATH\Database\MySQLi\Connection.php(327): mysqli->query(' SELECT 
                            s.sales_invoice,
                            s.sales_date,
                            s.seller_id,
                            u.user_name AS seller_name,    -- ✅ Added seller name
                            sd.total_sale,
                            sd.product_wise_vatPercent_SUM,
                            s.discountOnTotalPrice,
                            s.vatOnTotalPrice,
                            s.paid_amount,
                            IFNULL(cd.customer_due, 0) AS customer_due,
                            IFNULL(cd.total_due_paid, 0) AS due_paid_amount,
                            (s.paid_amount + IFNULL(cd.total_due_paid, 0)) AS total_paid,
                            s.due_amount,
                            CASE 
                                WHEN s.customer_type REGEXP \'^[0-9]+$\' THEN c.cus_first_name
                                ELSE s.customer_type
                            END AS customer_name,
                            CASE
                                WHEN s.customer_type = \'Walk-In-Customer\' THEN \'Fully Paid\'
                                WHEN IFNULL(cd.customer_due, 0) = 0 THEN \'Fully Paid\'
                                ELSE \'Partially Paid\'
                            END AS payment_status
                        FROM sales s
                        JOIN (
                            SELECT 
                                sales_details_invoice, 
                                SUM(total_sale_price) AS total_sale, 
                                SUM(productwiseVatPercnt) AS product_wise_vatPercent_SUM
                            FROM sales_details
                            GROUP BY sales_details_invoice
                        ) sd ON s.sales_invoice = sd.sales_details_invoice
                        LEFT JOIN (
                            SELECT 
                                due_invoice_no, 
                                SUM(due_amount - due_paid_amount) AS customer_due,
                                SUM(due_paid_amount) AS total_due_paid
                            FROM customer_due
                            GROUP BY due_invoice_no
                        ) cd ON s.sales_invoice = cd.due_invoice_no
                        LEFT JOIN customer c 
                            ON c.customer_id = s.customer_type AND s.customer_type REGEXP \'^[0-9]+\'
                        LEFT JOIN `user` u 
                            ON u.user_id = s.seller_id ', 0)
 2 SYSTEMPATH\Database\BaseConnection.php(729): CodeIgniter\Database\MySQLi\Connection->execute(' SELECT 
                            s.sales_invoice,
                            s.sales_date,
                            s.seller_id,
                            u.user_name AS seller_name,    -- ✅ Added seller name
                            sd.total_sale,
                            sd.product_wise_vatPercent_SUM,
                            s.discountOnTotalPrice,
                            s.vatOnTotalPrice,
                            s.paid_amount,
                            IFNULL(cd.customer_due, 0) AS customer_due,
                            IFNULL(cd.total_due_paid, 0) AS due_paid_amount,
                            (s.paid_amount + IFNULL(cd.total_due_paid, 0)) AS total_paid,
                            s.due_amount,
                            CASE 
                                WHEN s.customer_type REGEXP \'^[0-9]+$\' THEN c.cus_first_name
                                ELSE s.customer_type
                            END AS customer_name,
                            CASE
                                WHEN s.customer_type = \'Walk-In-Customer\' THEN \'Fully Paid\'
                                WHEN IFNULL(cd.customer_due, 0) = 0 THEN \'Fully Paid\'
                                ELSE \'Partially Paid\'
                            END AS payment_status
                        FROM sales s
                        JOIN (
                            SELECT 
                                sales_details_invoice, 
                                SUM(total_sale_price) AS total_sale, 
                                SUM(productwiseVatPercnt) AS product_wise_vatPercent_SUM
                            FROM sales_details
                            GROUP BY sales_details_invoice
                        ) sd ON s.sales_invoice = sd.sales_details_invoice
                        LEFT JOIN (
                            SELECT 
                                due_invoice_no, 
                                SUM(due_amount - due_paid_amount) AS customer_due,
                                SUM(due_paid_amount) AS total_due_paid
                            FROM customer_due
                            GROUP BY due_invoice_no
                        ) cd ON s.sales_invoice = cd.due_invoice_no
                        LEFT JOIN customer c 
                            ON c.customer_id = s.customer_type AND s.customer_type REGEXP \'^[0-9]+\'
                        LEFT JOIN `user` u 
                            ON u.user_id = s.seller_id ')
 3 SYSTEMPATH\Database\BaseConnection.php(646): CodeIgniter\Database\BaseConnection->simpleQuery(' SELECT 
                            s.sales_invoice,
                            s.sales_date,
                            s.seller_id,
                            u.user_name AS seller_name,    -- ✅ Added seller name
                            sd.total_sale,
                            sd.product_wise_vatPercent_SUM,
                            s.discountOnTotalPrice,
                            s.vatOnTotalPrice,
                            s.paid_amount,
                            IFNULL(cd.customer_due, 0) AS customer_due,
                            IFNULL(cd.total_due_paid, 0) AS due_paid_amount,
                            (s.paid_amount + IFNULL(cd.total_due_paid, 0)) AS total_paid,
                            s.due_amount,
                            CASE 
                                WHEN s.customer_type REGEXP \'^[0-9]+$\' THEN c.cus_first_name
                                ELSE s.customer_type
                            END AS customer_name,
                            CASE
                                WHEN s.customer_type = \'Walk-In-Customer\' THEN \'Fully Paid\'
                                WHEN IFNULL(cd.customer_due, 0) = 0 THEN \'Fully Paid\'
                                ELSE \'Partially Paid\'
                            END AS payment_status
                        FROM sales s
                        JOIN (
                            SELECT 
                                sales_details_invoice, 
                                SUM(total_sale_price) AS total_sale, 
                                SUM(productwiseVatPercnt) AS product_wise_vatPercent_SUM
                            FROM sales_details
                            GROUP BY sales_details_invoice
                        ) sd ON s.sales_invoice = sd.sales_details_invoice
                        LEFT JOIN (
                            SELECT 
                                due_invoice_no, 
                                SUM(due_amount - due_paid_amount) AS customer_due,
                                SUM(due_paid_amount) AS total_due_paid
                            FROM customer_due
                            GROUP BY due_invoice_no
                        ) cd ON s.sales_invoice = cd.due_invoice_no
                        LEFT JOIN customer c 
                            ON c.customer_id = s.customer_type AND s.customer_type REGEXP \'^[0-9]+\'
                        LEFT JOIN `user` u 
                            ON u.user_id = s.seller_id ')
 4 APPPATH\Controllers\salelist.php(70): CodeIgniter\Database\BaseConnection->query(' SELECT 
                            s.sales_invoice,
                            s.sales_date,
                            s.seller_id,
                            u.user_name AS seller_name,    -- ✅ Added seller name
                            sd.total_sale,
                            sd.product_wise_vatPercent_SUM,
                            s.discountOnTotalPrice,
                            s.vatOnTotalPrice,
                            s.paid_amount,
                            IFNULL(cd.customer_due, 0) AS customer_due,
                            IFNULL(cd.total_due_paid, 0) AS due_paid_amount,
                            (s.paid_amount + IFNULL(cd.total_due_paid, 0)) AS total_paid,
                            s.due_amount,
                            CASE 
                                WHEN s.customer_type REGEXP \'^[0-9]+$\' THEN c.cus_first_name
                                ELSE s.customer_type
                            END AS customer_name,
                            CASE
                                WHEN s.customer_type = \'Walk-In-Customer\' THEN \'Fully Paid\'
                                WHEN IFNULL(cd.customer_due, 0) = 0 THEN \'Fully Paid\'
                                ELSE \'Partially Paid\'
                            END AS payment_status
                        FROM sales s
                        JOIN (
                            SELECT 
                                sales_details_invoice, 
                                SUM(total_sale_price) AS total_sale, 
                                SUM(productwiseVatPercnt) AS product_wise_vatPercent_SUM
                            FROM sales_details
                            GROUP BY sales_details_invoice
                        ) sd ON s.sales_invoice = sd.sales_details_invoice
                        LEFT JOIN (
                            SELECT 
                                due_invoice_no, 
                                SUM(due_amount - due_paid_amount) AS customer_due,
                                SUM(due_paid_amount) AS total_due_paid
                            FROM customer_due
                            GROUP BY due_invoice_no
                        ) cd ON s.sales_invoice = cd.due_invoice_no
                        LEFT JOIN customer c 
                            ON c.customer_id = s.customer_type AND s.customer_type REGEXP \'^[0-9]+\'
                        LEFT JOIN `user` u 
                            ON u.user_id = s.seller_id ')
 5 SYSTEMPATH\CodeIgniter.php(933): App\Controllers\salelist->index()
 6 SYSTEMPATH\CodeIgniter.php(507): CodeIgniter\CodeIgniter->runController(Object(App\Controllers\salelist))
 7 SYSTEMPATH\CodeIgniter.php(354): CodeIgniter\CodeIgniter->handleRequest(null, Object(Config\Cache), false)
 8 SYSTEMPATH\Boot.php(363): CodeIgniter\CodeIgniter->run()
 9 SYSTEMPATH\Boot.php(68): CodeIgniter\Boot::runCodeIgniter(Object(CodeIgniter\CodeIgniter))
10 FCPATH\index.php(59): CodeIgniter\Boot::bootWeb(Object(Config\Paths))
DEBUG - 2026-07-08 07:26:07 --> Session: Class initialized using 'CodeIgniter\Session\Handlers\FileHandler' driver.
DEBUG - 2026-07-08 07:26:10 --> Session: Class initialized using 'CodeIgniter\Session\Handlers\FileHandler' driver.
CRITICAL - 2026-07-08 07:42:08 --> ErrorException: Undefined variable $productWiseVatDiscount
[Method: GET, Route: pos]
in APPPATH\Views\pos\pos_add.php on line 330.
 1 APPPATH\Views\pos\pos_add.php(330): CodeIgniter\Debug\Exceptions->errorHandler(2, 'Undefined variable $productWiseVatDiscount', 'C:\\laragon\\www\\pharmacy-project\\app\\Views\\pos\\pos_add.php', 330)
 2 SYSTEMPATH\View\View.php(226): include('C:\\laragon\\www\\pharmacy-project\\app\\Views\\pos\\pos_add.php')
 3 SYSTEMPATH\View\View.php(229): CodeIgniter\View\View->CodeIgniter\View\{closure}()
 4 SYSTEMPATH\Common.php(1167): CodeIgniter\View\View->render('pos/pos_add', [], true)
 5 APPPATH\Controllers\pos.php(65): view('pos/pos_add', [...])
 6 SYSTEMPATH\CodeIgniter.php(933): App\Controllers\Pos->index()
 7 SYSTEMPATH\CodeIgniter.php(507): CodeIgniter\CodeIgniter->runController(Object(App\Controllers\Pos))
 8 SYSTEMPATH\CodeIgniter.php(354): CodeIgniter\CodeIgniter->handleRequest(null, Object(Config\Cache), false)
 9 SYSTEMPATH\Boot.php(363): CodeIgniter\CodeIgniter->run()
10 SYSTEMPATH\Boot.php(68): CodeIgniter\Boot::runCodeIgniter(Object(CodeIgniter\CodeIgniter))
11 FCPATH\index.php(59): CodeIgniter\Boot::bootWeb(Object(Config\Paths))
DEBUG - 2026-07-08 07:44:02 --> Session: Class initialized using 'CodeIgniter\Session\Handlers\FileHandler' driver.
DEBUG - 2026-07-08 07:44:34 --> Session: Class initialized using 'CodeIgniter\Session\Handlers\FileHandler' driver.
DEBUG - 2026-07-08 07:48:40 --> Session: Class initialized using 'CodeIgniter\Session\Handlers\FileHandler' driver.
DEBUG - 2026-07-08 07:51:09 --> Session: Class initialized using 'CodeIgniter\Session\Handlers\FileHandler' driver.
DEBUG - 2026-07-08 07:56:16 --> Session: Class initialized using 'CodeIgniter\Session\Handlers\FileHandler' driver.
DEBUG - 2026-07-08 07:56:20 --> Session: Class initialized using 'CodeIgniter\Session\Handlers\FileHandler' driver.
ERROR - 2026-07-08 08:29:04 --> mysqli_sql_exception: Unknown column 'productwiseVatPercnt' in 'field list' in C:\laragon\www\pharmacy-project\system\Database\MySQLi\Connection.php:327
Stack trace:
#0 C:\laragon\www\pharmacy-project\system\Database\MySQLi\Connection.php(327): mysqli->query(' SELECT \r\n     ...', 0)
#1 C:\laragon\www\pharmacy-project\system\Database\BaseConnection.php(729): CodeIgniter\Database\MySQLi\Connection->execute(' SELECT \r\n     ...')
#2 C:\laragon\www\pharmacy-project\system\Database\BaseConnection.php(646): CodeIgniter\Database\BaseConnection->simpleQuery(' SELECT \r\n     ...')
#3 C:\laragon\www\pharmacy-project\app\Controllers\salelist.php(70): CodeIgniter\Database\BaseConnection->query(' SELECT \r\n     ...')
#4 C:\laragon\www\pharmacy-project\system\CodeIgniter.php(933): App\Controllers\salelist->index()
#5 C:\laragon\www\pharmacy-project\system\CodeIgniter.php(507): CodeIgniter\CodeIgniter->runController(Object(App\Controllers\salelist))
#6 C:\laragon\www\pharmacy-project\system\CodeIgniter.php(354): CodeIgniter\CodeIgniter->handleRequest(NULL, Object(Config\Cache), false)
#7 C:\laragon\www\pharmacy-project\system\Boot.php(363): CodeIgniter\CodeIgniter->run()
#8 C:\laragon\www\pharmacy-project\system\Boot.php(68): CodeIgniter\Boot::runCodeIgniter(Object(CodeIgniter\CodeIgniter))
#9 C:\laragon\www\pharmacy-project\index.php(59): CodeIgniter\Boot::bootWeb(Object(Config\Paths))
#10 {main}
CRITICAL - 2026-07-08 08:29:04 --> CodeIgniter\Database\Exceptions\DatabaseException: Unknown column 'productwiseVatPercnt' in 'field list'
[Method: GET, Route: salelist]
in SYSTEMPATH\Database\BaseConnection.php on line 684.
 1 APPPATH\Controllers\salelist.php(70): CodeIgniter\Database\BaseConnection->query(' SELECT 
                            s.sales_invoice,
                            s.sales_date,
                            s.seller_id,
                            u.user_name AS seller_name,    -- ✅ Added seller name
                            sd.total_sale,
                            sd.product_wise_vatPercent_SUM,
                            s.discountOnTotalPrice,
                            s.vatOnTotalPrice,
                            s.paid_amount,
                            IFNULL(cd.customer_due, 0) AS customer_due,
                            IFNULL(cd.total_due_paid, 0) AS due_paid_amount,
                            (s.paid_amount + IFNULL(cd.total_due_paid, 0)) AS total_paid,
                            s.due_amount,
                            CASE 
                                WHEN s.customer_type REGEXP \'^[0-9]+$\' THEN c.cus_first_name
                                ELSE s.customer_type
                            END AS customer_name,
                            CASE
                                WHEN s.customer_type = \'Walk-In-Customer\' THEN \'Fully Paid\'
                                WHEN IFNULL(cd.customer_due, 0) = 0 THEN \'Fully Paid\'
                                ELSE \'Partially Paid\'
                            END AS payment_status
                        FROM sales s
                        JOIN (
                            SELECT 
                                sales_details_invoice, 
                                SUM(total_sale_price) AS total_sale, 
                                SUM(productwiseVatPercnt) AS product_wise_vatPercent_SUM
                            FROM sales_details
                            GROUP BY sales_details_invoice
                        ) sd ON s.sales_invoice = sd.sales_details_invoice
                        LEFT JOIN (
                            SELECT 
                                due_invoice_no, 
                                SUM(due_amount - due_paid_amount) AS customer_due,
                                SUM(due_paid_amount) AS total_due_paid
                            FROM customer_due
                            GROUP BY due_invoice_no
                        ) cd ON s.sales_invoice = cd.due_invoice_no
                        LEFT JOIN customer c 
                            ON c.customer_id = s.customer_type AND s.customer_type REGEXP \'^[0-9]+\'
                        LEFT JOIN `user` u 
                            ON u.user_id = s.seller_id ')
 2 SYSTEMPATH\CodeIgniter.php(933): App\Controllers\salelist->index()
 3 SYSTEMPATH\CodeIgniter.php(507): CodeIgniter\CodeIgniter->runController(Object(App\Controllers\salelist))
 4 SYSTEMPATH\CodeIgniter.php(354): CodeIgniter\CodeIgniter->handleRequest(null, Object(Config\Cache), false)
 5 SYSTEMPATH\Boot.php(363): CodeIgniter\CodeIgniter->run()
 6 SYSTEMPATH\Boot.php(68): CodeIgniter\Boot::runCodeIgniter(Object(CodeIgniter\CodeIgniter))
 7 FCPATH\index.php(59): CodeIgniter\Boot::bootWeb(Object(Config\Paths))
CRITICAL - 2026-07-08 08:29:04 --> [Caused by] CodeIgniter\Database\Exceptions\DatabaseException: Unknown column 'productwiseVatPercnt' in 'field list'
in SYSTEMPATH\Database\MySQLi\Connection.php on line 332.
 1 SYSTEMPATH\Database\BaseConnection.php(729): CodeIgniter\Database\MySQLi\Connection->execute(' SELECT 
                            s.sales_invoice,
                            s.sales_date,
                            s.seller_id,
                            u.user_name AS seller_name,    -- ✅ Added seller name
                            sd.total_sale,
                            sd.product_wise_vatPercent_SUM,
                            s.discountOnTotalPrice,
                            s.vatOnTotalPrice,
                            s.paid_amount,
                            IFNULL(cd.customer_due, 0) AS customer_due,
                            IFNULL(cd.total_due_paid, 0) AS due_paid_amount,
                            (s.paid_amount + IFNULL(cd.total_due_paid, 0)) AS total_paid,
                            s.due_amount,
                            CASE 
                                WHEN s.customer_type REGEXP \'^[0-9]+$\' THEN c.cus_first_name
                                ELSE s.customer_type
                            END AS customer_name,
                            CASE
                                WHEN s.customer_type = \'Walk-In-Customer\' THEN \'Fully Paid\'
                                WHEN IFNULL(cd.customer_due, 0) = 0 THEN \'Fully Paid\'
                                ELSE \'Partially Paid\'
                            END AS payment_status
                        FROM sales s
                        JOIN (
                            SELECT 
                                sales_details_invoice, 
                                SUM(total_sale_price) AS total_sale, 
                                SUM(productwiseVatPercnt) AS product_wise_vatPercent_SUM
                            FROM sales_details
                            GROUP BY sales_details_invoice
                        ) sd ON s.sales_invoice = sd.sales_details_invoice
                        LEFT JOIN (
                            SELECT 
                                due_invoice_no, 
                                SUM(due_amount - due_paid_amount) AS customer_due,
                                SUM(due_paid_amount) AS total_due_paid
                            FROM customer_due
                            GROUP BY due_invoice_no
                        ) cd ON s.sales_invoice = cd.due_invoice_no
                        LEFT JOIN customer c 
                            ON c.customer_id = s.customer_type AND s.customer_type REGEXP \'^[0-9]+\'
                        LEFT JOIN `user` u 
                            ON u.user_id = s.seller_id ')
 2 SYSTEMPATH\Database\BaseConnection.php(646): CodeIgniter\Database\BaseConnection->simpleQuery(' SELECT 
                            s.sales_invoice,
                            s.sales_date,
                            s.seller_id,
                            u.user_name AS seller_name,    -- ✅ Added seller name
                            sd.total_sale,
                            sd.product_wise_vatPercent_SUM,
                            s.discountOnTotalPrice,
                            s.vatOnTotalPrice,
                            s.paid_amount,
                            IFNULL(cd.customer_due, 0) AS customer_due,
                            IFNULL(cd.total_due_paid, 0) AS due_paid_amount,
                            (s.paid_amount + IFNULL(cd.total_due_paid, 0)) AS total_paid,
                            s.due_amount,
                            CASE 
                                WHEN s.customer_type REGEXP \'^[0-9]+$\' THEN c.cus_first_name
                                ELSE s.customer_type
                            END AS customer_name,
                            CASE
                                WHEN s.customer_type = \'Walk-In-Customer\' THEN \'Fully Paid\'
                                WHEN IFNULL(cd.customer_due, 0) = 0 THEN \'Fully Paid\'
                                ELSE \'Partially Paid\'
                            END AS payment_status
                        FROM sales s
                        JOIN (
                            SELECT 
                                sales_details_invoice, 
                                SUM(total_sale_price) AS total_sale, 
                                SUM(productwiseVatPercnt) AS product_wise_vatPercent_SUM
                            FROM sales_details
                            GROUP BY sales_details_invoice
                        ) sd ON s.sales_invoice = sd.sales_details_invoice
                        LEFT JOIN (
                            SELECT 
                                due_invoice_no, 
                                SUM(due_amount - due_paid_amount) AS customer_due,
                                SUM(due_paid_amount) AS total_due_paid
                            FROM customer_due
                            GROUP BY due_invoice_no
                        ) cd ON s.sales_invoice = cd.due_invoice_no
                        LEFT JOIN customer c 
                            ON c.customer_id = s.customer_type AND s.customer_type REGEXP \'^[0-9]+\'
                        LEFT JOIN `user` u 
                            ON u.user_id = s.seller_id ')
 3 APPPATH\Controllers\salelist.php(70): CodeIgniter\Database\BaseConnection->query(' SELECT 
                            s.sales_invoice,
                            s.sales_date,
                            s.seller_id,
                            u.user_name AS seller_name,    -- ✅ Added seller name
                            sd.total_sale,
                            sd.product_wise_vatPercent_SUM,
                            s.discountOnTotalPrice,
                            s.vatOnTotalPrice,
                            s.paid_amount,
                            IFNULL(cd.customer_due, 0) AS customer_due,
                            IFNULL(cd.total_due_paid, 0) AS due_paid_amount,
                            (s.paid_amount + IFNULL(cd.total_due_paid, 0)) AS total_paid,
                            s.due_amount,
                            CASE 
                                WHEN s.customer_type REGEXP \'^[0-9]+$\' THEN c.cus_first_name
                                ELSE s.customer_type
                            END AS customer_name,
                            CASE
                                WHEN s.customer_type = \'Walk-In-Customer\' THEN \'Fully Paid\'
                                WHEN IFNULL(cd.customer_due, 0) = 0 THEN \'Fully Paid\'
                                ELSE \'Partially Paid\'
                            END AS payment_status
                        FROM sales s
                        JOIN (
                            SELECT 
                                sales_details_invoice, 
                                SUM(total_sale_price) AS total_sale, 
                                SUM(productwiseVatPercnt) AS product_wise_vatPercent_SUM
                            FROM sales_details
                            GROUP BY sales_details_invoice
                        ) sd ON s.sales_invoice = sd.sales_details_invoice
                        LEFT JOIN (
                            SELECT 
                                due_invoice_no, 
                                SUM(due_amount - due_paid_amount) AS customer_due,
                                SUM(due_paid_amount) AS total_due_paid
                            FROM customer_due
                            GROUP BY due_invoice_no
                        ) cd ON s.sales_invoice = cd.due_invoice_no
                        LEFT JOIN customer c 
                            ON c.customer_id = s.customer_type AND s.customer_type REGEXP \'^[0-9]+\'
                        LEFT JOIN `user` u 
                            ON u.user_id = s.seller_id ')
 4 SYSTEMPATH\CodeIgniter.php(933): App\Controllers\salelist->index()
 5 SYSTEMPATH\CodeIgniter.php(507): CodeIgniter\CodeIgniter->runController(Object(App\Controllers\salelist))
 6 SYSTEMPATH\CodeIgniter.php(354): CodeIgniter\CodeIgniter->handleRequest(null, Object(Config\Cache), false)
 7 SYSTEMPATH\Boot.php(363): CodeIgniter\CodeIgniter->run()
 8 SYSTEMPATH\Boot.php(68): CodeIgniter\Boot::runCodeIgniter(Object(CodeIgniter\CodeIgniter))
 9 FCPATH\index.php(59): CodeIgniter\Boot::bootWeb(Object(Config\Paths))
CRITICAL - 2026-07-08 08:29:04 --> [Caused by] mysqli_sql_exception: Unknown column 'productwiseVatPercnt' in 'field list'
in SYSTEMPATH\Database\MySQLi\Connection.php on line 327.
 1 SYSTEMPATH\Database\MySQLi\Connection.php(327): mysqli->query(' SELECT 
                            s.sales_invoice,
                            s.sales_date,
                            s.seller_id,
                            u.user_name AS seller_name,    -- ✅ Added seller name
                            sd.total_sale,
                            sd.product_wise_vatPercent_SUM,
                            s.discountOnTotalPrice,
                            s.vatOnTotalPrice,
                            s.paid_amount,
                            IFNULL(cd.customer_due, 0) AS customer_due,
                            IFNULL(cd.total_due_paid, 0) AS due_paid_amount,
                            (s.paid_amount + IFNULL(cd.total_due_paid, 0)) AS total_paid,
                            s.due_amount,
                            CASE 
                                WHEN s.customer_type REGEXP \'^[0-9]+$\' THEN c.cus_first_name
                                ELSE s.customer_type
                            END AS customer_name,
                            CASE
                                WHEN s.customer_type = \'Walk-In-Customer\' THEN \'Fully Paid\'
                                WHEN IFNULL(cd.customer_due, 0) = 0 THEN \'Fully Paid\'
                                ELSE \'Partially Paid\'
                            END AS payment_status
                        FROM sales s
                        JOIN (
                            SELECT 
                                sales_details_invoice, 
                                SUM(total_sale_price) AS total_sale, 
                                SUM(productwiseVatPercnt) AS product_wise_vatPercent_SUM
                            FROM sales_details
                            GROUP BY sales_details_invoice
                        ) sd ON s.sales_invoice = sd.sales_details_invoice
                        LEFT JOIN (
                            SELECT 
                                due_invoice_no, 
                                SUM(due_amount - due_paid_amount) AS customer_due,
                                SUM(due_paid_amount) AS total_due_paid
                            FROM customer_due
                            GROUP BY due_invoice_no
                        ) cd ON s.sales_invoice = cd.due_invoice_no
                        LEFT JOIN customer c 
                            ON c.customer_id = s.customer_type AND s.customer_type REGEXP \'^[0-9]+\'
                        LEFT JOIN `user` u 
                            ON u.user_id = s.seller_id ', 0)
 2 SYSTEMPATH\Database\BaseConnection.php(729): CodeIgniter\Database\MySQLi\Connection->execute(' SELECT 
                            s.sales_invoice,
                            s.sales_date,
                            s.seller_id,
                            u.user_name AS seller_name,    -- ✅ Added seller name
                            sd.total_sale,
                            sd.product_wise_vatPercent_SUM,
                            s.discountOnTotalPrice,
                            s.vatOnTotalPrice,
                            s.paid_amount,
                            IFNULL(cd.customer_due, 0) AS customer_due,
                            IFNULL(cd.total_due_paid, 0) AS due_paid_amount,
                            (s.paid_amount + IFNULL(cd.total_due_paid, 0)) AS total_paid,
                            s.due_amount,
                            CASE 
                                WHEN s.customer_type REGEXP \'^[0-9]+$\' THEN c.cus_first_name
                                ELSE s.customer_type
                            END AS customer_name,
                            CASE
                                WHEN s.customer_type = \'Walk-In-Customer\' THEN \'Fully Paid\'
                                WHEN IFNULL(cd.customer_due, 0) = 0 THEN \'Fully Paid\'
                                ELSE \'Partially Paid\'
                            END AS payment_status
                        FROM sales s
                        JOIN (
                            SELECT 
                                sales_details_invoice, 
                                SUM(total_sale_price) AS total_sale, 
                                SUM(productwiseVatPercnt) AS product_wise_vatPercent_SUM
                            FROM sales_details
                            GROUP BY sales_details_invoice
                        ) sd ON s.sales_invoice = sd.sales_details_invoice
                        LEFT JOIN (
                            SELECT 
                                due_invoice_no, 
                                SUM(due_amount - due_paid_amount) AS customer_due,
                                SUM(due_paid_amount) AS total_due_paid
                            FROM customer_due
                            GROUP BY due_invoice_no
                        ) cd ON s.sales_invoice = cd.due_invoice_no
                        LEFT JOIN customer c 
                            ON c.customer_id = s.customer_type AND s.customer_type REGEXP \'^[0-9]+\'
                        LEFT JOIN `user` u 
                            ON u.user_id = s.seller_id ')
 3 SYSTEMPATH\Database\BaseConnection.php(646): CodeIgniter\Database\BaseConnection->simpleQuery(' SELECT 
                            s.sales_invoice,
                            s.sales_date,
                            s.seller_id,
                            u.user_name AS seller_name,    -- ✅ Added seller name
                            sd.total_sale,
                            sd.product_wise_vatPercent_SUM,
                            s.discountOnTotalPrice,
                            s.vatOnTotalPrice,
                            s.paid_amount,
                            IFNULL(cd.customer_due, 0) AS customer_due,
                            IFNULL(cd.total_due_paid, 0) AS due_paid_amount,
                            (s.paid_amount + IFNULL(cd.total_due_paid, 0)) AS total_paid,
                            s.due_amount,
                            CASE 
                                WHEN s.customer_type REGEXP \'^[0-9]+$\' THEN c.cus_first_name
                                ELSE s.customer_type
                            END AS customer_name,
                            CASE
                                WHEN s.customer_type = \'Walk-In-Customer\' THEN \'Fully Paid\'
                                WHEN IFNULL(cd.customer_due, 0) = 0 THEN \'Fully Paid\'
                                ELSE \'Partially Paid\'
                            END AS payment_status
                        FROM sales s
                        JOIN (
                            SELECT 
                                sales_details_invoice, 
                                SUM(total_sale_price) AS total_sale, 
                                SUM(productwiseVatPercnt) AS product_wise_vatPercent_SUM
                            FROM sales_details
                            GROUP BY sales_details_invoice
                        ) sd ON s.sales_invoice = sd.sales_details_invoice
                        LEFT JOIN (
                            SELECT 
                                due_invoice_no, 
                                SUM(due_amount - due_paid_amount) AS customer_due,
                                SUM(due_paid_amount) AS total_due_paid
                            FROM customer_due
                            GROUP BY due_invoice_no
                        ) cd ON s.sales_invoice = cd.due_invoice_no
                        LEFT JOIN customer c 
                            ON c.customer_id = s.customer_type AND s.customer_type REGEXP \'^[0-9]+\'
                        LEFT JOIN `user` u 
                            ON u.user_id = s.seller_id ')
 4 APPPATH\Controllers\salelist.php(70): CodeIgniter\Database\BaseConnection->query(' SELECT 
                            s.sales_invoice,
                            s.sales_date,
                            s.seller_id,
                            u.user_name AS seller_name,    -- ✅ Added seller name
                            sd.total_sale,
                            sd.product_wise_vatPercent_SUM,
                            s.discountOnTotalPrice,
                            s.vatOnTotalPrice,
                            s.paid_amount,
                            IFNULL(cd.customer_due, 0) AS customer_due,
                            IFNULL(cd.total_due_paid, 0) AS due_paid_amount,
                            (s.paid_amount + IFNULL(cd.total_due_paid, 0)) AS total_paid,
                            s.due_amount,
                            CASE 
                                WHEN s.customer_type REGEXP \'^[0-9]+$\' THEN c.cus_first_name
                                ELSE s.customer_type
                            END AS customer_name,
                            CASE
                                WHEN s.customer_type = \'Walk-In-Customer\' THEN \'Fully Paid\'
                                WHEN IFNULL(cd.customer_due, 0) = 0 THEN \'Fully Paid\'
                                ELSE \'Partially Paid\'
                            END AS payment_status
                        FROM sales s
                        JOIN (
                            SELECT 
                                sales_details_invoice, 
                                SUM(total_sale_price) AS total_sale, 
                                SUM(productwiseVatPercnt) AS product_wise_vatPercent_SUM
                            FROM sales_details
                            GROUP BY sales_details_invoice
                        ) sd ON s.sales_invoice = sd.sales_details_invoice
                        LEFT JOIN (
                            SELECT 
                                due_invoice_no, 
                                SUM(due_amount - due_paid_amount) AS customer_due,
                                SUM(due_paid_amount) AS total_due_paid
                            FROM customer_due
                            GROUP BY due_invoice_no
                        ) cd ON s.sales_invoice = cd.due_invoice_no
                        LEFT JOIN customer c 
                            ON c.customer_id = s.customer_type AND s.customer_type REGEXP \'^[0-9]+\'
                        LEFT JOIN `user` u 
                            ON u.user_id = s.seller_id ')
 5 SYSTEMPATH\CodeIgniter.php(933): App\Controllers\salelist->index()
 6 SYSTEMPATH\CodeIgniter.php(507): CodeIgniter\CodeIgniter->runController(Object(App\Controllers\salelist))
 7 SYSTEMPATH\CodeIgniter.php(354): CodeIgniter\CodeIgniter->handleRequest(null, Object(Config\Cache), false)
 8 SYSTEMPATH\Boot.php(363): CodeIgniter\CodeIgniter->run()
 9 SYSTEMPATH\Boot.php(68): CodeIgniter\Boot::runCodeIgniter(Object(CodeIgniter\CodeIgniter))
10 FCPATH\index.php(59): CodeIgniter\Boot::bootWeb(Object(Config\Paths))
ERROR - 2026-07-08 08:34:47 --> mysqli_sql_exception: Unknown column 'productwiseVatPercnt' in 'field list' in C:\laragon\www\pharmacy-project\system\Database\MySQLi\Connection.php:327
Stack trace:
#0 C:\laragon\www\pharmacy-project\system\Database\MySQLi\Connection.php(327): mysqli->query(' SELECT \r\n     ...', 0)
#1 C:\laragon\www\pharmacy-project\system\Database\BaseConnection.php(729): CodeIgniter\Database\MySQLi\Connection->execute(' SELECT \r\n     ...')
#2 C:\laragon\www\pharmacy-project\system\Database\BaseConnection.php(646): CodeIgniter\Database\BaseConnection->simpleQuery(' SELECT \r\n     ...')
#3 C:\laragon\www\pharmacy-project\app\Controllers\salelist.php(70): CodeIgniter\Database\BaseConnection->query(' SELECT \r\n     ...')
#4 C:\laragon\www\pharmacy-project\system\CodeIgniter.php(933): App\Controllers\salelist->index()
#5 C:\laragon\www\pharmacy-project\system\CodeIgniter.php(507): CodeIgniter\CodeIgniter->runController(Object(App\Controllers\salelist))
#6 C:\laragon\www\pharmacy-project\system\CodeIgniter.php(354): CodeIgniter\CodeIgniter->handleRequest(NULL, Object(Config\Cache), false)
#7 C:\laragon\www\pharmacy-project\system\Boot.php(363): CodeIgniter\CodeIgniter->run()
#8 C:\laragon\www\pharmacy-project\system\Boot.php(68): CodeIgniter\Boot::runCodeIgniter(Object(CodeIgniter\CodeIgniter))
#9 C:\laragon\www\pharmacy-project\index.php(59): CodeIgniter\Boot::bootWeb(Object(Config\Paths))
#10 {main}
CRITICAL - 2026-07-08 08:34:47 --> CodeIgniter\Database\Exceptions\DatabaseException: Unknown column 'productwiseVatPercnt' in 'field list'
[Method: GET, Route: salelist]
in SYSTEMPATH\Database\BaseConnection.php on line 684.
 1 APPPATH\Controllers\salelist.php(70): CodeIgniter\Database\BaseConnection->query(' SELECT 
                            s.sales_invoice,
                            s.sales_date,
                            s.seller_id,
                            u.user_name AS seller_name,    -- ✅ Added seller name
                            sd.total_sale,
                            s.product_vat,
                            s.discount_on_all,
                            s.other_charge_on_all,
                            s.paid_amount,
                            IFNULL(cd.customer_due, 0) AS customer_due,
                            IFNULL(cd.total_due_paid, 0) AS due_paid_amount,
                            (s.paid_amount + IFNULL(cd.total_due_paid, 0)) AS total_paid,
                            s.due_amount,
                            CASE 
                                WHEN s.customer_type REGEXP \'^[0-9]+$\' THEN c.cus_first_name
                                ELSE s.customer_type
                            END AS customer_name,
                            CASE
                                WHEN s.customer_type = \'Walk-In-Customer\' THEN \'Fully Paid\'
                                WHEN IFNULL(cd.customer_due, 0) = 0 THEN \'Fully Paid\'
                                ELSE \'Partially Paid\'
                            END AS payment_status
                        FROM sales s
                        JOIN (
                            SELECT 
                                sales_details_invoice, 
                                SUM(total_sale_price) AS total_sale, 
                                SUM(productwiseVatPercnt) AS product_wise_vatPercent_SUM
                            FROM sales_details
                            GROUP BY sales_details_invoice
                        ) sd ON s.sales_invoice = sd.sales_details_invoice
                        LEFT JOIN (
                            SELECT 
                                due_invoice_no, 
                                SUM(due_amount - due_paid_amount) AS customer_due,
                                SUM(due_paid_amount) AS total_due_paid
                            FROM customer_due
                            GROUP BY due_invoice_no
                        ) cd ON s.sales_invoice = cd.due_invoice_no
                        LEFT JOIN customer c 
                            ON c.customer_id = s.customer_type AND s.customer_type REGEXP \'^[0-9]+\'
                        LEFT JOIN `user` u 
                            ON u.user_id = s.seller_id ')
 2 SYSTEMPATH\CodeIgniter.php(933): App\Controllers\salelist->index()
 3 SYSTEMPATH\CodeIgniter.php(507): CodeIgniter\CodeIgniter->runController(Object(App\Controllers\salelist))
 4 SYSTEMPATH\CodeIgniter.php(354): CodeIgniter\CodeIgniter->handleRequest(null, Object(Config\Cache), false)
 5 SYSTEMPATH\Boot.php(363): CodeIgniter\CodeIgniter->run()
 6 SYSTEMPATH\Boot.php(68): CodeIgniter\Boot::runCodeIgniter(Object(CodeIgniter\CodeIgniter))
 7 FCPATH\index.php(59): CodeIgniter\Boot::bootWeb(Object(Config\Paths))
CRITICAL - 2026-07-08 08:34:47 --> [Caused by] CodeIgniter\Database\Exceptions\DatabaseException: Unknown column 'productwiseVatPercnt' in 'field list'
in SYSTEMPATH\Database\MySQLi\Connection.php on line 332.
 1 SYSTEMPATH\Database\BaseConnection.php(729): CodeIgniter\Database\MySQLi\Connection->execute(' SELECT 
                            s.sales_invoice,
                            s.sales_date,
                            s.seller_id,
                            u.user_name AS seller_name,    -- ✅ Added seller name
                            sd.total_sale,
                            s.product_vat,
                            s.discount_on_all,
                            s.other_charge_on_all,
                            s.paid_amount,
                            IFNULL(cd.customer_due, 0) AS customer_due,
                            IFNULL(cd.total_due_paid, 0) AS due_paid_amount,
                            (s.paid_amount + IFNULL(cd.total_due_paid, 0)) AS total_paid,
                            s.due_amount,
                            CASE 
                                WHEN s.customer_type REGEXP \'^[0-9]+$\' THEN c.cus_first_name
                                ELSE s.customer_type
                            END AS customer_name,
                            CASE
                                WHEN s.customer_type = \'Walk-In-Customer\' THEN \'Fully Paid\'
                                WHEN IFNULL(cd.customer_due, 0) = 0 THEN \'Fully Paid\'
                                ELSE \'Partially Paid\'
                            END AS payment_status
                        FROM sales s
                        JOIN (
                            SELECT 
                                sales_details_invoice, 
                                SUM(total_sale_price) AS total_sale, 
                                SUM(productwiseVatPercnt) AS product_wise_vatPercent_SUM
                            FROM sales_details
                            GROUP BY sales_details_invoice
                        ) sd ON s.sales_invoice = sd.sales_details_invoice
                        LEFT JOIN (
                            SELECT 
                                due_invoice_no, 
                                SUM(due_amount - due_paid_amount) AS customer_due,
                                SUM(due_paid_amount) AS total_due_paid
                            FROM customer_due
                            GROUP BY due_invoice_no
                        ) cd ON s.sales_invoice = cd.due_invoice_no
                        LEFT JOIN customer c 
                            ON c.customer_id = s.customer_type AND s.customer_type REGEXP \'^[0-9]+\'
                        LEFT JOIN `user` u 
                            ON u.user_id = s.seller_id ')
 2 SYSTEMPATH\Database\BaseConnection.php(646): CodeIgniter\Database\BaseConnection->simpleQuery(' SELECT 
                            s.sales_invoice,
                            s.sales_date,
                            s.seller_id,
                            u.user_name AS seller_name,    -- ✅ Added seller name
                            sd.total_sale,
                            s.product_vat,
                            s.discount_on_all,
                            s.other_charge_on_all,
                            s.paid_amount,
                            IFNULL(cd.customer_due, 0) AS customer_due,
                            IFNULL(cd.total_due_paid, 0) AS due_paid_amount,
                            (s.paid_amount + IFNULL(cd.total_due_paid, 0)) AS total_paid,
                            s.due_amount,
                            CASE 
                                WHEN s.customer_type REGEXP \'^[0-9]+$\' THEN c.cus_first_name
                                ELSE s.customer_type
                            END AS customer_name,
                            CASE
                                WHEN s.customer_type = \'Walk-In-Customer\' THEN \'Fully Paid\'
                                WHEN IFNULL(cd.customer_due, 0) = 0 THEN \'Fully Paid\'
                                ELSE \'Partially Paid\'
                            END AS payment_status
                        FROM sales s
                        JOIN (
                            SELECT 
                                sales_details_invoice, 
                                SUM(total_sale_price) AS total_sale, 
                                SUM(productwiseVatPercnt) AS product_wise_vatPercent_SUM
                            FROM sales_details
                            GROUP BY sales_details_invoice
                        ) sd ON s.sales_invoice = sd.sales_details_invoice
                        LEFT JOIN (
                            SELECT 
                                due_invoice_no, 
                                SUM(due_amount - due_paid_amount) AS customer_due,
                                SUM(due_paid_amount) AS total_due_paid
                            FROM customer_due
                            GROUP BY due_invoice_no
                        ) cd ON s.sales_invoice = cd.due_invoice_no
                        LEFT JOIN customer c 
                            ON c.customer_id = s.customer_type AND s.customer_type REGEXP \'^[0-9]+\'
                        LEFT JOIN `user` u 
                            ON u.user_id = s.seller_id ')
 3 APPPATH\Controllers\salelist.php(70): CodeIgniter\Database\BaseConnection->query(' SELECT 
                            s.sales_invoice,
                            s.sales_date,
                            s.seller_id,
                            u.user_name AS seller_name,    -- ✅ Added seller name
                            sd.total_sale,
                            s.product_vat,
                            s.discount_on_all,
                            s.other_charge_on_all,
                            s.paid_amount,
                            IFNULL(cd.customer_due, 0) AS customer_due,
                            IFNULL(cd.total_due_paid, 0) AS due_paid_amount,
                            (s.paid_amount + IFNULL(cd.total_due_paid, 0)) AS total_paid,
                            s.due_amount,
                            CASE 
                                WHEN s.customer_type REGEXP \'^[0-9]+$\' THEN c.cus_first_name
                                ELSE s.customer_type
                            END AS customer_name,
                            CASE
                                WHEN s.customer_type = \'Walk-In-Customer\' THEN \'Fully Paid\'
                                WHEN IFNULL(cd.customer_due, 0) = 0 THEN \'Fully Paid\'
                                ELSE \'Partially Paid\'
                            END AS payment_status
                        FROM sales s
                        JOIN (
                            SELECT 
                                sales_details_invoice, 
                                SUM(total_sale_price) AS total_sale, 
                                SUM(productwiseVatPercnt) AS product_wise_vatPercent_SUM
                            FROM sales_details
                            GROUP BY sales_details_invoice
                        ) sd ON s.sales_invoice = sd.sales_details_invoice
                        LEFT JOIN (
                            SELECT 
                                due_invoice_no, 
                                SUM(due_amount - due_paid_amount) AS customer_due,
                                SUM(due_paid_amount) AS total_due_paid
                            FROM customer_due
                            GROUP BY due_invoice_no
                        ) cd ON s.sales_invoice = cd.due_invoice_no
                        LEFT JOIN customer c 
                            ON c.customer_id = s.customer_type AND s.customer_type REGEXP \'^[0-9]+\'
                        LEFT JOIN `user` u 
                            ON u.user_id = s.seller_id ')
 4 SYSTEMPATH\CodeIgniter.php(933): App\Controllers\salelist->index()
 5 SYSTEMPATH\CodeIgniter.php(507): CodeIgniter\CodeIgniter->runController(Object(App\Controllers\salelist))
 6 SYSTEMPATH\CodeIgniter.php(354): CodeIgniter\CodeIgniter->handleRequest(null, Object(Config\Cache), false)
 7 SYSTEMPATH\Boot.php(363): CodeIgniter\CodeIgniter->run()
 8 SYSTEMPATH\Boot.php(68): CodeIgniter\Boot::runCodeIgniter(Object(CodeIgniter\CodeIgniter))
 9 FCPATH\index.php(59): CodeIgniter\Boot::bootWeb(Object(Config\Paths))
CRITICAL - 2026-07-08 08:34:47 --> [Caused by] mysqli_sql_exception: Unknown column 'productwiseVatPercnt' in 'field list'
in SYSTEMPATH\Database\MySQLi\Connection.php on line 327.
 1 SYSTEMPATH\Database\MySQLi\Connection.php(327): mysqli->query(' SELECT 
                            s.sales_invoice,
                            s.sales_date,
                            s.seller_id,
                            u.user_name AS seller_name,    -- ✅ Added seller name
                            sd.total_sale,
                            s.product_vat,
                            s.discount_on_all,
                            s.other_charge_on_all,
                            s.paid_amount,
                            IFNULL(cd.customer_due, 0) AS customer_due,
                            IFNULL(cd.total_due_paid, 0) AS due_paid_amount,
                            (s.paid_amount + IFNULL(cd.total_due_paid, 0)) AS total_paid,
                            s.due_amount,
                            CASE 
                                WHEN s.customer_type REGEXP \'^[0-9]+$\' THEN c.cus_first_name
                                ELSE s.customer_type
                            END AS customer_name,
                            CASE
                                WHEN s.customer_type = \'Walk-In-Customer\' THEN \'Fully Paid\'
                                WHEN IFNULL(cd.customer_due, 0) = 0 THEN \'Fully Paid\'
                                ELSE \'Partially Paid\'
                            END AS payment_status
                        FROM sales s
                        JOIN (
                            SELECT 
                                sales_details_invoice, 
                                SUM(total_sale_price) AS total_sale, 
                                SUM(productwiseVatPercnt) AS product_wise_vatPercent_SUM
                            FROM sales_details
                            GROUP BY sales_details_invoice
                        ) sd ON s.sales_invoice = sd.sales_details_invoice
                        LEFT JOIN (
                            SELECT 
                                due_invoice_no, 
                                SUM(due_amount - due_paid_amount) AS customer_due,
                                SUM(due_paid_amount) AS total_due_paid
                            FROM customer_due
                            GROUP BY due_invoice_no
                        ) cd ON s.sales_invoice = cd.due_invoice_no
                        LEFT JOIN customer c 
                            ON c.customer_id = s.customer_type AND s.customer_type REGEXP \'^[0-9]+\'
                        LEFT JOIN `user` u 
                            ON u.user_id = s.seller_id ', 0)
 2 SYSTEMPATH\Database\BaseConnection.php(729): CodeIgniter\Database\MySQLi\Connection->execute(' SELECT 
                            s.sales_invoice,
                            s.sales_date,
                            s.seller_id,
                            u.user_name AS seller_name,    -- ✅ Added seller name
                            sd.total_sale,
                            s.product_vat,
                            s.discount_on_all,
                            s.other_charge_on_all,
                            s.paid_amount,
                            IFNULL(cd.customer_due, 0) AS customer_due,
                            IFNULL(cd.total_due_paid, 0) AS due_paid_amount,
                            (s.paid_amount + IFNULL(cd.total_due_paid, 0)) AS total_paid,
                            s.due_amount,
                            CASE 
                                WHEN s.customer_type REGEXP \'^[0-9]+$\' THEN c.cus_first_name
                                ELSE s.customer_type
                            END AS customer_name,
                            CASE
                                WHEN s.customer_type = \'Walk-In-Customer\' THEN \'Fully Paid\'
                                WHEN IFNULL(cd.customer_due, 0) = 0 THEN \'Fully Paid\'
                                ELSE \'Partially Paid\'
                            END AS payment_status
                        FROM sales s
                        JOIN (
                            SELECT 
                                sales_details_invoice, 
                                SUM(total_sale_price) AS total_sale, 
                                SUM(productwiseVatPercnt) AS product_wise_vatPercent_SUM
                            FROM sales_details
                            GROUP BY sales_details_invoice
                        ) sd ON s.sales_invoice = sd.sales_details_invoice
                        LEFT JOIN (
                            SELECT 
                                due_invoice_no, 
                                SUM(due_amount - due_paid_amount) AS customer_due,
                                SUM(due_paid_amount) AS total_due_paid
                            FROM customer_due
                            GROUP BY due_invoice_no
                        ) cd ON s.sales_invoice = cd.due_invoice_no
                        LEFT JOIN customer c 
                            ON c.customer_id = s.customer_type AND s.customer_type REGEXP \'^[0-9]+\'
                        LEFT JOIN `user` u 
                            ON u.user_id = s.seller_id ')
 3 SYSTEMPATH\Database\BaseConnection.php(646): CodeIgniter\Database\BaseConnection->simpleQuery(' SELECT 
                            s.sales_invoice,
                            s.sales_date,
                            s.seller_id,
                            u.user_name AS seller_name,    -- ✅ Added seller name
                            sd.total_sale,
                            s.product_vat,
                            s.discount_on_all,
                            s.other_charge_on_all,
                            s.paid_amount,
                            IFNULL(cd.customer_due, 0) AS customer_due,
                            IFNULL(cd.total_due_paid, 0) AS due_paid_amount,
                            (s.paid_amount + IFNULL(cd.total_due_paid, 0)) AS total_paid,
                            s.due_amount,
                            CASE 
                                WHEN s.customer_type REGEXP \'^[0-9]+$\' THEN c.cus_first_name
                                ELSE s.customer_type
                            END AS customer_name,
                            CASE
                                WHEN s.customer_type = \'Walk-In-Customer\' THEN \'Fully Paid\'
                                WHEN IFNULL(cd.customer_due, 0) = 0 THEN \'Fully Paid\'
                                ELSE \'Partially Paid\'
                            END AS payment_status
                        FROM sales s
                        JOIN (
                            SELECT 
                                sales_details_invoice, 
                                SUM(total_sale_price) AS total_sale, 
                                SUM(productwiseVatPercnt) AS product_wise_vatPercent_SUM
                            FROM sales_details
                            GROUP BY sales_details_invoice
                        ) sd ON s.sales_invoice = sd.sales_details_invoice
                        LEFT JOIN (
                            SELECT 
                                due_invoice_no, 
                                SUM(due_amount - due_paid_amount) AS customer_due,
                                SUM(due_paid_amount) AS total_due_paid
                            FROM customer_due
                            GROUP BY due_invoice_no
                        ) cd ON s.sales_invoice = cd.due_invoice_no
                        LEFT JOIN customer c 
                            ON c.customer_id = s.customer_type AND s.customer_type REGEXP \'^[0-9]+\'
                        LEFT JOIN `user` u 
                            ON u.user_id = s.seller_id ')
 4 APPPATH\Controllers\salelist.php(70): CodeIgniter\Database\BaseConnection->query(' SELECT 
                            s.sales_invoice,
                            s.sales_date,
                            s.seller_id,
                            u.user_name AS seller_name,    -- ✅ Added seller name
                            sd.total_sale,
                            s.product_vat,
                            s.discount_on_all,
                            s.other_charge_on_all,
                            s.paid_amount,
                            IFNULL(cd.customer_due, 0) AS customer_due,
                            IFNULL(cd.total_due_paid, 0) AS due_paid_amount,
                            (s.paid_amount + IFNULL(cd.total_due_paid, 0)) AS total_paid,
                            s.due_amount,
                            CASE 
                                WHEN s.customer_type REGEXP \'^[0-9]+$\' THEN c.cus_first_name
                                ELSE s.customer_type
                            END AS customer_name,
                            CASE
                                WHEN s.customer_type = \'Walk-In-Customer\' THEN \'Fully Paid\'
                                WHEN IFNULL(cd.customer_due, 0) = 0 THEN \'Fully Paid\'
                                ELSE \'Partially Paid\'
                            END AS payment_status
                        FROM sales s
                        JOIN (
                            SELECT 
                                sales_details_invoice, 
                                SUM(total_sale_price) AS total_sale, 
                                SUM(productwiseVatPercnt) AS product_wise_vatPercent_SUM
                            FROM sales_details
                            GROUP BY sales_details_invoice
                        ) sd ON s.sales_invoice = sd.sales_details_invoice
                        LEFT JOIN (
                            SELECT 
                                due_invoice_no, 
                                SUM(due_amount - due_paid_amount) AS customer_due,
                                SUM(due_paid_amount) AS total_due_paid
                            FROM customer_due
                            GROUP BY due_invoice_no
                        ) cd ON s.sales_invoice = cd.due_invoice_no
                        LEFT JOIN customer c 
                            ON c.customer_id = s.customer_type AND s.customer_type REGEXP \'^[0-9]+\'
                        LEFT JOIN `user` u 
                            ON u.user_id = s.seller_id ')
 5 SYSTEMPATH\CodeIgniter.php(933): App\Controllers\salelist->index()
 6 SYSTEMPATH\CodeIgniter.php(507): CodeIgniter\CodeIgniter->runController(Object(App\Controllers\salelist))
 7 SYSTEMPATH\CodeIgniter.php(354): CodeIgniter\CodeIgniter->handleRequest(null, Object(Config\Cache), false)
 8 SYSTEMPATH\Boot.php(363): CodeIgniter\CodeIgniter->run()
 9 SYSTEMPATH\Boot.php(68): CodeIgniter\Boot::runCodeIgniter(Object(CodeIgniter\CodeIgniter))
10 FCPATH\index.php(59): CodeIgniter\Boot::bootWeb(Object(Config\Paths))
ERROR - 2026-07-08 08:34:48 --> mysqli_sql_exception: Unknown column 'productwiseVatPercnt' in 'field list' in C:\laragon\www\pharmacy-project\system\Database\MySQLi\Connection.php:327
Stack trace:
#0 C:\laragon\www\pharmacy-project\system\Database\MySQLi\Connection.php(327): mysqli->query(' SELECT \r\n     ...', 0)
#1 C:\laragon\www\pharmacy-project\system\Database\BaseConnection.php(729): CodeIgniter\Database\MySQLi\Connection->execute(' SELECT \r\n     ...')
#2 C:\laragon\www\pharmacy-project\system\Database\BaseConnection.php(646): CodeIgniter\Database\BaseConnection->simpleQuery(' SELECT \r\n     ...')
#3 C:\laragon\www\pharmacy-project\app\Controllers\salelist.php(70): CodeIgniter\Database\BaseConnection->query(' SELECT \r\n     ...')
#4 C:\laragon\www\pharmacy-project\system\CodeIgniter.php(933): App\Controllers\salelist->index()
#5 C:\laragon\www\pharmacy-project\system\CodeIgniter.php(507): CodeIgniter\CodeIgniter->runController(Object(App\Controllers\salelist))
#6 C:\laragon\www\pharmacy-project\system\CodeIgniter.php(354): CodeIgniter\CodeIgniter->handleRequest(NULL, Object(Config\Cache), false)
#7 C:\laragon\www\pharmacy-project\system\Boot.php(363): CodeIgniter\CodeIgniter->run()
#8 C:\laragon\www\pharmacy-project\system\Boot.php(68): CodeIgniter\Boot::runCodeIgniter(Object(CodeIgniter\CodeIgniter))
#9 C:\laragon\www\pharmacy-project\index.php(59): CodeIgniter\Boot::bootWeb(Object(Config\Paths))
#10 {main}
CRITICAL - 2026-07-08 08:34:48 --> CodeIgniter\Database\Exceptions\DatabaseException: Unknown column 'productwiseVatPercnt' in 'field list'
[Method: GET, Route: salelist]
in SYSTEMPATH\Database\BaseConnection.php on line 684.
 1 APPPATH\Controllers\salelist.php(70): CodeIgniter\Database\BaseConnection->query(' SELECT 
                            s.sales_invoice,
                            s.sales_date,
                            s.seller_id,
                            u.user_name AS seller_name,    -- ✅ Added seller name
                            sd.total_sale,
                            s.product_vat,
                            s.discount_on_all,
                            s.other_charge_on_all,
                            s.paid_amount,
                            IFNULL(cd.customer_due, 0) AS customer_due,
                            IFNULL(cd.total_due_paid, 0) AS due_paid_amount,
                            (s.paid_amount + IFNULL(cd.total_due_paid, 0)) AS total_paid,
                            s.due_amount,
                            CASE 
                                WHEN s.customer_type REGEXP \'^[0-9]+$\' THEN c.cus_first_name
                                ELSE s.customer_type
                            END AS customer_name,
                            CASE
                                WHEN s.customer_type = \'Walk-In-Customer\' THEN \'Fully Paid\'
                                WHEN IFNULL(cd.customer_due, 0) = 0 THEN \'Fully Paid\'
                                ELSE \'Partially Paid\'
                            END AS payment_status
                        FROM sales s
                        JOIN (
                            SELECT 
                                sales_details_invoice, 
                                SUM(total_sale_price) AS total_sale, 
                                SUM(productwiseVatPercnt) AS product_wise_vatPercent_SUM
                            FROM sales_details
                            GROUP BY sales_details_invoice
                        ) sd ON s.sales_invoice = sd.sales_details_invoice
                        LEFT JOIN (
                            SELECT 
                                due_invoice_no, 
                                SUM(due_amount - due_paid_amount) AS customer_due,
                                SUM(due_paid_amount) AS total_due_paid
                            FROM customer_due
                            GROUP BY due_invoice_no
                        ) cd ON s.sales_invoice = cd.due_invoice_no
                        LEFT JOIN customer c 
                            ON c.customer_id = s.customer_type AND s.customer_type REGEXP \'^[0-9]+\'
                        LEFT JOIN `user` u 
                            ON u.user_id = s.seller_id ')
 2 SYSTEMPATH\CodeIgniter.php(933): App\Controllers\salelist->index()
 3 SYSTEMPATH\CodeIgniter.php(507): CodeIgniter\CodeIgniter->runController(Object(App\Controllers\salelist))
 4 SYSTEMPATH\CodeIgniter.php(354): CodeIgniter\CodeIgniter->handleRequest(null, Object(Config\Cache), false)
 5 SYSTEMPATH\Boot.php(363): CodeIgniter\CodeIgniter->run()
 6 SYSTEMPATH\Boot.php(68): CodeIgniter\Boot::runCodeIgniter(Object(CodeIgniter\CodeIgniter))
 7 FCPATH\index.php(59): CodeIgniter\Boot::bootWeb(Object(Config\Paths))
CRITICAL - 2026-07-08 08:34:48 --> [Caused by] CodeIgniter\Database\Exceptions\DatabaseException: Unknown column 'productwiseVatPercnt' in 'field list'
in SYSTEMPATH\Database\MySQLi\Connection.php on line 332.
 1 SYSTEMPATH\Database\BaseConnection.php(729): CodeIgniter\Database\MySQLi\Connection->execute(' SELECT 
                            s.sales_invoice,
                            s.sales_date,
                            s.seller_id,
                            u.user_name AS seller_name,    -- ✅ Added seller name
                            sd.total_sale,
                            s.product_vat,
                            s.discount_on_all,
                            s.other_charge_on_all,
                            s.paid_amount,
                            IFNULL(cd.customer_due, 0) AS customer_due,
                            IFNULL(cd.total_due_paid, 0) AS due_paid_amount,
                            (s.paid_amount + IFNULL(cd.total_due_paid, 0)) AS total_paid,
                            s.due_amount,
                            CASE 
                                WHEN s.customer_type REGEXP \'^[0-9]+$\' THEN c.cus_first_name
                                ELSE s.customer_type
                            END AS customer_name,
                            CASE
                                WHEN s.customer_type = \'Walk-In-Customer\' THEN \'Fully Paid\'
                                WHEN IFNULL(cd.customer_due, 0) = 0 THEN \'Fully Paid\'
                                ELSE \'Partially Paid\'
                            END AS payment_status
                        FROM sales s
                        JOIN (
                            SELECT 
                                sales_details_invoice, 
                                SUM(total_sale_price) AS total_sale, 
                                SUM(productwiseVatPercnt) AS product_wise_vatPercent_SUM
                            FROM sales_details
                            GROUP BY sales_details_invoice
                        ) sd ON s.sales_invoice = sd.sales_details_invoice
                        LEFT JOIN (
                            SELECT 
                                due_invoice_no, 
                                SUM(due_amount - due_paid_amount) AS customer_due,
                                SUM(due_paid_amount) AS total_due_paid
                            FROM customer_due
                            GROUP BY due_invoice_no
                        ) cd ON s.sales_invoice = cd.due_invoice_no
                        LEFT JOIN customer c 
                            ON c.customer_id = s.customer_type AND s.customer_type REGEXP \'^[0-9]+\'
                        LEFT JOIN `user` u 
                            ON u.user_id = s.seller_id ')
 2 SYSTEMPATH\Database\BaseConnection.php(646): CodeIgniter\Database\BaseConnection->simpleQuery(' SELECT 
                            s.sales_invoice,
                            s.sales_date,
                            s.seller_id,
                            u.user_name AS seller_name,    -- ✅ Added seller name
                            sd.total_sale,
                            s.product_vat,
                            s.discount_on_all,
                            s.other_charge_on_all,
                            s.paid_amount,
                            IFNULL(cd.customer_due, 0) AS customer_due,
                            IFNULL(cd.total_due_paid, 0) AS due_paid_amount,
                            (s.paid_amount + IFNULL(cd.total_due_paid, 0)) AS total_paid,
                            s.due_amount,
                            CASE 
                                WHEN s.customer_type REGEXP \'^[0-9]+$\' THEN c.cus_first_name
                                ELSE s.customer_type
                            END AS customer_name,
                            CASE
                                WHEN s.customer_type = \'Walk-In-Customer\' THEN \'Fully Paid\'
                                WHEN IFNULL(cd.customer_due, 0) = 0 THEN \'Fully Paid\'
                                ELSE \'Partially Paid\'
                            END AS payment_status
                        FROM sales s
                        JOIN (
                            SELECT 
                                sales_details_invoice, 
                                SUM(total_sale_price) AS total_sale, 
                                SUM(productwiseVatPercnt) AS product_wise_vatPercent_SUM
                            FROM sales_details
                            GROUP BY sales_details_invoice
                        ) sd ON s.sales_invoice = sd.sales_details_invoice
                        LEFT JOIN (
                            SELECT 
                                due_invoice_no, 
                                SUM(due_amount - due_paid_amount) AS customer_due,
                                SUM(due_paid_amount) AS total_due_paid
                            FROM customer_due
                            GROUP BY due_invoice_no
                        ) cd ON s.sales_invoice = cd.due_invoice_no
                        LEFT JOIN customer c 
                            ON c.customer_id = s.customer_type AND s.customer_type REGEXP \'^[0-9]+\'
                        LEFT JOIN `user` u 
                            ON u.user_id = s.seller_id ')
 3 APPPATH\Controllers\salelist.php(70): CodeIgniter\Database\BaseConnection->query(' SELECT 
                            s.sales_invoice,
                            s.sales_date,
                            s.seller_id,
                            u.user_name AS seller_name,    -- ✅ Added seller name
                            sd.total_sale,
                            s.product_vat,
                            s.discount_on_all,
                            s.other_charge_on_all,
                            s.paid_amount,
                            IFNULL(cd.customer_due, 0) AS customer_due,
                            IFNULL(cd.total_due_paid, 0) AS due_paid_amount,
                            (s.paid_amount + IFNULL(cd.total_due_paid, 0)) AS total_paid,
                            s.due_amount,
                            CASE 
                                WHEN s.customer_type REGEXP \'^[0-9]+$\' THEN c.cus_first_name
                                ELSE s.customer_type
                            END AS customer_name,
                            CASE
                                WHEN s.customer_type = \'Walk-In-Customer\' THEN \'Fully Paid\'
                                WHEN IFNULL(cd.customer_due, 0) = 0 THEN \'Fully Paid\'
                                ELSE \'Partially Paid\'
                            END AS payment_status
                        FROM sales s
                        JOIN (
                            SELECT 
                                sales_details_invoice, 
                                SUM(total_sale_price) AS total_sale, 
                                SUM(productwiseVatPercnt) AS product_wise_vatPercent_SUM
                            FROM sales_details
                            GROUP BY sales_details_invoice
                        ) sd ON s.sales_invoice = sd.sales_details_invoice
                        LEFT JOIN (
                            SELECT 
                                due_invoice_no, 
                                SUM(due_amount - due_paid_amount) AS customer_due,
                                SUM(due_paid_amount) AS total_due_paid
                            FROM customer_due
                            GROUP BY due_invoice_no
                        ) cd ON s.sales_invoice = cd.due_invoice_no
                        LEFT JOIN customer c 
                            ON c.customer_id = s.customer_type AND s.customer_type REGEXP \'^[0-9]+\'
                        LEFT JOIN `user` u 
                            ON u.user_id = s.seller_id ')
 4 SYSTEMPATH\CodeIgniter.php(933): App\Controllers\salelist->index()
 5 SYSTEMPATH\CodeIgniter.php(507): CodeIgniter\CodeIgniter->runController(Object(App\Controllers\salelist))
 6 SYSTEMPATH\CodeIgniter.php(354): CodeIgniter\CodeIgniter->handleRequest(null, Object(Config\Cache), false)
 7 SYSTEMPATH\Boot.php(363): CodeIgniter\CodeIgniter->run()
 8 SYSTEMPATH\Boot.php(68): CodeIgniter\Boot::runCodeIgniter(Object(CodeIgniter\CodeIgniter))
 9 FCPATH\index.php(59): CodeIgniter\Boot::bootWeb(Object(Config\Paths))
CRITICAL - 2026-07-08 08:34:48 --> [Caused by] mysqli_sql_exception: Unknown column 'productwiseVatPercnt' in 'field list'
in SYSTEMPATH\Database\MySQLi\Connection.php on line 327.
 1 SYSTEMPATH\Database\MySQLi\Connection.php(327): mysqli->query(' SELECT 
                            s.sales_invoice,
                            s.sales_date,
                            s.seller_id,
                            u.user_name AS seller_name,    -- ✅ Added seller name
                            sd.total_sale,
                            s.product_vat,
                            s.discount_on_all,
                            s.other_charge_on_all,
                            s.paid_amount,
                            IFNULL(cd.customer_due, 0) AS customer_due,
                            IFNULL(cd.total_due_paid, 0) AS due_paid_amount,
                            (s.paid_amount + IFNULL(cd.total_due_paid, 0)) AS total_paid,
                            s.due_amount,
                            CASE 
                                WHEN s.customer_type REGEXP \'^[0-9]+$\' THEN c.cus_first_name
                                ELSE s.customer_type
                            END AS customer_name,
                            CASE
                                WHEN s.customer_type = \'Walk-In-Customer\' THEN \'Fully Paid\'
                                WHEN IFNULL(cd.customer_due, 0) = 0 THEN \'Fully Paid\'
                                ELSE \'Partially Paid\'
                            END AS payment_status
                        FROM sales s
                        JOIN (
                            SELECT 
                                sales_details_invoice, 
                                SUM(total_sale_price) AS total_sale, 
                                SUM(productwiseVatPercnt) AS product_wise_vatPercent_SUM
                            FROM sales_details
                            GROUP BY sales_details_invoice
                        ) sd ON s.sales_invoice = sd.sales_details_invoice
                        LEFT JOIN (
                            SELECT 
                                due_invoice_no, 
                                SUM(due_amount - due_paid_amount) AS customer_due,
                                SUM(due_paid_amount) AS total_due_paid
                            FROM customer_due
                            GROUP BY due_invoice_no
                        ) cd ON s.sales_invoice = cd.due_invoice_no
                        LEFT JOIN customer c 
                            ON c.customer_id = s.customer_type AND s.customer_type REGEXP \'^[0-9]+\'
                        LEFT JOIN `user` u 
                            ON u.user_id = s.seller_id ', 0)
 2 SYSTEMPATH\Database\BaseConnection.php(729): CodeIgniter\Database\MySQLi\Connection->execute(' SELECT 
                            s.sales_invoice,
                            s.sales_date,
                            s.seller_id,
                            u.user_name AS seller_name,    -- ✅ Added seller name
                            sd.total_sale,
                            s.product_vat,
                            s.discount_on_all,
                            s.other_charge_on_all,
                            s.paid_amount,
                            IFNULL(cd.customer_due, 0) AS customer_due,
                            IFNULL(cd.total_due_paid, 0) AS due_paid_amount,
                            (s.paid_amount + IFNULL(cd.total_due_paid, 0)) AS total_paid,
                            s.due_amount,
                            CASE 
                                WHEN s.customer_type REGEXP \'^[0-9]+$\' THEN c.cus_first_name
                                ELSE s.customer_type
                            END AS customer_name,
                            CASE
                                WHEN s.customer_type = \'Walk-In-Customer\' THEN \'Fully Paid\'
                                WHEN IFNULL(cd.customer_due, 0) = 0 THEN \'Fully Paid\'
                                ELSE \'Partially Paid\'
                            END AS payment_status
                        FROM sales s
                        JOIN (
                            SELECT 
                                sales_details_invoice, 
                                SUM(total_sale_price) AS total_sale, 
                                SUM(productwiseVatPercnt) AS product_wise_vatPercent_SUM
                            FROM sales_details
                            GROUP BY sales_details_invoice
                        ) sd ON s.sales_invoice = sd.sales_details_invoice
                        LEFT JOIN (
                            SELECT 
                                due_invoice_no, 
                                SUM(due_amount - due_paid_amount) AS customer_due,
                                SUM(due_paid_amount) AS total_due_paid
                            FROM customer_due
                            GROUP BY due_invoice_no
                        ) cd ON s.sales_invoice = cd.due_invoice_no
                        LEFT JOIN customer c 
                            ON c.customer_id = s.customer_type AND s.customer_type REGEXP \'^[0-9]+\'
                        LEFT JOIN `user` u 
                            ON u.user_id = s.seller_id ')
 3 SYSTEMPATH\Database\BaseConnection.php(646): CodeIgniter\Database\BaseConnection->simpleQuery(' SELECT 
                            s.sales_invoice,
                            s.sales_date,
                            s.seller_id,
                            u.user_name AS seller_name,    -- ✅ Added seller name
                            sd.total_sale,
                            s.product_vat,
                            s.discount_on_all,
                            s.other_charge_on_all,
                            s.paid_amount,
                            IFNULL(cd.customer_due, 0) AS customer_due,
                            IFNULL(cd.total_due_paid, 0) AS due_paid_amount,
                            (s.paid_amount + IFNULL(cd.total_due_paid, 0)) AS total_paid,
                            s.due_amount,
                            CASE 
                                WHEN s.customer_type REGEXP \'^[0-9]+$\' THEN c.cus_first_name
                                ELSE s.customer_type
                            END AS customer_name,
                            CASE
                                WHEN s.customer_type = \'Walk-In-Customer\' THEN \'Fully Paid\'
                                WHEN IFNULL(cd.customer_due, 0) = 0 THEN \'Fully Paid\'
                                ELSE \'Partially Paid\'
                            END AS payment_status
                        FROM sales s
                        JOIN (
                            SELECT 
                                sales_details_invoice, 
                                SUM(total_sale_price) AS total_sale, 
                                SUM(productwiseVatPercnt) AS product_wise_vatPercent_SUM
                            FROM sales_details
                            GROUP BY sales_details_invoice
                        ) sd ON s.sales_invoice = sd.sales_details_invoice
                        LEFT JOIN (
                            SELECT 
                                due_invoice_no, 
                                SUM(due_amount - due_paid_amount) AS customer_due,
                                SUM(due_paid_amount) AS total_due_paid
                            FROM customer_due
                            GROUP BY due_invoice_no
                        ) cd ON s.sales_invoice = cd.due_invoice_no
                        LEFT JOIN customer c 
                            ON c.customer_id = s.customer_type AND s.customer_type REGEXP \'^[0-9]+\'
                        LEFT JOIN `user` u 
                            ON u.user_id = s.seller_id ')
 4 APPPATH\Controllers\salelist.php(70): CodeIgniter\Database\BaseConnection->query(' SELECT 
                            s.sales_invoice,
                            s.sales_date,
                            s.seller_id,
                            u.user_name AS seller_name,    -- ✅ Added seller name
                            sd.total_sale,
                            s.product_vat,
                            s.discount_on_all,
                            s.other_charge_on_all,
                            s.paid_amount,
                            IFNULL(cd.customer_due, 0) AS customer_due,
                            IFNULL(cd.total_due_paid, 0) AS due_paid_amount,
                            (s.paid_amount + IFNULL(cd.total_due_paid, 0)) AS total_paid,
                            s.due_amount,
                            CASE 
                                WHEN s.customer_type REGEXP \'^[0-9]+$\' THEN c.cus_first_name
                                ELSE s.customer_type
                            END AS customer_name,
                            CASE
                                WHEN s.customer_type = \'Walk-In-Customer\' THEN \'Fully Paid\'
                                WHEN IFNULL(cd.customer_due, 0) = 0 THEN \'Fully Paid\'
                                ELSE \'Partially Paid\'
                            END AS payment_status
                        FROM sales s
                        JOIN (
                            SELECT 
                                sales_details_invoice, 
                                SUM(total_sale_price) AS total_sale, 
                                SUM(productwiseVatPercnt) AS product_wise_vatPercent_SUM
                            FROM sales_details
                            GROUP BY sales_details_invoice
                        ) sd ON s.sales_invoice = sd.sales_details_invoice
                        LEFT JOIN (
                            SELECT 
                                due_invoice_no, 
                                SUM(due_amount - due_paid_amount) AS customer_due,
                                SUM(due_paid_amount) AS total_due_paid
                            FROM customer_due
                            GROUP BY due_invoice_no
                        ) cd ON s.sales_invoice = cd.due_invoice_no
                        LEFT JOIN customer c 
                            ON c.customer_id = s.customer_type AND s.customer_type REGEXP \'^[0-9]+\'
                        LEFT JOIN `user` u 
                            ON u.user_id = s.seller_id ')
 5 SYSTEMPATH\CodeIgniter.php(933): App\Controllers\salelist->index()
 6 SYSTEMPATH\CodeIgniter.php(507): CodeIgniter\CodeIgniter->runController(Object(App\Controllers\salelist))
 7 SYSTEMPATH\CodeIgniter.php(354): CodeIgniter\CodeIgniter->handleRequest(null, Object(Config\Cache), false)
 8 SYSTEMPATH\Boot.php(363): CodeIgniter\CodeIgniter->run()
 9 SYSTEMPATH\Boot.php(68): CodeIgniter\Boot::runCodeIgniter(Object(CodeIgniter\CodeIgniter))
10 FCPATH\index.php(59): CodeIgniter\Boot::bootWeb(Object(Config\Paths))
ERROR - 2026-07-08 08:36:59 --> mysqli_sql_exception: Unknown column 'productwiseVatPercnt' in 'field list' in C:\laragon\www\pharmacy-project\system\Database\MySQLi\Connection.php:327
Stack trace:
#0 C:\laragon\www\pharmacy-project\system\Database\MySQLi\Connection.php(327): mysqli->query(' SELECT \r\n     ...', 0)
#1 C:\laragon\www\pharmacy-project\system\Database\BaseConnection.php(729): CodeIgniter\Database\MySQLi\Connection->execute(' SELECT \r\n     ...')
#2 C:\laragon\www\pharmacy-project\system\Database\BaseConnection.php(646): CodeIgniter\Database\BaseConnection->simpleQuery(' SELECT \r\n     ...')
#3 C:\laragon\www\pharmacy-project\app\Controllers\salelist.php(70): CodeIgniter\Database\BaseConnection->query(' SELECT \r\n     ...')
#4 C:\laragon\www\pharmacy-project\system\CodeIgniter.php(933): App\Controllers\salelist->index()
#5 C:\laragon\www\pharmacy-project\system\CodeIgniter.php(507): CodeIgniter\CodeIgniter->runController(Object(App\Controllers\salelist))
#6 C:\laragon\www\pharmacy-project\system\CodeIgniter.php(354): CodeIgniter\CodeIgniter->handleRequest(NULL, Object(Config\Cache), false)
#7 C:\laragon\www\pharmacy-project\system\Boot.php(363): CodeIgniter\CodeIgniter->run()
#8 C:\laragon\www\pharmacy-project\system\Boot.php(68): CodeIgniter\Boot::runCodeIgniter(Object(CodeIgniter\CodeIgniter))
#9 C:\laragon\www\pharmacy-project\index.php(59): CodeIgniter\Boot::bootWeb(Object(Config\Paths))
#10 {main}
CRITICAL - 2026-07-08 08:36:59 --> CodeIgniter\Database\Exceptions\DatabaseException: Unknown column 'productwiseVatPercnt' in 'field list'
[Method: GET, Route: salelist]
in SYSTEMPATH\Database\BaseConnection.php on line 684.
 1 APPPATH\Controllers\salelist.php(70): CodeIgniter\Database\BaseConnection->query(' SELECT 
                            s.sales_invoice,
                            s.sales_date,
                            s.seller_id,
                            u.user_name AS seller_name,    -- ✅ Added seller name
                            sd.total_sale,
                            s.product_vat,
                            s.discount_on_all,
                            s.other_charge_on_all,
                            s.paid_amount,
                            IFNULL(cd.customer_due, 0) AS customer_due,
                            IFNULL(cd.total_due_paid, 0) AS due_paid_amount,
                            (s.paid_amount + IFNULL(cd.total_due_paid, 0)) AS total_paid,
                            s.due_amount,
                            CASE 
                                WHEN s.customer_type REGEXP \'^[0-9]+$\' THEN c.cus_first_name
                                ELSE s.customer_type
                            END AS customer_name,
                            CASE
                                WHEN s.customer_type = \'Walk-In-Customer\' THEN \'Fully Paid\'
                                WHEN IFNULL(cd.customer_due, 0) = 0 THEN \'Fully Paid\'
                                ELSE \'Partially Paid\'
                            END AS payment_status
                        FROM sales s
                        JOIN (
                            SELECT 
                                sales_details_invoice, 
                                SUM(total_sale_price) AS total_sale, 
                                --SUM(productwiseVatPercnt) AS product_wise_vatPercent_SUM
                            FROM sales_details
                            GROUP BY sales_details_invoice
                        ) sd ON s.sales_invoice = sd.sales_details_invoice
                        LEFT JOIN (
                            SELECT 
                                due_invoice_no, 
                                SUM(due_amount - due_paid_amount) AS customer_due,
                                SUM(due_paid_amount) AS total_due_paid
                            FROM customer_due
                            GROUP BY due_invoice_no
                        ) cd ON s.sales_invoice = cd.due_invoice_no
                        LEFT JOIN customer c 
                            ON c.customer_id = s.customer_type AND s.customer_type REGEXP \'^[0-9]+\'
                        LEFT JOIN `user` u 
                            ON u.user_id = s.seller_id ')
 2 SYSTEMPATH\CodeIgniter.php(933): App\Controllers\salelist->index()
 3 SYSTEMPATH\CodeIgniter.php(507): CodeIgniter\CodeIgniter->runController(Object(App\Controllers\salelist))
 4 SYSTEMPATH\CodeIgniter.php(354): CodeIgniter\CodeIgniter->handleRequest(null, Object(Config\Cache), false)
 5 SYSTEMPATH\Boot.php(363): CodeIgniter\CodeIgniter->run()
 6 SYSTEMPATH\Boot.php(68): CodeIgniter\Boot::runCodeIgniter(Object(CodeIgniter\CodeIgniter))
 7 FCPATH\index.php(59): CodeIgniter\Boot::bootWeb(Object(Config\Paths))
CRITICAL - 2026-07-08 08:36:59 --> [Caused by] CodeIgniter\Database\Exceptions\DatabaseException: Unknown column 'productwiseVatPercnt' in 'field list'
in SYSTEMPATH\Database\MySQLi\Connection.php on line 332.
 1 SYSTEMPATH\Database\BaseConnection.php(729): CodeIgniter\Database\MySQLi\Connection->execute(' SELECT 
                            s.sales_invoice,
                            s.sales_date,
                            s.seller_id,
                            u.user_name AS seller_name,    -- ✅ Added seller name
                            sd.total_sale,
                            s.product_vat,
                            s.discount_on_all,
                            s.other_charge_on_all,
                            s.paid_amount,
                            IFNULL(cd.customer_due, 0) AS customer_due,
                            IFNULL(cd.total_due_paid, 0) AS due_paid_amount,
                            (s.paid_amount + IFNULL(cd.total_due_paid, 0)) AS total_paid,
                            s.due_amount,
                            CASE 
                                WHEN s.customer_type REGEXP \'^[0-9]+$\' THEN c.cus_first_name
                                ELSE s.customer_type
                            END AS customer_name,
                            CASE
                                WHEN s.customer_type = \'Walk-In-Customer\' THEN \'Fully Paid\'
                                WHEN IFNULL(cd.customer_due, 0) = 0 THEN \'Fully Paid\'
                                ELSE \'Partially Paid\'
                            END AS payment_status
                        FROM sales s
                        JOIN (
                            SELECT 
                                sales_details_invoice, 
                                SUM(total_sale_price) AS total_sale, 
                                --SUM(productwiseVatPercnt) AS product_wise_vatPercent_SUM
                            FROM sales_details
                            GROUP BY sales_details_invoice
                        ) sd ON s.sales_invoice = sd.sales_details_invoice
                        LEFT JOIN (
                            SELECT 
                                due_invoice_no, 
                                SUM(due_amount - due_paid_amount) AS customer_due,
                                SUM(due_paid_amount) AS total_due_paid
                            FROM customer_due
                            GROUP BY due_invoice_no
                        ) cd ON s.sales_invoice = cd.due_invoice_no
                        LEFT JOIN customer c 
                            ON c.customer_id = s.customer_type AND s.customer_type REGEXP \'^[0-9]+\'
                        LEFT JOIN `user` u 
                            ON u.user_id = s.seller_id ')
 2 SYSTEMPATH\Database\BaseConnection.php(646): CodeIgniter\Database\BaseConnection->simpleQuery(' SELECT 
                            s.sales_invoice,
                            s.sales_date,
                            s.seller_id,
                            u.user_name AS seller_name,    -- ✅ Added seller name
                            sd.total_sale,
                            s.product_vat,
                            s.discount_on_all,
                            s.other_charge_on_all,
                            s.paid_amount,
                            IFNULL(cd.customer_due, 0) AS customer_due,
                            IFNULL(cd.total_due_paid, 0) AS due_paid_amount,
                            (s.paid_amount + IFNULL(cd.total_due_paid, 0)) AS total_paid,
                            s.due_amount,
                            CASE 
                                WHEN s.customer_type REGEXP \'^[0-9]+$\' THEN c.cus_first_name
                                ELSE s.customer_type
                            END AS customer_name,
                            CASE
                                WHEN s.customer_type = \'Walk-In-Customer\' THEN \'Fully Paid\'
                                WHEN IFNULL(cd.customer_due, 0) = 0 THEN \'Fully Paid\'
                                ELSE \'Partially Paid\'
                            END AS payment_status
                        FROM sales s
                        JOIN (
                            SELECT 
                                sales_details_invoice, 
                                SUM(total_sale_price) AS total_sale, 
                                --SUM(productwiseVatPercnt) AS product_wise_vatPercent_SUM
                            FROM sales_details
                            GROUP BY sales_details_invoice
                        ) sd ON s.sales_invoice = sd.sales_details_invoice
                        LEFT JOIN (
                            SELECT 
                                due_invoice_no, 
                                SUM(due_amount - due_paid_amount) AS customer_due,
                                SUM(due_paid_amount) AS total_due_paid
                            FROM customer_due
                            GROUP BY due_invoice_no
                        ) cd ON s.sales_invoice = cd.due_invoice_no
                        LEFT JOIN customer c 
                            ON c.customer_id = s.customer_type AND s.customer_type REGEXP \'^[0-9]+\'
                        LEFT JOIN `user` u 
                            ON u.user_id = s.seller_id ')
 3 APPPATH\Controllers\salelist.php(70): CodeIgniter\Database\BaseConnection->query(' SELECT 
                            s.sales_invoice,
                            s.sales_date,
                            s.seller_id,
                            u.user_name AS seller_name,    -- ✅ Added seller name
                            sd.total_sale,
                            s.product_vat,
                            s.discount_on_all,
                            s.other_charge_on_all,
                            s.paid_amount,
                            IFNULL(cd.customer_due, 0) AS customer_due,
                            IFNULL(cd.total_due_paid, 0) AS due_paid_amount,
                            (s.paid_amount + IFNULL(cd.total_due_paid, 0)) AS total_paid,
                            s.due_amount,
                            CASE 
                                WHEN s.customer_type REGEXP \'^[0-9]+$\' THEN c.cus_first_name
                                ELSE s.customer_type
                            END AS customer_name,
                            CASE
                                WHEN s.customer_type = \'Walk-In-Customer\' THEN \'Fully Paid\'
                                WHEN IFNULL(cd.customer_due, 0) = 0 THEN \'Fully Paid\'
                                ELSE \'Partially Paid\'
                            END AS payment_status
                        FROM sales s
                        JOIN (
                            SELECT 
                                sales_details_invoice, 
                                SUM(total_sale_price) AS total_sale, 
                                --SUM(productwiseVatPercnt) AS product_wise_vatPercent_SUM
                            FROM sales_details
                            GROUP BY sales_details_invoice
                        ) sd ON s.sales_invoice = sd.sales_details_invoice
                        LEFT JOIN (
                            SELECT 
                                due_invoice_no, 
                                SUM(due_amount - due_paid_amount) AS customer_due,
                                SUM(due_paid_amount) AS total_due_paid
                            FROM customer_due
                            GROUP BY due_invoice_no
                        ) cd ON s.sales_invoice = cd.due_invoice_no
                        LEFT JOIN customer c 
                            ON c.customer_id = s.customer_type AND s.customer_type REGEXP \'^[0-9]+\'
                        LEFT JOIN `user` u 
                            ON u.user_id = s.seller_id ')
 4 SYSTEMPATH\CodeIgniter.php(933): App\Controllers\salelist->index()
 5 SYSTEMPATH\CodeIgniter.php(507): CodeIgniter\CodeIgniter->runController(Object(App\Controllers\salelist))
 6 SYSTEMPATH\CodeIgniter.php(354): CodeIgniter\CodeIgniter->handleRequest(null, Object(Config\Cache), false)
 7 SYSTEMPATH\Boot.php(363): CodeIgniter\CodeIgniter->run()
 8 SYSTEMPATH\Boot.php(68): CodeIgniter\Boot::runCodeIgniter(Object(CodeIgniter\CodeIgniter))
 9 FCPATH\index.php(59): CodeIgniter\Boot::bootWeb(Object(Config\Paths))
CRITICAL - 2026-07-08 08:36:59 --> [Caused by] mysqli_sql_exception: Unknown column 'productwiseVatPercnt' in 'field list'
in SYSTEMPATH\Database\MySQLi\Connection.php on line 327.
 1 SYSTEMPATH\Database\MySQLi\Connection.php(327): mysqli->query(' SELECT 
                            s.sales_invoice,
                            s.sales_date,
                            s.seller_id,
                            u.user_name AS seller_name,    -- ✅ Added seller name
                            sd.total_sale,
                            s.product_vat,
                            s.discount_on_all,
                            s.other_charge_on_all,
                            s.paid_amount,
                            IFNULL(cd.customer_due, 0) AS customer_due,
                            IFNULL(cd.total_due_paid, 0) AS due_paid_amount,
                            (s.paid_amount + IFNULL(cd.total_due_paid, 0)) AS total_paid,
                            s.due_amount,
                            CASE 
                                WHEN s.customer_type REGEXP \'^[0-9]+$\' THEN c.cus_first_name
                                ELSE s.customer_type
                            END AS customer_name,
                            CASE
                                WHEN s.customer_type = \'Walk-In-Customer\' THEN \'Fully Paid\'
                                WHEN IFNULL(cd.customer_due, 0) = 0 THEN \'Fully Paid\'
                                ELSE \'Partially Paid\'
                            END AS payment_status
                        FROM sales s
                        JOIN (
                            SELECT 
                                sales_details_invoice, 
                                SUM(total_sale_price) AS total_sale, 
                                --SUM(productwiseVatPercnt) AS product_wise_vatPercent_SUM
                            FROM sales_details
                            GROUP BY sales_details_invoice
                        ) sd ON s.sales_invoice = sd.sales_details_invoice
                        LEFT JOIN (
                            SELECT 
                                due_invoice_no, 
                                SUM(due_amount - due_paid_amount) AS customer_due,
                                SUM(due_paid_amount) AS total_due_paid
                            FROM customer_due
                            GROUP BY due_invoice_no
                        ) cd ON s.sales_invoice = cd.due_invoice_no
                        LEFT JOIN customer c 
                            ON c.customer_id = s.customer_type AND s.customer_type REGEXP \'^[0-9]+\'
                        LEFT JOIN `user` u 
                            ON u.user_id = s.seller_id ', 0)
 2 SYSTEMPATH\Database\BaseConnection.php(729): CodeIgniter\Database\MySQLi\Connection->execute(' SELECT 
                            s.sales_invoice,
                            s.sales_date,
                            s.seller_id,
                            u.user_name AS seller_name,    -- ✅ Added seller name
                            sd.total_sale,
                            s.product_vat,
                            s.discount_on_all,
                            s.other_charge_on_all,
                            s.paid_amount,
                            IFNULL(cd.customer_due, 0) AS customer_due,
                            IFNULL(cd.total_due_paid, 0) AS due_paid_amount,
                            (s.paid_amount + IFNULL(cd.total_due_paid, 0)) AS total_paid,
                            s.due_amount,
                            CASE 
                                WHEN s.customer_type REGEXP \'^[0-9]+$\' THEN c.cus_first_name
                                ELSE s.customer_type
                            END AS customer_name,
                            CASE
                                WHEN s.customer_type = \'Walk-In-Customer\' THEN \'Fully Paid\'
                                WHEN IFNULL(cd.customer_due, 0) = 0 THEN \'Fully Paid\'
                                ELSE \'Partially Paid\'
                            END AS payment_status
                        FROM sales s
                        JOIN (
                            SELECT 
                                sales_details_invoice, 
                                SUM(total_sale_price) AS total_sale, 
                                --SUM(productwiseVatPercnt) AS product_wise_vatPercent_SUM
                            FROM sales_details
                            GROUP BY sales_details_invoice
                        ) sd ON s.sales_invoice = sd.sales_details_invoice
                        LEFT JOIN (
                            SELECT 
                                due_invoice_no, 
                                SUM(due_amount - due_paid_amount) AS customer_due,
                                SUM(due_paid_amount) AS total_due_paid
                            FROM customer_due
                            GROUP BY due_invoice_no
                        ) cd ON s.sales_invoice = cd.due_invoice_no
                        LEFT JOIN customer c 
                            ON c.customer_id = s.customer_type AND s.customer_type REGEXP \'^[0-9]+\'
                        LEFT JOIN `user` u 
                            ON u.user_id = s.seller_id ')
 3 SYSTEMPATH\Database\BaseConnection.php(646): CodeIgniter\Database\BaseConnection->simpleQuery(' SELECT 
                            s.sales_invoice,
                            s.sales_date,
                            s.seller_id,
                            u.user_name AS seller_name,    -- ✅ Added seller name
                            sd.total_sale,
                            s.product_vat,
                            s.discount_on_all,
                            s.other_charge_on_all,
                            s.paid_amount,
                            IFNULL(cd.customer_due, 0) AS customer_due,
                            IFNULL(cd.total_due_paid, 0) AS due_paid_amount,
                            (s.paid_amount + IFNULL(cd.total_due_paid, 0)) AS total_paid,
                            s.due_amount,
                            CASE 
                                WHEN s.customer_type REGEXP \'^[0-9]+$\' THEN c.cus_first_name
                                ELSE s.customer_type
                            END AS customer_name,
                            CASE
                                WHEN s.customer_type = \'Walk-In-Customer\' THEN \'Fully Paid\'
                                WHEN IFNULL(cd.customer_due, 0) = 0 THEN \'Fully Paid\'
                                ELSE \'Partially Paid\'
                            END AS payment_status
                        FROM sales s
                        JOIN (
                            SELECT 
                                sales_details_invoice, 
                                SUM(total_sale_price) AS total_sale, 
                                --SUM(productwiseVatPercnt) AS product_wise_vatPercent_SUM
                            FROM sales_details
                            GROUP BY sales_details_invoice
                        ) sd ON s.sales_invoice = sd.sales_details_invoice
                        LEFT JOIN (
                            SELECT 
                                due_invoice_no, 
                                SUM(due_amount - due_paid_amount) AS customer_due,
                                SUM(due_paid_amount) AS total_due_paid
                            FROM customer_due
                            GROUP BY due_invoice_no
                        ) cd ON s.sales_invoice = cd.due_invoice_no
                        LEFT JOIN customer c 
                            ON c.customer_id = s.customer_type AND s.customer_type REGEXP \'^[0-9]+\'
                        LEFT JOIN `user` u 
                            ON u.user_id = s.seller_id ')
 4 APPPATH\Controllers\salelist.php(70): CodeIgniter\Database\BaseConnection->query(' SELECT 
                            s.sales_invoice,
                            s.sales_date,
                            s.seller_id,
                            u.user_name AS seller_name,    -- ✅ Added seller name
                            sd.total_sale,
                            s.product_vat,
                            s.discount_on_all,
                            s.other_charge_on_all,
                            s.paid_amount,
                            IFNULL(cd.customer_due, 0) AS customer_due,
                            IFNULL(cd.total_due_paid, 0) AS due_paid_amount,
                            (s.paid_amount + IFNULL(cd.total_due_paid, 0)) AS total_paid,
                            s.due_amount,
                            CASE 
                                WHEN s.customer_type REGEXP \'^[0-9]+$\' THEN c.cus_first_name
                                ELSE s.customer_type
                            END AS customer_name,
                            CASE
                                WHEN s.customer_type = \'Walk-In-Customer\' THEN \'Fully Paid\'
                                WHEN IFNULL(cd.customer_due, 0) = 0 THEN \'Fully Paid\'
                                ELSE \'Partially Paid\'
                            END AS payment_status
                        FROM sales s
                        JOIN (
                            SELECT 
                                sales_details_invoice, 
                                SUM(total_sale_price) AS total_sale, 
                                --SUM(productwiseVatPercnt) AS product_wise_vatPercent_SUM
                            FROM sales_details
                            GROUP BY sales_details_invoice
                        ) sd ON s.sales_invoice = sd.sales_details_invoice
                        LEFT JOIN (
                            SELECT 
                                due_invoice_no, 
                                SUM(due_amount - due_paid_amount) AS customer_due,
                                SUM(due_paid_amount) AS total_due_paid
                            FROM customer_due
                            GROUP BY due_invoice_no
                        ) cd ON s.sales_invoice = cd.due_invoice_no
                        LEFT JOIN customer c 
                            ON c.customer_id = s.customer_type AND s.customer_type REGEXP \'^[0-9]+\'
                        LEFT JOIN `user` u 
                            ON u.user_id = s.seller_id ')
 5 SYSTEMPATH\CodeIgniter.php(933): App\Controllers\salelist->index()
 6 SYSTEMPATH\CodeIgniter.php(507): CodeIgniter\CodeIgniter->runController(Object(App\Controllers\salelist))
 7 SYSTEMPATH\CodeIgniter.php(354): CodeIgniter\CodeIgniter->handleRequest(null, Object(Config\Cache), false)
 8 SYSTEMPATH\Boot.php(363): CodeIgniter\CodeIgniter->run()
 9 SYSTEMPATH\Boot.php(68): CodeIgniter\Boot::runCodeIgniter(Object(CodeIgniter\CodeIgniter))
10 FCPATH\index.php(59): CodeIgniter\Boot::bootWeb(Object(Config\Paths))
ERROR - 2026-07-08 08:37:01 --> mysqli_sql_exception: Unknown column 'productwiseVatPercnt' in 'field list' in C:\laragon\www\pharmacy-project\system\Database\MySQLi\Connection.php:327
Stack trace:
#0 C:\laragon\www\pharmacy-project\system\Database\MySQLi\Connection.php(327): mysqli->query(' SELECT \r\n     ...', 0)
#1 C:\laragon\www\pharmacy-project\system\Database\BaseConnection.php(729): CodeIgniter\Database\MySQLi\Connection->execute(' SELECT \r\n     ...')
#2 C:\laragon\www\pharmacy-project\system\Database\BaseConnection.php(646): CodeIgniter\Database\BaseConnection->simpleQuery(' SELECT \r\n     ...')
#3 C:\laragon\www\pharmacy-project\app\Controllers\salelist.php(70): CodeIgniter\Database\BaseConnection->query(' SELECT \r\n     ...')
#4 C:\laragon\www\pharmacy-project\system\CodeIgniter.php(933): App\Controllers\salelist->index()
#5 C:\laragon\www\pharmacy-project\system\CodeIgniter.php(507): CodeIgniter\CodeIgniter->runController(Object(App\Controllers\salelist))
#6 C:\laragon\www\pharmacy-project\system\CodeIgniter.php(354): CodeIgniter\CodeIgniter->handleRequest(NULL, Object(Config\Cache), false)
#7 C:\laragon\www\pharmacy-project\system\Boot.php(363): CodeIgniter\CodeIgniter->run()
#8 C:\laragon\www\pharmacy-project\system\Boot.php(68): CodeIgniter\Boot::runCodeIgniter(Object(CodeIgniter\CodeIgniter))
#9 C:\laragon\www\pharmacy-project\index.php(59): CodeIgniter\Boot::bootWeb(Object(Config\Paths))
#10 {main}
CRITICAL - 2026-07-08 08:37:01 --> CodeIgniter\Database\Exceptions\DatabaseException: Unknown column 'productwiseVatPercnt' in 'field list'
[Method: GET, Route: salelist]
in SYSTEMPATH\Database\BaseConnection.php on line 684.
 1 APPPATH\Controllers\salelist.php(70): CodeIgniter\Database\BaseConnection->query(' SELECT 
                            s.sales_invoice,
                            s.sales_date,
                            s.seller_id,
                            u.user_name AS seller_name,    -- ✅ Added seller name
                            sd.total_sale,
                            s.product_vat,
                            s.discount_on_all,
                            s.other_charge_on_all,
                            s.paid_amount,
                            IFNULL(cd.customer_due, 0) AS customer_due,
                            IFNULL(cd.total_due_paid, 0) AS due_paid_amount,
                            (s.paid_amount + IFNULL(cd.total_due_paid, 0)) AS total_paid,
                            s.due_amount,
                            CASE 
                                WHEN s.customer_type REGEXP \'^[0-9]+$\' THEN c.cus_first_name
                                ELSE s.customer_type
                            END AS customer_name,
                            CASE
                                WHEN s.customer_type = \'Walk-In-Customer\' THEN \'Fully Paid\'
                                WHEN IFNULL(cd.customer_due, 0) = 0 THEN \'Fully Paid\'
                                ELSE \'Partially Paid\'
                            END AS payment_status
                        FROM sales s
                        JOIN (
                            SELECT 
                                sales_details_invoice, 
                                SUM(total_sale_price) AS total_sale, 
                                --SUM(productwiseVatPercnt) AS product_wise_vatPercent_SUM
                            FROM sales_details
                            GROUP BY sales_details_invoice
                        ) sd ON s.sales_invoice = sd.sales_details_invoice
                        LEFT JOIN (
                            SELECT 
                                due_invoice_no, 
                                SUM(due_amount - due_paid_amount) AS customer_due,
                                SUM(due_paid_amount) AS total_due_paid
                            FROM customer_due
                            GROUP BY due_invoice_no
                        ) cd ON s.sales_invoice = cd.due_invoice_no
                        LEFT JOIN customer c 
                            ON c.customer_id = s.customer_type AND s.customer_type REGEXP \'^[0-9]+\'
                        LEFT JOIN `user` u 
                            ON u.user_id = s.seller_id ')
 2 SYSTEMPATH\CodeIgniter.php(933): App\Controllers\salelist->index()
 3 SYSTEMPATH\CodeIgniter.php(507): CodeIgniter\CodeIgniter->runController(Object(App\Controllers\salelist))
 4 SYSTEMPATH\CodeIgniter.php(354): CodeIgniter\CodeIgniter->handleRequest(null, Object(Config\Cache), false)
 5 SYSTEMPATH\Boot.php(363): CodeIgniter\CodeIgniter->run()
 6 SYSTEMPATH\Boot.php(68): CodeIgniter\Boot::runCodeIgniter(Object(CodeIgniter\CodeIgniter))
 7 FCPATH\index.php(59): CodeIgniter\Boot::bootWeb(Object(Config\Paths))
CRITICAL - 2026-07-08 08:37:01 --> [Caused by] CodeIgniter\Database\Exceptions\DatabaseException: Unknown column 'productwiseVatPercnt' in 'field list'
in SYSTEMPATH\Database\MySQLi\Connection.php on line 332.
 1 SYSTEMPATH\Database\BaseConnection.php(729): CodeIgniter\Database\MySQLi\Connection->execute(' SELECT 
                            s.sales_invoice,
                            s.sales_date,
                            s.seller_id,
                            u.user_name AS seller_name,    -- ✅ Added seller name
                            sd.total_sale,
                            s.product_vat,
                            s.discount_on_all,
                            s.other_charge_on_all,
                            s.paid_amount,
                            IFNULL(cd.customer_due, 0) AS customer_due,
                            IFNULL(cd.total_due_paid, 0) AS due_paid_amount,
                            (s.paid_amount + IFNULL(cd.total_due_paid, 0)) AS total_paid,
                            s.due_amount,
                            CASE 
                                WHEN s.customer_type REGEXP \'^[0-9]+$\' THEN c.cus_first_name
                                ELSE s.customer_type
                            END AS customer_name,
                            CASE
                                WHEN s.customer_type = \'Walk-In-Customer\' THEN \'Fully Paid\'
                                WHEN IFNULL(cd.customer_due, 0) = 0 THEN \'Fully Paid\'
                                ELSE \'Partially Paid\'
                            END AS payment_status
                        FROM sales s
                        JOIN (
                            SELECT 
                                sales_details_invoice, 
                                SUM(total_sale_price) AS total_sale, 
                                --SUM(productwiseVatPercnt) AS product_wise_vatPercent_SUM
                            FROM sales_details
                            GROUP BY sales_details_invoice
                        ) sd ON s.sales_invoice = sd.sales_details_invoice
                        LEFT JOIN (
                            SELECT 
                                due_invoice_no, 
                                SUM(due_amount - due_paid_amount) AS customer_due,
                                SUM(due_paid_amount) AS total_due_paid
                            FROM customer_due
                            GROUP BY due_invoice_no
                        ) cd ON s.sales_invoice = cd.due_invoice_no
                        LEFT JOIN customer c 
                            ON c.customer_id = s.customer_type AND s.customer_type REGEXP \'^[0-9]+\'
                        LEFT JOIN `user` u 
                            ON u.user_id = s.seller_id ')
 2 SYSTEMPATH\Database\BaseConnection.php(646): CodeIgniter\Database\BaseConnection->simpleQuery(' SELECT 
                            s.sales_invoice,
                            s.sales_date,
                            s.seller_id,
                            u.user_name AS seller_name,    -- ✅ Added seller name
                            sd.total_sale,
                            s.product_vat,
                            s.discount_on_all,
                            s.other_charge_on_all,
                            s.paid_amount,
                            IFNULL(cd.customer_due, 0) AS customer_due,
                            IFNULL(cd.total_due_paid, 0) AS due_paid_amount,
                            (s.paid_amount + IFNULL(cd.total_due_paid, 0)) AS total_paid,
                            s.due_amount,
                            CASE 
                                WHEN s.customer_type REGEXP \'^[0-9]+$\' THEN c.cus_first_name
                                ELSE s.customer_type
                            END AS customer_name,
                            CASE
                                WHEN s.customer_type = \'Walk-In-Customer\' THEN \'Fully Paid\'
                                WHEN IFNULL(cd.customer_due, 0) = 0 THEN \'Fully Paid\'
                                ELSE \'Partially Paid\'
                            END AS payment_status
                        FROM sales s
                        JOIN (
                            SELECT 
                                sales_details_invoice, 
                                SUM(total_sale_price) AS total_sale, 
                                --SUM(productwiseVatPercnt) AS product_wise_vatPercent_SUM
                            FROM sales_details
                            GROUP BY sales_details_invoice
                        ) sd ON s.sales_invoice = sd.sales_details_invoice
                        LEFT JOIN (
                            SELECT 
                                due_invoice_no, 
                                SUM(due_amount - due_paid_amount) AS customer_due,
                                SUM(due_paid_amount) AS total_due_paid
                            FROM customer_due
                            GROUP BY due_invoice_no
                        ) cd ON s.sales_invoice = cd.due_invoice_no
                        LEFT JOIN customer c 
                            ON c.customer_id = s.customer_type AND s.customer_type REGEXP \'^[0-9]+\'
                        LEFT JOIN `user` u 
                            ON u.user_id = s.seller_id ')
 3 APPPATH\Controllers\salelist.php(70): CodeIgniter\Database\BaseConnection->query(' SELECT 
                            s.sales_invoice,
                            s.sales_date,
                            s.seller_id,
                            u.user_name AS seller_name,    -- ✅ Added seller name
                            sd.total_sale,
                            s.product_vat,
                            s.discount_on_all,
                            s.other_charge_on_all,
                            s.paid_amount,
                            IFNULL(cd.customer_due, 0) AS customer_due,
                            IFNULL(cd.total_due_paid, 0) AS due_paid_amount,
                            (s.paid_amount + IFNULL(cd.total_due_paid, 0)) AS total_paid,
                            s.due_amount,
                            CASE 
                                WHEN s.customer_type REGEXP \'^[0-9]+$\' THEN c.cus_first_name
                                ELSE s.customer_type
                            END AS customer_name,
                            CASE
                                WHEN s.customer_type = \'Walk-In-Customer\' THEN \'Fully Paid\'
                                WHEN IFNULL(cd.customer_due, 0) = 0 THEN \'Fully Paid\'
                                ELSE \'Partially Paid\'
                            END AS payment_status
                        FROM sales s
                        JOIN (
                            SELECT 
                                sales_details_invoice, 
                                SUM(total_sale_price) AS total_sale, 
                                --SUM(productwiseVatPercnt) AS product_wise_vatPercent_SUM
                            FROM sales_details
                            GROUP BY sales_details_invoice
                        ) sd ON s.sales_invoice = sd.sales_details_invoice
                        LEFT JOIN (
                            SELECT 
                                due_invoice_no, 
                                SUM(due_amount - due_paid_amount) AS customer_due,
                                SUM(due_paid_amount) AS total_due_paid
                            FROM customer_due
                            GROUP BY due_invoice_no
                        ) cd ON s.sales_invoice = cd.due_invoice_no
                        LEFT JOIN customer c 
                            ON c.customer_id = s.customer_type AND s.customer_type REGEXP \'^[0-9]+\'
                        LEFT JOIN `user` u 
                            ON u.user_id = s.seller_id ')
 4 SYSTEMPATH\CodeIgniter.php(933): App\Controllers\salelist->index()
 5 SYSTEMPATH\CodeIgniter.php(507): CodeIgniter\CodeIgniter->runController(Object(App\Controllers\salelist))
 6 SYSTEMPATH\CodeIgniter.php(354): CodeIgniter\CodeIgniter->handleRequest(null, Object(Config\Cache), false)
 7 SYSTEMPATH\Boot.php(363): CodeIgniter\CodeIgniter->run()
 8 SYSTEMPATH\Boot.php(68): CodeIgniter\Boot::runCodeIgniter(Object(CodeIgniter\CodeIgniter))
 9 FCPATH\index.php(59): CodeIgniter\Boot::bootWeb(Object(Config\Paths))
CRITICAL - 2026-07-08 08:37:01 --> [Caused by] mysqli_sql_exception: Unknown column 'productwiseVatPercnt' in 'field list'
in SYSTEMPATH\Database\MySQLi\Connection.php on line 327.
 1 SYSTEMPATH\Database\MySQLi\Connection.php(327): mysqli->query(' SELECT 
                            s.sales_invoice,
                            s.sales_date,
                            s.seller_id,
                            u.user_name AS seller_name,    -- ✅ Added seller name
                            sd.total_sale,
                            s.product_vat,
                            s.discount_on_all,
                            s.other_charge_on_all,
                            s.paid_amount,
                            IFNULL(cd.customer_due, 0) AS customer_due,
                            IFNULL(cd.total_due_paid, 0) AS due_paid_amount,
                            (s.paid_amount + IFNULL(cd.total_due_paid, 0)) AS total_paid,
                            s.due_amount,
                            CASE 
                                WHEN s.customer_type REGEXP \'^[0-9]+$\' THEN c.cus_first_name
                                ELSE s.customer_type
                            END AS customer_name,
                            CASE
                                WHEN s.customer_type = \'Walk-In-Customer\' THEN \'Fully Paid\'
                                WHEN IFNULL(cd.customer_due, 0) = 0 THEN \'Fully Paid\'
                                ELSE \'Partially Paid\'
                            END AS payment_status
                        FROM sales s
                        JOIN (
                            SELECT 
                                sales_details_invoice, 
                                SUM(total_sale_price) AS total_sale, 
                                --SUM(productwiseVatPercnt) AS product_wise_vatPercent_SUM
                            FROM sales_details
                            GROUP BY sales_details_invoice
                        ) sd ON s.sales_invoice = sd.sales_details_invoice
                        LEFT JOIN (
                            SELECT 
                                due_invoice_no, 
                                SUM(due_amount - due_paid_amount) AS customer_due,
                                SUM(due_paid_amount) AS total_due_paid
                            FROM customer_due
                            GROUP BY due_invoice_no
                        ) cd ON s.sales_invoice = cd.due_invoice_no
                        LEFT JOIN customer c 
                            ON c.customer_id = s.customer_type AND s.customer_type REGEXP \'^[0-9]+\'
                        LEFT JOIN `user` u 
                            ON u.user_id = s.seller_id ', 0)
 2 SYSTEMPATH\Database\BaseConnection.php(729): CodeIgniter\Database\MySQLi\Connection->execute(' SELECT 
                            s.sales_invoice,
                            s.sales_date,
                            s.seller_id,
                            u.user_name AS seller_name,    -- ✅ Added seller name
                            sd.total_sale,
                            s.product_vat,
                            s.discount_on_all,
                            s.other_charge_on_all,
                            s.paid_amount,
                            IFNULL(cd.customer_due, 0) AS customer_due,
                            IFNULL(cd.total_due_paid, 0) AS due_paid_amount,
                            (s.paid_amount + IFNULL(cd.total_due_paid, 0)) AS total_paid,
                            s.due_amount,
                            CASE 
                                WHEN s.customer_type REGEXP \'^[0-9]+$\' THEN c.cus_first_name
                                ELSE s.customer_type
                            END AS customer_name,
                            CASE
                                WHEN s.customer_type = \'Walk-In-Customer\' THEN \'Fully Paid\'
                                WHEN IFNULL(cd.customer_due, 0) = 0 THEN \'Fully Paid\'
                                ELSE \'Partially Paid\'
                            END AS payment_status
                        FROM sales s
                        JOIN (
                            SELECT 
                                sales_details_invoice, 
                                SUM(total_sale_price) AS total_sale, 
                                --SUM(productwiseVatPercnt) AS product_wise_vatPercent_SUM
                            FROM sales_details
                            GROUP BY sales_details_invoice
                        ) sd ON s.sales_invoice = sd.sales_details_invoice
                        LEFT JOIN (
                            SELECT 
                                due_invoice_no, 
                                SUM(due_amount - due_paid_amount) AS customer_due,
                                SUM(due_paid_amount) AS total_due_paid
                            FROM customer_due
                            GROUP BY due_invoice_no
                        ) cd ON s.sales_invoice = cd.due_invoice_no
                        LEFT JOIN customer c 
                            ON c.customer_id = s.customer_type AND s.customer_type REGEXP \'^[0-9]+\'
                        LEFT JOIN `user` u 
                            ON u.user_id = s.seller_id ')
 3 SYSTEMPATH\Database\BaseConnection.php(646): CodeIgniter\Database\BaseConnection->simpleQuery(' SELECT 
                            s.sales_invoice,
                            s.sales_date,
                            s.seller_id,
                            u.user_name AS seller_name,    -- ✅ Added seller name
                            sd.total_sale,
                            s.product_vat,
                            s.discount_on_all,
                            s.other_charge_on_all,
                            s.paid_amount,
                            IFNULL(cd.customer_due, 0) AS customer_due,
                            IFNULL(cd.total_due_paid, 0) AS due_paid_amount,
                            (s.paid_amount + IFNULL(cd.total_due_paid, 0)) AS total_paid,
                            s.due_amount,
                            CASE 
                                WHEN s.customer_type REGEXP \'^[0-9]+$\' THEN c.cus_first_name
                                ELSE s.customer_type
                            END AS customer_name,
                            CASE
                                WHEN s.customer_type = \'Walk-In-Customer\' THEN \'Fully Paid\'
                                WHEN IFNULL(cd.customer_due, 0) = 0 THEN \'Fully Paid\'
                                ELSE \'Partially Paid\'
                            END AS payment_status
                        FROM sales s
                        JOIN (
                            SELECT 
                                sales_details_invoice, 
                                SUM(total_sale_price) AS total_sale, 
                                --SUM(productwiseVatPercnt) AS product_wise_vatPercent_SUM
                            FROM sales_details
                            GROUP BY sales_details_invoice
                        ) sd ON s.sales_invoice = sd.sales_details_invoice
                        LEFT JOIN (
                            SELECT 
                                due_invoice_no, 
                                SUM(due_amount - due_paid_amount) AS customer_due,
                                SUM(due_paid_amount) AS total_due_paid
                            FROM customer_due
                            GROUP BY due_invoice_no
                        ) cd ON s.sales_invoice = cd.due_invoice_no
                        LEFT JOIN customer c 
                            ON c.customer_id = s.customer_type AND s.customer_type REGEXP \'^[0-9]+\'
                        LEFT JOIN `user` u 
                            ON u.user_id = s.seller_id ')
 4 APPPATH\Controllers\salelist.php(70): CodeIgniter\Database\BaseConnection->query(' SELECT 
                            s.sales_invoice,
                            s.sales_date,
                            s.seller_id,
                            u.user_name AS seller_name,    -- ✅ Added seller name
                            sd.total_sale,
                            s.product_vat,
                            s.discount_on_all,
                            s.other_charge_on_all,
                            s.paid_amount,
                            IFNULL(cd.customer_due, 0) AS customer_due,
                            IFNULL(cd.total_due_paid, 0) AS due_paid_amount,
                            (s.paid_amount + IFNULL(cd.total_due_paid, 0)) AS total_paid,
                            s.due_amount,
                            CASE 
                                WHEN s.customer_type REGEXP \'^[0-9]+$\' THEN c.cus_first_name
                                ELSE s.customer_type
                            END AS customer_name,
                            CASE
                                WHEN s.customer_type = \'Walk-In-Customer\' THEN \'Fully Paid\'
                                WHEN IFNULL(cd.customer_due, 0) = 0 THEN \'Fully Paid\'
                                ELSE \'Partially Paid\'
                            END AS payment_status
                        FROM sales s
                        JOIN (
                            SELECT 
                                sales_details_invoice, 
                                SUM(total_sale_price) AS total_sale, 
                                --SUM(productwiseVatPercnt) AS product_wise_vatPercent_SUM
                            FROM sales_details
                            GROUP BY sales_details_invoice
                        ) sd ON s.sales_invoice = sd.sales_details_invoice
                        LEFT JOIN (
                            SELECT 
                                due_invoice_no, 
                                SUM(due_amount - due_paid_amount) AS customer_due,
                                SUM(due_paid_amount) AS total_due_paid
                            FROM customer_due
                            GROUP BY due_invoice_no
                        ) cd ON s.sales_invoice = cd.due_invoice_no
                        LEFT JOIN customer c 
                            ON c.customer_id = s.customer_type AND s.customer_type REGEXP \'^[0-9]+\'
                        LEFT JOIN `user` u 
                            ON u.user_id = s.seller_id ')
 5 SYSTEMPATH\CodeIgniter.php(933): App\Controllers\salelist->index()
 6 SYSTEMPATH\CodeIgniter.php(507): CodeIgniter\CodeIgniter->runController(Object(App\Controllers\salelist))
 7 SYSTEMPATH\CodeIgniter.php(354): CodeIgniter\CodeIgniter->handleRequest(null, Object(Config\Cache), false)
 8 SYSTEMPATH\Boot.php(363): CodeIgniter\CodeIgniter->run()
 9 SYSTEMPATH\Boot.php(68): CodeIgniter\Boot::runCodeIgniter(Object(CodeIgniter\CodeIgniter))
10 FCPATH\index.php(59): CodeIgniter\Boot::bootWeb(Object(Config\Paths))
ERROR - 2026-07-08 08:37:37 --> mysqli_sql_exception: You have an error in your SQL syntax; check the manual that corresponds to your MySQL server version for the right syntax to use near '--SUM(productwiseVatPercnt) AS product_wise_vatPercent_SUM
                    ' at line 29 in C:\laragon\www\pharmacy-project\system\Database\MySQLi\Connection.php:327
Stack trace:
#0 C:\laragon\www\pharmacy-project\system\Database\MySQLi\Connection.php(327): mysqli->query(' SELECT \r\n     ...', 0)
#1 C:\laragon\www\pharmacy-project\system\Database\BaseConnection.php(729): CodeIgniter\Database\MySQLi\Connection->execute(' SELECT \r\n     ...')
#2 C:\laragon\www\pharmacy-project\system\Database\BaseConnection.php(646): CodeIgniter\Database\BaseConnection->simpleQuery(' SELECT \r\n     ...')
#3 C:\laragon\www\pharmacy-project\app\Controllers\salelist.php(70): CodeIgniter\Database\BaseConnection->query(' SELECT \r\n     ...')
#4 C:\laragon\www\pharmacy-project\system\CodeIgniter.php(933): App\Controllers\salelist->index()
#5 C:\laragon\www\pharmacy-project\system\CodeIgniter.php(507): CodeIgniter\CodeIgniter->runController(Object(App\Controllers\salelist))
#6 C:\laragon\www\pharmacy-project\system\CodeIgniter.php(354): CodeIgniter\CodeIgniter->handleRequest(NULL, Object(Config\Cache), false)
#7 C:\laragon\www\pharmacy-project\system\Boot.php(363): CodeIgniter\CodeIgniter->run()
#8 C:\laragon\www\pharmacy-project\system\Boot.php(68): CodeIgniter\Boot::runCodeIgniter(Object(CodeIgniter\CodeIgniter))
#9 C:\laragon\www\pharmacy-project\index.php(59): CodeIgniter\Boot::bootWeb(Object(Config\Paths))
#10 {main}
CRITICAL - 2026-07-08 08:37:37 --> CodeIgniter\Database\Exceptions\DatabaseException: You have an error in your SQL syntax; check the manual that corresponds to your MySQL server version for the right syntax to use near '--SUM(productwiseVatPercnt) AS product_wise_vatPercent_SUM
                    ' at line 29
[Method: GET, Route: salelist]
in SYSTEMPATH\Database\BaseConnection.php on line 684.
 1 APPPATH\Controllers\salelist.php(70): CodeIgniter\Database\BaseConnection->query(' SELECT 
                            s.sales_invoice,
                            s.sales_date,
                            s.seller_id,
                            u.user_name AS seller_name,    -- ✅ Added seller name
                            sd.total_sale,
                            s.product_vat,
                            s.discount_on_all,
                            s.other_charge_on_all,
                            s.paid_amount,
                            IFNULL(cd.customer_due, 0) AS customer_due,
                            IFNULL(cd.total_due_paid, 0) AS due_paid_amount,
                            (s.paid_amount + IFNULL(cd.total_due_paid, 0)) AS total_paid,
                            s.due_amount,
                            CASE 
                                WHEN s.customer_type REGEXP \'^[0-9]+$\' THEN c.cus_first_name
                                ELSE s.customer_type
                            END AS customer_name,
                            CASE
                                WHEN s.customer_type = \'Walk-In-Customer\' THEN \'Fully Paid\'
                                WHEN IFNULL(cd.customer_due, 0) = 0 THEN \'Fully Paid\'
                                ELSE \'Partially Paid\'
                            END AS payment_status
                        FROM sales s
                        JOIN (
                            SELECT 
                                sales_details_invoice, 
                                SUM(total_sale_price) AS total_sale
                                --SUM(productwiseVatPercnt) AS product_wise_vatPercent_SUM
                            FROM sales_details
                            GROUP BY sales_details_invoice
                        ) sd ON s.sales_invoice = sd.sales_details_invoice
                        LEFT JOIN (
                            SELECT 
                                due_invoice_no, 
                                SUM(due_amount - due_paid_amount) AS customer_due,
                                SUM(due_paid_amount) AS total_due_paid
                            FROM customer_due
                            GROUP BY due_invoice_no
                        ) cd ON s.sales_invoice = cd.due_invoice_no
                        LEFT JOIN customer c 
                            ON c.customer_id = s.customer_type AND s.customer_type REGEXP \'^[0-9]+\'
                        LEFT JOIN `user` u 
                            ON u.user_id = s.seller_id ')
 2 SYSTEMPATH\CodeIgniter.php(933): App\Controllers\salelist->index()
 3 SYSTEMPATH\CodeIgniter.php(507): CodeIgniter\CodeIgniter->runController(Object(App\Controllers\salelist))
 4 SYSTEMPATH\CodeIgniter.php(354): CodeIgniter\CodeIgniter->handleRequest(null, Object(Config\Cache), false)
 5 SYSTEMPATH\Boot.php(363): CodeIgniter\CodeIgniter->run()
 6 SYSTEMPATH\Boot.php(68): CodeIgniter\Boot::runCodeIgniter(Object(CodeIgniter\CodeIgniter))
 7 FCPATH\index.php(59): CodeIgniter\Boot::bootWeb(Object(Config\Paths))
CRITICAL - 2026-07-08 08:37:37 --> [Caused by] CodeIgniter\Database\Exceptions\DatabaseException: You have an error in your SQL syntax; check the manual that corresponds to your MySQL server version for the right syntax to use near '--SUM(productwiseVatPercnt) AS product_wise_vatPercent_SUM
                    ' at line 29
in SYSTEMPATH\Database\MySQLi\Connection.php on line 332.
 1 SYSTEMPATH\Database\BaseConnection.php(729): CodeIgniter\Database\MySQLi\Connection->execute(' SELECT 
                            s.sales_invoice,
                            s.sales_date,
                            s.seller_id,
                            u.user_name AS seller_name,    -- ✅ Added seller name
                            sd.total_sale,
                            s.product_vat,
                            s.discount_on_all,
                            s.other_charge_on_all,
                            s.paid_amount,
                            IFNULL(cd.customer_due, 0) AS customer_due,
                            IFNULL(cd.total_due_paid, 0) AS due_paid_amount,
                            (s.paid_amount + IFNULL(cd.total_due_paid, 0)) AS total_paid,
                            s.due_amount,
                            CASE 
                                WHEN s.customer_type REGEXP \'^[0-9]+$\' THEN c.cus_first_name
                                ELSE s.customer_type
                            END AS customer_name,
                            CASE
                                WHEN s.customer_type = \'Walk-In-Customer\' THEN \'Fully Paid\'
                                WHEN IFNULL(cd.customer_due, 0) = 0 THEN \'Fully Paid\'
                                ELSE \'Partially Paid\'
                            END AS payment_status
                        FROM sales s
                        JOIN (
                            SELECT 
                                sales_details_invoice, 
                                SUM(total_sale_price) AS total_sale
                                --SUM(productwiseVatPercnt) AS product_wise_vatPercent_SUM
                            FROM sales_details
                            GROUP BY sales_details_invoice
                        ) sd ON s.sales_invoice = sd.sales_details_invoice
                        LEFT JOIN (
                            SELECT 
                                due_invoice_no, 
                                SUM(due_amount - due_paid_amount) AS customer_due,
                                SUM(due_paid_amount) AS total_due_paid
                            FROM customer_due
                            GROUP BY due_invoice_no
                        ) cd ON s.sales_invoice = cd.due_invoice_no
                        LEFT JOIN customer c 
                            ON c.customer_id = s.customer_type AND s.customer_type REGEXP \'^[0-9]+\'
                        LEFT JOIN `user` u 
                            ON u.user_id = s.seller_id ')
 2 SYSTEMPATH\Database\BaseConnection.php(646): CodeIgniter\Database\BaseConnection->simpleQuery(' SELECT 
                            s.sales_invoice,
                            s.sales_date,
                            s.seller_id,
                            u.user_name AS seller_name,    -- ✅ Added seller name
                            sd.total_sale,
                            s.product_vat,
                            s.discount_on_all,
                            s.other_charge_on_all,
                            s.paid_amount,
                            IFNULL(cd.customer_due, 0) AS customer_due,
                            IFNULL(cd.total_due_paid, 0) AS due_paid_amount,
                            (s.paid_amount + IFNULL(cd.total_due_paid, 0)) AS total_paid,
                            s.due_amount,
                            CASE 
                                WHEN s.customer_type REGEXP \'^[0-9]+$\' THEN c.cus_first_name
                                ELSE s.customer_type
                            END AS customer_name,
                            CASE
                                WHEN s.customer_type = \'Walk-In-Customer\' THEN \'Fully Paid\'
                                WHEN IFNULL(cd.customer_due, 0) = 0 THEN \'Fully Paid\'
                                ELSE \'Partially Paid\'
                            END AS payment_status
                        FROM sales s
                        JOIN (
                            SELECT 
                                sales_details_invoice, 
                                SUM(total_sale_price) AS total_sale
                                --SUM(productwiseVatPercnt) AS product_wise_vatPercent_SUM
                            FROM sales_details
                            GROUP BY sales_details_invoice
                        ) sd ON s.sales_invoice = sd.sales_details_invoice
                        LEFT JOIN (
                            SELECT 
                                due_invoice_no, 
                                SUM(due_amount - due_paid_amount) AS customer_due,
                                SUM(due_paid_amount) AS total_due_paid
                            FROM customer_due
                            GROUP BY due_invoice_no
                        ) cd ON s.sales_invoice = cd.due_invoice_no
                        LEFT JOIN customer c 
                            ON c.customer_id = s.customer_type AND s.customer_type REGEXP \'^[0-9]+\'
                        LEFT JOIN `user` u 
                            ON u.user_id = s.seller_id ')
 3 APPPATH\Controllers\salelist.php(70): CodeIgniter\Database\BaseConnection->query(' SELECT 
                            s.sales_invoice,
                            s.sales_date,
                            s.seller_id,
                            u.user_name AS seller_name,    -- ✅ Added seller name
                            sd.total_sale,
                            s.product_vat,
                            s.discount_on_all,
                            s.other_charge_on_all,
                            s.paid_amount,
                            IFNULL(cd.customer_due, 0) AS customer_due,
                            IFNULL(cd.total_due_paid, 0) AS due_paid_amount,
                            (s.paid_amount + IFNULL(cd.total_due_paid, 0)) AS total_paid,
                            s.due_amount,
                            CASE 
                                WHEN s.customer_type REGEXP \'^[0-9]+$\' THEN c.cus_first_name
                                ELSE s.customer_type
                            END AS customer_name,
                            CASE
                                WHEN s.customer_type = \'Walk-In-Customer\' THEN \'Fully Paid\'
                                WHEN IFNULL(cd.customer_due, 0) = 0 THEN \'Fully Paid\'
                                ELSE \'Partially Paid\'
                            END AS payment_status
                        FROM sales s
                        JOIN (
                            SELECT 
                                sales_details_invoice, 
                                SUM(total_sale_price) AS total_sale
                                --SUM(productwiseVatPercnt) AS product_wise_vatPercent_SUM
                            FROM sales_details
                            GROUP BY sales_details_invoice
                        ) sd ON s.sales_invoice = sd.sales_details_invoice
                        LEFT JOIN (
                            SELECT 
                                due_invoice_no, 
                                SUM(due_amount - due_paid_amount) AS customer_due,
                                SUM(due_paid_amount) AS total_due_paid
                            FROM customer_due
                            GROUP BY due_invoice_no
                        ) cd ON s.sales_invoice = cd.due_invoice_no
                        LEFT JOIN customer c 
                            ON c.customer_id = s.customer_type AND s.customer_type REGEXP \'^[0-9]+\'
                        LEFT JOIN `user` u 
                            ON u.user_id = s.seller_id ')
 4 SYSTEMPATH\CodeIgniter.php(933): App\Controllers\salelist->index()
 5 SYSTEMPATH\CodeIgniter.php(507): CodeIgniter\CodeIgniter->runController(Object(App\Controllers\salelist))
 6 SYSTEMPATH\CodeIgniter.php(354): CodeIgniter\CodeIgniter->handleRequest(null, Object(Config\Cache), false)
 7 SYSTEMPATH\Boot.php(363): CodeIgniter\CodeIgniter->run()
 8 SYSTEMPATH\Boot.php(68): CodeIgniter\Boot::runCodeIgniter(Object(CodeIgniter\CodeIgniter))
 9 FCPATH\index.php(59): CodeIgniter\Boot::bootWeb(Object(Config\Paths))
CRITICAL - 2026-07-08 08:37:37 --> [Caused by] mysqli_sql_exception: You have an error in your SQL syntax; check the manual that corresponds to your MySQL server version for the right syntax to use near '--SUM(productwiseVatPercnt) AS product_wise_vatPercent_SUM
                    ' at line 29
in SYSTEMPATH\Database\MySQLi\Connection.php on line 327.
 1 SYSTEMPATH\Database\MySQLi\Connection.php(327): mysqli->query(' SELECT 
                            s.sales_invoice,
                            s.sales_date,
                            s.seller_id,
                            u.user_name AS seller_name,    -- ✅ Added seller name
                            sd.total_sale,
                            s.product_vat,
                            s.discount_on_all,
                            s.other_charge_on_all,
                            s.paid_amount,
                            IFNULL(cd.customer_due, 0) AS customer_due,
                            IFNULL(cd.total_due_paid, 0) AS due_paid_amount,
                            (s.paid_amount + IFNULL(cd.total_due_paid, 0)) AS total_paid,
                            s.due_amount,
                            CASE 
                                WHEN s.customer_type REGEXP \'^[0-9]+$\' THEN c.cus_first_name
                                ELSE s.customer_type
                            END AS customer_name,
                            CASE
                                WHEN s.customer_type = \'Walk-In-Customer\' THEN \'Fully Paid\'
                                WHEN IFNULL(cd.customer_due, 0) = 0 THEN \'Fully Paid\'
                                ELSE \'Partially Paid\'
                            END AS payment_status
                        FROM sales s
                        JOIN (
                            SELECT 
                                sales_details_invoice, 
                                SUM(total_sale_price) AS total_sale
                                --SUM(productwiseVatPercnt) AS product_wise_vatPercent_SUM
                            FROM sales_details
                            GROUP BY sales_details_invoice
                        ) sd ON s.sales_invoice = sd.sales_details_invoice
                        LEFT JOIN (
                            SELECT 
                                due_invoice_no, 
                                SUM(due_amount - due_paid_amount) AS customer_due,
                                SUM(due_paid_amount) AS total_due_paid
                            FROM customer_due
                            GROUP BY due_invoice_no
                        ) cd ON s.sales_invoice = cd.due_invoice_no
                        LEFT JOIN customer c 
                            ON c.customer_id = s.customer_type AND s.customer_type REGEXP \'^[0-9]+\'
                        LEFT JOIN `user` u 
                            ON u.user_id = s.seller_id ', 0)
 2 SYSTEMPATH\Database\BaseConnection.php(729): CodeIgniter\Database\MySQLi\Connection->execute(' SELECT 
                            s.sales_invoice,
                            s.sales_date,
                            s.seller_id,
                            u.user_name AS seller_name,    -- ✅ Added seller name
                            sd.total_sale,
                            s.product_vat,
                            s.discount_on_all,
                            s.other_charge_on_all,
                            s.paid_amount,
                            IFNULL(cd.customer_due, 0) AS customer_due,
                            IFNULL(cd.total_due_paid, 0) AS due_paid_amount,
                            (s.paid_amount + IFNULL(cd.total_due_paid, 0)) AS total_paid,
                            s.due_amount,
                            CASE 
                                WHEN s.customer_type REGEXP \'^[0-9]+$\' THEN c.cus_first_name
                                ELSE s.customer_type
                            END AS customer_name,
                            CASE
                                WHEN s.customer_type = \'Walk-In-Customer\' THEN \'Fully Paid\'
                                WHEN IFNULL(cd.customer_due, 0) = 0 THEN \'Fully Paid\'
                                ELSE \'Partially Paid\'
                            END AS payment_status
                        FROM sales s
                        JOIN (
                            SELECT 
                                sales_details_invoice, 
                                SUM(total_sale_price) AS total_sale
                                --SUM(productwiseVatPercnt) AS product_wise_vatPercent_SUM
                            FROM sales_details
                            GROUP BY sales_details_invoice
                        ) sd ON s.sales_invoice = sd.sales_details_invoice
                        LEFT JOIN (
                            SELECT 
                                due_invoice_no, 
                                SUM(due_amount - due_paid_amount) AS customer_due,
                                SUM(due_paid_amount) AS total_due_paid
                            FROM customer_due
                            GROUP BY due_invoice_no
                        ) cd ON s.sales_invoice = cd.due_invoice_no
                        LEFT JOIN customer c 
                            ON c.customer_id = s.customer_type AND s.customer_type REGEXP \'^[0-9]+\'
                        LEFT JOIN `user` u 
                            ON u.user_id = s.seller_id ')
 3 SYSTEMPATH\Database\BaseConnection.php(646): CodeIgniter\Database\BaseConnection->simpleQuery(' SELECT 
                            s.sales_invoice,
                            s.sales_date,
                            s.seller_id,
                            u.user_name AS seller_name,    -- ✅ Added seller name
                            sd.total_sale,
                            s.product_vat,
                            s.discount_on_all,
                            s.other_charge_on_all,
                            s.paid_amount,
                            IFNULL(cd.customer_due, 0) AS customer_due,
                            IFNULL(cd.total_due_paid, 0) AS due_paid_amount,
                            (s.paid_amount + IFNULL(cd.total_due_paid, 0)) AS total_paid,
                            s.due_amount,
                            CASE 
                                WHEN s.customer_type REGEXP \'^[0-9]+$\' THEN c.cus_first_name
                                ELSE s.customer_type
                            END AS customer_name,
                            CASE
                                WHEN s.customer_type = \'Walk-In-Customer\' THEN \'Fully Paid\'
                                WHEN IFNULL(cd.customer_due, 0) = 0 THEN \'Fully Paid\'
                                ELSE \'Partially Paid\'
                            END AS payment_status
                        FROM sales s
                        JOIN (
                            SELECT 
                                sales_details_invoice, 
                                SUM(total_sale_price) AS total_sale
                                --SUM(productwiseVatPercnt) AS product_wise_vatPercent_SUM
                            FROM sales_details
                            GROUP BY sales_details_invoice
                        ) sd ON s.sales_invoice = sd.sales_details_invoice
                        LEFT JOIN (
                            SELECT 
                                due_invoice_no, 
                                SUM(due_amount - due_paid_amount) AS customer_due,
                                SUM(due_paid_amount) AS total_due_paid
                            FROM customer_due
                            GROUP BY due_invoice_no
                        ) cd ON s.sales_invoice = cd.due_invoice_no
                        LEFT JOIN customer c 
                            ON c.customer_id = s.customer_type AND s.customer_type REGEXP \'^[0-9]+\'
                        LEFT JOIN `user` u 
                            ON u.user_id = s.seller_id ')
 4 APPPATH\Controllers\salelist.php(70): CodeIgniter\Database\BaseConnection->query(' SELECT 
                            s.sales_invoice,
                            s.sales_date,
                            s.seller_id,
                            u.user_name AS seller_name,    -- ✅ Added seller name
                            sd.total_sale,
                            s.product_vat,
                            s.discount_on_all,
                            s.other_charge_on_all,
                            s.paid_amount,
                            IFNULL(cd.customer_due, 0) AS customer_due,
                            IFNULL(cd.total_due_paid, 0) AS due_paid_amount,
                            (s.paid_amount + IFNULL(cd.total_due_paid, 0)) AS total_paid,
                            s.due_amount,
                            CASE 
                                WHEN s.customer_type REGEXP \'^[0-9]+$\' THEN c.cus_first_name
                                ELSE s.customer_type
                            END AS customer_name,
                            CASE
                                WHEN s.customer_type = \'Walk-In-Customer\' THEN \'Fully Paid\'
                                WHEN IFNULL(cd.customer_due, 0) = 0 THEN \'Fully Paid\'
                                ELSE \'Partially Paid\'
                            END AS payment_status
                        FROM sales s
                        JOIN (
                            SELECT 
                                sales_details_invoice, 
                                SUM(total_sale_price) AS total_sale
                                --SUM(productwiseVatPercnt) AS product_wise_vatPercent_SUM
                            FROM sales_details
                            GROUP BY sales_details_invoice
                        ) sd ON s.sales_invoice = sd.sales_details_invoice
                        LEFT JOIN (
                            SELECT 
                                due_invoice_no, 
                                SUM(due_amount - due_paid_amount) AS customer_due,
                                SUM(due_paid_amount) AS total_due_paid
                            FROM customer_due
                            GROUP BY due_invoice_no
                        ) cd ON s.sales_invoice = cd.due_invoice_no
                        LEFT JOIN customer c 
                            ON c.customer_id = s.customer_type AND s.customer_type REGEXP \'^[0-9]+\'
                        LEFT JOIN `user` u 
                            ON u.user_id = s.seller_id ')
 5 SYSTEMPATH\CodeIgniter.php(933): App\Controllers\salelist->index()
 6 SYSTEMPATH\CodeIgniter.php(507): CodeIgniter\CodeIgniter->runController(Object(App\Controllers\salelist))
 7 SYSTEMPATH\CodeIgniter.php(354): CodeIgniter\CodeIgniter->handleRequest(null, Object(Config\Cache), false)
 8 SYSTEMPATH\Boot.php(363): CodeIgniter\CodeIgniter->run()
 9 SYSTEMPATH\Boot.php(68): CodeIgniter\Boot::runCodeIgniter(Object(CodeIgniter\CodeIgniter))
10 FCPATH\index.php(59): CodeIgniter\Boot::bootWeb(Object(Config\Paths))
CRITICAL - 2026-07-08 08:37:58 --> ErrorException: Undefined array key "product_wise_vatPercent_SUM"
[Method: GET, Route: salelist]
in APPPATH\Views\pos\salelistShow.php on line 58.
 1 APPPATH\Views\pos\salelistShow.php(58): CodeIgniter\Debug\Exceptions->errorHandler(2, 'Undefined array key "product_wise_vatPercent_SUM"', 'C:\\laragon\\www\\pharmacy-project\\app\\Views\\pos\\salelistShow.php', 58)
 2 SYSTEMPATH\View\View.php(226): include('C:\\laragon\\www\\pharmacy-project\\app\\Views\\pos\\salelistShow.php')
 3 SYSTEMPATH\View\View.php(229): CodeIgniter\View\View->CodeIgniter\View\{closure}()
 4 SYSTEMPATH\Common.php(1167): CodeIgniter\View\View->render('pos/salelistShow', [], true)
 5 APPPATH\Controllers\salelist.php(72): view('pos/salelistShow', [...])
 6 SYSTEMPATH\CodeIgniter.php(933): App\Controllers\salelist->index()
 7 SYSTEMPATH\CodeIgniter.php(507): CodeIgniter\CodeIgniter->runController(Object(App\Controllers\salelist))
 8 SYSTEMPATH\CodeIgniter.php(354): CodeIgniter\CodeIgniter->handleRequest(null, Object(Config\Cache), false)
 9 SYSTEMPATH\Boot.php(363): CodeIgniter\CodeIgniter->run()
10 SYSTEMPATH\Boot.php(68): CodeIgniter\Boot::runCodeIgniter(Object(CodeIgniter\CodeIgniter))
11 FCPATH\index.php(59): CodeIgniter\Boot::bootWeb(Object(Config\Paths))
DEBUG - 2026-07-08 08:39:05 --> Session: Class initialized using 'CodeIgniter\Session\Handlers\FileHandler' driver.
ERROR - 2026-07-08 08:39:56 --> mysqli_sql_exception: Unknown column 'rs.sales_date' in 'field list' in C:\laragon\www\pharmacy-project\system\Database\MySQLi\Connection.php:327
Stack trace:
#0 C:\laragon\www\pharmacy-project\system\Database\MySQLi\Connection.php(327): mysqli->query(' SELECT \r\n     ...', 0)
#1 C:\laragon\www\pharmacy-project\system\Database\BaseConnection.php(729): CodeIgniter\Database\MySQLi\Connection->execute(' SELECT \r\n     ...')
#2 C:\laragon\www\pharmacy-project\system\Database\BaseConnection.php(646): CodeIgniter\Database\BaseConnection->simpleQuery(' SELECT \r\n     ...')
#3 C:\laragon\www\pharmacy-project\app\Controllers\salereturnlist.php(113): CodeIgniter\Database\BaseConnection->query(' SELECT \r\n     ...')
#4 C:\laragon\www\pharmacy-project\system\CodeIgniter.php(933): App\Controllers\salereturnlist->saleReturnListShow()
#5 C:\laragon\www\pharmacy-project\system\CodeIgniter.php(507): CodeIgniter\CodeIgniter->runController(Object(App\Controllers\salereturnlist))
#6 C:\laragon\www\pharmacy-project\system\CodeIgniter.php(354): CodeIgniter\CodeIgniter->handleRequest(NULL, Object(Config\Cache), false)
#7 C:\laragon\www\pharmacy-project\system\Boot.php(363): CodeIgniter\CodeIgniter->run()
#8 C:\laragon\www\pharmacy-project\system\Boot.php(68): CodeIgniter\Boot::runCodeIgniter(Object(CodeIgniter\CodeIgniter))
#9 C:\laragon\www\pharmacy-project\index.php(59): CodeIgniter\Boot::bootWeb(Object(Config\Paths))
#10 {main}
CRITICAL - 2026-07-08 08:39:56 --> CodeIgniter\Database\Exceptions\DatabaseException: Unknown column 'rs.sales_date' in 'field list'
[Method: GET, Route: salereturnlistshow]
in SYSTEMPATH\Database\BaseConnection.php on line 684.
 1 APPPATH\Controllers\salereturnlist.php(113): CodeIgniter\Database\BaseConnection->query(' SELECT 
                    rs.sales_invoice,
                    rs.sales_date,
                    rsd.total_sale,
                    rsd.productwiseVatPercnt,
                    rs.discountOnTotalPrice,
                    rs.vatOnTotalPrice,
                    rs.paid_amount,
                    IFNULL(rcd.customer_due, 0) AS customer_due,
                    IFNULL(rcd.total_due_paid, 0) AS due_paid_amount,
                    (rs.paid_amount + IFNULL(rcd.total_due_paid, 0)) AS total_paid,
                    rs.due_amount,
                    CASE 
                        WHEN rs.customer_type REGEXP \'^[0-9]+$\' THEN c.cus_first_name
                        ELSE rs.customer_type
                    END AS customer_name,
                    CASE
                        WHEN rs.customer_type = \'Walk-In-Customer\' THEN \'Fully Paid\'
                        WHEN IFNULL(rcd.customer_due, 0) = 0 THEN \'Fully Paid\'
                        ELSE \'Partially Paid\'
                    END AS payment_status
                FROM return_sales rs
                JOIN (
                    SELECT 
                        sales_details_invoice, 
                        SUM(total_sale_price) AS total_sale, 
                        SUM(productwiseVatPercnt) AS productwiseVatPercnt
                    FROM return_sales_details
                    GROUP BY sales_details_invoice
                ) rsd ON rs.sales_invoice = rsd.sales_details_invoice
                LEFT JOIN (
                    SELECT 
                        due_invoice_no, 
                        SUM(due_amount - due_paid_amount) AS customer_due,
                        SUM(due_paid_amount) AS total_due_paid
                    FROM return_customer_due
                    GROUP BY due_invoice_no
                ) rcd ON rs.sales_invoice = rcd.due_invoice_no
                LEFT JOIN customer c ON c.customer_id = rs.customer_type AND rs.customer_type REGEXP \'^[0-9]+\'
            ')
 2 SYSTEMPATH\CodeIgniter.php(933): App\Controllers\salereturnlist->saleReturnListShow()
 3 SYSTEMPATH\CodeIgniter.php(507): CodeIgniter\CodeIgniter->runController(Object(App\Controllers\salereturnlist))
 4 SYSTEMPATH\CodeIgniter.php(354): CodeIgniter\CodeIgniter->handleRequest(null, Object(Config\Cache), false)
 5 SYSTEMPATH\Boot.php(363): CodeIgniter\CodeIgniter->run()
 6 SYSTEMPATH\Boot.php(68): CodeIgniter\Boot::runCodeIgniter(Object(CodeIgniter\CodeIgniter))
 7 FCPATH\index.php(59): CodeIgniter\Boot::bootWeb(Object(Config\Paths))
CRITICAL - 2026-07-08 08:39:56 --> [Caused by] CodeIgniter\Database\Exceptions\DatabaseException: Unknown column 'rs.sales_date' in 'field list'
in SYSTEMPATH\Database\MySQLi\Connection.php on line 332.
 1 SYSTEMPATH\Database\BaseConnection.php(729): CodeIgniter\Database\MySQLi\Connection->execute(' SELECT 
                    rs.sales_invoice,
                    rs.sales_date,
                    rsd.total_sale,
                    rsd.productwiseVatPercnt,
                    rs.discountOnTotalPrice,
                    rs.vatOnTotalPrice,
                    rs.paid_amount,
                    IFNULL(rcd.customer_due, 0) AS customer_due,
                    IFNULL(rcd.total_due_paid, 0) AS due_paid_amount,
                    (rs.paid_amount + IFNULL(rcd.total_due_paid, 0)) AS total_paid,
                    rs.due_amount,
                    CASE 
                        WHEN rs.customer_type REGEXP \'^[0-9]+$\' THEN c.cus_first_name
                        ELSE rs.customer_type
                    END AS customer_name,
                    CASE
                        WHEN rs.customer_type = \'Walk-In-Customer\' THEN \'Fully Paid\'
                        WHEN IFNULL(rcd.customer_due, 0) = 0 THEN \'Fully Paid\'
                        ELSE \'Partially Paid\'
                    END AS payment_status
                FROM return_sales rs
                JOIN (
                    SELECT 
                        sales_details_invoice, 
                        SUM(total_sale_price) AS total_sale, 
                        SUM(productwiseVatPercnt) AS productwiseVatPercnt
                    FROM return_sales_details
                    GROUP BY sales_details_invoice
                ) rsd ON rs.sales_invoice = rsd.sales_details_invoice
                LEFT JOIN (
                    SELECT 
                        due_invoice_no, 
                        SUM(due_amount - due_paid_amount) AS customer_due,
                        SUM(due_paid_amount) AS total_due_paid
                    FROM return_customer_due
                    GROUP BY due_invoice_no
                ) rcd ON rs.sales_invoice = rcd.due_invoice_no
                LEFT JOIN customer c ON c.customer_id = rs.customer_type AND rs.customer_type REGEXP \'^[0-9]+\'
            ')
 2 SYSTEMPATH\Database\BaseConnection.php(646): CodeIgniter\Database\BaseConnection->simpleQuery(' SELECT 
                    rs.sales_invoice,
                    rs.sales_date,
                    rsd.total_sale,
                    rsd.productwiseVatPercnt,
                    rs.discountOnTotalPrice,
                    rs.vatOnTotalPrice,
                    rs.paid_amount,
                    IFNULL(rcd.customer_due, 0) AS customer_due,
                    IFNULL(rcd.total_due_paid, 0) AS due_paid_amount,
                    (rs.paid_amount + IFNULL(rcd.total_due_paid, 0)) AS total_paid,
                    rs.due_amount,
                    CASE 
                        WHEN rs.customer_type REGEXP \'^[0-9]+$\' THEN c.cus_first_name
                        ELSE rs.customer_type
                    END AS customer_name,
                    CASE
                        WHEN rs.customer_type = \'Walk-In-Customer\' THEN \'Fully Paid\'
                        WHEN IFNULL(rcd.customer_due, 0) = 0 THEN \'Fully Paid\'
                        ELSE \'Partially Paid\'
                    END AS payment_status
                FROM return_sales rs
                JOIN (
                    SELECT 
                        sales_details_invoice, 
                        SUM(total_sale_price) AS total_sale, 
                        SUM(productwiseVatPercnt) AS productwiseVatPercnt
                    FROM return_sales_details
                    GROUP BY sales_details_invoice
                ) rsd ON rs.sales_invoice = rsd.sales_details_invoice
                LEFT JOIN (
                    SELECT 
                        due_invoice_no, 
                        SUM(due_amount - due_paid_amount) AS customer_due,
                        SUM(due_paid_amount) AS total_due_paid
                    FROM return_customer_due
                    GROUP BY due_invoice_no
                ) rcd ON rs.sales_invoice = rcd.due_invoice_no
                LEFT JOIN customer c ON c.customer_id = rs.customer_type AND rs.customer_type REGEXP \'^[0-9]+\'
            ')
 3 APPPATH\Controllers\salereturnlist.php(113): CodeIgniter\Database\BaseConnection->query(' SELECT 
                    rs.sales_invoice,
                    rs.sales_date,
                    rsd.total_sale,
                    rsd.productwiseVatPercnt,
                    rs.discountOnTotalPrice,
                    rs.vatOnTotalPrice,
                    rs.paid_amount,
                    IFNULL(rcd.customer_due, 0) AS customer_due,
                    IFNULL(rcd.total_due_paid, 0) AS due_paid_amount,
                    (rs.paid_amount + IFNULL(rcd.total_due_paid, 0)) AS total_paid,
                    rs.due_amount,
                    CASE 
                        WHEN rs.customer_type REGEXP \'^[0-9]+$\' THEN c.cus_first_name
                        ELSE rs.customer_type
                    END AS customer_name,
                    CASE
                        WHEN rs.customer_type = \'Walk-In-Customer\' THEN \'Fully Paid\'
                        WHEN IFNULL(rcd.customer_due, 0) = 0 THEN \'Fully Paid\'
                        ELSE \'Partially Paid\'
                    END AS payment_status
                FROM return_sales rs
                JOIN (
                    SELECT 
                        sales_details_invoice, 
                        SUM(total_sale_price) AS total_sale, 
                        SUM(productwiseVatPercnt) AS productwiseVatPercnt
                    FROM return_sales_details
                    GROUP BY sales_details_invoice
                ) rsd ON rs.sales_invoice = rsd.sales_details_invoice
                LEFT JOIN (
                    SELECT 
                        due_invoice_no, 
                        SUM(due_amount - due_paid_amount) AS customer_due,
                        SUM(due_paid_amount) AS total_due_paid
                    FROM return_customer_due
                    GROUP BY due_invoice_no
                ) rcd ON rs.sales_invoice = rcd.due_invoice_no
                LEFT JOIN customer c ON c.customer_id = rs.customer_type AND rs.customer_type REGEXP \'^[0-9]+\'
            ')
 4 SYSTEMPATH\CodeIgniter.php(933): App\Controllers\salereturnlist->saleReturnListShow()
 5 SYSTEMPATH\CodeIgniter.php(507): CodeIgniter\CodeIgniter->runController(Object(App\Controllers\salereturnlist))
 6 SYSTEMPATH\CodeIgniter.php(354): CodeIgniter\CodeIgniter->handleRequest(null, Object(Config\Cache), false)
 7 SYSTEMPATH\Boot.php(363): CodeIgniter\CodeIgniter->run()
 8 SYSTEMPATH\Boot.php(68): CodeIgniter\Boot::runCodeIgniter(Object(CodeIgniter\CodeIgniter))
 9 FCPATH\index.php(59): CodeIgniter\Boot::bootWeb(Object(Config\Paths))
CRITICAL - 2026-07-08 08:39:56 --> [Caused by] mysqli_sql_exception: Unknown column 'rs.sales_date' in 'field list'
in SYSTEMPATH\Database\MySQLi\Connection.php on line 327.
 1 SYSTEMPATH\Database\MySQLi\Connection.php(327): mysqli->query(' SELECT 
                    rs.sales_invoice,
                    rs.sales_date,
                    rsd.total_sale,
                    rsd.productwiseVatPercnt,
                    rs.discountOnTotalPrice,
                    rs.vatOnTotalPrice,
                    rs.paid_amount,
                    IFNULL(rcd.customer_due, 0) AS customer_due,
                    IFNULL(rcd.total_due_paid, 0) AS due_paid_amount,
                    (rs.paid_amount + IFNULL(rcd.total_due_paid, 0)) AS total_paid,
                    rs.due_amount,
                    CASE 
                        WHEN rs.customer_type REGEXP \'^[0-9]+$\' THEN c.cus_first_name
                        ELSE rs.customer_type
                    END AS customer_name,
                    CASE
                        WHEN rs.customer_type = \'Walk-In-Customer\' THEN \'Fully Paid\'
                        WHEN IFNULL(rcd.customer_due, 0) = 0 THEN \'Fully Paid\'
                        ELSE \'Partially Paid\'
                    END AS payment_status
                FROM return_sales rs
                JOIN (
                    SELECT 
                        sales_details_invoice, 
                        SUM(total_sale_price) AS total_sale, 
                        SUM(productwiseVatPercnt) AS productwiseVatPercnt
                    FROM return_sales_details
                    GROUP BY sales_details_invoice
                ) rsd ON rs.sales_invoice = rsd.sales_details_invoice
                LEFT JOIN (
                    SELECT 
                        due_invoice_no, 
                        SUM(due_amount - due_paid_amount) AS customer_due,
                        SUM(due_paid_amount) AS total_due_paid
                    FROM return_customer_due
                    GROUP BY due_invoice_no
                ) rcd ON rs.sales_invoice = rcd.due_invoice_no
                LEFT JOIN customer c ON c.customer_id = rs.customer_type AND rs.customer_type REGEXP \'^[0-9]+\'
            ', 0)
 2 SYSTEMPATH\Database\BaseConnection.php(729): CodeIgniter\Database\MySQLi\Connection->execute(' SELECT 
                    rs.sales_invoice,
                    rs.sales_date,
                    rsd.total_sale,
                    rsd.productwiseVatPercnt,
                    rs.discountOnTotalPrice,
                    rs.vatOnTotalPrice,
                    rs.paid_amount,
                    IFNULL(rcd.customer_due, 0) AS customer_due,
                    IFNULL(rcd.total_due_paid, 0) AS due_paid_amount,
                    (rs.paid_amount + IFNULL(rcd.total_due_paid, 0)) AS total_paid,
                    rs.due_amount,
                    CASE 
                        WHEN rs.customer_type REGEXP \'^[0-9]+$\' THEN c.cus_first_name
                        ELSE rs.customer_type
                    END AS customer_name,
                    CASE
                        WHEN rs.customer_type = \'Walk-In-Customer\' THEN \'Fully Paid\'
                        WHEN IFNULL(rcd.customer_due, 0) = 0 THEN \'Fully Paid\'
                        ELSE \'Partially Paid\'
                    END AS payment_status
                FROM return_sales rs
                JOIN (
                    SELECT 
                        sales_details_invoice, 
                        SUM(total_sale_price) AS total_sale, 
                        SUM(productwiseVatPercnt) AS productwiseVatPercnt
                    FROM return_sales_details
                    GROUP BY sales_details_invoice
                ) rsd ON rs.sales_invoice = rsd.sales_details_invoice
                LEFT JOIN (
                    SELECT 
                        due_invoice_no, 
                        SUM(due_amount - due_paid_amount) AS customer_due,
                        SUM(due_paid_amount) AS total_due_paid
                    FROM return_customer_due
                    GROUP BY due_invoice_no
                ) rcd ON rs.sales_invoice = rcd.due_invoice_no
                LEFT JOIN customer c ON c.customer_id = rs.customer_type AND rs.customer_type REGEXP \'^[0-9]+\'
            ')
 3 SYSTEMPATH\Database\BaseConnection.php(646): CodeIgniter\Database\BaseConnection->simpleQuery(' SELECT 
                    rs.sales_invoice,
                    rs.sales_date,
                    rsd.total_sale,
                    rsd.productwiseVatPercnt,
                    rs.discountOnTotalPrice,
                    rs.vatOnTotalPrice,
                    rs.paid_amount,
                    IFNULL(rcd.customer_due, 0) AS customer_due,
                    IFNULL(rcd.total_due_paid, 0) AS due_paid_amount,
                    (rs.paid_amount + IFNULL(rcd.total_due_paid, 0)) AS total_paid,
                    rs.due_amount,
                    CASE 
                        WHEN rs.customer_type REGEXP \'^[0-9]+$\' THEN c.cus_first_name
                        ELSE rs.customer_type
                    END AS customer_name,
                    CASE
                        WHEN rs.customer_type = \'Walk-In-Customer\' THEN \'Fully Paid\'
                        WHEN IFNULL(rcd.customer_due, 0) = 0 THEN \'Fully Paid\'
                        ELSE \'Partially Paid\'
                    END AS payment_status
                FROM return_sales rs
                JOIN (
                    SELECT 
                        sales_details_invoice, 
                        SUM(total_sale_price) AS total_sale, 
                        SUM(productwiseVatPercnt) AS productwiseVatPercnt
                    FROM return_sales_details
                    GROUP BY sales_details_invoice
                ) rsd ON rs.sales_invoice = rsd.sales_details_invoice
                LEFT JOIN (
                    SELECT 
                        due_invoice_no, 
                        SUM(due_amount - due_paid_amount) AS customer_due,
                        SUM(due_paid_amount) AS total_due_paid
                    FROM return_customer_due
                    GROUP BY due_invoice_no
                ) rcd ON rs.sales_invoice = rcd.due_invoice_no
                LEFT JOIN customer c ON c.customer_id = rs.customer_type AND rs.customer_type REGEXP \'^[0-9]+\'
            ')
 4 APPPATH\Controllers\salereturnlist.php(113): CodeIgniter\Database\BaseConnection->query(' SELECT 
                    rs.sales_invoice,
                    rs.sales_date,
                    rsd.total_sale,
                    rsd.productwiseVatPercnt,
                    rs.discountOnTotalPrice,
                    rs.vatOnTotalPrice,
                    rs.paid_amount,
                    IFNULL(rcd.customer_due, 0) AS customer_due,
                    IFNULL(rcd.total_due_paid, 0) AS due_paid_amount,
                    (rs.paid_amount + IFNULL(rcd.total_due_paid, 0)) AS total_paid,
                    rs.due_amount,
                    CASE 
                        WHEN rs.customer_type REGEXP \'^[0-9]+$\' THEN c.cus_first_name
                        ELSE rs.customer_type
                    END AS customer_name,
                    CASE
                        WHEN rs.customer_type = \'Walk-In-Customer\' THEN \'Fully Paid\'
                        WHEN IFNULL(rcd.customer_due, 0) = 0 THEN \'Fully Paid\'
                        ELSE \'Partially Paid\'
                    END AS payment_status
                FROM return_sales rs
                JOIN (
                    SELECT 
                        sales_details_invoice, 
                        SUM(total_sale_price) AS total_sale, 
                        SUM(productwiseVatPercnt) AS productwiseVatPercnt
                    FROM return_sales_details
                    GROUP BY sales_details_invoice
                ) rsd ON rs.sales_invoice = rsd.sales_details_invoice
                LEFT JOIN (
                    SELECT 
                        due_invoice_no, 
                        SUM(due_amount - due_paid_amount) AS customer_due,
                        SUM(due_paid_amount) AS total_due_paid
                    FROM return_customer_due
                    GROUP BY due_invoice_no
                ) rcd ON rs.sales_invoice = rcd.due_invoice_no
                LEFT JOIN customer c ON c.customer_id = rs.customer_type AND rs.customer_type REGEXP \'^[0-9]+\'
            ')
 5 SYSTEMPATH\CodeIgniter.php(933): App\Controllers\salereturnlist->saleReturnListShow()
 6 SYSTEMPATH\CodeIgniter.php(507): CodeIgniter\CodeIgniter->runController(Object(App\Controllers\salereturnlist))
 7 SYSTEMPATH\CodeIgniter.php(354): CodeIgniter\CodeIgniter->handleRequest(null, Object(Config\Cache), false)
 8 SYSTEMPATH\Boot.php(363): CodeIgniter\CodeIgniter->run()
 9 SYSTEMPATH\Boot.php(68): CodeIgniter\Boot::runCodeIgniter(Object(CodeIgniter\CodeIgniter))
10 FCPATH\index.php(59): CodeIgniter\Boot::bootWeb(Object(Config\Paths))
DEBUG - 2026-07-08 08:40:02 --> Session: Class initialized using 'CodeIgniter\Session\Handlers\FileHandler' driver.
ERROR - 2026-07-08 08:40:15 --> mysqli_sql_exception: Unknown column 'rs.sales_date' in 'field list' in C:\laragon\www\pharmacy-project\system\Database\MySQLi\Connection.php:327
Stack trace:
#0 C:\laragon\www\pharmacy-project\system\Database\MySQLi\Connection.php(327): mysqli->query(' SELECT \r\n     ...', 0)
#1 C:\laragon\www\pharmacy-project\system\Database\BaseConnection.php(729): CodeIgniter\Database\MySQLi\Connection->execute(' SELECT \r\n     ...')
#2 C:\laragon\www\pharmacy-project\system\Database\BaseConnection.php(646): CodeIgniter\Database\BaseConnection->simpleQuery(' SELECT \r\n     ...')
#3 C:\laragon\www\pharmacy-project\app\Controllers\salereturnlist.php(113): CodeIgniter\Database\BaseConnection->query(' SELECT \r\n     ...')
#4 C:\laragon\www\pharmacy-project\system\CodeIgniter.php(933): App\Controllers\salereturnlist->saleReturnListShow()
#5 C:\laragon\www\pharmacy-project\system\CodeIgniter.php(507): CodeIgniter\CodeIgniter->runController(Object(App\Controllers\salereturnlist))
#6 C:\laragon\www\pharmacy-project\system\CodeIgniter.php(354): CodeIgniter\CodeIgniter->handleRequest(NULL, Object(Config\Cache), false)
#7 C:\laragon\www\pharmacy-project\system\Boot.php(363): CodeIgniter\CodeIgniter->run()
#8 C:\laragon\www\pharmacy-project\system\Boot.php(68): CodeIgniter\Boot::runCodeIgniter(Object(CodeIgniter\CodeIgniter))
#9 C:\laragon\www\pharmacy-project\index.php(59): CodeIgniter\Boot::bootWeb(Object(Config\Paths))
#10 {main}
CRITICAL - 2026-07-08 08:40:15 --> CodeIgniter\Database\Exceptions\DatabaseException: Unknown column 'rs.sales_date' in 'field list'
[Method: GET, Route: salereturnlistshow]
in SYSTEMPATH\Database\BaseConnection.php on line 684.
 1 APPPATH\Controllers\salereturnlist.php(113): CodeIgniter\Database\BaseConnection->query(' SELECT 
                    rs.sales_invoice,
                    rs.sales_date,
                    rsd.total_sale,
                    rsd.productwiseVatPercnt,
                    rs.discountOnTotalPrice,
                    rs.vatOnTotalPrice,
                    rs.paid_amount,
                    IFNULL(rcd.customer_due, 0) AS customer_due,
                    IFNULL(rcd.total_due_paid, 0) AS due_paid_amount,
                    (rs.paid_amount + IFNULL(rcd.total_due_paid, 0)) AS total_paid,
                    rs.due_amount,
                    CASE 
                        WHEN rs.customer_type REGEXP \'^[0-9]+$\' THEN c.cus_first_name
                        ELSE rs.customer_type
                    END AS customer_name,
                    CASE
                        WHEN rs.customer_type = \'Walk-In-Customer\' THEN \'Fully Paid\'
                        WHEN IFNULL(rcd.customer_due, 0) = 0 THEN \'Fully Paid\'
                        ELSE \'Partially Paid\'
                    END AS payment_status
                FROM return_sales rs
                JOIN (
                    SELECT 
                        sales_details_invoice, 
                        SUM(total_sale_price) AS total_sale, 
                        SUM(productwiseVatPercnt) AS productwiseVatPercnt
                    FROM return_sales_details
                    GROUP BY sales_details_invoice
                ) rsd ON rs.sales_invoice = rsd.sales_details_invoice
                LEFT JOIN (
                    SELECT 
                        due_invoice_no, 
                        SUM(due_amount - due_paid_amount) AS customer_due,
                        SUM(due_paid_amount) AS total_due_paid
                    FROM return_customer_due
                    GROUP BY due_invoice_no
                ) rcd ON rs.sales_invoice = rcd.due_invoice_no
                LEFT JOIN customer c ON c.customer_id = rs.customer_type AND rs.customer_type REGEXP \'^[0-9]+\'
            ')
 2 SYSTEMPATH\CodeIgniter.php(933): App\Controllers\salereturnlist->saleReturnListShow()
 3 SYSTEMPATH\CodeIgniter.php(507): CodeIgniter\CodeIgniter->runController(Object(App\Controllers\salereturnlist))
 4 SYSTEMPATH\CodeIgniter.php(354): CodeIgniter\CodeIgniter->handleRequest(null, Object(Config\Cache), false)
 5 SYSTEMPATH\Boot.php(363): CodeIgniter\CodeIgniter->run()
 6 SYSTEMPATH\Boot.php(68): CodeIgniter\Boot::runCodeIgniter(Object(CodeIgniter\CodeIgniter))
 7 FCPATH\index.php(59): CodeIgniter\Boot::bootWeb(Object(Config\Paths))
CRITICAL - 2026-07-08 08:40:15 --> [Caused by] CodeIgniter\Database\Exceptions\DatabaseException: Unknown column 'rs.sales_date' in 'field list'
in SYSTEMPATH\Database\MySQLi\Connection.php on line 332.
 1 SYSTEMPATH\Database\BaseConnection.php(729): CodeIgniter\Database\MySQLi\Connection->execute(' SELECT 
                    rs.sales_invoice,
                    rs.sales_date,
                    rsd.total_sale,
                    rsd.productwiseVatPercnt,
                    rs.discountOnTotalPrice,
                    rs.vatOnTotalPrice,
                    rs.paid_amount,
                    IFNULL(rcd.customer_due, 0) AS customer_due,
                    IFNULL(rcd.total_due_paid, 0) AS due_paid_amount,
                    (rs.paid_amount + IFNULL(rcd.total_due_paid, 0)) AS total_paid,
                    rs.due_amount,
                    CASE 
                        WHEN rs.customer_type REGEXP \'^[0-9]+$\' THEN c.cus_first_name
                        ELSE rs.customer_type
                    END AS customer_name,
                    CASE
                        WHEN rs.customer_type = \'Walk-In-Customer\' THEN \'Fully Paid\'
                        WHEN IFNULL(rcd.customer_due, 0) = 0 THEN \'Fully Paid\'
                        ELSE \'Partially Paid\'
                    END AS payment_status
                FROM return_sales rs
                JOIN (
                    SELECT 
                        sales_details_invoice, 
                        SUM(total_sale_price) AS total_sale, 
                        SUM(productwiseVatPercnt) AS productwiseVatPercnt
                    FROM return_sales_details
                    GROUP BY sales_details_invoice
                ) rsd ON rs.sales_invoice = rsd.sales_details_invoice
                LEFT JOIN (
                    SELECT 
                        due_invoice_no, 
                        SUM(due_amount - due_paid_amount) AS customer_due,
                        SUM(due_paid_amount) AS total_due_paid
                    FROM return_customer_due
                    GROUP BY due_invoice_no
                ) rcd ON rs.sales_invoice = rcd.due_invoice_no
                LEFT JOIN customer c ON c.customer_id = rs.customer_type AND rs.customer_type REGEXP \'^[0-9]+\'
            ')
 2 SYSTEMPATH\Database\BaseConnection.php(646): CodeIgniter\Database\BaseConnection->simpleQuery(' SELECT 
                    rs.sales_invoice,
                    rs.sales_date,
                    rsd.total_sale,
                    rsd.productwiseVatPercnt,
                    rs.discountOnTotalPrice,
                    rs.vatOnTotalPrice,
                    rs.paid_amount,
                    IFNULL(rcd.customer_due, 0) AS customer_due,
                    IFNULL(rcd.total_due_paid, 0) AS due_paid_amount,
                    (rs.paid_amount + IFNULL(rcd.total_due_paid, 0)) AS total_paid,
                    rs.due_amount,
                    CASE 
                        WHEN rs.customer_type REGEXP \'^[0-9]+$\' THEN c.cus_first_name
                        ELSE rs.customer_type
                    END AS customer_name,
                    CASE
                        WHEN rs.customer_type = \'Walk-In-Customer\' THEN \'Fully Paid\'
                        WHEN IFNULL(rcd.customer_due, 0) = 0 THEN \'Fully Paid\'
                        ELSE \'Partially Paid\'
                    END AS payment_status
                FROM return_sales rs
                JOIN (
                    SELECT 
                        sales_details_invoice, 
                        SUM(total_sale_price) AS total_sale, 
                        SUM(productwiseVatPercnt) AS productwiseVatPercnt
                    FROM return_sales_details
                    GROUP BY sales_details_invoice
                ) rsd ON rs.sales_invoice = rsd.sales_details_invoice
                LEFT JOIN (
                    SELECT 
                        due_invoice_no, 
                        SUM(due_amount - due_paid_amount) AS customer_due,
                        SUM(due_paid_amount) AS total_due_paid
                    FROM return_customer_due
                    GROUP BY due_invoice_no
                ) rcd ON rs.sales_invoice = rcd.due_invoice_no
                LEFT JOIN customer c ON c.customer_id = rs.customer_type AND rs.customer_type REGEXP \'^[0-9]+\'
            ')
 3 APPPATH\Controllers\salereturnlist.php(113): CodeIgniter\Database\BaseConnection->query(' SELECT 
                    rs.sales_invoice,
                    rs.sales_date,
                    rsd.total_sale,
                    rsd.productwiseVatPercnt,
                    rs.discountOnTotalPrice,
                    rs.vatOnTotalPrice,
                    rs.paid_amount,
                    IFNULL(rcd.customer_due, 0) AS customer_due,
                    IFNULL(rcd.total_due_paid, 0) AS due_paid_amount,
                    (rs.paid_amount + IFNULL(rcd.total_due_paid, 0)) AS total_paid,
                    rs.due_amount,
                    CASE 
                        WHEN rs.customer_type REGEXP \'^[0-9]+$\' THEN c.cus_first_name
                        ELSE rs.customer_type
                    END AS customer_name,
                    CASE
                        WHEN rs.customer_type = \'Walk-In-Customer\' THEN \'Fully Paid\'
                        WHEN IFNULL(rcd.customer_due, 0) = 0 THEN \'Fully Paid\'
                        ELSE \'Partially Paid\'
                    END AS payment_status
                FROM return_sales rs
                JOIN (
                    SELECT 
                        sales_details_invoice, 
                        SUM(total_sale_price) AS total_sale, 
                        SUM(productwiseVatPercnt) AS productwiseVatPercnt
                    FROM return_sales_details
                    GROUP BY sales_details_invoice
                ) rsd ON rs.sales_invoice = rsd.sales_details_invoice
                LEFT JOIN (
                    SELECT 
                        due_invoice_no, 
                        SUM(due_amount - due_paid_amount) AS customer_due,
                        SUM(due_paid_amount) AS total_due_paid
                    FROM return_customer_due
                    GROUP BY due_invoice_no
                ) rcd ON rs.sales_invoice = rcd.due_invoice_no
                LEFT JOIN customer c ON c.customer_id = rs.customer_type AND rs.customer_type REGEXP \'^[0-9]+\'
            ')
 4 SYSTEMPATH\CodeIgniter.php(933): App\Controllers\salereturnlist->saleReturnListShow()
 5 SYSTEMPATH\CodeIgniter.php(507): CodeIgniter\CodeIgniter->runController(Object(App\Controllers\salereturnlist))
 6 SYSTEMPATH\CodeIgniter.php(354): CodeIgniter\CodeIgniter->handleRequest(null, Object(Config\Cache), false)
 7 SYSTEMPATH\Boot.php(363): CodeIgniter\CodeIgniter->run()
 8 SYSTEMPATH\Boot.php(68): CodeIgniter\Boot::runCodeIgniter(Object(CodeIgniter\CodeIgniter))
 9 FCPATH\index.php(59): CodeIgniter\Boot::bootWeb(Object(Config\Paths))
CRITICAL - 2026-07-08 08:40:15 --> [Caused by] mysqli_sql_exception: Unknown column 'rs.sales_date' in 'field list'
in SYSTEMPATH\Database\MySQLi\Connection.php on line 327.
 1 SYSTEMPATH\Database\MySQLi\Connection.php(327): mysqli->query(' SELECT 
                    rs.sales_invoice,
                    rs.sales_date,
                    rsd.total_sale,
                    rsd.productwiseVatPercnt,
                    rs.discountOnTotalPrice,
                    rs.vatOnTotalPrice,
                    rs.paid_amount,
                    IFNULL(rcd.customer_due, 0) AS customer_due,
                    IFNULL(rcd.total_due_paid, 0) AS due_paid_amount,
                    (rs.paid_amount + IFNULL(rcd.total_due_paid, 0)) AS total_paid,
                    rs.due_amount,
                    CASE 
                        WHEN rs.customer_type REGEXP \'^[0-9]+$\' THEN c.cus_first_name
                        ELSE rs.customer_type
                    END AS customer_name,
                    CASE
                        WHEN rs.customer_type = \'Walk-In-Customer\' THEN \'Fully Paid\'
                        WHEN IFNULL(rcd.customer_due, 0) = 0 THEN \'Fully Paid\'
                        ELSE \'Partially Paid\'
                    END AS payment_status
                FROM return_sales rs
                JOIN (
                    SELECT 
                        sales_details_invoice, 
                        SUM(total_sale_price) AS total_sale, 
                        SUM(productwiseVatPercnt) AS productwiseVatPercnt
                    FROM return_sales_details
                    GROUP BY sales_details_invoice
                ) rsd ON rs.sales_invoice = rsd.sales_details_invoice
                LEFT JOIN (
                    SELECT 
                        due_invoice_no, 
                        SUM(due_amount - due_paid_amount) AS customer_due,
                        SUM(due_paid_amount) AS total_due_paid
                    FROM return_customer_due
                    GROUP BY due_invoice_no
                ) rcd ON rs.sales_invoice = rcd.due_invoice_no
                LEFT JOIN customer c ON c.customer_id = rs.customer_type AND rs.customer_type REGEXP \'^[0-9]+\'
            ', 0)
 2 SYSTEMPATH\Database\BaseConnection.php(729): CodeIgniter\Database\MySQLi\Connection->execute(' SELECT 
                    rs.sales_invoice,
                    rs.sales_date,
                    rsd.total_sale,
                    rsd.productwiseVatPercnt,
                    rs.discountOnTotalPrice,
                    rs.vatOnTotalPrice,
                    rs.paid_amount,
                    IFNULL(rcd.customer_due, 0) AS customer_due,
                    IFNULL(rcd.total_due_paid, 0) AS due_paid_amount,
                    (rs.paid_amount + IFNULL(rcd.total_due_paid, 0)) AS total_paid,
                    rs.due_amount,
                    CASE 
                        WHEN rs.customer_type REGEXP \'^[0-9]+$\' THEN c.cus_first_name
                        ELSE rs.customer_type
                    END AS customer_name,
                    CASE
                        WHEN rs.customer_type = \'Walk-In-Customer\' THEN \'Fully Paid\'
                        WHEN IFNULL(rcd.customer_due, 0) = 0 THEN \'Fully Paid\'
                        ELSE \'Partially Paid\'
                    END AS payment_status
                FROM return_sales rs
                JOIN (
                    SELECT 
                        sales_details_invoice, 
                        SUM(total_sale_price) AS total_sale, 
                        SUM(productwiseVatPercnt) AS productwiseVatPercnt
                    FROM return_sales_details
                    GROUP BY sales_details_invoice
                ) rsd ON rs.sales_invoice = rsd.sales_details_invoice
                LEFT JOIN (
                    SELECT 
                        due_invoice_no, 
                        SUM(due_amount - due_paid_amount) AS customer_due,
                        SUM(due_paid_amount) AS total_due_paid
                    FROM return_customer_due
                    GROUP BY due_invoice_no
                ) rcd ON rs.sales_invoice = rcd.due_invoice_no
                LEFT JOIN customer c ON c.customer_id = rs.customer_type AND rs.customer_type REGEXP \'^[0-9]+\'
            ')
 3 SYSTEMPATH\Database\BaseConnection.php(646): CodeIgniter\Database\BaseConnection->simpleQuery(' SELECT 
                    rs.sales_invoice,
                    rs.sales_date,
                    rsd.total_sale,
                    rsd.productwiseVatPercnt,
                    rs.discountOnTotalPrice,
                    rs.vatOnTotalPrice,
                    rs.paid_amount,
                    IFNULL(rcd.customer_due, 0) AS customer_due,
                    IFNULL(rcd.total_due_paid, 0) AS due_paid_amount,
                    (rs.paid_amount + IFNULL(rcd.total_due_paid, 0)) AS total_paid,
                    rs.due_amount,
                    CASE 
                        WHEN rs.customer_type REGEXP \'^[0-9]+$\' THEN c.cus_first_name
                        ELSE rs.customer_type
                    END AS customer_name,
                    CASE
                        WHEN rs.customer_type = \'Walk-In-Customer\' THEN \'Fully Paid\'
                        WHEN IFNULL(rcd.customer_due, 0) = 0 THEN \'Fully Paid\'
                        ELSE \'Partially Paid\'
                    END AS payment_status
                FROM return_sales rs
                JOIN (
                    SELECT 
                        sales_details_invoice, 
                        SUM(total_sale_price) AS total_sale, 
                        SUM(productwiseVatPercnt) AS productwiseVatPercnt
                    FROM return_sales_details
                    GROUP BY sales_details_invoice
                ) rsd ON rs.sales_invoice = rsd.sales_details_invoice
                LEFT JOIN (
                    SELECT 
                        due_invoice_no, 
                        SUM(due_amount - due_paid_amount) AS customer_due,
                        SUM(due_paid_amount) AS total_due_paid
                    FROM return_customer_due
                    GROUP BY due_invoice_no
                ) rcd ON rs.sales_invoice = rcd.due_invoice_no
                LEFT JOIN customer c ON c.customer_id = rs.customer_type AND rs.customer_type REGEXP \'^[0-9]+\'
            ')
 4 APPPATH\Controllers\salereturnlist.php(113): CodeIgniter\Database\BaseConnection->query(' SELECT 
                    rs.sales_invoice,
                    rs.sales_date,
                    rsd.total_sale,
                    rsd.productwiseVatPercnt,
                    rs.discountOnTotalPrice,
                    rs.vatOnTotalPrice,
                    rs.paid_amount,
                    IFNULL(rcd.customer_due, 0) AS customer_due,
                    IFNULL(rcd.total_due_paid, 0) AS due_paid_amount,
                    (rs.paid_amount + IFNULL(rcd.total_due_paid, 0)) AS total_paid,
                    rs.due_amount,
                    CASE 
                        WHEN rs.customer_type REGEXP \'^[0-9]+$\' THEN c.cus_first_name
                        ELSE rs.customer_type
                    END AS customer_name,
                    CASE
                        WHEN rs.customer_type = \'Walk-In-Customer\' THEN \'Fully Paid\'
                        WHEN IFNULL(rcd.customer_due, 0) = 0 THEN \'Fully Paid\'
                        ELSE \'Partially Paid\'
                    END AS payment_status
                FROM return_sales rs
                JOIN (
                    SELECT 
                        sales_details_invoice, 
                        SUM(total_sale_price) AS total_sale, 
                        SUM(productwiseVatPercnt) AS productwiseVatPercnt
                    FROM return_sales_details
                    GROUP BY sales_details_invoice
                ) rsd ON rs.sales_invoice = rsd.sales_details_invoice
                LEFT JOIN (
                    SELECT 
                        due_invoice_no, 
                        SUM(due_amount - due_paid_amount) AS customer_due,
                        SUM(due_paid_amount) AS total_due_paid
                    FROM return_customer_due
                    GROUP BY due_invoice_no
                ) rcd ON rs.sales_invoice = rcd.due_invoice_no
                LEFT JOIN customer c ON c.customer_id = rs.customer_type AND rs.customer_type REGEXP \'^[0-9]+\'
            ')
 5 SYSTEMPATH\CodeIgniter.php(933): App\Controllers\salereturnlist->saleReturnListShow()
 6 SYSTEMPATH\CodeIgniter.php(507): CodeIgniter\CodeIgniter->runController(Object(App\Controllers\salereturnlist))
 7 SYSTEMPATH\CodeIgniter.php(354): CodeIgniter\CodeIgniter->handleRequest(null, Object(Config\Cache), false)
 8 SYSTEMPATH\Boot.php(363): CodeIgniter\CodeIgniter->run()
 9 SYSTEMPATH\Boot.php(68): CodeIgniter\Boot::runCodeIgniter(Object(CodeIgniter\CodeIgniter))
10 FCPATH\index.php(59): CodeIgniter\Boot::bootWeb(Object(Config\Paths))
ERROR - 2026-07-08 08:42:15 --> mysqli_sql_exception: Unknown column 'rs.sales_date' in 'field list' in C:\laragon\www\pharmacy-project\system\Database\MySQLi\Connection.php:327
Stack trace:
#0 C:\laragon\www\pharmacy-project\system\Database\MySQLi\Connection.php(327): mysqli->query(' SELECT \r\n     ...', 0)
#1 C:\laragon\www\pharmacy-project\system\Database\BaseConnection.php(729): CodeIgniter\Database\MySQLi\Connection->execute(' SELECT \r\n     ...')
#2 C:\laragon\www\pharmacy-project\system\Database\BaseConnection.php(646): CodeIgniter\Database\BaseConnection->simpleQuery(' SELECT \r\n     ...')
#3 C:\laragon\www\pharmacy-project\app\Controllers\salereturnlist.php(113): CodeIgniter\Database\BaseConnection->query(' SELECT \r\n     ...')
#4 C:\laragon\www\pharmacy-project\system\CodeIgniter.php(933): App\Controllers\salereturnlist->saleReturnListShow()
#5 C:\laragon\www\pharmacy-project\system\CodeIgniter.php(507): CodeIgniter\CodeIgniter->runController(Object(App\Controllers\salereturnlist))
#6 C:\laragon\www\pharmacy-project\system\CodeIgniter.php(354): CodeIgniter\CodeIgniter->handleRequest(NULL, Object(Config\Cache), false)
#7 C:\laragon\www\pharmacy-project\system\Boot.php(363): CodeIgniter\CodeIgniter->run()
#8 C:\laragon\www\pharmacy-project\system\Boot.php(68): CodeIgniter\Boot::runCodeIgniter(Object(CodeIgniter\CodeIgniter))
#9 C:\laragon\www\pharmacy-project\index.php(59): CodeIgniter\Boot::bootWeb(Object(Config\Paths))
#10 {main}
CRITICAL - 2026-07-08 08:42:15 --> CodeIgniter\Database\Exceptions\DatabaseException: Unknown column 'rs.sales_date' in 'field list'
[Method: GET, Route: salereturnlistshow]
in SYSTEMPATH\Database\BaseConnection.php on line 684.
 1 APPPATH\Controllers\salereturnlist.php(113): CodeIgniter\Database\BaseConnection->query(' SELECT 
                    rs.sales_invoice,
                    rs.sales_date,
                    rsd.total_sale,
                    rsd.product_vat,
                    rs.discount_on_all,
                    rs.other_charge_on_all,
                    rs.paid_amount,
                    IFNULL(rcd.customer_due, 0) AS customer_due,
                    IFNULL(rcd.total_due_paid, 0) AS due_paid_amount,
                    (rs.paid_amount + IFNULL(rcd.total_due_paid, 0)) AS total_paid,
                    rs.due_amount,
                    CASE 
                        WHEN rs.customer_type REGEXP \'^[0-9]+$\' THEN c.cus_first_name
                        ELSE rs.customer_type
                    END AS customer_name,
                    CASE
                        WHEN rs.customer_type = \'Walk-In-Customer\' THEN \'Fully Paid\'
                        WHEN IFNULL(rcd.customer_due, 0) = 0 THEN \'Fully Paid\'
                        ELSE \'Partially Paid\'
                    END AS payment_status
                FROM return_sales rs
                JOIN (
                    SELECT 
                        sales_details_invoice, 
                        SUM(total_sale_price) AS total_sale, 
                        SUM(productwiseVatPercnt) AS productwiseVatPercnt
                    FROM return_sales_details
                    GROUP BY sales_details_invoice
                ) rsd ON rs.sales_invoice = rsd.sales_details_invoice
                LEFT JOIN (
                    SELECT 
                        due_invoice_no, 
                        SUM(due_amount - due_paid_amount) AS customer_due,
                        SUM(due_paid_amount) AS total_due_paid
                    FROM return_customer_due
                    GROUP BY due_invoice_no
                ) rcd ON rs.sales_invoice = rcd.due_invoice_no
                LEFT JOIN customer c ON c.customer_id = rs.customer_type AND rs.customer_type REGEXP \'^[0-9]+\'
            ')
 2 SYSTEMPATH\CodeIgniter.php(933): App\Controllers\salereturnlist->saleReturnListShow()
 3 SYSTEMPATH\CodeIgniter.php(507): CodeIgniter\CodeIgniter->runController(Object(App\Controllers\salereturnlist))
 4 SYSTEMPATH\CodeIgniter.php(354): CodeIgniter\CodeIgniter->handleRequest(null, Object(Config\Cache), false)
 5 SYSTEMPATH\Boot.php(363): CodeIgniter\CodeIgniter->run()
 6 SYSTEMPATH\Boot.php(68): CodeIgniter\Boot::runCodeIgniter(Object(CodeIgniter\CodeIgniter))
 7 FCPATH\index.php(59): CodeIgniter\Boot::bootWeb(Object(Config\Paths))
CRITICAL - 2026-07-08 08:42:15 --> [Caused by] CodeIgniter\Database\Exceptions\DatabaseException: Unknown column 'rs.sales_date' in 'field list'
in SYSTEMPATH\Database\MySQLi\Connection.php on line 332.
 1 SYSTEMPATH\Database\BaseConnection.php(729): CodeIgniter\Database\MySQLi\Connection->execute(' SELECT 
                    rs.sales_invoice,
                    rs.sales_date,
                    rsd.total_sale,
                    rsd.product_vat,
                    rs.discount_on_all,
                    rs.other_charge_on_all,
                    rs.paid_amount,
                    IFNULL(rcd.customer_due, 0) AS customer_due,
                    IFNULL(rcd.total_due_paid, 0) AS due_paid_amount,
                    (rs.paid_amount + IFNULL(rcd.total_due_paid, 0)) AS total_paid,
                    rs.due_amount,
                    CASE 
                        WHEN rs.customer_type REGEXP \'^[0-9]+$\' THEN c.cus_first_name
                        ELSE rs.customer_type
                    END AS customer_name,
                    CASE
                        WHEN rs.customer_type = \'Walk-In-Customer\' THEN \'Fully Paid\'
                        WHEN IFNULL(rcd.customer_due, 0) = 0 THEN \'Fully Paid\'
                        ELSE \'Partially Paid\'
                    END AS payment_status
                FROM return_sales rs
                JOIN (
                    SELECT 
                        sales_details_invoice, 
                        SUM(total_sale_price) AS total_sale, 
                        SUM(productwiseVatPercnt) AS productwiseVatPercnt
                    FROM return_sales_details
                    GROUP BY sales_details_invoice
                ) rsd ON rs.sales_invoice = rsd.sales_details_invoice
                LEFT JOIN (
                    SELECT 
                        due_invoice_no, 
                        SUM(due_amount - due_paid_amount) AS customer_due,
                        SUM(due_paid_amount) AS total_due_paid
                    FROM return_customer_due
                    GROUP BY due_invoice_no
                ) rcd ON rs.sales_invoice = rcd.due_invoice_no
                LEFT JOIN customer c ON c.customer_id = rs.customer_type AND rs.customer_type REGEXP \'^[0-9]+\'
            ')
 2 SYSTEMPATH\Database\BaseConnection.php(646): CodeIgniter\Database\BaseConnection->simpleQuery(' SELECT 
                    rs.sales_invoice,
                    rs.sales_date,
                    rsd.total_sale,
                    rsd.product_vat,
                    rs.discount_on_all,
                    rs.other_charge_on_all,
                    rs.paid_amount,
                    IFNULL(rcd.customer_due, 0) AS customer_due,
                    IFNULL(rcd.total_due_paid, 0) AS due_paid_amount,
                    (rs.paid_amount + IFNULL(rcd.total_due_paid, 0)) AS total_paid,
                    rs.due_amount,
                    CASE 
                        WHEN rs.customer_type REGEXP \'^[0-9]+$\' THEN c.cus_first_name
                        ELSE rs.customer_type
                    END AS customer_name,
                    CASE
                        WHEN rs.customer_type = \'Walk-In-Customer\' THEN \'Fully Paid\'
                        WHEN IFNULL(rcd.customer_due, 0) = 0 THEN \'Fully Paid\'
                        ELSE \'Partially Paid\'
                    END AS payment_status
                FROM return_sales rs
                JOIN (
                    SELECT 
                        sales_details_invoice, 
                        SUM(total_sale_price) AS total_sale, 
                        SUM(productwiseVatPercnt) AS productwiseVatPercnt
                    FROM return_sales_details
                    GROUP BY sales_details_invoice
                ) rsd ON rs.sales_invoice = rsd.sales_details_invoice
                LEFT JOIN (
                    SELECT 
                        due_invoice_no, 
                        SUM(due_amount - due_paid_amount) AS customer_due,
                        SUM(due_paid_amount) AS total_due_paid
                    FROM return_customer_due
                    GROUP BY due_invoice_no
                ) rcd ON rs.sales_invoice = rcd.due_invoice_no
                LEFT JOIN customer c ON c.customer_id = rs.customer_type AND rs.customer_type REGEXP \'^[0-9]+\'
            ')
 3 APPPATH\Controllers\salereturnlist.php(113): CodeIgniter\Database\BaseConnection->query(' SELECT 
                    rs.sales_invoice,
                    rs.sales_date,
                    rsd.total_sale,
                    rsd.product_vat,
                    rs.discount_on_all,
                    rs.other_charge_on_all,
                    rs.paid_amount,
                    IFNULL(rcd.customer_due, 0) AS customer_due,
                    IFNULL(rcd.total_due_paid, 0) AS due_paid_amount,
                    (rs.paid_amount + IFNULL(rcd.total_due_paid, 0)) AS total_paid,
                    rs.due_amount,
                    CASE 
                        WHEN rs.customer_type REGEXP \'^[0-9]+$\' THEN c.cus_first_name
                        ELSE rs.customer_type
                    END AS customer_name,
                    CASE
                        WHEN rs.customer_type = \'Walk-In-Customer\' THEN \'Fully Paid\'
                        WHEN IFNULL(rcd.customer_due, 0) = 0 THEN \'Fully Paid\'
                        ELSE \'Partially Paid\'
                    END AS payment_status
                FROM return_sales rs
                JOIN (
                    SELECT 
                        sales_details_invoice, 
                        SUM(total_sale_price) AS total_sale, 
                        SUM(productwiseVatPercnt) AS productwiseVatPercnt
                    FROM return_sales_details
                    GROUP BY sales_details_invoice
                ) rsd ON rs.sales_invoice = rsd.sales_details_invoice
                LEFT JOIN (
                    SELECT 
                        due_invoice_no, 
                        SUM(due_amount - due_paid_amount) AS customer_due,
                        SUM(due_paid_amount) AS total_due_paid
                    FROM return_customer_due
                    GROUP BY due_invoice_no
                ) rcd ON rs.sales_invoice = rcd.due_invoice_no
                LEFT JOIN customer c ON c.customer_id = rs.customer_type AND rs.customer_type REGEXP \'^[0-9]+\'
            ')
 4 SYSTEMPATH\CodeIgniter.php(933): App\Controllers\salereturnlist->saleReturnListShow()
 5 SYSTEMPATH\CodeIgniter.php(507): CodeIgniter\CodeIgniter->runController(Object(App\Controllers\salereturnlist))
 6 SYSTEMPATH\CodeIgniter.php(354): CodeIgniter\CodeIgniter->handleRequest(null, Object(Config\Cache), false)
 7 SYSTEMPATH\Boot.php(363): CodeIgniter\CodeIgniter->run()
 8 SYSTEMPATH\Boot.php(68): CodeIgniter\Boot::runCodeIgniter(Object(CodeIgniter\CodeIgniter))
 9 FCPATH\index.php(59): CodeIgniter\Boot::bootWeb(Object(Config\Paths))
CRITICAL - 2026-07-08 08:42:15 --> [Caused by] mysqli_sql_exception: Unknown column 'rs.sales_date' in 'field list'
in SYSTEMPATH\Database\MySQLi\Connection.php on line 327.
 1 SYSTEMPATH\Database\MySQLi\Connection.php(327): mysqli->query(' SELECT 
                    rs.sales_invoice,
                    rs.sales_date,
                    rsd.total_sale,
                    rsd.product_vat,
                    rs.discount_on_all,
                    rs.other_charge_on_all,
                    rs.paid_amount,
                    IFNULL(rcd.customer_due, 0) AS customer_due,
                    IFNULL(rcd.total_due_paid, 0) AS due_paid_amount,
                    (rs.paid_amount + IFNULL(rcd.total_due_paid, 0)) AS total_paid,
                    rs.due_amount,
                    CASE 
                        WHEN rs.customer_type REGEXP \'^[0-9]+$\' THEN c.cus_first_name
                        ELSE rs.customer_type
                    END AS customer_name,
                    CASE
                        WHEN rs.customer_type = \'Walk-In-Customer\' THEN \'Fully Paid\'
                        WHEN IFNULL(rcd.customer_due, 0) = 0 THEN \'Fully Paid\'
                        ELSE \'Partially Paid\'
                    END AS payment_status
                FROM return_sales rs
                JOIN (
                    SELECT 
                        sales_details_invoice, 
                        SUM(total_sale_price) AS total_sale, 
                        SUM(productwiseVatPercnt) AS productwiseVatPercnt
                    FROM return_sales_details
                    GROUP BY sales_details_invoice
                ) rsd ON rs.sales_invoice = rsd.sales_details_invoice
                LEFT JOIN (
                    SELECT 
                        due_invoice_no, 
                        SUM(due_amount - due_paid_amount) AS customer_due,
                        SUM(due_paid_amount) AS total_due_paid
                    FROM return_customer_due
                    GROUP BY due_invoice_no
                ) rcd ON rs.sales_invoice = rcd.due_invoice_no
                LEFT JOIN customer c ON c.customer_id = rs.customer_type AND rs.customer_type REGEXP \'^[0-9]+\'
            ', 0)
 2 SYSTEMPATH\Database\BaseConnection.php(729): CodeIgniter\Database\MySQLi\Connection->execute(' SELECT 
                    rs.sales_invoice,
                    rs.sales_date,
                    rsd.total_sale,
                    rsd.product_vat,
                    rs.discount_on_all,
                    rs.other_charge_on_all,
                    rs.paid_amount,
                    IFNULL(rcd.customer_due, 0) AS customer_due,
                    IFNULL(rcd.total_due_paid, 0) AS due_paid_amount,
                    (rs.paid_amount + IFNULL(rcd.total_due_paid, 0)) AS total_paid,
                    rs.due_amount,
                    CASE 
                        WHEN rs.customer_type REGEXP \'^[0-9]+$\' THEN c.cus_first_name
                        ELSE rs.customer_type
                    END AS customer_name,
                    CASE
                        WHEN rs.customer_type = \'Walk-In-Customer\' THEN \'Fully Paid\'
                        WHEN IFNULL(rcd.customer_due, 0) = 0 THEN \'Fully Paid\'
                        ELSE \'Partially Paid\'
                    END AS payment_status
                FROM return_sales rs
                JOIN (
                    SELECT 
                        sales_details_invoice, 
                        SUM(total_sale_price) AS total_sale, 
                        SUM(productwiseVatPercnt) AS productwiseVatPercnt
                    FROM return_sales_details
                    GROUP BY sales_details_invoice
                ) rsd ON rs.sales_invoice = rsd.sales_details_invoice
                LEFT JOIN (
                    SELECT 
                        due_invoice_no, 
                        SUM(due_amount - due_paid_amount) AS customer_due,
                        SUM(due_paid_amount) AS total_due_paid
                    FROM return_customer_due
                    GROUP BY due_invoice_no
                ) rcd ON rs.sales_invoice = rcd.due_invoice_no
                LEFT JOIN customer c ON c.customer_id = rs.customer_type AND rs.customer_type REGEXP \'^[0-9]+\'
            ')
 3 SYSTEMPATH\Database\BaseConnection.php(646): CodeIgniter\Database\BaseConnection->simpleQuery(' SELECT 
                    rs.sales_invoice,
                    rs.sales_date,
                    rsd.total_sale,
                    rsd.product_vat,
                    rs.discount_on_all,
                    rs.other_charge_on_all,
                    rs.paid_amount,
                    IFNULL(rcd.customer_due, 0) AS customer_due,
                    IFNULL(rcd.total_due_paid, 0) AS due_paid_amount,
                    (rs.paid_amount + IFNULL(rcd.total_due_paid, 0)) AS total_paid,
                    rs.due_amount,
                    CASE 
                        WHEN rs.customer_type REGEXP \'^[0-9]+$\' THEN c.cus_first_name
                        ELSE rs.customer_type
                    END AS customer_name,
                    CASE
                        WHEN rs.customer_type = \'Walk-In-Customer\' THEN \'Fully Paid\'
                        WHEN IFNULL(rcd.customer_due, 0) = 0 THEN \'Fully Paid\'
                        ELSE \'Partially Paid\'
                    END AS payment_status
                FROM return_sales rs
                JOIN (
                    SELECT 
                        sales_details_invoice, 
                        SUM(total_sale_price) AS total_sale, 
                        SUM(productwiseVatPercnt) AS productwiseVatPercnt
                    FROM return_sales_details
                    GROUP BY sales_details_invoice
                ) rsd ON rs.sales_invoice = rsd.sales_details_invoice
                LEFT JOIN (
                    SELECT 
                        due_invoice_no, 
                        SUM(due_amount - due_paid_amount) AS customer_due,
                        SUM(due_paid_amount) AS total_due_paid
                    FROM return_customer_due
                    GROUP BY due_invoice_no
                ) rcd ON rs.sales_invoice = rcd.due_invoice_no
                LEFT JOIN customer c ON c.customer_id = rs.customer_type AND rs.customer_type REGEXP \'^[0-9]+\'
            ')
 4 APPPATH\Controllers\salereturnlist.php(113): CodeIgniter\Database\BaseConnection->query(' SELECT 
                    rs.sales_invoice,
                    rs.sales_date,
                    rsd.total_sale,
                    rsd.product_vat,
                    rs.discount_on_all,
                    rs.other_charge_on_all,
                    rs.paid_amount,
                    IFNULL(rcd.customer_due, 0) AS customer_due,
                    IFNULL(rcd.total_due_paid, 0) AS due_paid_amount,
                    (rs.paid_amount + IFNULL(rcd.total_due_paid, 0)) AS total_paid,
                    rs.due_amount,
                    CASE 
                        WHEN rs.customer_type REGEXP \'^[0-9]+$\' THEN c.cus_first_name
                        ELSE rs.customer_type
                    END AS customer_name,
                    CASE
                        WHEN rs.customer_type = \'Walk-In-Customer\' THEN \'Fully Paid\'
                        WHEN IFNULL(rcd.customer_due, 0) = 0 THEN \'Fully Paid\'
                        ELSE \'Partially Paid\'
                    END AS payment_status
                FROM return_sales rs
                JOIN (
                    SELECT 
                        sales_details_invoice, 
                        SUM(total_sale_price) AS total_sale, 
                        SUM(productwiseVatPercnt) AS productwiseVatPercnt
                    FROM return_sales_details
                    GROUP BY sales_details_invoice
                ) rsd ON rs.sales_invoice = rsd.sales_details_invoice
                LEFT JOIN (
                    SELECT 
                        due_invoice_no, 
                        SUM(due_amount - due_paid_amount) AS customer_due,
                        SUM(due_paid_amount) AS total_due_paid
                    FROM return_customer_due
                    GROUP BY due_invoice_no
                ) rcd ON rs.sales_invoice = rcd.due_invoice_no
                LEFT JOIN customer c ON c.customer_id = rs.customer_type AND rs.customer_type REGEXP \'^[0-9]+\'
            ')
 5 SYSTEMPATH\CodeIgniter.php(933): App\Controllers\salereturnlist->saleReturnListShow()
 6 SYSTEMPATH\CodeIgniter.php(507): CodeIgniter\CodeIgniter->runController(Object(App\Controllers\salereturnlist))
 7 SYSTEMPATH\CodeIgniter.php(354): CodeIgniter\CodeIgniter->handleRequest(null, Object(Config\Cache), false)
 8 SYSTEMPATH\Boot.php(363): CodeIgniter\CodeIgniter->run()
 9 SYSTEMPATH\Boot.php(68): CodeIgniter\Boot::runCodeIgniter(Object(CodeIgniter\CodeIgniter))
10 FCPATH\index.php(59): CodeIgniter\Boot::bootWeb(Object(Config\Paths))
DEBUG - 2026-07-08 08:43:19 --> Session: Class initialized using 'CodeIgniter\Session\Handlers\FileHandler' driver.
ERROR - 2026-07-08 08:43:21 --> mysqli_sql_exception: Unknown column 'productwiseVatPercnt' in 'field list' in C:\laragon\www\pharmacy-project\system\Database\MySQLi\Connection.php:327
Stack trace:
#0 C:\laragon\www\pharmacy-project\system\Database\MySQLi\Connection.php(327): mysqli->query(' SELECT \r\n     ...', 0)
#1 C:\laragon\www\pharmacy-project\system\Database\BaseConnection.php(729): CodeIgniter\Database\MySQLi\Connection->execute(' SELECT \r\n     ...')
#2 C:\laragon\www\pharmacy-project\system\Database\BaseConnection.php(646): CodeIgniter\Database\BaseConnection->simpleQuery(' SELECT \r\n     ...')
#3 C:\laragon\www\pharmacy-project\app\Controllers\salereturnlist.php(65): CodeIgniter\Database\BaseConnection->query(' SELECT \r\n     ...')
#4 C:\laragon\www\pharmacy-project\system\CodeIgniter.php(933): App\Controllers\salereturnlist->index()
#5 C:\laragon\www\pharmacy-project\system\CodeIgniter.php(507): CodeIgniter\CodeIgniter->runController(Object(App\Controllers\salereturnlist))
#6 C:\laragon\www\pharmacy-project\system\CodeIgniter.php(354): CodeIgniter\CodeIgniter->handleRequest(NULL, Object(Config\Cache), false)
#7 C:\laragon\www\pharmacy-project\system\Boot.php(363): CodeIgniter\CodeIgniter->run()
#8 C:\laragon\www\pharmacy-project\system\Boot.php(68): CodeIgniter\Boot::runCodeIgniter(Object(CodeIgniter\CodeIgniter))
#9 C:\laragon\www\pharmacy-project\index.php(59): CodeIgniter\Boot::bootWeb(Object(Config\Paths))
#10 {main}
CRITICAL - 2026-07-08 08:43:21 --> CodeIgniter\Database\Exceptions\DatabaseException: Unknown column 'productwiseVatPercnt' in 'field list'
[Method: GET, Route: salereturnlist]
in SYSTEMPATH\Database\BaseConnection.php on line 684.
 1 APPPATH\Controllers\salereturnlist.php(65): CodeIgniter\Database\BaseConnection->query(' SELECT 
                    s.sales_invoice,
                    s.sales_date,
                    sd.total_sale,
                    sd.productwiseVatPercnt,
                    s.discountOnTotalPrice,
                    s.vatOnTotalPrice,
                    s.paid_amount,
                    IFNULL(cd.customer_due, 0) AS customer_due,
                    IFNULL(cd.total_due_paid, 0) AS due_paid_amount,
                    (s.paid_amount + IFNULL(cd.total_due_paid, 0)) AS total_paid,
                    s.due_amount,
                    CASE 
                        WHEN s.customer_type REGEXP \'^[0-9]+$\' THEN c.cus_first_name
                        ELSE s.customer_type
                    END AS customer_name,
                    CASE
                        WHEN s.customer_type = \'Walk-In-Customer\' THEN \'Fully Paid\'
                        WHEN IFNULL(cd.customer_due, 0) = 0 THEN \'Fully Paid\'
                        ELSE \'Partially Paid\'
                    END AS payment_status
                FROM sales s
                
                JOIN (
                    SELECT 
                        sales_details_invoice, 
                        SUM(total_sale_price) AS total_sale, 
                        SUM(productwiseVatPercnt) AS productwiseVatPercnt
                    FROM sales_details
                    GROUP BY sales_details_invoice
                ) sd ON s.sales_invoice = sd.sales_details_invoice
                LEFT JOIN (
                    SELECT 
                        due_invoice_no, 
                        SUM(due_amount - due_paid_amount) AS customer_due,
                        SUM(due_paid_amount) AS total_due_paid
                    FROM customer_due
                    GROUP BY due_invoice_no
                ) cd ON s.sales_invoice = cd.due_invoice_no
                LEFT JOIN customer c ON c.customer_id = s.customer_type AND s.customer_type REGEXP \'^[0-9]+\'
           where s.return_status != \'FULL\'
            ')
 2 SYSTEMPATH\CodeIgniter.php(933): App\Controllers\salereturnlist->index()
 3 SYSTEMPATH\CodeIgniter.php(507): CodeIgniter\CodeIgniter->runController(Object(App\Controllers\salereturnlist))
 4 SYSTEMPATH\CodeIgniter.php(354): CodeIgniter\CodeIgniter->handleRequest(null, Object(Config\Cache), false)
 5 SYSTEMPATH\Boot.php(363): CodeIgniter\CodeIgniter->run()
 6 SYSTEMPATH\Boot.php(68): CodeIgniter\Boot::runCodeIgniter(Object(CodeIgniter\CodeIgniter))
 7 FCPATH\index.php(59): CodeIgniter\Boot::bootWeb(Object(Config\Paths))
CRITICAL - 2026-07-08 08:43:21 --> [Caused by] CodeIgniter\Database\Exceptions\DatabaseException: Unknown column 'productwiseVatPercnt' in 'field list'
in SYSTEMPATH\Database\MySQLi\Connection.php on line 332.
 1 SYSTEMPATH\Database\BaseConnection.php(729): CodeIgniter\Database\MySQLi\Connection->execute(' SELECT 
                    s.sales_invoice,
                    s.sales_date,
                    sd.total_sale,
                    sd.productwiseVatPercnt,
                    s.discountOnTotalPrice,
                    s.vatOnTotalPrice,
                    s.paid_amount,
                    IFNULL(cd.customer_due, 0) AS customer_due,
                    IFNULL(cd.total_due_paid, 0) AS due_paid_amount,
                    (s.paid_amount + IFNULL(cd.total_due_paid, 0)) AS total_paid,
                    s.due_amount,
                    CASE 
                        WHEN s.customer_type REGEXP \'^[0-9]+$\' THEN c.cus_first_name
                        ELSE s.customer_type
                    END AS customer_name,
                    CASE
                        WHEN s.customer_type = \'Walk-In-Customer\' THEN \'Fully Paid\'
                        WHEN IFNULL(cd.customer_due, 0) = 0 THEN \'Fully Paid\'
                        ELSE \'Partially Paid\'
                    END AS payment_status
                FROM sales s
                
                JOIN (
                    SELECT 
                        sales_details_invoice, 
                        SUM(total_sale_price) AS total_sale, 
                        SUM(productwiseVatPercnt) AS productwiseVatPercnt
                    FROM sales_details
                    GROUP BY sales_details_invoice
                ) sd ON s.sales_invoice = sd.sales_details_invoice
                LEFT JOIN (
                    SELECT 
                        due_invoice_no, 
                        SUM(due_amount - due_paid_amount) AS customer_due,
                        SUM(due_paid_amount) AS total_due_paid
                    FROM customer_due
                    GROUP BY due_invoice_no
                ) cd ON s.sales_invoice = cd.due_invoice_no
                LEFT JOIN customer c ON c.customer_id = s.customer_type AND s.customer_type REGEXP \'^[0-9]+\'
           where s.return_status != \'FULL\'
            ')
 2 SYSTEMPATH\Database\BaseConnection.php(646): CodeIgniter\Database\BaseConnection->simpleQuery(' SELECT 
                    s.sales_invoice,
                    s.sales_date,
                    sd.total_sale,
                    sd.productwiseVatPercnt,
                    s.discountOnTotalPrice,
                    s.vatOnTotalPrice,
                    s.paid_amount,
                    IFNULL(cd.customer_due, 0) AS customer_due,
                    IFNULL(cd.total_due_paid, 0) AS due_paid_amount,
                    (s.paid_amount + IFNULL(cd.total_due_paid, 0)) AS total_paid,
                    s.due_amount,
                    CASE 
                        WHEN s.customer_type REGEXP \'^[0-9]+$\' THEN c.cus_first_name
                        ELSE s.customer_type
                    END AS customer_name,
                    CASE
                        WHEN s.customer_type = \'Walk-In-Customer\' THEN \'Fully Paid\'
                        WHEN IFNULL(cd.customer_due, 0) = 0 THEN \'Fully Paid\'
                        ELSE \'Partially Paid\'
                    END AS payment_status
                FROM sales s
                
                JOIN (
                    SELECT 
                        sales_details_invoice, 
                        SUM(total_sale_price) AS total_sale, 
                        SUM(productwiseVatPercnt) AS productwiseVatPercnt
                    FROM sales_details
                    GROUP BY sales_details_invoice
                ) sd ON s.sales_invoice = sd.sales_details_invoice
                LEFT JOIN (
                    SELECT 
                        due_invoice_no, 
                        SUM(due_amount - due_paid_amount) AS customer_due,
                        SUM(due_paid_amount) AS total_due_paid
                    FROM customer_due
                    GROUP BY due_invoice_no
                ) cd ON s.sales_invoice = cd.due_invoice_no
                LEFT JOIN customer c ON c.customer_id = s.customer_type AND s.customer_type REGEXP \'^[0-9]+\'
           where s.return_status != \'FULL\'
            ')
 3 APPPATH\Controllers\salereturnlist.php(65): CodeIgniter\Database\BaseConnection->query(' SELECT 
                    s.sales_invoice,
                    s.sales_date,
                    sd.total_sale,
                    sd.productwiseVatPercnt,
                    s.discountOnTotalPrice,
                    s.vatOnTotalPrice,
                    s.paid_amount,
                    IFNULL(cd.customer_due, 0) AS customer_due,
                    IFNULL(cd.total_due_paid, 0) AS due_paid_amount,
                    (s.paid_amount + IFNULL(cd.total_due_paid, 0)) AS total_paid,
                    s.due_amount,
                    CASE 
                        WHEN s.customer_type REGEXP \'^[0-9]+$\' THEN c.cus_first_name
                        ELSE s.customer_type
                    END AS customer_name,
                    CASE
                        WHEN s.customer_type = \'Walk-In-Customer\' THEN \'Fully Paid\'
                        WHEN IFNULL(cd.customer_due, 0) = 0 THEN \'Fully Paid\'
                        ELSE \'Partially Paid\'
                    END AS payment_status
                FROM sales s
                
                JOIN (
                    SELECT 
                        sales_details_invoice, 
                        SUM(total_sale_price) AS total_sale, 
                        SUM(productwiseVatPercnt) AS productwiseVatPercnt
                    FROM sales_details
                    GROUP BY sales_details_invoice
                ) sd ON s.sales_invoice = sd.sales_details_invoice
                LEFT JOIN (
                    SELECT 
                        due_invoice_no, 
                        SUM(due_amount - due_paid_amount) AS customer_due,
                        SUM(due_paid_amount) AS total_due_paid
                    FROM customer_due
                    GROUP BY due_invoice_no
                ) cd ON s.sales_invoice = cd.due_invoice_no
                LEFT JOIN customer c ON c.customer_id = s.customer_type AND s.customer_type REGEXP \'^[0-9]+\'
           where s.return_status != \'FULL\'
            ')
 4 SYSTEMPATH\CodeIgniter.php(933): App\Controllers\salereturnlist->index()
 5 SYSTEMPATH\CodeIgniter.php(507): CodeIgniter\CodeIgniter->runController(Object(App\Controllers\salereturnlist))
 6 SYSTEMPATH\CodeIgniter.php(354): CodeIgniter\CodeIgniter->handleRequest(null, Object(Config\Cache), false)
 7 SYSTEMPATH\Boot.php(363): CodeIgniter\CodeIgniter->run()
 8 SYSTEMPATH\Boot.php(68): CodeIgniter\Boot::runCodeIgniter(Object(CodeIgniter\CodeIgniter))
 9 FCPATH\index.php(59): CodeIgniter\Boot::bootWeb(Object(Config\Paths))
CRITICAL - 2026-07-08 08:43:21 --> [Caused by] mysqli_sql_exception: Unknown column 'productwiseVatPercnt' in 'field list'
in SYSTEMPATH\Database\MySQLi\Connection.php on line 327.
 1 SYSTEMPATH\Database\MySQLi\Connection.php(327): mysqli->query(' SELECT 
                    s.sales_invoice,
                    s.sales_date,
                    sd.total_sale,
                    sd.productwiseVatPercnt,
                    s.discountOnTotalPrice,
                    s.vatOnTotalPrice,
                    s.paid_amount,
                    IFNULL(cd.customer_due, 0) AS customer_due,
                    IFNULL(cd.total_due_paid, 0) AS due_paid_amount,
                    (s.paid_amount + IFNULL(cd.total_due_paid, 0)) AS total_paid,
                    s.due_amount,
                    CASE 
                        WHEN s.customer_type REGEXP \'^[0-9]+$\' THEN c.cus_first_name
                        ELSE s.customer_type
                    END AS customer_name,
                    CASE
                        WHEN s.customer_type = \'Walk-In-Customer\' THEN \'Fully Paid\'
                        WHEN IFNULL(cd.customer_due, 0) = 0 THEN \'Fully Paid\'
                        ELSE \'Partially Paid\'
                    END AS payment_status
                FROM sales s
                
                JOIN (
                    SELECT 
                        sales_details_invoice, 
                        SUM(total_sale_price) AS total_sale, 
                        SUM(productwiseVatPercnt) AS productwiseVatPercnt
                    FROM sales_details
                    GROUP BY sales_details_invoice
                ) sd ON s.sales_invoice = sd.sales_details_invoice
                LEFT JOIN (
                    SELECT 
                        due_invoice_no, 
                        SUM(due_amount - due_paid_amount) AS customer_due,
                        SUM(due_paid_amount) AS total_due_paid
                    FROM customer_due
                    GROUP BY due_invoice_no
                ) cd ON s.sales_invoice = cd.due_invoice_no
                LEFT JOIN customer c ON c.customer_id = s.customer_type AND s.customer_type REGEXP \'^[0-9]+\'
           where s.return_status != \'FULL\'
            ', 0)
 2 SYSTEMPATH\Database\BaseConnection.php(729): CodeIgniter\Database\MySQLi\Connection->execute(' SELECT 
                    s.sales_invoice,
                    s.sales_date,
                    sd.total_sale,
                    sd.productwiseVatPercnt,
                    s.discountOnTotalPrice,
                    s.vatOnTotalPrice,
                    s.paid_amount,
                    IFNULL(cd.customer_due, 0) AS customer_due,
                    IFNULL(cd.total_due_paid, 0) AS due_paid_amount,
                    (s.paid_amount + IFNULL(cd.total_due_paid, 0)) AS total_paid,
                    s.due_amount,
                    CASE 
                        WHEN s.customer_type REGEXP \'^[0-9]+$\' THEN c.cus_first_name
                        ELSE s.customer_type
                    END AS customer_name,
                    CASE
                        WHEN s.customer_type = \'Walk-In-Customer\' THEN \'Fully Paid\'
                        WHEN IFNULL(cd.customer_due, 0) = 0 THEN \'Fully Paid\'
                        ELSE \'Partially Paid\'
                    END AS payment_status
                FROM sales s
                
                JOIN (
                    SELECT 
                        sales_details_invoice, 
                        SUM(total_sale_price) AS total_sale, 
                        SUM(productwiseVatPercnt) AS productwiseVatPercnt
                    FROM sales_details
                    GROUP BY sales_details_invoice
                ) sd ON s.sales_invoice = sd.sales_details_invoice
                LEFT JOIN (
                    SELECT 
                        due_invoice_no, 
                        SUM(due_amount - due_paid_amount) AS customer_due,
                        SUM(due_paid_amount) AS total_due_paid
                    FROM customer_due
                    GROUP BY due_invoice_no
                ) cd ON s.sales_invoice = cd.due_invoice_no
                LEFT JOIN customer c ON c.customer_id = s.customer_type AND s.customer_type REGEXP \'^[0-9]+\'
           where s.return_status != \'FULL\'
            ')
 3 SYSTEMPATH\Database\BaseConnection.php(646): CodeIgniter\Database\BaseConnection->simpleQuery(' SELECT 
                    s.sales_invoice,
                    s.sales_date,
                    sd.total_sale,
                    sd.productwiseVatPercnt,
                    s.discountOnTotalPrice,
                    s.vatOnTotalPrice,
                    s.paid_amount,
                    IFNULL(cd.customer_due, 0) AS customer_due,
                    IFNULL(cd.total_due_paid, 0) AS due_paid_amount,
                    (s.paid_amount + IFNULL(cd.total_due_paid, 0)) AS total_paid,
                    s.due_amount,
                    CASE 
                        WHEN s.customer_type REGEXP \'^[0-9]+$\' THEN c.cus_first_name
                        ELSE s.customer_type
                    END AS customer_name,
                    CASE
                        WHEN s.customer_type = \'Walk-In-Customer\' THEN \'Fully Paid\'
                        WHEN IFNULL(cd.customer_due, 0) = 0 THEN \'Fully Paid\'
                        ELSE \'Partially Paid\'
                    END AS payment_status
                FROM sales s
                
                JOIN (
                    SELECT 
                        sales_details_invoice, 
                        SUM(total_sale_price) AS total_sale, 
                        SUM(productwiseVatPercnt) AS productwiseVatPercnt
                    FROM sales_details
                    GROUP BY sales_details_invoice
                ) sd ON s.sales_invoice = sd.sales_details_invoice
                LEFT JOIN (
                    SELECT 
                        due_invoice_no, 
                        SUM(due_amount - due_paid_amount) AS customer_due,
                        SUM(due_paid_amount) AS total_due_paid
                    FROM customer_due
                    GROUP BY due_invoice_no
                ) cd ON s.sales_invoice = cd.due_invoice_no
                LEFT JOIN customer c ON c.customer_id = s.customer_type AND s.customer_type REGEXP \'^[0-9]+\'
           where s.return_status != \'FULL\'
            ')
 4 APPPATH\Controllers\salereturnlist.php(65): CodeIgniter\Database\BaseConnection->query(' SELECT 
                    s.sales_invoice,
                    s.sales_date,
                    sd.total_sale,
                    sd.productwiseVatPercnt,
                    s.discountOnTotalPrice,
                    s.vatOnTotalPrice,
                    s.paid_amount,
                    IFNULL(cd.customer_due, 0) AS customer_due,
                    IFNULL(cd.total_due_paid, 0) AS due_paid_amount,
                    (s.paid_amount + IFNULL(cd.total_due_paid, 0)) AS total_paid,
                    s.due_amount,
                    CASE 
                        WHEN s.customer_type REGEXP \'^[0-9]+$\' THEN c.cus_first_name
                        ELSE s.customer_type
                    END AS customer_name,
                    CASE
                        WHEN s.customer_type = \'Walk-In-Customer\' THEN \'Fully Paid\'
                        WHEN IFNULL(cd.customer_due, 0) = 0 THEN \'Fully Paid\'
                        ELSE \'Partially Paid\'
                    END AS payment_status
                FROM sales s
                
                JOIN (
                    SELECT 
                        sales_details_invoice, 
                        SUM(total_sale_price) AS total_sale, 
                        SUM(productwiseVatPercnt) AS productwiseVatPercnt
                    FROM sales_details
                    GROUP BY sales_details_invoice
                ) sd ON s.sales_invoice = sd.sales_details_invoice
                LEFT JOIN (
                    SELECT 
                        due_invoice_no, 
                        SUM(due_amount - due_paid_amount) AS customer_due,
                        SUM(due_paid_amount) AS total_due_paid
                    FROM customer_due
                    GROUP BY due_invoice_no
                ) cd ON s.sales_invoice = cd.due_invoice_no
                LEFT JOIN customer c ON c.customer_id = s.customer_type AND s.customer_type REGEXP \'^[0-9]+\'
           where s.return_status != \'FULL\'
            ')
 5 SYSTEMPATH\CodeIgniter.php(933): App\Controllers\salereturnlist->index()
 6 SYSTEMPATH\CodeIgniter.php(507): CodeIgniter\CodeIgniter->runController(Object(App\Controllers\salereturnlist))
 7 SYSTEMPATH\CodeIgniter.php(354): CodeIgniter\CodeIgniter->handleRequest(null, Object(Config\Cache), false)
 8 SYSTEMPATH\Boot.php(363): CodeIgniter\CodeIgniter->run()
 9 SYSTEMPATH\Boot.php(68): CodeIgniter\Boot::runCodeIgniter(Object(CodeIgniter\CodeIgniter))
10 FCPATH\index.php(59): CodeIgniter\Boot::bootWeb(Object(Config\Paths))
DEBUG - 2026-07-08 08:43:24 --> Session: Class initialized using 'CodeIgniter\Session\Handlers\FileHandler' driver.
ERROR - 2026-07-08 08:43:28 --> mysqli_sql_exception: Unknown column 'productwiseVatPercnt' in 'field list' in C:\laragon\www\pharmacy-project\system\Database\MySQLi\Connection.php:327
Stack trace:
#0 C:\laragon\www\pharmacy-project\system\Database\MySQLi\Connection.php(327): mysqli->query(' SELECT \r\n     ...', 0)
#1 C:\laragon\www\pharmacy-project\system\Database\BaseConnection.php(729): CodeIgniter\Database\MySQLi\Connection->execute(' SELECT \r\n     ...')
#2 C:\laragon\www\pharmacy-project\system\Database\BaseConnection.php(646): CodeIgniter\Database\BaseConnection->simpleQuery(' SELECT \r\n     ...')
#3 C:\laragon\www\pharmacy-project\app\Controllers\salereturnlist.php(65): CodeIgniter\Database\BaseConnection->query(' SELECT \r\n     ...')
#4 C:\laragon\www\pharmacy-project\system\CodeIgniter.php(933): App\Controllers\salereturnlist->index()
#5 C:\laragon\www\pharmacy-project\system\CodeIgniter.php(507): CodeIgniter\CodeIgniter->runController(Object(App\Controllers\salereturnlist))
#6 C:\laragon\www\pharmacy-project\system\CodeIgniter.php(354): CodeIgniter\CodeIgniter->handleRequest(NULL, Object(Config\Cache), false)
#7 C:\laragon\www\pharmacy-project\system\Boot.php(363): CodeIgniter\CodeIgniter->run()
#8 C:\laragon\www\pharmacy-project\system\Boot.php(68): CodeIgniter\Boot::runCodeIgniter(Object(CodeIgniter\CodeIgniter))
#9 C:\laragon\www\pharmacy-project\index.php(59): CodeIgniter\Boot::bootWeb(Object(Config\Paths))
#10 {main}
CRITICAL - 2026-07-08 08:43:28 --> CodeIgniter\Database\Exceptions\DatabaseException: Unknown column 'productwiseVatPercnt' in 'field list'
[Method: GET, Route: salereturnlist]
in SYSTEMPATH\Database\BaseConnection.php on line 684.
 1 APPPATH\Controllers\salereturnlist.php(65): CodeIgniter\Database\BaseConnection->query(' SELECT 
                    s.sales_invoice,
                    s.sales_date,
                    sd.total_sale,
                    sd.productwiseVatPercnt,
                    s.discountOnTotalPrice,
                    s.vatOnTotalPrice,
                    s.paid_amount,
                    IFNULL(cd.customer_due, 0) AS customer_due,
                    IFNULL(cd.total_due_paid, 0) AS due_paid_amount,
                    (s.paid_amount + IFNULL(cd.total_due_paid, 0)) AS total_paid,
                    s.due_amount,
                    CASE 
                        WHEN s.customer_type REGEXP \'^[0-9]+$\' THEN c.cus_first_name
                        ELSE s.customer_type
                    END AS customer_name,
                    CASE
                        WHEN s.customer_type = \'Walk-In-Customer\' THEN \'Fully Paid\'
                        WHEN IFNULL(cd.customer_due, 0) = 0 THEN \'Fully Paid\'
                        ELSE \'Partially Paid\'
                    END AS payment_status
                FROM sales s
                
                JOIN (
                    SELECT 
                        sales_details_invoice, 
                        SUM(total_sale_price) AS total_sale, 
                        SUM(productwiseVatPercnt) AS productwiseVatPercnt
                    FROM sales_details
                    GROUP BY sales_details_invoice
                ) sd ON s.sales_invoice = sd.sales_details_invoice
                LEFT JOIN (
                    SELECT 
                        due_invoice_no, 
                        SUM(due_amount - due_paid_amount) AS customer_due,
                        SUM(due_paid_amount) AS total_due_paid
                    FROM customer_due
                    GROUP BY due_invoice_no
                ) cd ON s.sales_invoice = cd.due_invoice_no
                LEFT JOIN customer c ON c.customer_id = s.customer_type AND s.customer_type REGEXP \'^[0-9]+\'
           where s.return_status != \'FULL\'
            ')
 2 SYSTEMPATH\CodeIgniter.php(933): App\Controllers\salereturnlist->index()
 3 SYSTEMPATH\CodeIgniter.php(507): CodeIgniter\CodeIgniter->runController(Object(App\Controllers\salereturnlist))
 4 SYSTEMPATH\CodeIgniter.php(354): CodeIgniter\CodeIgniter->handleRequest(null, Object(Config\Cache), false)
 5 SYSTEMPATH\Boot.php(363): CodeIgniter\CodeIgniter->run()
 6 SYSTEMPATH\Boot.php(68): CodeIgniter\Boot::runCodeIgniter(Object(CodeIgniter\CodeIgniter))
 7 FCPATH\index.php(59): CodeIgniter\Boot::bootWeb(Object(Config\Paths))
CRITICAL - 2026-07-08 08:43:28 --> [Caused by] CodeIgniter\Database\Exceptions\DatabaseException: Unknown column 'productwiseVatPercnt' in 'field list'
in SYSTEMPATH\Database\MySQLi\Connection.php on line 332.
 1 SYSTEMPATH\Database\BaseConnection.php(729): CodeIgniter\Database\MySQLi\Connection->execute(' SELECT 
                    s.sales_invoice,
                    s.sales_date,
                    sd.total_sale,
                    sd.productwiseVatPercnt,
                    s.discountOnTotalPrice,
                    s.vatOnTotalPrice,
                    s.paid_amount,
                    IFNULL(cd.customer_due, 0) AS customer_due,
                    IFNULL(cd.total_due_paid, 0) AS due_paid_amount,
                    (s.paid_amount + IFNULL(cd.total_due_paid, 0)) AS total_paid,
                    s.due_amount,
                    CASE 
                        WHEN s.customer_type REGEXP \'^[0-9]+$\' THEN c.cus_first_name
                        ELSE s.customer_type
                    END AS customer_name,
                    CASE
                        WHEN s.customer_type = \'Walk-In-Customer\' THEN \'Fully Paid\'
                        WHEN IFNULL(cd.customer_due, 0) = 0 THEN \'Fully Paid\'
                        ELSE \'Partially Paid\'
                    END AS payment_status
                FROM sales s
                
                JOIN (
                    SELECT 
                        sales_details_invoice, 
                        SUM(total_sale_price) AS total_sale, 
                        SUM(productwiseVatPercnt) AS productwiseVatPercnt
                    FROM sales_details
                    GROUP BY sales_details_invoice
                ) sd ON s.sales_invoice = sd.sales_details_invoice
                LEFT JOIN (
                    SELECT 
                        due_invoice_no, 
                        SUM(due_amount - due_paid_amount) AS customer_due,
                        SUM(due_paid_amount) AS total_due_paid
                    FROM customer_due
                    GROUP BY due_invoice_no
                ) cd ON s.sales_invoice = cd.due_invoice_no
                LEFT JOIN customer c ON c.customer_id = s.customer_type AND s.customer_type REGEXP \'^[0-9]+\'
           where s.return_status != \'FULL\'
            ')
 2 SYSTEMPATH\Database\BaseConnection.php(646): CodeIgniter\Database\BaseConnection->simpleQuery(' SELECT 
                    s.sales_invoice,
                    s.sales_date,
                    sd.total_sale,
                    sd.productwiseVatPercnt,
                    s.discountOnTotalPrice,
                    s.vatOnTotalPrice,
                    s.paid_amount,
                    IFNULL(cd.customer_due, 0) AS customer_due,
                    IFNULL(cd.total_due_paid, 0) AS due_paid_amount,
                    (s.paid_amount + IFNULL(cd.total_due_paid, 0)) AS total_paid,
                    s.due_amount,
                    CASE 
                        WHEN s.customer_type REGEXP \'^[0-9]+$\' THEN c.cus_first_name
                        ELSE s.customer_type
                    END AS customer_name,
                    CASE
                        WHEN s.customer_type = \'Walk-In-Customer\' THEN \'Fully Paid\'
                        WHEN IFNULL(cd.customer_due, 0) = 0 THEN \'Fully Paid\'
                        ELSE \'Partially Paid\'
                    END AS payment_status
                FROM sales s
                
                JOIN (
                    SELECT 
                        sales_details_invoice, 
                        SUM(total_sale_price) AS total_sale, 
                        SUM(productwiseVatPercnt) AS productwiseVatPercnt
                    FROM sales_details
                    GROUP BY sales_details_invoice
                ) sd ON s.sales_invoice = sd.sales_details_invoice
                LEFT JOIN (
                    SELECT 
                        due_invoice_no, 
                        SUM(due_amount - due_paid_amount) AS customer_due,
                        SUM(due_paid_amount) AS total_due_paid
                    FROM customer_due
                    GROUP BY due_invoice_no
                ) cd ON s.sales_invoice = cd.due_invoice_no
                LEFT JOIN customer c ON c.customer_id = s.customer_type AND s.customer_type REGEXP \'^[0-9]+\'
           where s.return_status != \'FULL\'
            ')
 3 APPPATH\Controllers\salereturnlist.php(65): CodeIgniter\Database\BaseConnection->query(' SELECT 
                    s.sales_invoice,
                    s.sales_date,
                    sd.total_sale,
                    sd.productwiseVatPercnt,
                    s.discountOnTotalPrice,
                    s.vatOnTotalPrice,
                    s.paid_amount,
                    IFNULL(cd.customer_due, 0) AS customer_due,
                    IFNULL(cd.total_due_paid, 0) AS due_paid_amount,
                    (s.paid_amount + IFNULL(cd.total_due_paid, 0)) AS total_paid,
                    s.due_amount,
                    CASE 
                        WHEN s.customer_type REGEXP \'^[0-9]+$\' THEN c.cus_first_name
                        ELSE s.customer_type
                    END AS customer_name,
                    CASE
                        WHEN s.customer_type = \'Walk-In-Customer\' THEN \'Fully Paid\'
                        WHEN IFNULL(cd.customer_due, 0) = 0 THEN \'Fully Paid\'
                        ELSE \'Partially Paid\'
                    END AS payment_status
                FROM sales s
                
                JOIN (
                    SELECT 
                        sales_details_invoice, 
                        SUM(total_sale_price) AS total_sale, 
                        SUM(productwiseVatPercnt) AS productwiseVatPercnt
                    FROM sales_details
                    GROUP BY sales_details_invoice
                ) sd ON s.sales_invoice = sd.sales_details_invoice
                LEFT JOIN (
                    SELECT 
                        due_invoice_no, 
                        SUM(due_amount - due_paid_amount) AS customer_due,
                        SUM(due_paid_amount) AS total_due_paid
                    FROM customer_due
                    GROUP BY due_invoice_no
                ) cd ON s.sales_invoice = cd.due_invoice_no
                LEFT JOIN customer c ON c.customer_id = s.customer_type AND s.customer_type REGEXP \'^[0-9]+\'
           where s.return_status != \'FULL\'
            ')
 4 SYSTEMPATH\CodeIgniter.php(933): App\Controllers\salereturnlist->index()
 5 SYSTEMPATH\CodeIgniter.php(507): CodeIgniter\CodeIgniter->runController(Object(App\Controllers\salereturnlist))
 6 SYSTEMPATH\CodeIgniter.php(354): CodeIgniter\CodeIgniter->handleRequest(null, Object(Config\Cache), false)
 7 SYSTEMPATH\Boot.php(363): CodeIgniter\CodeIgniter->run()
 8 SYSTEMPATH\Boot.php(68): CodeIgniter\Boot::runCodeIgniter(Object(CodeIgniter\CodeIgniter))
 9 FCPATH\index.php(59): CodeIgniter\Boot::bootWeb(Object(Config\Paths))
CRITICAL - 2026-07-08 08:43:28 --> [Caused by] mysqli_sql_exception: Unknown column 'productwiseVatPercnt' in 'field list'
in SYSTEMPATH\Database\MySQLi\Connection.php on line 327.
 1 SYSTEMPATH\Database\MySQLi\Connection.php(327): mysqli->query(' SELECT 
                    s.sales_invoice,
                    s.sales_date,
                    sd.total_sale,
                    sd.productwiseVatPercnt,
                    s.discountOnTotalPrice,
                    s.vatOnTotalPrice,
                    s.paid_amount,
                    IFNULL(cd.customer_due, 0) AS customer_due,
                    IFNULL(cd.total_due_paid, 0) AS due_paid_amount,
                    (s.paid_amount + IFNULL(cd.total_due_paid, 0)) AS total_paid,
                    s.due_amount,
                    CASE 
                        WHEN s.customer_type REGEXP \'^[0-9]+$\' THEN c.cus_first_name
                        ELSE s.customer_type
                    END AS customer_name,
                    CASE
                        WHEN s.customer_type = \'Walk-In-Customer\' THEN \'Fully Paid\'
                        WHEN IFNULL(cd.customer_due, 0) = 0 THEN \'Fully Paid\'
                        ELSE \'Partially Paid\'
                    END AS payment_status
                FROM sales s
                
                JOIN (
                    SELECT 
                        sales_details_invoice, 
                        SUM(total_sale_price) AS total_sale, 
                        SUM(productwiseVatPercnt) AS productwiseVatPercnt
                    FROM sales_details
                    GROUP BY sales_details_invoice
                ) sd ON s.sales_invoice = sd.sales_details_invoice
                LEFT JOIN (
                    SELECT 
                        due_invoice_no, 
                        SUM(due_amount - due_paid_amount) AS customer_due,
                        SUM(due_paid_amount) AS total_due_paid
                    FROM customer_due
                    GROUP BY due_invoice_no
                ) cd ON s.sales_invoice = cd.due_invoice_no
                LEFT JOIN customer c ON c.customer_id = s.customer_type AND s.customer_type REGEXP \'^[0-9]+\'
           where s.return_status != \'FULL\'
            ', 0)
 2 SYSTEMPATH\Database\BaseConnection.php(729): CodeIgniter\Database\MySQLi\Connection->execute(' SELECT 
                    s.sales_invoice,
                    s.sales_date,
                    sd.total_sale,
                    sd.productwiseVatPercnt,
                    s.discountOnTotalPrice,
                    s.vatOnTotalPrice,
                    s.paid_amount,
                    IFNULL(cd.customer_due, 0) AS customer_due,
                    IFNULL(cd.total_due_paid, 0) AS due_paid_amount,
                    (s.paid_amount + IFNULL(cd.total_due_paid, 0)) AS total_paid,
                    s.due_amount,
                    CASE 
                        WHEN s.customer_type REGEXP \'^[0-9]+$\' THEN c.cus_first_name
                        ELSE s.customer_type
                    END AS customer_name,
                    CASE
                        WHEN s.customer_type = \'Walk-In-Customer\' THEN \'Fully Paid\'
                        WHEN IFNULL(cd.customer_due, 0) = 0 THEN \'Fully Paid\'
                        ELSE \'Partially Paid\'
                    END AS payment_status
                FROM sales s
                
                JOIN (
                    SELECT 
                        sales_details_invoice, 
                        SUM(total_sale_price) AS total_sale, 
                        SUM(productwiseVatPercnt) AS productwiseVatPercnt
                    FROM sales_details
                    GROUP BY sales_details_invoice
                ) sd ON s.sales_invoice = sd.sales_details_invoice
                LEFT JOIN (
                    SELECT 
                        due_invoice_no, 
                        SUM(due_amount - due_paid_amount) AS customer_due,
                        SUM(due_paid_amount) AS total_due_paid
                    FROM customer_due
                    GROUP BY due_invoice_no
                ) cd ON s.sales_invoice = cd.due_invoice_no
                LEFT JOIN customer c ON c.customer_id = s.customer_type AND s.customer_type REGEXP \'^[0-9]+\'
           where s.return_status != \'FULL\'
            ')
 3 SYSTEMPATH\Database\BaseConnection.php(646): CodeIgniter\Database\BaseConnection->simpleQuery(' SELECT 
                    s.sales_invoice,
                    s.sales_date,
                    sd.total_sale,
                    sd.productwiseVatPercnt,
                    s.discountOnTotalPrice,
                    s.vatOnTotalPrice,
                    s.paid_amount,
                    IFNULL(cd.customer_due, 0) AS customer_due,
                    IFNULL(cd.total_due_paid, 0) AS due_paid_amount,
                    (s.paid_amount + IFNULL(cd.total_due_paid, 0)) AS total_paid,
                    s.due_amount,
                    CASE 
                        WHEN s.customer_type REGEXP \'^[0-9]+$\' THEN c.cus_first_name
                        ELSE s.customer_type
                    END AS customer_name,
                    CASE
                        WHEN s.customer_type = \'Walk-In-Customer\' THEN \'Fully Paid\'
                        WHEN IFNULL(cd.customer_due, 0) = 0 THEN \'Fully Paid\'
                        ELSE \'Partially Paid\'
                    END AS payment_status
                FROM sales s
                
                JOIN (
                    SELECT 
                        sales_details_invoice, 
                        SUM(total_sale_price) AS total_sale, 
                        SUM(productwiseVatPercnt) AS productwiseVatPercnt
                    FROM sales_details
                    GROUP BY sales_details_invoice
                ) sd ON s.sales_invoice = sd.sales_details_invoice
                LEFT JOIN (
                    SELECT 
                        due_invoice_no, 
                        SUM(due_amount - due_paid_amount) AS customer_due,
                        SUM(due_paid_amount) AS total_due_paid
                    FROM customer_due
                    GROUP BY due_invoice_no
                ) cd ON s.sales_invoice = cd.due_invoice_no
                LEFT JOIN customer c ON c.customer_id = s.customer_type AND s.customer_type REGEXP \'^[0-9]+\'
           where s.return_status != \'FULL\'
            ')
 4 APPPATH\Controllers\salereturnlist.php(65): CodeIgniter\Database\BaseConnection->query(' SELECT 
                    s.sales_invoice,
                    s.sales_date,
                    sd.total_sale,
                    sd.productwiseVatPercnt,
                    s.discountOnTotalPrice,
                    s.vatOnTotalPrice,
                    s.paid_amount,
                    IFNULL(cd.customer_due, 0) AS customer_due,
                    IFNULL(cd.total_due_paid, 0) AS due_paid_amount,
                    (s.paid_amount + IFNULL(cd.total_due_paid, 0)) AS total_paid,
                    s.due_amount,
                    CASE 
                        WHEN s.customer_type REGEXP \'^[0-9]+$\' THEN c.cus_first_name
                        ELSE s.customer_type
                    END AS customer_name,
                    CASE
                        WHEN s.customer_type = \'Walk-In-Customer\' THEN \'Fully Paid\'
                        WHEN IFNULL(cd.customer_due, 0) = 0 THEN \'Fully Paid\'
                        ELSE \'Partially Paid\'
                    END AS payment_status
                FROM sales s
                
                JOIN (
                    SELECT 
                        sales_details_invoice, 
                        SUM(total_sale_price) AS total_sale, 
                        SUM(productwiseVatPercnt) AS productwiseVatPercnt
                    FROM sales_details
                    GROUP BY sales_details_invoice
                ) sd ON s.sales_invoice = sd.sales_details_invoice
                LEFT JOIN (
                    SELECT 
                        due_invoice_no, 
                        SUM(due_amount - due_paid_amount) AS customer_due,
                        SUM(due_paid_amount) AS total_due_paid
                    FROM customer_due
                    GROUP BY due_invoice_no
                ) cd ON s.sales_invoice = cd.due_invoice_no
                LEFT JOIN customer c ON c.customer_id = s.customer_type AND s.customer_type REGEXP \'^[0-9]+\'
           where s.return_status != \'FULL\'
            ')
 5 SYSTEMPATH\CodeIgniter.php(933): App\Controllers\salereturnlist->index()
 6 SYSTEMPATH\CodeIgniter.php(507): CodeIgniter\CodeIgniter->runController(Object(App\Controllers\salereturnlist))
 7 SYSTEMPATH\CodeIgniter.php(354): CodeIgniter\CodeIgniter->handleRequest(null, Object(Config\Cache), false)
 8 SYSTEMPATH\Boot.php(363): CodeIgniter\CodeIgniter->run()
 9 SYSTEMPATH\Boot.php(68): CodeIgniter\Boot::runCodeIgniter(Object(CodeIgniter\CodeIgniter))
10 FCPATH\index.php(59): CodeIgniter\Boot::bootWeb(Object(Config\Paths))
DEBUG - 2026-07-08 08:46:35 --> Session: Class initialized using 'CodeIgniter\Session\Handlers\FileHandler' driver.
DEBUG - 2026-07-08 08:46:55 --> Session: Class initialized using 'CodeIgniter\Session\Handlers\FileHandler' driver.
DEBUG - 2026-07-08 08:46:58 --> Session: Class initialized using 'CodeIgniter\Session\Handlers\FileHandler' driver.
CRITICAL - 2026-07-08 08:47:27 --> ErrorException: Undefined array key "discountOnTotalPrice"
[Method: POST, Route: ReturnController/process]
in APPPATH\Controllers\ReturnController.php on line 262.
 1 APPPATH\Controllers\ReturnController.php(262): CodeIgniter\Debug\Exceptions->errorHandler(2, 'Undefined array key "discountOnTotalPrice"', 'C:\\laragon\\www\\pharmacy-project\\app\\Controllers\\ReturnController.php', 262)
 2 SYSTEMPATH\CodeIgniter.php(933): App\Controllers\ReturnController->process()
 3 SYSTEMPATH\CodeIgniter.php(507): CodeIgniter\CodeIgniter->runController(Object(App\Controllers\ReturnController))
 4 SYSTEMPATH\CodeIgniter.php(354): CodeIgniter\CodeIgniter->handleRequest(null, Object(Config\Cache), false)
 5 SYSTEMPATH\Boot.php(363): CodeIgniter\CodeIgniter->run()
 6 SYSTEMPATH\Boot.php(68): CodeIgniter\Boot::runCodeIgniter(Object(CodeIgniter\CodeIgniter))
 7 FCPATH\index.php(59): CodeIgniter\Boot::bootWeb(Object(Config\Paths))
CRITICAL - 2026-07-08 08:47:39 --> ErrorException: Undefined array key "discountOnTotalPrice"
[Method: POST, Route: ReturnController/process]
in APPPATH\Controllers\ReturnController.php on line 262.
 1 APPPATH\Controllers\ReturnController.php(262): CodeIgniter\Debug\Exceptions->errorHandler(2, 'Undefined array key "discountOnTotalPrice"', 'C:\\laragon\\www\\pharmacy-project\\app\\Controllers\\ReturnController.php', 262)
 2 SYSTEMPATH\CodeIgniter.php(933): App\Controllers\ReturnController->process()
 3 SYSTEMPATH\CodeIgniter.php(507): CodeIgniter\CodeIgniter->runController(Object(App\Controllers\ReturnController))
 4 SYSTEMPATH\CodeIgniter.php(354): CodeIgniter\CodeIgniter->handleRequest(null, Object(Config\Cache), false)
 5 SYSTEMPATH\Boot.php(363): CodeIgniter\CodeIgniter->run()
 6 SYSTEMPATH\Boot.php(68): CodeIgniter\Boot::runCodeIgniter(Object(CodeIgniter\CodeIgniter))
 7 FCPATH\index.php(59): CodeIgniter\Boot::bootWeb(Object(Config\Paths))
