DEBUG - 2026-07-12 14:35:09 --> Session: Class initialized using 'CodeIgniter\Session\Handlers\FileHandler' driver.
DEBUG - 2026-07-12 14:35:21 --> Session: Class initialized using 'CodeIgniter\Session\Handlers\FileHandler' driver.
DEBUG - 2026-07-12 14:35:22 --> Session: Class initialized using 'CodeIgniter\Session\Handlers\FileHandler' driver.
DEBUG - 2026-07-12 14:36:18 --> Session: Class initialized using 'CodeIgniter\Session\Handlers\FileHandler' driver.
DEBUG - 2026-07-12 14:37:07 --> Session: Class initialized using 'CodeIgniter\Session\Handlers\FileHandler' driver.
DEBUG - 2026-07-12 14:37:55 --> Session: Class initialized using 'CodeIgniter\Session\Handlers\FileHandler' driver.
DEBUG - 2026-07-12 15:24:23 --> Session: Class initialized using 'CodeIgniter\Session\Handlers\FileHandler' driver.
DEBUG - 2026-07-12 15:32:15 --> Session: Class initialized using 'CodeIgniter\Session\Handlers\FileHandler' driver.
DEBUG - 2026-07-12 15:32:17 --> Session: Class initialized using 'CodeIgniter\Session\Handlers\FileHandler' driver.
DEBUG - 2026-07-12 15:32:23 --> Session: Class initialized using 'CodeIgniter\Session\Handlers\FileHandler' driver.
DEBUG - 2026-07-12 15:35:37 --> Session: Class initialized using 'CodeIgniter\Session\Handlers\FileHandler' driver.
DEBUG - 2026-07-12 15:38:13 --> Session: Class initialized using 'CodeIgniter\Session\Handlers\FileHandler' driver.
DEBUG - 2026-07-12 15:38:37 --> Session: Class initialized using 'CodeIgniter\Session\Handlers\FileHandler' driver.
DEBUG - 2026-07-12 15:40:51 --> Session: Class initialized using 'CodeIgniter\Session\Handlers\FileHandler' driver.
DEBUG - 2026-07-12 15:43:34 --> Session: Class initialized using 'CodeIgniter\Session\Handlers\FileHandler' driver.
DEBUG - 2026-07-12 15:47:36 --> Session: Class initialized using 'CodeIgniter\Session\Handlers\FileHandler' driver.
DEBUG - 2026-07-12 15:50:16 --> Session: Class initialized using 'CodeIgniter\Session\Handlers\FileHandler' driver.
DEBUG - 2026-07-12 15:51:37 --> Session: Class initialized using 'CodeIgniter\Session\Handlers\FileHandler' driver.
DEBUG - 2026-07-12 15:53:53 --> Session: Class initialized using 'CodeIgniter\Session\Handlers\FileHandler' driver.
DEBUG - 2026-07-12 15:54:08 --> Session: Class initialized using 'CodeIgniter\Session\Handlers\FileHandler' driver.
DEBUG - 2026-07-12 15:54:25 --> Session: Class initialized using 'CodeIgniter\Session\Handlers\FileHandler' driver.
DEBUG - 2026-07-12 15:54:43 --> Session: Class initialized using 'CodeIgniter\Session\Handlers\FileHandler' driver.
DEBUG - 2026-07-12 15:54:46 --> Session: Class initialized using 'CodeIgniter\Session\Handlers\FileHandler' driver.
DEBUG - 2026-07-12 15:55:08 --> Session: Class initialized using 'CodeIgniter\Session\Handlers\FileHandler' driver.
DEBUG - 2026-07-12 15:55:30 --> Session: Class initialized using 'CodeIgniter\Session\Handlers\FileHandler' driver.
DEBUG - 2026-07-12 15:55:37 --> Session: Class initialized using 'CodeIgniter\Session\Handlers\FileHandler' driver.
DEBUG - 2026-07-12 15:55:47 --> Session: Class initialized using 'CodeIgniter\Session\Handlers\FileHandler' driver.
ERROR - 2026-07-12 15:56:07 --> mysqli_sql_exception: Unknown column 's.discount_on_all' in 'field list' in C:\laragon\www\pharmacy-project\system\Database\MySQLi\Connection.php:327
Stack trace:
#0 C:\laragon\www\pharmacy-project\system\Database\MySQLi\Connection.php(327): mysqli->query(' SELECT \r\n     ...', 0)
#1 C:\laragon\www\pharmacy-project\system\Database\BaseConnection.php(729): CodeIgniter\Database\MySQLi\Connection->execute(' SELECT \r\n     ...')
#2 C:\laragon\www\pharmacy-project\system\Database\BaseConnection.php(646): CodeIgniter\Database\BaseConnection->simpleQuery(' SELECT \r\n     ...')
#3 C:\laragon\www\pharmacy-project\app\Controllers\salereturnlist.php(64): CodeIgniter\Database\BaseConnection->query(' SELECT \r\n     ...')
#4 C:\laragon\www\pharmacy-project\system\CodeIgniter.php(933): App\Controllers\salereturnlist->index()
#5 C:\laragon\www\pharmacy-project\system\CodeIgniter.php(507): CodeIgniter\CodeIgniter->runController(Object(App\Controllers\salereturnlist))
#6 C:\laragon\www\pharmacy-project\system\CodeIgniter.php(354): CodeIgniter\CodeIgniter->handleRequest(NULL, Object(Config\Cache), false)
#7 C:\laragon\www\pharmacy-project\system\Boot.php(363): CodeIgniter\CodeIgniter->run()
#8 C:\laragon\www\pharmacy-project\system\Boot.php(68): CodeIgniter\Boot::runCodeIgniter(Object(CodeIgniter\CodeIgniter))
#9 C:\laragon\www\pharmacy-project\index.php(59): CodeIgniter\Boot::bootWeb(Object(Config\Paths))
#10 {main}
CRITICAL - 2026-07-12 15:56:07 --> CodeIgniter\Database\Exceptions\DatabaseException: Unknown column 's.discount_on_all' in 'field list'
[Method: GET, Route: salereturnlist]
in SYSTEMPATH\Database\BaseConnection.php on line 684.
 1 APPPATH\Controllers\salereturnlist.php(64): CodeIgniter\Database\BaseConnection->query(' SELECT 
                    s.sales_invoice,
                    s.sales_date,
                    sd.total_sale,
                    s.product_vat,
                    s.discount_on_all,
                    s.other_charge_on_all,
                    s.paid_amount,
                    IFNULL(cd.customer_due, 0) AS customer_due,
                    IFNULL(cd.total_due_paid, 0) AS due_paid_amount,
                    (s.paid_amount + IFNULL(cd.total_due_paid, 0)) AS total_paid,
                    s.due_amount,
                    CASE 
                        WHEN s.customer_type REGEXP \'^[0-9]+$\' THEN c.cus_first_name
                        ELSE s.customer_type
                    END AS customer_name,
                    CASE
                        WHEN s.customer_type = \'Walk-In-Customer\' THEN \'Fully Paid\'
                        WHEN IFNULL(cd.customer_due, 0) = 0 THEN \'Fully Paid\'
                        ELSE \'Partially Paid\'
                    END AS payment_status
                FROM sales s
                
                JOIN (
                    SELECT 
                        sales_details_invoice, 
                        SUM(total_sale_price) AS total_sale 
                    FROM sales_details
                    GROUP BY sales_details_invoice
                ) sd ON s.sales_invoice = sd.sales_details_invoice
                LEFT JOIN (
                    SELECT 
                        due_invoice_no, 
                        SUM(due_amount - due_paid_amount) AS customer_due,
                        SUM(due_paid_amount) AS total_due_paid
                    FROM customer_due
                    GROUP BY due_invoice_no
                ) cd ON s.sales_invoice = cd.due_invoice_no
                LEFT JOIN customer c ON c.customer_id = s.customer_type AND s.customer_type REGEXP \'^[0-9]+\'
           where s.return_status != \'FULL\'
            ')
 2 SYSTEMPATH\CodeIgniter.php(933): App\Controllers\salereturnlist->index()
 3 SYSTEMPATH\CodeIgniter.php(507): CodeIgniter\CodeIgniter->runController(Object(App\Controllers\salereturnlist))
 4 SYSTEMPATH\CodeIgniter.php(354): CodeIgniter\CodeIgniter->handleRequest(null, Object(Config\Cache), false)
 5 SYSTEMPATH\Boot.php(363): CodeIgniter\CodeIgniter->run()
 6 SYSTEMPATH\Boot.php(68): CodeIgniter\Boot::runCodeIgniter(Object(CodeIgniter\CodeIgniter))
 7 FCPATH\index.php(59): CodeIgniter\Boot::bootWeb(Object(Config\Paths))
CRITICAL - 2026-07-12 15:56:07 --> [Caused by] CodeIgniter\Database\Exceptions\DatabaseException: Unknown column 's.discount_on_all' in 'field list'
in SYSTEMPATH\Database\MySQLi\Connection.php on line 332.
 1 SYSTEMPATH\Database\BaseConnection.php(729): CodeIgniter\Database\MySQLi\Connection->execute(' SELECT 
                    s.sales_invoice,
                    s.sales_date,
                    sd.total_sale,
                    s.product_vat,
                    s.discount_on_all,
                    s.other_charge_on_all,
                    s.paid_amount,
                    IFNULL(cd.customer_due, 0) AS customer_due,
                    IFNULL(cd.total_due_paid, 0) AS due_paid_amount,
                    (s.paid_amount + IFNULL(cd.total_due_paid, 0)) AS total_paid,
                    s.due_amount,
                    CASE 
                        WHEN s.customer_type REGEXP \'^[0-9]+$\' THEN c.cus_first_name
                        ELSE s.customer_type
                    END AS customer_name,
                    CASE
                        WHEN s.customer_type = \'Walk-In-Customer\' THEN \'Fully Paid\'
                        WHEN IFNULL(cd.customer_due, 0) = 0 THEN \'Fully Paid\'
                        ELSE \'Partially Paid\'
                    END AS payment_status
                FROM sales s
                
                JOIN (
                    SELECT 
                        sales_details_invoice, 
                        SUM(total_sale_price) AS total_sale 
                    FROM sales_details
                    GROUP BY sales_details_invoice
                ) sd ON s.sales_invoice = sd.sales_details_invoice
                LEFT JOIN (
                    SELECT 
                        due_invoice_no, 
                        SUM(due_amount - due_paid_amount) AS customer_due,
                        SUM(due_paid_amount) AS total_due_paid
                    FROM customer_due
                    GROUP BY due_invoice_no
                ) cd ON s.sales_invoice = cd.due_invoice_no
                LEFT JOIN customer c ON c.customer_id = s.customer_type AND s.customer_type REGEXP \'^[0-9]+\'
           where s.return_status != \'FULL\'
            ')
 2 SYSTEMPATH\Database\BaseConnection.php(646): CodeIgniter\Database\BaseConnection->simpleQuery(' SELECT 
                    s.sales_invoice,
                    s.sales_date,
                    sd.total_sale,
                    s.product_vat,
                    s.discount_on_all,
                    s.other_charge_on_all,
                    s.paid_amount,
                    IFNULL(cd.customer_due, 0) AS customer_due,
                    IFNULL(cd.total_due_paid, 0) AS due_paid_amount,
                    (s.paid_amount + IFNULL(cd.total_due_paid, 0)) AS total_paid,
                    s.due_amount,
                    CASE 
                        WHEN s.customer_type REGEXP \'^[0-9]+$\' THEN c.cus_first_name
                        ELSE s.customer_type
                    END AS customer_name,
                    CASE
                        WHEN s.customer_type = \'Walk-In-Customer\' THEN \'Fully Paid\'
                        WHEN IFNULL(cd.customer_due, 0) = 0 THEN \'Fully Paid\'
                        ELSE \'Partially Paid\'
                    END AS payment_status
                FROM sales s
                
                JOIN (
                    SELECT 
                        sales_details_invoice, 
                        SUM(total_sale_price) AS total_sale 
                    FROM sales_details
                    GROUP BY sales_details_invoice
                ) sd ON s.sales_invoice = sd.sales_details_invoice
                LEFT JOIN (
                    SELECT 
                        due_invoice_no, 
                        SUM(due_amount - due_paid_amount) AS customer_due,
                        SUM(due_paid_amount) AS total_due_paid
                    FROM customer_due
                    GROUP BY due_invoice_no
                ) cd ON s.sales_invoice = cd.due_invoice_no
                LEFT JOIN customer c ON c.customer_id = s.customer_type AND s.customer_type REGEXP \'^[0-9]+\'
           where s.return_status != \'FULL\'
            ')
 3 APPPATH\Controllers\salereturnlist.php(64): CodeIgniter\Database\BaseConnection->query(' SELECT 
                    s.sales_invoice,
                    s.sales_date,
                    sd.total_sale,
                    s.product_vat,
                    s.discount_on_all,
                    s.other_charge_on_all,
                    s.paid_amount,
                    IFNULL(cd.customer_due, 0) AS customer_due,
                    IFNULL(cd.total_due_paid, 0) AS due_paid_amount,
                    (s.paid_amount + IFNULL(cd.total_due_paid, 0)) AS total_paid,
                    s.due_amount,
                    CASE 
                        WHEN s.customer_type REGEXP \'^[0-9]+$\' THEN c.cus_first_name
                        ELSE s.customer_type
                    END AS customer_name,
                    CASE
                        WHEN s.customer_type = \'Walk-In-Customer\' THEN \'Fully Paid\'
                        WHEN IFNULL(cd.customer_due, 0) = 0 THEN \'Fully Paid\'
                        ELSE \'Partially Paid\'
                    END AS payment_status
                FROM sales s
                
                JOIN (
                    SELECT 
                        sales_details_invoice, 
                        SUM(total_sale_price) AS total_sale 
                    FROM sales_details
                    GROUP BY sales_details_invoice
                ) sd ON s.sales_invoice = sd.sales_details_invoice
                LEFT JOIN (
                    SELECT 
                        due_invoice_no, 
                        SUM(due_amount - due_paid_amount) AS customer_due,
                        SUM(due_paid_amount) AS total_due_paid
                    FROM customer_due
                    GROUP BY due_invoice_no
                ) cd ON s.sales_invoice = cd.due_invoice_no
                LEFT JOIN customer c ON c.customer_id = s.customer_type AND s.customer_type REGEXP \'^[0-9]+\'
           where s.return_status != \'FULL\'
            ')
 4 SYSTEMPATH\CodeIgniter.php(933): App\Controllers\salereturnlist->index()
 5 SYSTEMPATH\CodeIgniter.php(507): CodeIgniter\CodeIgniter->runController(Object(App\Controllers\salereturnlist))
 6 SYSTEMPATH\CodeIgniter.php(354): CodeIgniter\CodeIgniter->handleRequest(null, Object(Config\Cache), false)
 7 SYSTEMPATH\Boot.php(363): CodeIgniter\CodeIgniter->run()
 8 SYSTEMPATH\Boot.php(68): CodeIgniter\Boot::runCodeIgniter(Object(CodeIgniter\CodeIgniter))
 9 FCPATH\index.php(59): CodeIgniter\Boot::bootWeb(Object(Config\Paths))
CRITICAL - 2026-07-12 15:56:07 --> [Caused by] mysqli_sql_exception: Unknown column 's.discount_on_all' in 'field list'
in SYSTEMPATH\Database\MySQLi\Connection.php on line 327.
 1 SYSTEMPATH\Database\MySQLi\Connection.php(327): mysqli->query(' SELECT 
                    s.sales_invoice,
                    s.sales_date,
                    sd.total_sale,
                    s.product_vat,
                    s.discount_on_all,
                    s.other_charge_on_all,
                    s.paid_amount,
                    IFNULL(cd.customer_due, 0) AS customer_due,
                    IFNULL(cd.total_due_paid, 0) AS due_paid_amount,
                    (s.paid_amount + IFNULL(cd.total_due_paid, 0)) AS total_paid,
                    s.due_amount,
                    CASE 
                        WHEN s.customer_type REGEXP \'^[0-9]+$\' THEN c.cus_first_name
                        ELSE s.customer_type
                    END AS customer_name,
                    CASE
                        WHEN s.customer_type = \'Walk-In-Customer\' THEN \'Fully Paid\'
                        WHEN IFNULL(cd.customer_due, 0) = 0 THEN \'Fully Paid\'
                        ELSE \'Partially Paid\'
                    END AS payment_status
                FROM sales s
                
                JOIN (
                    SELECT 
                        sales_details_invoice, 
                        SUM(total_sale_price) AS total_sale 
                    FROM sales_details
                    GROUP BY sales_details_invoice
                ) sd ON s.sales_invoice = sd.sales_details_invoice
                LEFT JOIN (
                    SELECT 
                        due_invoice_no, 
                        SUM(due_amount - due_paid_amount) AS customer_due,
                        SUM(due_paid_amount) AS total_due_paid
                    FROM customer_due
                    GROUP BY due_invoice_no
                ) cd ON s.sales_invoice = cd.due_invoice_no
                LEFT JOIN customer c ON c.customer_id = s.customer_type AND s.customer_type REGEXP \'^[0-9]+\'
           where s.return_status != \'FULL\'
            ', 0)
 2 SYSTEMPATH\Database\BaseConnection.php(729): CodeIgniter\Database\MySQLi\Connection->execute(' SELECT 
                    s.sales_invoice,
                    s.sales_date,
                    sd.total_sale,
                    s.product_vat,
                    s.discount_on_all,
                    s.other_charge_on_all,
                    s.paid_amount,
                    IFNULL(cd.customer_due, 0) AS customer_due,
                    IFNULL(cd.total_due_paid, 0) AS due_paid_amount,
                    (s.paid_amount + IFNULL(cd.total_due_paid, 0)) AS total_paid,
                    s.due_amount,
                    CASE 
                        WHEN s.customer_type REGEXP \'^[0-9]+$\' THEN c.cus_first_name
                        ELSE s.customer_type
                    END AS customer_name,
                    CASE
                        WHEN s.customer_type = \'Walk-In-Customer\' THEN \'Fully Paid\'
                        WHEN IFNULL(cd.customer_due, 0) = 0 THEN \'Fully Paid\'
                        ELSE \'Partially Paid\'
                    END AS payment_status
                FROM sales s
                
                JOIN (
                    SELECT 
                        sales_details_invoice, 
                        SUM(total_sale_price) AS total_sale 
                    FROM sales_details
                    GROUP BY sales_details_invoice
                ) sd ON s.sales_invoice = sd.sales_details_invoice
                LEFT JOIN (
                    SELECT 
                        due_invoice_no, 
                        SUM(due_amount - due_paid_amount) AS customer_due,
                        SUM(due_paid_amount) AS total_due_paid
                    FROM customer_due
                    GROUP BY due_invoice_no
                ) cd ON s.sales_invoice = cd.due_invoice_no
                LEFT JOIN customer c ON c.customer_id = s.customer_type AND s.customer_type REGEXP \'^[0-9]+\'
           where s.return_status != \'FULL\'
            ')
 3 SYSTEMPATH\Database\BaseConnection.php(646): CodeIgniter\Database\BaseConnection->simpleQuery(' SELECT 
                    s.sales_invoice,
                    s.sales_date,
                    sd.total_sale,
                    s.product_vat,
                    s.discount_on_all,
                    s.other_charge_on_all,
                    s.paid_amount,
                    IFNULL(cd.customer_due, 0) AS customer_due,
                    IFNULL(cd.total_due_paid, 0) AS due_paid_amount,
                    (s.paid_amount + IFNULL(cd.total_due_paid, 0)) AS total_paid,
                    s.due_amount,
                    CASE 
                        WHEN s.customer_type REGEXP \'^[0-9]+$\' THEN c.cus_first_name
                        ELSE s.customer_type
                    END AS customer_name,
                    CASE
                        WHEN s.customer_type = \'Walk-In-Customer\' THEN \'Fully Paid\'
                        WHEN IFNULL(cd.customer_due, 0) = 0 THEN \'Fully Paid\'
                        ELSE \'Partially Paid\'
                    END AS payment_status
                FROM sales s
                
                JOIN (
                    SELECT 
                        sales_details_invoice, 
                        SUM(total_sale_price) AS total_sale 
                    FROM sales_details
                    GROUP BY sales_details_invoice
                ) sd ON s.sales_invoice = sd.sales_details_invoice
                LEFT JOIN (
                    SELECT 
                        due_invoice_no, 
                        SUM(due_amount - due_paid_amount) AS customer_due,
                        SUM(due_paid_amount) AS total_due_paid
                    FROM customer_due
                    GROUP BY due_invoice_no
                ) cd ON s.sales_invoice = cd.due_invoice_no
                LEFT JOIN customer c ON c.customer_id = s.customer_type AND s.customer_type REGEXP \'^[0-9]+\'
           where s.return_status != \'FULL\'
            ')
 4 APPPATH\Controllers\salereturnlist.php(64): CodeIgniter\Database\BaseConnection->query(' SELECT 
                    s.sales_invoice,
                    s.sales_date,
                    sd.total_sale,
                    s.product_vat,
                    s.discount_on_all,
                    s.other_charge_on_all,
                    s.paid_amount,
                    IFNULL(cd.customer_due, 0) AS customer_due,
                    IFNULL(cd.total_due_paid, 0) AS due_paid_amount,
                    (s.paid_amount + IFNULL(cd.total_due_paid, 0)) AS total_paid,
                    s.due_amount,
                    CASE 
                        WHEN s.customer_type REGEXP \'^[0-9]+$\' THEN c.cus_first_name
                        ELSE s.customer_type
                    END AS customer_name,
                    CASE
                        WHEN s.customer_type = \'Walk-In-Customer\' THEN \'Fully Paid\'
                        WHEN IFNULL(cd.customer_due, 0) = 0 THEN \'Fully Paid\'
                        ELSE \'Partially Paid\'
                    END AS payment_status
                FROM sales s
                
                JOIN (
                    SELECT 
                        sales_details_invoice, 
                        SUM(total_sale_price) AS total_sale 
                    FROM sales_details
                    GROUP BY sales_details_invoice
                ) sd ON s.sales_invoice = sd.sales_details_invoice
                LEFT JOIN (
                    SELECT 
                        due_invoice_no, 
                        SUM(due_amount - due_paid_amount) AS customer_due,
                        SUM(due_paid_amount) AS total_due_paid
                    FROM customer_due
                    GROUP BY due_invoice_no
                ) cd ON s.sales_invoice = cd.due_invoice_no
                LEFT JOIN customer c ON c.customer_id = s.customer_type AND s.customer_type REGEXP \'^[0-9]+\'
           where s.return_status != \'FULL\'
            ')
 5 SYSTEMPATH\CodeIgniter.php(933): App\Controllers\salereturnlist->index()
 6 SYSTEMPATH\CodeIgniter.php(507): CodeIgniter\CodeIgniter->runController(Object(App\Controllers\salereturnlist))
 7 SYSTEMPATH\CodeIgniter.php(354): CodeIgniter\CodeIgniter->handleRequest(null, Object(Config\Cache), false)
 8 SYSTEMPATH\Boot.php(363): CodeIgniter\CodeIgniter->run()
 9 SYSTEMPATH\Boot.php(68): CodeIgniter\Boot::runCodeIgniter(Object(CodeIgniter\CodeIgniter))
10 FCPATH\index.php(59): CodeIgniter\Boot::bootWeb(Object(Config\Paths))
DEBUG - 2026-07-12 15:56:17 --> Session: Class initialized using 'CodeIgniter\Session\Handlers\FileHandler' driver.
ERROR - 2026-07-12 15:56:25 --> mysqli_sql_exception: Unknown column 'productwiseVatPercnt' in 'field list' in C:\laragon\www\pharmacy-project\system\Database\MySQLi\Connection.php:327
Stack trace:
#0 C:\laragon\www\pharmacy-project\system\Database\MySQLi\Connection.php(327): mysqli->query(' SELECT \r\n     ...', 0)
#1 C:\laragon\www\pharmacy-project\system\Database\BaseConnection.php(729): CodeIgniter\Database\MySQLi\Connection->execute(' SELECT \r\n     ...')
#2 C:\laragon\www\pharmacy-project\system\Database\BaseConnection.php(646): CodeIgniter\Database\BaseConnection->simpleQuery(' SELECT \r\n     ...')
#3 C:\laragon\www\pharmacy-project\app\Controllers\salereturnlist.php(112): CodeIgniter\Database\BaseConnection->query(' SELECT \r\n     ...')
#4 C:\laragon\www\pharmacy-project\system\CodeIgniter.php(933): App\Controllers\salereturnlist->saleReturnListShow()
#5 C:\laragon\www\pharmacy-project\system\CodeIgniter.php(507): CodeIgniter\CodeIgniter->runController(Object(App\Controllers\salereturnlist))
#6 C:\laragon\www\pharmacy-project\system\CodeIgniter.php(354): CodeIgniter\CodeIgniter->handleRequest(NULL, Object(Config\Cache), false)
#7 C:\laragon\www\pharmacy-project\system\Boot.php(363): CodeIgniter\CodeIgniter->run()
#8 C:\laragon\www\pharmacy-project\system\Boot.php(68): CodeIgniter\Boot::runCodeIgniter(Object(CodeIgniter\CodeIgniter))
#9 C:\laragon\www\pharmacy-project\index.php(59): CodeIgniter\Boot::bootWeb(Object(Config\Paths))
#10 {main}
CRITICAL - 2026-07-12 15:56:25 --> CodeIgniter\Database\Exceptions\DatabaseException: Unknown column 'productwiseVatPercnt' in 'field list'
[Method: GET, Route: salereturnlistshow]
in SYSTEMPATH\Database\BaseConnection.php on line 684.
 1 APPPATH\Controllers\salereturnlist.php(112): CodeIgniter\Database\BaseConnection->query(' SELECT 
                    rs.sales_invoice,
                    rs.sales_date,
                    rsd.total_sale,
                    rsd.product_vat,
                    rs.discount_on_all,
                    rs.other_charge_on_all,
                    rs.paid_amount,
                    IFNULL(rcd.customer_due, 0) AS customer_due,
                    IFNULL(rcd.total_due_paid, 0) AS due_paid_amount,
                    (rs.paid_amount + IFNULL(rcd.total_due_paid, 0)) AS total_paid,
                    rs.due_amount,
                    CASE 
                        WHEN rs.customer_type REGEXP \'^[0-9]+$\' THEN c.cus_first_name
                        ELSE rs.customer_type
                    END AS customer_name,
                    CASE
                        WHEN rs.customer_type = \'Walk-In-Customer\' THEN \'Fully Paid\'
                        WHEN IFNULL(rcd.customer_due, 0) = 0 THEN \'Fully Paid\'
                        ELSE \'Partially Paid\'
                    END AS payment_status
                FROM return_sales rs
                JOIN (
                    SELECT 
                        sales_details_invoice, 
                        SUM(total_sale_price) AS total_sale, 
                        SUM(productwiseVatPercnt) AS productwiseVatPercnt
                    FROM return_sales_details
                    GROUP BY sales_details_invoice
                ) rsd ON rs.sales_invoice = rsd.sales_details_invoice
                LEFT JOIN (
                    SELECT 
                        due_invoice_no, 
                        SUM(due_amount - due_paid_amount) AS customer_due,
                        SUM(due_paid_amount) AS total_due_paid
                    FROM return_customer_due
                    GROUP BY due_invoice_no
                ) rcd ON rs.sales_invoice = rcd.due_invoice_no
                LEFT JOIN customer c ON c.customer_id = rs.customer_type AND rs.customer_type REGEXP \'^[0-9]+\'
            ')
 2 SYSTEMPATH\CodeIgniter.php(933): App\Controllers\salereturnlist->saleReturnListShow()
 3 SYSTEMPATH\CodeIgniter.php(507): CodeIgniter\CodeIgniter->runController(Object(App\Controllers\salereturnlist))
 4 SYSTEMPATH\CodeIgniter.php(354): CodeIgniter\CodeIgniter->handleRequest(null, Object(Config\Cache), false)
 5 SYSTEMPATH\Boot.php(363): CodeIgniter\CodeIgniter->run()
 6 SYSTEMPATH\Boot.php(68): CodeIgniter\Boot::runCodeIgniter(Object(CodeIgniter\CodeIgniter))
 7 FCPATH\index.php(59): CodeIgniter\Boot::bootWeb(Object(Config\Paths))
CRITICAL - 2026-07-12 15:56:25 --> [Caused by] CodeIgniter\Database\Exceptions\DatabaseException: Unknown column 'productwiseVatPercnt' in 'field list'
in SYSTEMPATH\Database\MySQLi\Connection.php on line 332.
 1 SYSTEMPATH\Database\BaseConnection.php(729): CodeIgniter\Database\MySQLi\Connection->execute(' SELECT 
                    rs.sales_invoice,
                    rs.sales_date,
                    rsd.total_sale,
                    rsd.product_vat,
                    rs.discount_on_all,
                    rs.other_charge_on_all,
                    rs.paid_amount,
                    IFNULL(rcd.customer_due, 0) AS customer_due,
                    IFNULL(rcd.total_due_paid, 0) AS due_paid_amount,
                    (rs.paid_amount + IFNULL(rcd.total_due_paid, 0)) AS total_paid,
                    rs.due_amount,
                    CASE 
                        WHEN rs.customer_type REGEXP \'^[0-9]+$\' THEN c.cus_first_name
                        ELSE rs.customer_type
                    END AS customer_name,
                    CASE
                        WHEN rs.customer_type = \'Walk-In-Customer\' THEN \'Fully Paid\'
                        WHEN IFNULL(rcd.customer_due, 0) = 0 THEN \'Fully Paid\'
                        ELSE \'Partially Paid\'
                    END AS payment_status
                FROM return_sales rs
                JOIN (
                    SELECT 
                        sales_details_invoice, 
                        SUM(total_sale_price) AS total_sale, 
                        SUM(productwiseVatPercnt) AS productwiseVatPercnt
                    FROM return_sales_details
                    GROUP BY sales_details_invoice
                ) rsd ON rs.sales_invoice = rsd.sales_details_invoice
                LEFT JOIN (
                    SELECT 
                        due_invoice_no, 
                        SUM(due_amount - due_paid_amount) AS customer_due,
                        SUM(due_paid_amount) AS total_due_paid
                    FROM return_customer_due
                    GROUP BY due_invoice_no
                ) rcd ON rs.sales_invoice = rcd.due_invoice_no
                LEFT JOIN customer c ON c.customer_id = rs.customer_type AND rs.customer_type REGEXP \'^[0-9]+\'
            ')
 2 SYSTEMPATH\Database\BaseConnection.php(646): CodeIgniter\Database\BaseConnection->simpleQuery(' SELECT 
                    rs.sales_invoice,
                    rs.sales_date,
                    rsd.total_sale,
                    rsd.product_vat,
                    rs.discount_on_all,
                    rs.other_charge_on_all,
                    rs.paid_amount,
                    IFNULL(rcd.customer_due, 0) AS customer_due,
                    IFNULL(rcd.total_due_paid, 0) AS due_paid_amount,
                    (rs.paid_amount + IFNULL(rcd.total_due_paid, 0)) AS total_paid,
                    rs.due_amount,
                    CASE 
                        WHEN rs.customer_type REGEXP \'^[0-9]+$\' THEN c.cus_first_name
                        ELSE rs.customer_type
                    END AS customer_name,
                    CASE
                        WHEN rs.customer_type = \'Walk-In-Customer\' THEN \'Fully Paid\'
                        WHEN IFNULL(rcd.customer_due, 0) = 0 THEN \'Fully Paid\'
                        ELSE \'Partially Paid\'
                    END AS payment_status
                FROM return_sales rs
                JOIN (
                    SELECT 
                        sales_details_invoice, 
                        SUM(total_sale_price) AS total_sale, 
                        SUM(productwiseVatPercnt) AS productwiseVatPercnt
                    FROM return_sales_details
                    GROUP BY sales_details_invoice
                ) rsd ON rs.sales_invoice = rsd.sales_details_invoice
                LEFT JOIN (
                    SELECT 
                        due_invoice_no, 
                        SUM(due_amount - due_paid_amount) AS customer_due,
                        SUM(due_paid_amount) AS total_due_paid
                    FROM return_customer_due
                    GROUP BY due_invoice_no
                ) rcd ON rs.sales_invoice = rcd.due_invoice_no
                LEFT JOIN customer c ON c.customer_id = rs.customer_type AND rs.customer_type REGEXP \'^[0-9]+\'
            ')
 3 APPPATH\Controllers\salereturnlist.php(112): CodeIgniter\Database\BaseConnection->query(' SELECT 
                    rs.sales_invoice,
                    rs.sales_date,
                    rsd.total_sale,
                    rsd.product_vat,
                    rs.discount_on_all,
                    rs.other_charge_on_all,
                    rs.paid_amount,
                    IFNULL(rcd.customer_due, 0) AS customer_due,
                    IFNULL(rcd.total_due_paid, 0) AS due_paid_amount,
                    (rs.paid_amount + IFNULL(rcd.total_due_paid, 0)) AS total_paid,
                    rs.due_amount,
                    CASE 
                        WHEN rs.customer_type REGEXP \'^[0-9]+$\' THEN c.cus_first_name
                        ELSE rs.customer_type
                    END AS customer_name,
                    CASE
                        WHEN rs.customer_type = \'Walk-In-Customer\' THEN \'Fully Paid\'
                        WHEN IFNULL(rcd.customer_due, 0) = 0 THEN \'Fully Paid\'
                        ELSE \'Partially Paid\'
                    END AS payment_status
                FROM return_sales rs
                JOIN (
                    SELECT 
                        sales_details_invoice, 
                        SUM(total_sale_price) AS total_sale, 
                        SUM(productwiseVatPercnt) AS productwiseVatPercnt
                    FROM return_sales_details
                    GROUP BY sales_details_invoice
                ) rsd ON rs.sales_invoice = rsd.sales_details_invoice
                LEFT JOIN (
                    SELECT 
                        due_invoice_no, 
                        SUM(due_amount - due_paid_amount) AS customer_due,
                        SUM(due_paid_amount) AS total_due_paid
                    FROM return_customer_due
                    GROUP BY due_invoice_no
                ) rcd ON rs.sales_invoice = rcd.due_invoice_no
                LEFT JOIN customer c ON c.customer_id = rs.customer_type AND rs.customer_type REGEXP \'^[0-9]+\'
            ')
 4 SYSTEMPATH\CodeIgniter.php(933): App\Controllers\salereturnlist->saleReturnListShow()
 5 SYSTEMPATH\CodeIgniter.php(507): CodeIgniter\CodeIgniter->runController(Object(App\Controllers\salereturnlist))
 6 SYSTEMPATH\CodeIgniter.php(354): CodeIgniter\CodeIgniter->handleRequest(null, Object(Config\Cache), false)
 7 SYSTEMPATH\Boot.php(363): CodeIgniter\CodeIgniter->run()
 8 SYSTEMPATH\Boot.php(68): CodeIgniter\Boot::runCodeIgniter(Object(CodeIgniter\CodeIgniter))
 9 FCPATH\index.php(59): CodeIgniter\Boot::bootWeb(Object(Config\Paths))
CRITICAL - 2026-07-12 15:56:25 --> [Caused by] mysqli_sql_exception: Unknown column 'productwiseVatPercnt' in 'field list'
in SYSTEMPATH\Database\MySQLi\Connection.php on line 327.
 1 SYSTEMPATH\Database\MySQLi\Connection.php(327): mysqli->query(' SELECT 
                    rs.sales_invoice,
                    rs.sales_date,
                    rsd.total_sale,
                    rsd.product_vat,
                    rs.discount_on_all,
                    rs.other_charge_on_all,
                    rs.paid_amount,
                    IFNULL(rcd.customer_due, 0) AS customer_due,
                    IFNULL(rcd.total_due_paid, 0) AS due_paid_amount,
                    (rs.paid_amount + IFNULL(rcd.total_due_paid, 0)) AS total_paid,
                    rs.due_amount,
                    CASE 
                        WHEN rs.customer_type REGEXP \'^[0-9]+$\' THEN c.cus_first_name
                        ELSE rs.customer_type
                    END AS customer_name,
                    CASE
                        WHEN rs.customer_type = \'Walk-In-Customer\' THEN \'Fully Paid\'
                        WHEN IFNULL(rcd.customer_due, 0) = 0 THEN \'Fully Paid\'
                        ELSE \'Partially Paid\'
                    END AS payment_status
                FROM return_sales rs
                JOIN (
                    SELECT 
                        sales_details_invoice, 
                        SUM(total_sale_price) AS total_sale, 
                        SUM(productwiseVatPercnt) AS productwiseVatPercnt
                    FROM return_sales_details
                    GROUP BY sales_details_invoice
                ) rsd ON rs.sales_invoice = rsd.sales_details_invoice
                LEFT JOIN (
                    SELECT 
                        due_invoice_no, 
                        SUM(due_amount - due_paid_amount) AS customer_due,
                        SUM(due_paid_amount) AS total_due_paid
                    FROM return_customer_due
                    GROUP BY due_invoice_no
                ) rcd ON rs.sales_invoice = rcd.due_invoice_no
                LEFT JOIN customer c ON c.customer_id = rs.customer_type AND rs.customer_type REGEXP \'^[0-9]+\'
            ', 0)
 2 SYSTEMPATH\Database\BaseConnection.php(729): CodeIgniter\Database\MySQLi\Connection->execute(' SELECT 
                    rs.sales_invoice,
                    rs.sales_date,
                    rsd.total_sale,
                    rsd.product_vat,
                    rs.discount_on_all,
                    rs.other_charge_on_all,
                    rs.paid_amount,
                    IFNULL(rcd.customer_due, 0) AS customer_due,
                    IFNULL(rcd.total_due_paid, 0) AS due_paid_amount,
                    (rs.paid_amount + IFNULL(rcd.total_due_paid, 0)) AS total_paid,
                    rs.due_amount,
                    CASE 
                        WHEN rs.customer_type REGEXP \'^[0-9]+$\' THEN c.cus_first_name
                        ELSE rs.customer_type
                    END AS customer_name,
                    CASE
                        WHEN rs.customer_type = \'Walk-In-Customer\' THEN \'Fully Paid\'
                        WHEN IFNULL(rcd.customer_due, 0) = 0 THEN \'Fully Paid\'
                        ELSE \'Partially Paid\'
                    END AS payment_status
                FROM return_sales rs
                JOIN (
                    SELECT 
                        sales_details_invoice, 
                        SUM(total_sale_price) AS total_sale, 
                        SUM(productwiseVatPercnt) AS productwiseVatPercnt
                    FROM return_sales_details
                    GROUP BY sales_details_invoice
                ) rsd ON rs.sales_invoice = rsd.sales_details_invoice
                LEFT JOIN (
                    SELECT 
                        due_invoice_no, 
                        SUM(due_amount - due_paid_amount) AS customer_due,
                        SUM(due_paid_amount) AS total_due_paid
                    FROM return_customer_due
                    GROUP BY due_invoice_no
                ) rcd ON rs.sales_invoice = rcd.due_invoice_no
                LEFT JOIN customer c ON c.customer_id = rs.customer_type AND rs.customer_type REGEXP \'^[0-9]+\'
            ')
 3 SYSTEMPATH\Database\BaseConnection.php(646): CodeIgniter\Database\BaseConnection->simpleQuery(' SELECT 
                    rs.sales_invoice,
                    rs.sales_date,
                    rsd.total_sale,
                    rsd.product_vat,
                    rs.discount_on_all,
                    rs.other_charge_on_all,
                    rs.paid_amount,
                    IFNULL(rcd.customer_due, 0) AS customer_due,
                    IFNULL(rcd.total_due_paid, 0) AS due_paid_amount,
                    (rs.paid_amount + IFNULL(rcd.total_due_paid, 0)) AS total_paid,
                    rs.due_amount,
                    CASE 
                        WHEN rs.customer_type REGEXP \'^[0-9]+$\' THEN c.cus_first_name
                        ELSE rs.customer_type
                    END AS customer_name,
                    CASE
                        WHEN rs.customer_type = \'Walk-In-Customer\' THEN \'Fully Paid\'
                        WHEN IFNULL(rcd.customer_due, 0) = 0 THEN \'Fully Paid\'
                        ELSE \'Partially Paid\'
                    END AS payment_status
                FROM return_sales rs
                JOIN (
                    SELECT 
                        sales_details_invoice, 
                        SUM(total_sale_price) AS total_sale, 
                        SUM(productwiseVatPercnt) AS productwiseVatPercnt
                    FROM return_sales_details
                    GROUP BY sales_details_invoice
                ) rsd ON rs.sales_invoice = rsd.sales_details_invoice
                LEFT JOIN (
                    SELECT 
                        due_invoice_no, 
                        SUM(due_amount - due_paid_amount) AS customer_due,
                        SUM(due_paid_amount) AS total_due_paid
                    FROM return_customer_due
                    GROUP BY due_invoice_no
                ) rcd ON rs.sales_invoice = rcd.due_invoice_no
                LEFT JOIN customer c ON c.customer_id = rs.customer_type AND rs.customer_type REGEXP \'^[0-9]+\'
            ')
 4 APPPATH\Controllers\salereturnlist.php(112): CodeIgniter\Database\BaseConnection->query(' SELECT 
                    rs.sales_invoice,
                    rs.sales_date,
                    rsd.total_sale,
                    rsd.product_vat,
                    rs.discount_on_all,
                    rs.other_charge_on_all,
                    rs.paid_amount,
                    IFNULL(rcd.customer_due, 0) AS customer_due,
                    IFNULL(rcd.total_due_paid, 0) AS due_paid_amount,
                    (rs.paid_amount + IFNULL(rcd.total_due_paid, 0)) AS total_paid,
                    rs.due_amount,
                    CASE 
                        WHEN rs.customer_type REGEXP \'^[0-9]+$\' THEN c.cus_first_name
                        ELSE rs.customer_type
                    END AS customer_name,
                    CASE
                        WHEN rs.customer_type = \'Walk-In-Customer\' THEN \'Fully Paid\'
                        WHEN IFNULL(rcd.customer_due, 0) = 0 THEN \'Fully Paid\'
                        ELSE \'Partially Paid\'
                    END AS payment_status
                FROM return_sales rs
                JOIN (
                    SELECT 
                        sales_details_invoice, 
                        SUM(total_sale_price) AS total_sale, 
                        SUM(productwiseVatPercnt) AS productwiseVatPercnt
                    FROM return_sales_details
                    GROUP BY sales_details_invoice
                ) rsd ON rs.sales_invoice = rsd.sales_details_invoice
                LEFT JOIN (
                    SELECT 
                        due_invoice_no, 
                        SUM(due_amount - due_paid_amount) AS customer_due,
                        SUM(due_paid_amount) AS total_due_paid
                    FROM return_customer_due
                    GROUP BY due_invoice_no
                ) rcd ON rs.sales_invoice = rcd.due_invoice_no
                LEFT JOIN customer c ON c.customer_id = rs.customer_type AND rs.customer_type REGEXP \'^[0-9]+\'
            ')
 5 SYSTEMPATH\CodeIgniter.php(933): App\Controllers\salereturnlist->saleReturnListShow()
 6 SYSTEMPATH\CodeIgniter.php(507): CodeIgniter\CodeIgniter->runController(Object(App\Controllers\salereturnlist))
 7 SYSTEMPATH\CodeIgniter.php(354): CodeIgniter\CodeIgniter->handleRequest(null, Object(Config\Cache), false)
 8 SYSTEMPATH\Boot.php(363): CodeIgniter\CodeIgniter->run()
 9 SYSTEMPATH\Boot.php(68): CodeIgniter\Boot::runCodeIgniter(Object(CodeIgniter\CodeIgniter))
10 FCPATH\index.php(59): CodeIgniter\Boot::bootWeb(Object(Config\Paths))
DEBUG - 2026-07-12 15:56:30 --> Session: Class initialized using 'CodeIgniter\Session\Handlers\FileHandler' driver.
ERROR - 2026-07-12 15:56:36 --> mysqli_sql_exception: Unknown column 's.discount_on_all' in 'field list' in C:\laragon\www\pharmacy-project\system\Database\MySQLi\Connection.php:327
Stack trace:
#0 C:\laragon\www\pharmacy-project\system\Database\MySQLi\Connection.php(327): mysqli->query(' SELECT \r\n     ...', 0)
#1 C:\laragon\www\pharmacy-project\system\Database\BaseConnection.php(729): CodeIgniter\Database\MySQLi\Connection->execute(' SELECT \r\n     ...')
#2 C:\laragon\www\pharmacy-project\system\Database\BaseConnection.php(646): CodeIgniter\Database\BaseConnection->simpleQuery(' SELECT \r\n     ...')
#3 C:\laragon\www\pharmacy-project\app\Controllers\salelist.php(69): CodeIgniter\Database\BaseConnection->query(' SELECT \r\n     ...')
#4 C:\laragon\www\pharmacy-project\system\CodeIgniter.php(933): App\Controllers\salelist->index()
#5 C:\laragon\www\pharmacy-project\system\CodeIgniter.php(507): CodeIgniter\CodeIgniter->runController(Object(App\Controllers\salelist))
#6 C:\laragon\www\pharmacy-project\system\CodeIgniter.php(354): CodeIgniter\CodeIgniter->handleRequest(NULL, Object(Config\Cache), false)
#7 C:\laragon\www\pharmacy-project\system\Boot.php(363): CodeIgniter\CodeIgniter->run()
#8 C:\laragon\www\pharmacy-project\system\Boot.php(68): CodeIgniter\Boot::runCodeIgniter(Object(CodeIgniter\CodeIgniter))
#9 C:\laragon\www\pharmacy-project\index.php(59): CodeIgniter\Boot::bootWeb(Object(Config\Paths))
#10 {main}
CRITICAL - 2026-07-12 15:56:36 --> CodeIgniter\Database\Exceptions\DatabaseException: Unknown column 's.discount_on_all' in 'field list'
[Method: GET, Route: salelist]
in SYSTEMPATH\Database\BaseConnection.php on line 684.
 1 APPPATH\Controllers\salelist.php(69): CodeIgniter\Database\BaseConnection->query(' SELECT 
                            s.sales_invoice,
                            s.sales_date,
                            s.seller_id,
                            u.user_name AS seller_name,    -- ✅ Added seller name
                            sd.total_sale,
                            s.product_vat,
                            s.discount_on_all,
                            s.other_charge_on_all,
                            s.paid_amount,
                            IFNULL(cd.customer_due, 0) AS customer_due,
                            IFNULL(cd.total_due_paid, 0) AS due_paid_amount,
                            (s.paid_amount + IFNULL(cd.total_due_paid, 0)) AS total_paid,
                            s.due_amount,
                            CASE 
                                WHEN s.customer_type REGEXP \'^[0-9]+$\' THEN c.cus_first_name
                                ELSE s.customer_type
                            END AS customer_name,
                            CASE
                                WHEN s.customer_type = \'Walk-In-Customer\' THEN \'Fully Paid\'
                                WHEN IFNULL(cd.customer_due, 0) = 0 THEN \'Fully Paid\'
                                ELSE \'Partially Paid\'
                            END AS payment_status
                        FROM sales s
                        JOIN (
                            SELECT 
                                sales_details_invoice, 
                                SUM(total_sale_price) AS total_sale
                            FROM sales_details
                            GROUP BY sales_details_invoice
                        ) sd ON s.sales_invoice = sd.sales_details_invoice
                        LEFT JOIN (
                            SELECT 
                                due_invoice_no, 
                                SUM(due_amount - due_paid_amount) AS customer_due,
                                SUM(due_paid_amount) AS total_due_paid
                            FROM customer_due
                            GROUP BY due_invoice_no
                        ) cd ON s.sales_invoice = cd.due_invoice_no
                        LEFT JOIN customer c 
                            ON c.customer_id = s.customer_type AND s.customer_type REGEXP \'^[0-9]+\'
                        LEFT JOIN `user` u 
                            ON u.user_id = s.seller_id ')
 2 SYSTEMPATH\CodeIgniter.php(933): App\Controllers\salelist->index()
 3 SYSTEMPATH\CodeIgniter.php(507): CodeIgniter\CodeIgniter->runController(Object(App\Controllers\salelist))
 4 SYSTEMPATH\CodeIgniter.php(354): CodeIgniter\CodeIgniter->handleRequest(null, Object(Config\Cache), false)
 5 SYSTEMPATH\Boot.php(363): CodeIgniter\CodeIgniter->run()
 6 SYSTEMPATH\Boot.php(68): CodeIgniter\Boot::runCodeIgniter(Object(CodeIgniter\CodeIgniter))
 7 FCPATH\index.php(59): CodeIgniter\Boot::bootWeb(Object(Config\Paths))
CRITICAL - 2026-07-12 15:56:36 --> [Caused by] CodeIgniter\Database\Exceptions\DatabaseException: Unknown column 's.discount_on_all' in 'field list'
in SYSTEMPATH\Database\MySQLi\Connection.php on line 332.
 1 SYSTEMPATH\Database\BaseConnection.php(729): CodeIgniter\Database\MySQLi\Connection->execute(' SELECT 
                            s.sales_invoice,
                            s.sales_date,
                            s.seller_id,
                            u.user_name AS seller_name,    -- ✅ Added seller name
                            sd.total_sale,
                            s.product_vat,
                            s.discount_on_all,
                            s.other_charge_on_all,
                            s.paid_amount,
                            IFNULL(cd.customer_due, 0) AS customer_due,
                            IFNULL(cd.total_due_paid, 0) AS due_paid_amount,
                            (s.paid_amount + IFNULL(cd.total_due_paid, 0)) AS total_paid,
                            s.due_amount,
                            CASE 
                                WHEN s.customer_type REGEXP \'^[0-9]+$\' THEN c.cus_first_name
                                ELSE s.customer_type
                            END AS customer_name,
                            CASE
                                WHEN s.customer_type = \'Walk-In-Customer\' THEN \'Fully Paid\'
                                WHEN IFNULL(cd.customer_due, 0) = 0 THEN \'Fully Paid\'
                                ELSE \'Partially Paid\'
                            END AS payment_status
                        FROM sales s
                        JOIN (
                            SELECT 
                                sales_details_invoice, 
                                SUM(total_sale_price) AS total_sale
                            FROM sales_details
                            GROUP BY sales_details_invoice
                        ) sd ON s.sales_invoice = sd.sales_details_invoice
                        LEFT JOIN (
                            SELECT 
                                due_invoice_no, 
                                SUM(due_amount - due_paid_amount) AS customer_due,
                                SUM(due_paid_amount) AS total_due_paid
                            FROM customer_due
                            GROUP BY due_invoice_no
                        ) cd ON s.sales_invoice = cd.due_invoice_no
                        LEFT JOIN customer c 
                            ON c.customer_id = s.customer_type AND s.customer_type REGEXP \'^[0-9]+\'
                        LEFT JOIN `user` u 
                            ON u.user_id = s.seller_id ')
 2 SYSTEMPATH\Database\BaseConnection.php(646): CodeIgniter\Database\BaseConnection->simpleQuery(' SELECT 
                            s.sales_invoice,
                            s.sales_date,
                            s.seller_id,
                            u.user_name AS seller_name,    -- ✅ Added seller name
                            sd.total_sale,
                            s.product_vat,
                            s.discount_on_all,
                            s.other_charge_on_all,
                            s.paid_amount,
                            IFNULL(cd.customer_due, 0) AS customer_due,
                            IFNULL(cd.total_due_paid, 0) AS due_paid_amount,
                            (s.paid_amount + IFNULL(cd.total_due_paid, 0)) AS total_paid,
                            s.due_amount,
                            CASE 
                                WHEN s.customer_type REGEXP \'^[0-9]+$\' THEN c.cus_first_name
                                ELSE s.customer_type
                            END AS customer_name,
                            CASE
                                WHEN s.customer_type = \'Walk-In-Customer\' THEN \'Fully Paid\'
                                WHEN IFNULL(cd.customer_due, 0) = 0 THEN \'Fully Paid\'
                                ELSE \'Partially Paid\'
                            END AS payment_status
                        FROM sales s
                        JOIN (
                            SELECT 
                                sales_details_invoice, 
                                SUM(total_sale_price) AS total_sale
                            FROM sales_details
                            GROUP BY sales_details_invoice
                        ) sd ON s.sales_invoice = sd.sales_details_invoice
                        LEFT JOIN (
                            SELECT 
                                due_invoice_no, 
                                SUM(due_amount - due_paid_amount) AS customer_due,
                                SUM(due_paid_amount) AS total_due_paid
                            FROM customer_due
                            GROUP BY due_invoice_no
                        ) cd ON s.sales_invoice = cd.due_invoice_no
                        LEFT JOIN customer c 
                            ON c.customer_id = s.customer_type AND s.customer_type REGEXP \'^[0-9]+\'
                        LEFT JOIN `user` u 
                            ON u.user_id = s.seller_id ')
 3 APPPATH\Controllers\salelist.php(69): CodeIgniter\Database\BaseConnection->query(' SELECT 
                            s.sales_invoice,
                            s.sales_date,
                            s.seller_id,
                            u.user_name AS seller_name,    -- ✅ Added seller name
                            sd.total_sale,
                            s.product_vat,
                            s.discount_on_all,
                            s.other_charge_on_all,
                            s.paid_amount,
                            IFNULL(cd.customer_due, 0) AS customer_due,
                            IFNULL(cd.total_due_paid, 0) AS due_paid_amount,
                            (s.paid_amount + IFNULL(cd.total_due_paid, 0)) AS total_paid,
                            s.due_amount,
                            CASE 
                                WHEN s.customer_type REGEXP \'^[0-9]+$\' THEN c.cus_first_name
                                ELSE s.customer_type
                            END AS customer_name,
                            CASE
                                WHEN s.customer_type = \'Walk-In-Customer\' THEN \'Fully Paid\'
                                WHEN IFNULL(cd.customer_due, 0) = 0 THEN \'Fully Paid\'
                                ELSE \'Partially Paid\'
                            END AS payment_status
                        FROM sales s
                        JOIN (
                            SELECT 
                                sales_details_invoice, 
                                SUM(total_sale_price) AS total_sale
                            FROM sales_details
                            GROUP BY sales_details_invoice
                        ) sd ON s.sales_invoice = sd.sales_details_invoice
                        LEFT JOIN (
                            SELECT 
                                due_invoice_no, 
                                SUM(due_amount - due_paid_amount) AS customer_due,
                                SUM(due_paid_amount) AS total_due_paid
                            FROM customer_due
                            GROUP BY due_invoice_no
                        ) cd ON s.sales_invoice = cd.due_invoice_no
                        LEFT JOIN customer c 
                            ON c.customer_id = s.customer_type AND s.customer_type REGEXP \'^[0-9]+\'
                        LEFT JOIN `user` u 
                            ON u.user_id = s.seller_id ')
 4 SYSTEMPATH\CodeIgniter.php(933): App\Controllers\salelist->index()
 5 SYSTEMPATH\CodeIgniter.php(507): CodeIgniter\CodeIgniter->runController(Object(App\Controllers\salelist))
 6 SYSTEMPATH\CodeIgniter.php(354): CodeIgniter\CodeIgniter->handleRequest(null, Object(Config\Cache), false)
 7 SYSTEMPATH\Boot.php(363): CodeIgniter\CodeIgniter->run()
 8 SYSTEMPATH\Boot.php(68): CodeIgniter\Boot::runCodeIgniter(Object(CodeIgniter\CodeIgniter))
 9 FCPATH\index.php(59): CodeIgniter\Boot::bootWeb(Object(Config\Paths))
CRITICAL - 2026-07-12 15:56:36 --> [Caused by] mysqli_sql_exception: Unknown column 's.discount_on_all' in 'field list'
in SYSTEMPATH\Database\MySQLi\Connection.php on line 327.
 1 SYSTEMPATH\Database\MySQLi\Connection.php(327): mysqli->query(' SELECT 
                            s.sales_invoice,
                            s.sales_date,
                            s.seller_id,
                            u.user_name AS seller_name,    -- ✅ Added seller name
                            sd.total_sale,
                            s.product_vat,
                            s.discount_on_all,
                            s.other_charge_on_all,
                            s.paid_amount,
                            IFNULL(cd.customer_due, 0) AS customer_due,
                            IFNULL(cd.total_due_paid, 0) AS due_paid_amount,
                            (s.paid_amount + IFNULL(cd.total_due_paid, 0)) AS total_paid,
                            s.due_amount,
                            CASE 
                                WHEN s.customer_type REGEXP \'^[0-9]+$\' THEN c.cus_first_name
                                ELSE s.customer_type
                            END AS customer_name,
                            CASE
                                WHEN s.customer_type = \'Walk-In-Customer\' THEN \'Fully Paid\'
                                WHEN IFNULL(cd.customer_due, 0) = 0 THEN \'Fully Paid\'
                                ELSE \'Partially Paid\'
                            END AS payment_status
                        FROM sales s
                        JOIN (
                            SELECT 
                                sales_details_invoice, 
                                SUM(total_sale_price) AS total_sale
                            FROM sales_details
                            GROUP BY sales_details_invoice
                        ) sd ON s.sales_invoice = sd.sales_details_invoice
                        LEFT JOIN (
                            SELECT 
                                due_invoice_no, 
                                SUM(due_amount - due_paid_amount) AS customer_due,
                                SUM(due_paid_amount) AS total_due_paid
                            FROM customer_due
                            GROUP BY due_invoice_no
                        ) cd ON s.sales_invoice = cd.due_invoice_no
                        LEFT JOIN customer c 
                            ON c.customer_id = s.customer_type AND s.customer_type REGEXP \'^[0-9]+\'
                        LEFT JOIN `user` u 
                            ON u.user_id = s.seller_id ', 0)
 2 SYSTEMPATH\Database\BaseConnection.php(729): CodeIgniter\Database\MySQLi\Connection->execute(' SELECT 
                            s.sales_invoice,
                            s.sales_date,
                            s.seller_id,
                            u.user_name AS seller_name,    -- ✅ Added seller name
                            sd.total_sale,
                            s.product_vat,
                            s.discount_on_all,
                            s.other_charge_on_all,
                            s.paid_amount,
                            IFNULL(cd.customer_due, 0) AS customer_due,
                            IFNULL(cd.total_due_paid, 0) AS due_paid_amount,
                            (s.paid_amount + IFNULL(cd.total_due_paid, 0)) AS total_paid,
                            s.due_amount,
                            CASE 
                                WHEN s.customer_type REGEXP \'^[0-9]+$\' THEN c.cus_first_name
                                ELSE s.customer_type
                            END AS customer_name,
                            CASE
                                WHEN s.customer_type = \'Walk-In-Customer\' THEN \'Fully Paid\'
                                WHEN IFNULL(cd.customer_due, 0) = 0 THEN \'Fully Paid\'
                                ELSE \'Partially Paid\'
                            END AS payment_status
                        FROM sales s
                        JOIN (
                            SELECT 
                                sales_details_invoice, 
                                SUM(total_sale_price) AS total_sale
                            FROM sales_details
                            GROUP BY sales_details_invoice
                        ) sd ON s.sales_invoice = sd.sales_details_invoice
                        LEFT JOIN (
                            SELECT 
                                due_invoice_no, 
                                SUM(due_amount - due_paid_amount) AS customer_due,
                                SUM(due_paid_amount) AS total_due_paid
                            FROM customer_due
                            GROUP BY due_invoice_no
                        ) cd ON s.sales_invoice = cd.due_invoice_no
                        LEFT JOIN customer c 
                            ON c.customer_id = s.customer_type AND s.customer_type REGEXP \'^[0-9]+\'
                        LEFT JOIN `user` u 
                            ON u.user_id = s.seller_id ')
 3 SYSTEMPATH\Database\BaseConnection.php(646): CodeIgniter\Database\BaseConnection->simpleQuery(' SELECT 
                            s.sales_invoice,
                            s.sales_date,
                            s.seller_id,
                            u.user_name AS seller_name,    -- ✅ Added seller name
                            sd.total_sale,
                            s.product_vat,
                            s.discount_on_all,
                            s.other_charge_on_all,
                            s.paid_amount,
                            IFNULL(cd.customer_due, 0) AS customer_due,
                            IFNULL(cd.total_due_paid, 0) AS due_paid_amount,
                            (s.paid_amount + IFNULL(cd.total_due_paid, 0)) AS total_paid,
                            s.due_amount,
                            CASE 
                                WHEN s.customer_type REGEXP \'^[0-9]+$\' THEN c.cus_first_name
                                ELSE s.customer_type
                            END AS customer_name,
                            CASE
                                WHEN s.customer_type = \'Walk-In-Customer\' THEN \'Fully Paid\'
                                WHEN IFNULL(cd.customer_due, 0) = 0 THEN \'Fully Paid\'
                                ELSE \'Partially Paid\'
                            END AS payment_status
                        FROM sales s
                        JOIN (
                            SELECT 
                                sales_details_invoice, 
                                SUM(total_sale_price) AS total_sale
                            FROM sales_details
                            GROUP BY sales_details_invoice
                        ) sd ON s.sales_invoice = sd.sales_details_invoice
                        LEFT JOIN (
                            SELECT 
                                due_invoice_no, 
                                SUM(due_amount - due_paid_amount) AS customer_due,
                                SUM(due_paid_amount) AS total_due_paid
                            FROM customer_due
                            GROUP BY due_invoice_no
                        ) cd ON s.sales_invoice = cd.due_invoice_no
                        LEFT JOIN customer c 
                            ON c.customer_id = s.customer_type AND s.customer_type REGEXP \'^[0-9]+\'
                        LEFT JOIN `user` u 
                            ON u.user_id = s.seller_id ')
 4 APPPATH\Controllers\salelist.php(69): CodeIgniter\Database\BaseConnection->query(' SELECT 
                            s.sales_invoice,
                            s.sales_date,
                            s.seller_id,
                            u.user_name AS seller_name,    -- ✅ Added seller name
                            sd.total_sale,
                            s.product_vat,
                            s.discount_on_all,
                            s.other_charge_on_all,
                            s.paid_amount,
                            IFNULL(cd.customer_due, 0) AS customer_due,
                            IFNULL(cd.total_due_paid, 0) AS due_paid_amount,
                            (s.paid_amount + IFNULL(cd.total_due_paid, 0)) AS total_paid,
                            s.due_amount,
                            CASE 
                                WHEN s.customer_type REGEXP \'^[0-9]+$\' THEN c.cus_first_name
                                ELSE s.customer_type
                            END AS customer_name,
                            CASE
                                WHEN s.customer_type = \'Walk-In-Customer\' THEN \'Fully Paid\'
                                WHEN IFNULL(cd.customer_due, 0) = 0 THEN \'Fully Paid\'
                                ELSE \'Partially Paid\'
                            END AS payment_status
                        FROM sales s
                        JOIN (
                            SELECT 
                                sales_details_invoice, 
                                SUM(total_sale_price) AS total_sale
                            FROM sales_details
                            GROUP BY sales_details_invoice
                        ) sd ON s.sales_invoice = sd.sales_details_invoice
                        LEFT JOIN (
                            SELECT 
                                due_invoice_no, 
                                SUM(due_amount - due_paid_amount) AS customer_due,
                                SUM(due_paid_amount) AS total_due_paid
                            FROM customer_due
                            GROUP BY due_invoice_no
                        ) cd ON s.sales_invoice = cd.due_invoice_no
                        LEFT JOIN customer c 
                            ON c.customer_id = s.customer_type AND s.customer_type REGEXP \'^[0-9]+\'
                        LEFT JOIN `user` u 
                            ON u.user_id = s.seller_id ')
 5 SYSTEMPATH\CodeIgniter.php(933): App\Controllers\salelist->index()
 6 SYSTEMPATH\CodeIgniter.php(507): CodeIgniter\CodeIgniter->runController(Object(App\Controllers\salelist))
 7 SYSTEMPATH\CodeIgniter.php(354): CodeIgniter\CodeIgniter->handleRequest(null, Object(Config\Cache), false)
 8 SYSTEMPATH\Boot.php(363): CodeIgniter\CodeIgniter->run()
 9 SYSTEMPATH\Boot.php(68): CodeIgniter\Boot::runCodeIgniter(Object(CodeIgniter\CodeIgniter))
10 FCPATH\index.php(59): CodeIgniter\Boot::bootWeb(Object(Config\Paths))
CRITICAL - 2026-07-12 15:57:37 --> ErrorException: Undefined array key "discount_on_all"
[Method: GET, Route: salelist]
in APPPATH\Views\pos\salelistShow.php on line 61.
 1 APPPATH\Views\pos\salelistShow.php(61): CodeIgniter\Debug\Exceptions->errorHandler(2, 'Undefined array key "discount_on_all"', 'C:\\laragon\\www\\pharmacy-project\\app\\Views\\pos\\salelistShow.php', 61)
 2 SYSTEMPATH\View\View.php(226): include('C:\\laragon\\www\\pharmacy-project\\app\\Views\\pos\\salelistShow.php')
 3 SYSTEMPATH\View\View.php(229): CodeIgniter\View\View->CodeIgniter\View\{closure}()
 4 SYSTEMPATH\Common.php(1167): CodeIgniter\View\View->render('pos/salelistShow', [], true)
 5 APPPATH\Controllers\salelist.php(71): view('pos/salelistShow', [...])
 6 SYSTEMPATH\CodeIgniter.php(933): App\Controllers\salelist->index()
 7 SYSTEMPATH\CodeIgniter.php(507): CodeIgniter\CodeIgniter->runController(Object(App\Controllers\salelist))
 8 SYSTEMPATH\CodeIgniter.php(354): CodeIgniter\CodeIgniter->handleRequest(null, Object(Config\Cache), false)
 9 SYSTEMPATH\Boot.php(363): CodeIgniter\CodeIgniter->run()
10 SYSTEMPATH\Boot.php(68): CodeIgniter\Boot::runCodeIgniter(Object(CodeIgniter\CodeIgniter))
11 FCPATH\index.php(59): CodeIgniter\Boot::bootWeb(Object(Config\Paths))
DEBUG - 2026-07-12 15:58:28 --> Session: Class initialized using 'CodeIgniter\Session\Handlers\FileHandler' driver.
ERROR - 2026-07-12 15:58:42 --> mysqli_sql_exception: Unknown column 'productwiseVatPercnt' in 'field list' in C:\laragon\www\pharmacy-project\system\Database\MySQLi\Connection.php:327
Stack trace:
#0 C:\laragon\www\pharmacy-project\system\Database\MySQLi\Connection.php(327): mysqli->query(' SELECT \r\n     ...', 0)
#1 C:\laragon\www\pharmacy-project\system\Database\BaseConnection.php(729): CodeIgniter\Database\MySQLi\Connection->execute(' SELECT \r\n     ...')
#2 C:\laragon\www\pharmacy-project\system\Database\BaseConnection.php(646): CodeIgniter\Database\BaseConnection->simpleQuery(' SELECT \r\n     ...')
#3 C:\laragon\www\pharmacy-project\app\Controllers\salereturnlist.php(112): CodeIgniter\Database\BaseConnection->query(' SELECT \r\n     ...')
#4 C:\laragon\www\pharmacy-project\system\CodeIgniter.php(933): App\Controllers\salereturnlist->saleReturnListShow()
#5 C:\laragon\www\pharmacy-project\system\CodeIgniter.php(507): CodeIgniter\CodeIgniter->runController(Object(App\Controllers\salereturnlist))
#6 C:\laragon\www\pharmacy-project\system\CodeIgniter.php(354): CodeIgniter\CodeIgniter->handleRequest(NULL, Object(Config\Cache), false)
#7 C:\laragon\www\pharmacy-project\system\Boot.php(363): CodeIgniter\CodeIgniter->run()
#8 C:\laragon\www\pharmacy-project\system\Boot.php(68): CodeIgniter\Boot::runCodeIgniter(Object(CodeIgniter\CodeIgniter))
#9 C:\laragon\www\pharmacy-project\index.php(59): CodeIgniter\Boot::bootWeb(Object(Config\Paths))
#10 {main}
CRITICAL - 2026-07-12 15:58:42 --> CodeIgniter\Database\Exceptions\DatabaseException: Unknown column 'productwiseVatPercnt' in 'field list'
[Method: GET, Route: salereturnlistshow]
in SYSTEMPATH\Database\BaseConnection.php on line 684.
 1 APPPATH\Controllers\salereturnlist.php(112): CodeIgniter\Database\BaseConnection->query(' SELECT 
                    rs.sales_invoice,
                    rs.sales_date,
                    rsd.total_sale,
                    rsd.product_vat,
                    rs.discount_on_all,
                    rs.other_charge_on_all,
                    rs.paid_amount,
                    IFNULL(rcd.customer_due, 0) AS customer_due,
                    IFNULL(rcd.total_due_paid, 0) AS due_paid_amount,
                    (rs.paid_amount + IFNULL(rcd.total_due_paid, 0)) AS total_paid,
                    rs.due_amount,
                    CASE 
                        WHEN rs.customer_type REGEXP \'^[0-9]+$\' THEN c.cus_first_name
                        ELSE rs.customer_type
                    END AS customer_name,
                    CASE
                        WHEN rs.customer_type = \'Walk-In-Customer\' THEN \'Fully Paid\'
                        WHEN IFNULL(rcd.customer_due, 0) = 0 THEN \'Fully Paid\'
                        ELSE \'Partially Paid\'
                    END AS payment_status
                FROM return_sales rs
                JOIN (
                    SELECT 
                        sales_details_invoice, 
                        SUM(total_sale_price) AS total_sale, 
                        SUM(productwiseVatPercnt) AS productwiseVatPercnt
                    FROM return_sales_details
                    GROUP BY sales_details_invoice
                ) rsd ON rs.sales_invoice = rsd.sales_details_invoice
                LEFT JOIN (
                    SELECT 
                        due_invoice_no, 
                        SUM(due_amount - due_paid_amount) AS customer_due,
                        SUM(due_paid_amount) AS total_due_paid
                    FROM return_customer_due
                    GROUP BY due_invoice_no
                ) rcd ON rs.sales_invoice = rcd.due_invoice_no
                LEFT JOIN customer c ON c.customer_id = rs.customer_type AND rs.customer_type REGEXP \'^[0-9]+\'
            ')
 2 SYSTEMPATH\CodeIgniter.php(933): App\Controllers\salereturnlist->saleReturnListShow()
 3 SYSTEMPATH\CodeIgniter.php(507): CodeIgniter\CodeIgniter->runController(Object(App\Controllers\salereturnlist))
 4 SYSTEMPATH\CodeIgniter.php(354): CodeIgniter\CodeIgniter->handleRequest(null, Object(Config\Cache), false)
 5 SYSTEMPATH\Boot.php(363): CodeIgniter\CodeIgniter->run()
 6 SYSTEMPATH\Boot.php(68): CodeIgniter\Boot::runCodeIgniter(Object(CodeIgniter\CodeIgniter))
 7 FCPATH\index.php(59): CodeIgniter\Boot::bootWeb(Object(Config\Paths))
CRITICAL - 2026-07-12 15:58:42 --> [Caused by] CodeIgniter\Database\Exceptions\DatabaseException: Unknown column 'productwiseVatPercnt' in 'field list'
in SYSTEMPATH\Database\MySQLi\Connection.php on line 332.
 1 SYSTEMPATH\Database\BaseConnection.php(729): CodeIgniter\Database\MySQLi\Connection->execute(' SELECT 
                    rs.sales_invoice,
                    rs.sales_date,
                    rsd.total_sale,
                    rsd.product_vat,
                    rs.discount_on_all,
                    rs.other_charge_on_all,
                    rs.paid_amount,
                    IFNULL(rcd.customer_due, 0) AS customer_due,
                    IFNULL(rcd.total_due_paid, 0) AS due_paid_amount,
                    (rs.paid_amount + IFNULL(rcd.total_due_paid, 0)) AS total_paid,
                    rs.due_amount,
                    CASE 
                        WHEN rs.customer_type REGEXP \'^[0-9]+$\' THEN c.cus_first_name
                        ELSE rs.customer_type
                    END AS customer_name,
                    CASE
                        WHEN rs.customer_type = \'Walk-In-Customer\' THEN \'Fully Paid\'
                        WHEN IFNULL(rcd.customer_due, 0) = 0 THEN \'Fully Paid\'
                        ELSE \'Partially Paid\'
                    END AS payment_status
                FROM return_sales rs
                JOIN (
                    SELECT 
                        sales_details_invoice, 
                        SUM(total_sale_price) AS total_sale, 
                        SUM(productwiseVatPercnt) AS productwiseVatPercnt
                    FROM return_sales_details
                    GROUP BY sales_details_invoice
                ) rsd ON rs.sales_invoice = rsd.sales_details_invoice
                LEFT JOIN (
                    SELECT 
                        due_invoice_no, 
                        SUM(due_amount - due_paid_amount) AS customer_due,
                        SUM(due_paid_amount) AS total_due_paid
                    FROM return_customer_due
                    GROUP BY due_invoice_no
                ) rcd ON rs.sales_invoice = rcd.due_invoice_no
                LEFT JOIN customer c ON c.customer_id = rs.customer_type AND rs.customer_type REGEXP \'^[0-9]+\'
            ')
 2 SYSTEMPATH\Database\BaseConnection.php(646): CodeIgniter\Database\BaseConnection->simpleQuery(' SELECT 
                    rs.sales_invoice,
                    rs.sales_date,
                    rsd.total_sale,
                    rsd.product_vat,
                    rs.discount_on_all,
                    rs.other_charge_on_all,
                    rs.paid_amount,
                    IFNULL(rcd.customer_due, 0) AS customer_due,
                    IFNULL(rcd.total_due_paid, 0) AS due_paid_amount,
                    (rs.paid_amount + IFNULL(rcd.total_due_paid, 0)) AS total_paid,
                    rs.due_amount,
                    CASE 
                        WHEN rs.customer_type REGEXP \'^[0-9]+$\' THEN c.cus_first_name
                        ELSE rs.customer_type
                    END AS customer_name,
                    CASE
                        WHEN rs.customer_type = \'Walk-In-Customer\' THEN \'Fully Paid\'
                        WHEN IFNULL(rcd.customer_due, 0) = 0 THEN \'Fully Paid\'
                        ELSE \'Partially Paid\'
                    END AS payment_status
                FROM return_sales rs
                JOIN (
                    SELECT 
                        sales_details_invoice, 
                        SUM(total_sale_price) AS total_sale, 
                        SUM(productwiseVatPercnt) AS productwiseVatPercnt
                    FROM return_sales_details
                    GROUP BY sales_details_invoice
                ) rsd ON rs.sales_invoice = rsd.sales_details_invoice
                LEFT JOIN (
                    SELECT 
                        due_invoice_no, 
                        SUM(due_amount - due_paid_amount) AS customer_due,
                        SUM(due_paid_amount) AS total_due_paid
                    FROM return_customer_due
                    GROUP BY due_invoice_no
                ) rcd ON rs.sales_invoice = rcd.due_invoice_no
                LEFT JOIN customer c ON c.customer_id = rs.customer_type AND rs.customer_type REGEXP \'^[0-9]+\'
            ')
 3 APPPATH\Controllers\salereturnlist.php(112): CodeIgniter\Database\BaseConnection->query(' SELECT 
                    rs.sales_invoice,
                    rs.sales_date,
                    rsd.total_sale,
                    rsd.product_vat,
                    rs.discount_on_all,
                    rs.other_charge_on_all,
                    rs.paid_amount,
                    IFNULL(rcd.customer_due, 0) AS customer_due,
                    IFNULL(rcd.total_due_paid, 0) AS due_paid_amount,
                    (rs.paid_amount + IFNULL(rcd.total_due_paid, 0)) AS total_paid,
                    rs.due_amount,
                    CASE 
                        WHEN rs.customer_type REGEXP \'^[0-9]+$\' THEN c.cus_first_name
                        ELSE rs.customer_type
                    END AS customer_name,
                    CASE
                        WHEN rs.customer_type = \'Walk-In-Customer\' THEN \'Fully Paid\'
                        WHEN IFNULL(rcd.customer_due, 0) = 0 THEN \'Fully Paid\'
                        ELSE \'Partially Paid\'
                    END AS payment_status
                FROM return_sales rs
                JOIN (
                    SELECT 
                        sales_details_invoice, 
                        SUM(total_sale_price) AS total_sale, 
                        SUM(productwiseVatPercnt) AS productwiseVatPercnt
                    FROM return_sales_details
                    GROUP BY sales_details_invoice
                ) rsd ON rs.sales_invoice = rsd.sales_details_invoice
                LEFT JOIN (
                    SELECT 
                        due_invoice_no, 
                        SUM(due_amount - due_paid_amount) AS customer_due,
                        SUM(due_paid_amount) AS total_due_paid
                    FROM return_customer_due
                    GROUP BY due_invoice_no
                ) rcd ON rs.sales_invoice = rcd.due_invoice_no
                LEFT JOIN customer c ON c.customer_id = rs.customer_type AND rs.customer_type REGEXP \'^[0-9]+\'
            ')
 4 SYSTEMPATH\CodeIgniter.php(933): App\Controllers\salereturnlist->saleReturnListShow()
 5 SYSTEMPATH\CodeIgniter.php(507): CodeIgniter\CodeIgniter->runController(Object(App\Controllers\salereturnlist))
 6 SYSTEMPATH\CodeIgniter.php(354): CodeIgniter\CodeIgniter->handleRequest(null, Object(Config\Cache), false)
 7 SYSTEMPATH\Boot.php(363): CodeIgniter\CodeIgniter->run()
 8 SYSTEMPATH\Boot.php(68): CodeIgniter\Boot::runCodeIgniter(Object(CodeIgniter\CodeIgniter))
 9 FCPATH\index.php(59): CodeIgniter\Boot::bootWeb(Object(Config\Paths))
CRITICAL - 2026-07-12 15:58:42 --> [Caused by] mysqli_sql_exception: Unknown column 'productwiseVatPercnt' in 'field list'
in SYSTEMPATH\Database\MySQLi\Connection.php on line 327.
 1 SYSTEMPATH\Database\MySQLi\Connection.php(327): mysqli->query(' SELECT 
                    rs.sales_invoice,
                    rs.sales_date,
                    rsd.total_sale,
                    rsd.product_vat,
                    rs.discount_on_all,
                    rs.other_charge_on_all,
                    rs.paid_amount,
                    IFNULL(rcd.customer_due, 0) AS customer_due,
                    IFNULL(rcd.total_due_paid, 0) AS due_paid_amount,
                    (rs.paid_amount + IFNULL(rcd.total_due_paid, 0)) AS total_paid,
                    rs.due_amount,
                    CASE 
                        WHEN rs.customer_type REGEXP \'^[0-9]+$\' THEN c.cus_first_name
                        ELSE rs.customer_type
                    END AS customer_name,
                    CASE
                        WHEN rs.customer_type = \'Walk-In-Customer\' THEN \'Fully Paid\'
                        WHEN IFNULL(rcd.customer_due, 0) = 0 THEN \'Fully Paid\'
                        ELSE \'Partially Paid\'
                    END AS payment_status
                FROM return_sales rs
                JOIN (
                    SELECT 
                        sales_details_invoice, 
                        SUM(total_sale_price) AS total_sale, 
                        SUM(productwiseVatPercnt) AS productwiseVatPercnt
                    FROM return_sales_details
                    GROUP BY sales_details_invoice
                ) rsd ON rs.sales_invoice = rsd.sales_details_invoice
                LEFT JOIN (
                    SELECT 
                        due_invoice_no, 
                        SUM(due_amount - due_paid_amount) AS customer_due,
                        SUM(due_paid_amount) AS total_due_paid
                    FROM return_customer_due
                    GROUP BY due_invoice_no
                ) rcd ON rs.sales_invoice = rcd.due_invoice_no
                LEFT JOIN customer c ON c.customer_id = rs.customer_type AND rs.customer_type REGEXP \'^[0-9]+\'
            ', 0)
 2 SYSTEMPATH\Database\BaseConnection.php(729): CodeIgniter\Database\MySQLi\Connection->execute(' SELECT 
                    rs.sales_invoice,
                    rs.sales_date,
                    rsd.total_sale,
                    rsd.product_vat,
                    rs.discount_on_all,
                    rs.other_charge_on_all,
                    rs.paid_amount,
                    IFNULL(rcd.customer_due, 0) AS customer_due,
                    IFNULL(rcd.total_due_paid, 0) AS due_paid_amount,
                    (rs.paid_amount + IFNULL(rcd.total_due_paid, 0)) AS total_paid,
                    rs.due_amount,
                    CASE 
                        WHEN rs.customer_type REGEXP \'^[0-9]+$\' THEN c.cus_first_name
                        ELSE rs.customer_type
                    END AS customer_name,
                    CASE
                        WHEN rs.customer_type = \'Walk-In-Customer\' THEN \'Fully Paid\'
                        WHEN IFNULL(rcd.customer_due, 0) = 0 THEN \'Fully Paid\'
                        ELSE \'Partially Paid\'
                    END AS payment_status
                FROM return_sales rs
                JOIN (
                    SELECT 
                        sales_details_invoice, 
                        SUM(total_sale_price) AS total_sale, 
                        SUM(productwiseVatPercnt) AS productwiseVatPercnt
                    FROM return_sales_details
                    GROUP BY sales_details_invoice
                ) rsd ON rs.sales_invoice = rsd.sales_details_invoice
                LEFT JOIN (
                    SELECT 
                        due_invoice_no, 
                        SUM(due_amount - due_paid_amount) AS customer_due,
                        SUM(due_paid_amount) AS total_due_paid
                    FROM return_customer_due
                    GROUP BY due_invoice_no
                ) rcd ON rs.sales_invoice = rcd.due_invoice_no
                LEFT JOIN customer c ON c.customer_id = rs.customer_type AND rs.customer_type REGEXP \'^[0-9]+\'
            ')
 3 SYSTEMPATH\Database\BaseConnection.php(646): CodeIgniter\Database\BaseConnection->simpleQuery(' SELECT 
                    rs.sales_invoice,
                    rs.sales_date,
                    rsd.total_sale,
                    rsd.product_vat,
                    rs.discount_on_all,
                    rs.other_charge_on_all,
                    rs.paid_amount,
                    IFNULL(rcd.customer_due, 0) AS customer_due,
                    IFNULL(rcd.total_due_paid, 0) AS due_paid_amount,
                    (rs.paid_amount + IFNULL(rcd.total_due_paid, 0)) AS total_paid,
                    rs.due_amount,
                    CASE 
                        WHEN rs.customer_type REGEXP \'^[0-9]+$\' THEN c.cus_first_name
                        ELSE rs.customer_type
                    END AS customer_name,
                    CASE
                        WHEN rs.customer_type = \'Walk-In-Customer\' THEN \'Fully Paid\'
                        WHEN IFNULL(rcd.customer_due, 0) = 0 THEN \'Fully Paid\'
                        ELSE \'Partially Paid\'
                    END AS payment_status
                FROM return_sales rs
                JOIN (
                    SELECT 
                        sales_details_invoice, 
                        SUM(total_sale_price) AS total_sale, 
                        SUM(productwiseVatPercnt) AS productwiseVatPercnt
                    FROM return_sales_details
                    GROUP BY sales_details_invoice
                ) rsd ON rs.sales_invoice = rsd.sales_details_invoice
                LEFT JOIN (
                    SELECT 
                        due_invoice_no, 
                        SUM(due_amount - due_paid_amount) AS customer_due,
                        SUM(due_paid_amount) AS total_due_paid
                    FROM return_customer_due
                    GROUP BY due_invoice_no
                ) rcd ON rs.sales_invoice = rcd.due_invoice_no
                LEFT JOIN customer c ON c.customer_id = rs.customer_type AND rs.customer_type REGEXP \'^[0-9]+\'
            ')
 4 APPPATH\Controllers\salereturnlist.php(112): CodeIgniter\Database\BaseConnection->query(' SELECT 
                    rs.sales_invoice,
                    rs.sales_date,
                    rsd.total_sale,
                    rsd.product_vat,
                    rs.discount_on_all,
                    rs.other_charge_on_all,
                    rs.paid_amount,
                    IFNULL(rcd.customer_due, 0) AS customer_due,
                    IFNULL(rcd.total_due_paid, 0) AS due_paid_amount,
                    (rs.paid_amount + IFNULL(rcd.total_due_paid, 0)) AS total_paid,
                    rs.due_amount,
                    CASE 
                        WHEN rs.customer_type REGEXP \'^[0-9]+$\' THEN c.cus_first_name
                        ELSE rs.customer_type
                    END AS customer_name,
                    CASE
                        WHEN rs.customer_type = \'Walk-In-Customer\' THEN \'Fully Paid\'
                        WHEN IFNULL(rcd.customer_due, 0) = 0 THEN \'Fully Paid\'
                        ELSE \'Partially Paid\'
                    END AS payment_status
                FROM return_sales rs
                JOIN (
                    SELECT 
                        sales_details_invoice, 
                        SUM(total_sale_price) AS total_sale, 
                        SUM(productwiseVatPercnt) AS productwiseVatPercnt
                    FROM return_sales_details
                    GROUP BY sales_details_invoice
                ) rsd ON rs.sales_invoice = rsd.sales_details_invoice
                LEFT JOIN (
                    SELECT 
                        due_invoice_no, 
                        SUM(due_amount - due_paid_amount) AS customer_due,
                        SUM(due_paid_amount) AS total_due_paid
                    FROM return_customer_due
                    GROUP BY due_invoice_no
                ) rcd ON rs.sales_invoice = rcd.due_invoice_no
                LEFT JOIN customer c ON c.customer_id = rs.customer_type AND rs.customer_type REGEXP \'^[0-9]+\'
            ')
 5 SYSTEMPATH\CodeIgniter.php(933): App\Controllers\salereturnlist->saleReturnListShow()
 6 SYSTEMPATH\CodeIgniter.php(507): CodeIgniter\CodeIgniter->runController(Object(App\Controllers\salereturnlist))
 7 SYSTEMPATH\CodeIgniter.php(354): CodeIgniter\CodeIgniter->handleRequest(null, Object(Config\Cache), false)
 8 SYSTEMPATH\Boot.php(363): CodeIgniter\CodeIgniter->run()
 9 SYSTEMPATH\Boot.php(68): CodeIgniter\Boot::runCodeIgniter(Object(CodeIgniter\CodeIgniter))
10 FCPATH\index.php(59): CodeIgniter\Boot::bootWeb(Object(Config\Paths))
ERROR - 2026-07-12 16:00:07 --> mysqli_sql_exception: Unknown column 'rs.sales_date' in 'field list' in C:\laragon\www\pharmacy-project\system\Database\MySQLi\Connection.php:327
Stack trace:
#0 C:\laragon\www\pharmacy-project\system\Database\MySQLi\Connection.php(327): mysqli->query(' SELECT \r\n     ...', 0)
#1 C:\laragon\www\pharmacy-project\system\Database\BaseConnection.php(729): CodeIgniter\Database\MySQLi\Connection->execute(' SELECT \r\n     ...')
#2 C:\laragon\www\pharmacy-project\system\Database\BaseConnection.php(646): CodeIgniter\Database\BaseConnection->simpleQuery(' SELECT \r\n     ...')
#3 C:\laragon\www\pharmacy-project\app\Controllers\salereturnlist.php(110): CodeIgniter\Database\BaseConnection->query(' SELECT \r\n     ...')
#4 C:\laragon\www\pharmacy-project\system\CodeIgniter.php(933): App\Controllers\salereturnlist->saleReturnListShow()
#5 C:\laragon\www\pharmacy-project\system\CodeIgniter.php(507): CodeIgniter\CodeIgniter->runController(Object(App\Controllers\salereturnlist))
#6 C:\laragon\www\pharmacy-project\system\CodeIgniter.php(354): CodeIgniter\CodeIgniter->handleRequest(NULL, Object(Config\Cache), false)
#7 C:\laragon\www\pharmacy-project\system\Boot.php(363): CodeIgniter\CodeIgniter->run()
#8 C:\laragon\www\pharmacy-project\system\Boot.php(68): CodeIgniter\Boot::runCodeIgniter(Object(CodeIgniter\CodeIgniter))
#9 C:\laragon\www\pharmacy-project\index.php(59): CodeIgniter\Boot::bootWeb(Object(Config\Paths))
#10 {main}
CRITICAL - 2026-07-12 16:00:07 --> CodeIgniter\Database\Exceptions\DatabaseException: Unknown column 'rs.sales_date' in 'field list'
[Method: GET, Route: salereturnlistshow]
in SYSTEMPATH\Database\BaseConnection.php on line 684.
 1 APPPATH\Controllers\salereturnlist.php(110): CodeIgniter\Database\BaseConnection->query(' SELECT 
                    rs.sales_invoice,
                    rs.sales_date,
                    rsd.total_sale,
                    rsd.product_vat,
                    rs.other_charge_on_all,
                    rs.paid_amount,
                    IFNULL(rcd.customer_due, 0) AS customer_due,
                    IFNULL(rcd.total_due_paid, 0) AS due_paid_amount,
                    (rs.paid_amount + IFNULL(rcd.total_due_paid, 0)) AS total_paid,
                    rs.due_amount,
                    CASE 
                        WHEN rs.customer_type REGEXP \'^[0-9]+$\' THEN c.cus_first_name
                        ELSE rs.customer_type
                    END AS customer_name,
                    CASE
                        WHEN rs.customer_type = \'Walk-In-Customer\' THEN \'Fully Paid\'
                        WHEN IFNULL(rcd.customer_due, 0) = 0 THEN \'Fully Paid\'
                        ELSE \'Partially Paid\'
                    END AS payment_status
                FROM return_sales rs
                JOIN (
                    SELECT 
                        sales_details_invoice, 
                        SUM(total_sale_price) AS total_sale
                    FROM return_sales_details
                    GROUP BY sales_details_invoice
                ) rsd ON rs.sales_invoice = rsd.sales_details_invoice
                LEFT JOIN (
                    SELECT 
                        due_invoice_no, 
                        SUM(due_amount - due_paid_amount) AS customer_due,
                        SUM(due_paid_amount) AS total_due_paid
                    FROM return_customer_due
                    GROUP BY due_invoice_no
                ) rcd ON rs.sales_invoice = rcd.due_invoice_no
                LEFT JOIN customer c ON c.customer_id = rs.customer_type AND rs.customer_type REGEXP \'^[0-9]+\'
            ')
 2 SYSTEMPATH\CodeIgniter.php(933): App\Controllers\salereturnlist->saleReturnListShow()
 3 SYSTEMPATH\CodeIgniter.php(507): CodeIgniter\CodeIgniter->runController(Object(App\Controllers\salereturnlist))
 4 SYSTEMPATH\CodeIgniter.php(354): CodeIgniter\CodeIgniter->handleRequest(null, Object(Config\Cache), false)
 5 SYSTEMPATH\Boot.php(363): CodeIgniter\CodeIgniter->run()
 6 SYSTEMPATH\Boot.php(68): CodeIgniter\Boot::runCodeIgniter(Object(CodeIgniter\CodeIgniter))
 7 FCPATH\index.php(59): CodeIgniter\Boot::bootWeb(Object(Config\Paths))
CRITICAL - 2026-07-12 16:00:07 --> [Caused by] CodeIgniter\Database\Exceptions\DatabaseException: Unknown column 'rs.sales_date' in 'field list'
in SYSTEMPATH\Database\MySQLi\Connection.php on line 332.
 1 SYSTEMPATH\Database\BaseConnection.php(729): CodeIgniter\Database\MySQLi\Connection->execute(' SELECT 
                    rs.sales_invoice,
                    rs.sales_date,
                    rsd.total_sale,
                    rsd.product_vat,
                    rs.other_charge_on_all,
                    rs.paid_amount,
                    IFNULL(rcd.customer_due, 0) AS customer_due,
                    IFNULL(rcd.total_due_paid, 0) AS due_paid_amount,
                    (rs.paid_amount + IFNULL(rcd.total_due_paid, 0)) AS total_paid,
                    rs.due_amount,
                    CASE 
                        WHEN rs.customer_type REGEXP \'^[0-9]+$\' THEN c.cus_first_name
                        ELSE rs.customer_type
                    END AS customer_name,
                    CASE
                        WHEN rs.customer_type = \'Walk-In-Customer\' THEN \'Fully Paid\'
                        WHEN IFNULL(rcd.customer_due, 0) = 0 THEN \'Fully Paid\'
                        ELSE \'Partially Paid\'
                    END AS payment_status
                FROM return_sales rs
                JOIN (
                    SELECT 
                        sales_details_invoice, 
                        SUM(total_sale_price) AS total_sale
                    FROM return_sales_details
                    GROUP BY sales_details_invoice
                ) rsd ON rs.sales_invoice = rsd.sales_details_invoice
                LEFT JOIN (
                    SELECT 
                        due_invoice_no, 
                        SUM(due_amount - due_paid_amount) AS customer_due,
                        SUM(due_paid_amount) AS total_due_paid
                    FROM return_customer_due
                    GROUP BY due_invoice_no
                ) rcd ON rs.sales_invoice = rcd.due_invoice_no
                LEFT JOIN customer c ON c.customer_id = rs.customer_type AND rs.customer_type REGEXP \'^[0-9]+\'
            ')
 2 SYSTEMPATH\Database\BaseConnection.php(646): CodeIgniter\Database\BaseConnection->simpleQuery(' SELECT 
                    rs.sales_invoice,
                    rs.sales_date,
                    rsd.total_sale,
                    rsd.product_vat,
                    rs.other_charge_on_all,
                    rs.paid_amount,
                    IFNULL(rcd.customer_due, 0) AS customer_due,
                    IFNULL(rcd.total_due_paid, 0) AS due_paid_amount,
                    (rs.paid_amount + IFNULL(rcd.total_due_paid, 0)) AS total_paid,
                    rs.due_amount,
                    CASE 
                        WHEN rs.customer_type REGEXP \'^[0-9]+$\' THEN c.cus_first_name
                        ELSE rs.customer_type
                    END AS customer_name,
                    CASE
                        WHEN rs.customer_type = \'Walk-In-Customer\' THEN \'Fully Paid\'
                        WHEN IFNULL(rcd.customer_due, 0) = 0 THEN \'Fully Paid\'
                        ELSE \'Partially Paid\'
                    END AS payment_status
                FROM return_sales rs
                JOIN (
                    SELECT 
                        sales_details_invoice, 
                        SUM(total_sale_price) AS total_sale
                    FROM return_sales_details
                    GROUP BY sales_details_invoice
                ) rsd ON rs.sales_invoice = rsd.sales_details_invoice
                LEFT JOIN (
                    SELECT 
                        due_invoice_no, 
                        SUM(due_amount - due_paid_amount) AS customer_due,
                        SUM(due_paid_amount) AS total_due_paid
                    FROM return_customer_due
                    GROUP BY due_invoice_no
                ) rcd ON rs.sales_invoice = rcd.due_invoice_no
                LEFT JOIN customer c ON c.customer_id = rs.customer_type AND rs.customer_type REGEXP \'^[0-9]+\'
            ')
 3 APPPATH\Controllers\salereturnlist.php(110): CodeIgniter\Database\BaseConnection->query(' SELECT 
                    rs.sales_invoice,
                    rs.sales_date,
                    rsd.total_sale,
                    rsd.product_vat,
                    rs.other_charge_on_all,
                    rs.paid_amount,
                    IFNULL(rcd.customer_due, 0) AS customer_due,
                    IFNULL(rcd.total_due_paid, 0) AS due_paid_amount,
                    (rs.paid_amount + IFNULL(rcd.total_due_paid, 0)) AS total_paid,
                    rs.due_amount,
                    CASE 
                        WHEN rs.customer_type REGEXP \'^[0-9]+$\' THEN c.cus_first_name
                        ELSE rs.customer_type
                    END AS customer_name,
                    CASE
                        WHEN rs.customer_type = \'Walk-In-Customer\' THEN \'Fully Paid\'
                        WHEN IFNULL(rcd.customer_due, 0) = 0 THEN \'Fully Paid\'
                        ELSE \'Partially Paid\'
                    END AS payment_status
                FROM return_sales rs
                JOIN (
                    SELECT 
                        sales_details_invoice, 
                        SUM(total_sale_price) AS total_sale
                    FROM return_sales_details
                    GROUP BY sales_details_invoice
                ) rsd ON rs.sales_invoice = rsd.sales_details_invoice
                LEFT JOIN (
                    SELECT 
                        due_invoice_no, 
                        SUM(due_amount - due_paid_amount) AS customer_due,
                        SUM(due_paid_amount) AS total_due_paid
                    FROM return_customer_due
                    GROUP BY due_invoice_no
                ) rcd ON rs.sales_invoice = rcd.due_invoice_no
                LEFT JOIN customer c ON c.customer_id = rs.customer_type AND rs.customer_type REGEXP \'^[0-9]+\'
            ')
 4 SYSTEMPATH\CodeIgniter.php(933): App\Controllers\salereturnlist->saleReturnListShow()
 5 SYSTEMPATH\CodeIgniter.php(507): CodeIgniter\CodeIgniter->runController(Object(App\Controllers\salereturnlist))
 6 SYSTEMPATH\CodeIgniter.php(354): CodeIgniter\CodeIgniter->handleRequest(null, Object(Config\Cache), false)
 7 SYSTEMPATH\Boot.php(363): CodeIgniter\CodeIgniter->run()
 8 SYSTEMPATH\Boot.php(68): CodeIgniter\Boot::runCodeIgniter(Object(CodeIgniter\CodeIgniter))
 9 FCPATH\index.php(59): CodeIgniter\Boot::bootWeb(Object(Config\Paths))
CRITICAL - 2026-07-12 16:00:07 --> [Caused by] mysqli_sql_exception: Unknown column 'rs.sales_date' in 'field list'
in SYSTEMPATH\Database\MySQLi\Connection.php on line 327.
 1 SYSTEMPATH\Database\MySQLi\Connection.php(327): mysqli->query(' SELECT 
                    rs.sales_invoice,
                    rs.sales_date,
                    rsd.total_sale,
                    rsd.product_vat,
                    rs.other_charge_on_all,
                    rs.paid_amount,
                    IFNULL(rcd.customer_due, 0) AS customer_due,
                    IFNULL(rcd.total_due_paid, 0) AS due_paid_amount,
                    (rs.paid_amount + IFNULL(rcd.total_due_paid, 0)) AS total_paid,
                    rs.due_amount,
                    CASE 
                        WHEN rs.customer_type REGEXP \'^[0-9]+$\' THEN c.cus_first_name
                        ELSE rs.customer_type
                    END AS customer_name,
                    CASE
                        WHEN rs.customer_type = \'Walk-In-Customer\' THEN \'Fully Paid\'
                        WHEN IFNULL(rcd.customer_due, 0) = 0 THEN \'Fully Paid\'
                        ELSE \'Partially Paid\'
                    END AS payment_status
                FROM return_sales rs
                JOIN (
                    SELECT 
                        sales_details_invoice, 
                        SUM(total_sale_price) AS total_sale
                    FROM return_sales_details
                    GROUP BY sales_details_invoice
                ) rsd ON rs.sales_invoice = rsd.sales_details_invoice
                LEFT JOIN (
                    SELECT 
                        due_invoice_no, 
                        SUM(due_amount - due_paid_amount) AS customer_due,
                        SUM(due_paid_amount) AS total_due_paid
                    FROM return_customer_due
                    GROUP BY due_invoice_no
                ) rcd ON rs.sales_invoice = rcd.due_invoice_no
                LEFT JOIN customer c ON c.customer_id = rs.customer_type AND rs.customer_type REGEXP \'^[0-9]+\'
            ', 0)
 2 SYSTEMPATH\Database\BaseConnection.php(729): CodeIgniter\Database\MySQLi\Connection->execute(' SELECT 
                    rs.sales_invoice,
                    rs.sales_date,
                    rsd.total_sale,
                    rsd.product_vat,
                    rs.other_charge_on_all,
                    rs.paid_amount,
                    IFNULL(rcd.customer_due, 0) AS customer_due,
                    IFNULL(rcd.total_due_paid, 0) AS due_paid_amount,
                    (rs.paid_amount + IFNULL(rcd.total_due_paid, 0)) AS total_paid,
                    rs.due_amount,
                    CASE 
                        WHEN rs.customer_type REGEXP \'^[0-9]+$\' THEN c.cus_first_name
                        ELSE rs.customer_type
                    END AS customer_name,
                    CASE
                        WHEN rs.customer_type = \'Walk-In-Customer\' THEN \'Fully Paid\'
                        WHEN IFNULL(rcd.customer_due, 0) = 0 THEN \'Fully Paid\'
                        ELSE \'Partially Paid\'
                    END AS payment_status
                FROM return_sales rs
                JOIN (
                    SELECT 
                        sales_details_invoice, 
                        SUM(total_sale_price) AS total_sale
                    FROM return_sales_details
                    GROUP BY sales_details_invoice
                ) rsd ON rs.sales_invoice = rsd.sales_details_invoice
                LEFT JOIN (
                    SELECT 
                        due_invoice_no, 
                        SUM(due_amount - due_paid_amount) AS customer_due,
                        SUM(due_paid_amount) AS total_due_paid
                    FROM return_customer_due
                    GROUP BY due_invoice_no
                ) rcd ON rs.sales_invoice = rcd.due_invoice_no
                LEFT JOIN customer c ON c.customer_id = rs.customer_type AND rs.customer_type REGEXP \'^[0-9]+\'
            ')
 3 SYSTEMPATH\Database\BaseConnection.php(646): CodeIgniter\Database\BaseConnection->simpleQuery(' SELECT 
                    rs.sales_invoice,
                    rs.sales_date,
                    rsd.total_sale,
                    rsd.product_vat,
                    rs.other_charge_on_all,
                    rs.paid_amount,
                    IFNULL(rcd.customer_due, 0) AS customer_due,
                    IFNULL(rcd.total_due_paid, 0) AS due_paid_amount,
                    (rs.paid_amount + IFNULL(rcd.total_due_paid, 0)) AS total_paid,
                    rs.due_amount,
                    CASE 
                        WHEN rs.customer_type REGEXP \'^[0-9]+$\' THEN c.cus_first_name
                        ELSE rs.customer_type
                    END AS customer_name,
                    CASE
                        WHEN rs.customer_type = \'Walk-In-Customer\' THEN \'Fully Paid\'
                        WHEN IFNULL(rcd.customer_due, 0) = 0 THEN \'Fully Paid\'
                        ELSE \'Partially Paid\'
                    END AS payment_status
                FROM return_sales rs
                JOIN (
                    SELECT 
                        sales_details_invoice, 
                        SUM(total_sale_price) AS total_sale
                    FROM return_sales_details
                    GROUP BY sales_details_invoice
                ) rsd ON rs.sales_invoice = rsd.sales_details_invoice
                LEFT JOIN (
                    SELECT 
                        due_invoice_no, 
                        SUM(due_amount - due_paid_amount) AS customer_due,
                        SUM(due_paid_amount) AS total_due_paid
                    FROM return_customer_due
                    GROUP BY due_invoice_no
                ) rcd ON rs.sales_invoice = rcd.due_invoice_no
                LEFT JOIN customer c ON c.customer_id = rs.customer_type AND rs.customer_type REGEXP \'^[0-9]+\'
            ')
 4 APPPATH\Controllers\salereturnlist.php(110): CodeIgniter\Database\BaseConnection->query(' SELECT 
                    rs.sales_invoice,
                    rs.sales_date,
                    rsd.total_sale,
                    rsd.product_vat,
                    rs.other_charge_on_all,
                    rs.paid_amount,
                    IFNULL(rcd.customer_due, 0) AS customer_due,
                    IFNULL(rcd.total_due_paid, 0) AS due_paid_amount,
                    (rs.paid_amount + IFNULL(rcd.total_due_paid, 0)) AS total_paid,
                    rs.due_amount,
                    CASE 
                        WHEN rs.customer_type REGEXP \'^[0-9]+$\' THEN c.cus_first_name
                        ELSE rs.customer_type
                    END AS customer_name,
                    CASE
                        WHEN rs.customer_type = \'Walk-In-Customer\' THEN \'Fully Paid\'
                        WHEN IFNULL(rcd.customer_due, 0) = 0 THEN \'Fully Paid\'
                        ELSE \'Partially Paid\'
                    END AS payment_status
                FROM return_sales rs
                JOIN (
                    SELECT 
                        sales_details_invoice, 
                        SUM(total_sale_price) AS total_sale
                    FROM return_sales_details
                    GROUP BY sales_details_invoice
                ) rsd ON rs.sales_invoice = rsd.sales_details_invoice
                LEFT JOIN (
                    SELECT 
                        due_invoice_no, 
                        SUM(due_amount - due_paid_amount) AS customer_due,
                        SUM(due_paid_amount) AS total_due_paid
                    FROM return_customer_due
                    GROUP BY due_invoice_no
                ) rcd ON rs.sales_invoice = rcd.due_invoice_no
                LEFT JOIN customer c ON c.customer_id = rs.customer_type AND rs.customer_type REGEXP \'^[0-9]+\'
            ')
 5 SYSTEMPATH\CodeIgniter.php(933): App\Controllers\salereturnlist->saleReturnListShow()
 6 SYSTEMPATH\CodeIgniter.php(507): CodeIgniter\CodeIgniter->runController(Object(App\Controllers\salereturnlist))
 7 SYSTEMPATH\CodeIgniter.php(354): CodeIgniter\CodeIgniter->handleRequest(null, Object(Config\Cache), false)
 8 SYSTEMPATH\Boot.php(363): CodeIgniter\CodeIgniter->run()
 9 SYSTEMPATH\Boot.php(68): CodeIgniter\Boot::runCodeIgniter(Object(CodeIgniter\CodeIgniter))
10 FCPATH\index.php(59): CodeIgniter\Boot::bootWeb(Object(Config\Paths))
ERROR - 2026-07-12 16:00:08 --> mysqli_sql_exception: Unknown column 'rs.sales_date' in 'field list' in C:\laragon\www\pharmacy-project\system\Database\MySQLi\Connection.php:327
Stack trace:
#0 C:\laragon\www\pharmacy-project\system\Database\MySQLi\Connection.php(327): mysqli->query(' SELECT \r\n     ...', 0)
#1 C:\laragon\www\pharmacy-project\system\Database\BaseConnection.php(729): CodeIgniter\Database\MySQLi\Connection->execute(' SELECT \r\n     ...')
#2 C:\laragon\www\pharmacy-project\system\Database\BaseConnection.php(646): CodeIgniter\Database\BaseConnection->simpleQuery(' SELECT \r\n     ...')
#3 C:\laragon\www\pharmacy-project\app\Controllers\salereturnlist.php(110): CodeIgniter\Database\BaseConnection->query(' SELECT \r\n     ...')
#4 C:\laragon\www\pharmacy-project\system\CodeIgniter.php(933): App\Controllers\salereturnlist->saleReturnListShow()
#5 C:\laragon\www\pharmacy-project\system\CodeIgniter.php(507): CodeIgniter\CodeIgniter->runController(Object(App\Controllers\salereturnlist))
#6 C:\laragon\www\pharmacy-project\system\CodeIgniter.php(354): CodeIgniter\CodeIgniter->handleRequest(NULL, Object(Config\Cache), false)
#7 C:\laragon\www\pharmacy-project\system\Boot.php(363): CodeIgniter\CodeIgniter->run()
#8 C:\laragon\www\pharmacy-project\system\Boot.php(68): CodeIgniter\Boot::runCodeIgniter(Object(CodeIgniter\CodeIgniter))
#9 C:\laragon\www\pharmacy-project\index.php(59): CodeIgniter\Boot::bootWeb(Object(Config\Paths))
#10 {main}
CRITICAL - 2026-07-12 16:00:08 --> CodeIgniter\Database\Exceptions\DatabaseException: Unknown column 'rs.sales_date' in 'field list'
[Method: GET, Route: salereturnlistshow]
in SYSTEMPATH\Database\BaseConnection.php on line 684.
 1 APPPATH\Controllers\salereturnlist.php(110): CodeIgniter\Database\BaseConnection->query(' SELECT 
                    rs.sales_invoice,
                    rs.sales_date,
                    rsd.total_sale,
                    rsd.product_vat,
                    rs.other_charge_on_all,
                    rs.paid_amount,
                    IFNULL(rcd.customer_due, 0) AS customer_due,
                    IFNULL(rcd.total_due_paid, 0) AS due_paid_amount,
                    (rs.paid_amount + IFNULL(rcd.total_due_paid, 0)) AS total_paid,
                    rs.due_amount,
                    CASE 
                        WHEN rs.customer_type REGEXP \'^[0-9]+$\' THEN c.cus_first_name
                        ELSE rs.customer_type
                    END AS customer_name,
                    CASE
                        WHEN rs.customer_type = \'Walk-In-Customer\' THEN \'Fully Paid\'
                        WHEN IFNULL(rcd.customer_due, 0) = 0 THEN \'Fully Paid\'
                        ELSE \'Partially Paid\'
                    END AS payment_status
                FROM return_sales rs
                JOIN (
                    SELECT 
                        sales_details_invoice, 
                        SUM(total_sale_price) AS total_sale
                    FROM return_sales_details
                    GROUP BY sales_details_invoice
                ) rsd ON rs.sales_invoice = rsd.sales_details_invoice
                LEFT JOIN (
                    SELECT 
                        due_invoice_no, 
                        SUM(due_amount - due_paid_amount) AS customer_due,
                        SUM(due_paid_amount) AS total_due_paid
                    FROM return_customer_due
                    GROUP BY due_invoice_no
                ) rcd ON rs.sales_invoice = rcd.due_invoice_no
                LEFT JOIN customer c ON c.customer_id = rs.customer_type AND rs.customer_type REGEXP \'^[0-9]+\'
            ')
 2 SYSTEMPATH\CodeIgniter.php(933): App\Controllers\salereturnlist->saleReturnListShow()
 3 SYSTEMPATH\CodeIgniter.php(507): CodeIgniter\CodeIgniter->runController(Object(App\Controllers\salereturnlist))
 4 SYSTEMPATH\CodeIgniter.php(354): CodeIgniter\CodeIgniter->handleRequest(null, Object(Config\Cache), false)
 5 SYSTEMPATH\Boot.php(363): CodeIgniter\CodeIgniter->run()
 6 SYSTEMPATH\Boot.php(68): CodeIgniter\Boot::runCodeIgniter(Object(CodeIgniter\CodeIgniter))
 7 FCPATH\index.php(59): CodeIgniter\Boot::bootWeb(Object(Config\Paths))
CRITICAL - 2026-07-12 16:00:08 --> [Caused by] CodeIgniter\Database\Exceptions\DatabaseException: Unknown column 'rs.sales_date' in 'field list'
in SYSTEMPATH\Database\MySQLi\Connection.php on line 332.
 1 SYSTEMPATH\Database\BaseConnection.php(729): CodeIgniter\Database\MySQLi\Connection->execute(' SELECT 
                    rs.sales_invoice,
                    rs.sales_date,
                    rsd.total_sale,
                    rsd.product_vat,
                    rs.other_charge_on_all,
                    rs.paid_amount,
                    IFNULL(rcd.customer_due, 0) AS customer_due,
                    IFNULL(rcd.total_due_paid, 0) AS due_paid_amount,
                    (rs.paid_amount + IFNULL(rcd.total_due_paid, 0)) AS total_paid,
                    rs.due_amount,
                    CASE 
                        WHEN rs.customer_type REGEXP \'^[0-9]+$\' THEN c.cus_first_name
                        ELSE rs.customer_type
                    END AS customer_name,
                    CASE
                        WHEN rs.customer_type = \'Walk-In-Customer\' THEN \'Fully Paid\'
                        WHEN IFNULL(rcd.customer_due, 0) = 0 THEN \'Fully Paid\'
                        ELSE \'Partially Paid\'
                    END AS payment_status
                FROM return_sales rs
                JOIN (
                    SELECT 
                        sales_details_invoice, 
                        SUM(total_sale_price) AS total_sale
                    FROM return_sales_details
                    GROUP BY sales_details_invoice
                ) rsd ON rs.sales_invoice = rsd.sales_details_invoice
                LEFT JOIN (
                    SELECT 
                        due_invoice_no, 
                        SUM(due_amount - due_paid_amount) AS customer_due,
                        SUM(due_paid_amount) AS total_due_paid
                    FROM return_customer_due
                    GROUP BY due_invoice_no
                ) rcd ON rs.sales_invoice = rcd.due_invoice_no
                LEFT JOIN customer c ON c.customer_id = rs.customer_type AND rs.customer_type REGEXP \'^[0-9]+\'
            ')
 2 SYSTEMPATH\Database\BaseConnection.php(646): CodeIgniter\Database\BaseConnection->simpleQuery(' SELECT 
                    rs.sales_invoice,
                    rs.sales_date,
                    rsd.total_sale,
                    rsd.product_vat,
                    rs.other_charge_on_all,
                    rs.paid_amount,
                    IFNULL(rcd.customer_due, 0) AS customer_due,
                    IFNULL(rcd.total_due_paid, 0) AS due_paid_amount,
                    (rs.paid_amount + IFNULL(rcd.total_due_paid, 0)) AS total_paid,
                    rs.due_amount,
                    CASE 
                        WHEN rs.customer_type REGEXP \'^[0-9]+$\' THEN c.cus_first_name
                        ELSE rs.customer_type
                    END AS customer_name,
                    CASE
                        WHEN rs.customer_type = \'Walk-In-Customer\' THEN \'Fully Paid\'
                        WHEN IFNULL(rcd.customer_due, 0) = 0 THEN \'Fully Paid\'
                        ELSE \'Partially Paid\'
                    END AS payment_status
                FROM return_sales rs
                JOIN (
                    SELECT 
                        sales_details_invoice, 
                        SUM(total_sale_price) AS total_sale
                    FROM return_sales_details
                    GROUP BY sales_details_invoice
                ) rsd ON rs.sales_invoice = rsd.sales_details_invoice
                LEFT JOIN (
                    SELECT 
                        due_invoice_no, 
                        SUM(due_amount - due_paid_amount) AS customer_due,
                        SUM(due_paid_amount) AS total_due_paid
                    FROM return_customer_due
                    GROUP BY due_invoice_no
                ) rcd ON rs.sales_invoice = rcd.due_invoice_no
                LEFT JOIN customer c ON c.customer_id = rs.customer_type AND rs.customer_type REGEXP \'^[0-9]+\'
            ')
 3 APPPATH\Controllers\salereturnlist.php(110): CodeIgniter\Database\BaseConnection->query(' SELECT 
                    rs.sales_invoice,
                    rs.sales_date,
                    rsd.total_sale,
                    rsd.product_vat,
                    rs.other_charge_on_all,
                    rs.paid_amount,
                    IFNULL(rcd.customer_due, 0) AS customer_due,
                    IFNULL(rcd.total_due_paid, 0) AS due_paid_amount,
                    (rs.paid_amount + IFNULL(rcd.total_due_paid, 0)) AS total_paid,
                    rs.due_amount,
                    CASE 
                        WHEN rs.customer_type REGEXP \'^[0-9]+$\' THEN c.cus_first_name
                        ELSE rs.customer_type
                    END AS customer_name,
                    CASE
                        WHEN rs.customer_type = \'Walk-In-Customer\' THEN \'Fully Paid\'
                        WHEN IFNULL(rcd.customer_due, 0) = 0 THEN \'Fully Paid\'
                        ELSE \'Partially Paid\'
                    END AS payment_status
                FROM return_sales rs
                JOIN (
                    SELECT 
                        sales_details_invoice, 
                        SUM(total_sale_price) AS total_sale
                    FROM return_sales_details
                    GROUP BY sales_details_invoice
                ) rsd ON rs.sales_invoice = rsd.sales_details_invoice
                LEFT JOIN (
                    SELECT 
                        due_invoice_no, 
                        SUM(due_amount - due_paid_amount) AS customer_due,
                        SUM(due_paid_amount) AS total_due_paid
                    FROM return_customer_due
                    GROUP BY due_invoice_no
                ) rcd ON rs.sales_invoice = rcd.due_invoice_no
                LEFT JOIN customer c ON c.customer_id = rs.customer_type AND rs.customer_type REGEXP \'^[0-9]+\'
            ')
 4 SYSTEMPATH\CodeIgniter.php(933): App\Controllers\salereturnlist->saleReturnListShow()
 5 SYSTEMPATH\CodeIgniter.php(507): CodeIgniter\CodeIgniter->runController(Object(App\Controllers\salereturnlist))
 6 SYSTEMPATH\CodeIgniter.php(354): CodeIgniter\CodeIgniter->handleRequest(null, Object(Config\Cache), false)
 7 SYSTEMPATH\Boot.php(363): CodeIgniter\CodeIgniter->run()
 8 SYSTEMPATH\Boot.php(68): CodeIgniter\Boot::runCodeIgniter(Object(CodeIgniter\CodeIgniter))
 9 FCPATH\index.php(59): CodeIgniter\Boot::bootWeb(Object(Config\Paths))
CRITICAL - 2026-07-12 16:00:08 --> [Caused by] mysqli_sql_exception: Unknown column 'rs.sales_date' in 'field list'
in SYSTEMPATH\Database\MySQLi\Connection.php on line 327.
 1 SYSTEMPATH\Database\MySQLi\Connection.php(327): mysqli->query(' SELECT 
                    rs.sales_invoice,
                    rs.sales_date,
                    rsd.total_sale,
                    rsd.product_vat,
                    rs.other_charge_on_all,
                    rs.paid_amount,
                    IFNULL(rcd.customer_due, 0) AS customer_due,
                    IFNULL(rcd.total_due_paid, 0) AS due_paid_amount,
                    (rs.paid_amount + IFNULL(rcd.total_due_paid, 0)) AS total_paid,
                    rs.due_amount,
                    CASE 
                        WHEN rs.customer_type REGEXP \'^[0-9]+$\' THEN c.cus_first_name
                        ELSE rs.customer_type
                    END AS customer_name,
                    CASE
                        WHEN rs.customer_type = \'Walk-In-Customer\' THEN \'Fully Paid\'
                        WHEN IFNULL(rcd.customer_due, 0) = 0 THEN \'Fully Paid\'
                        ELSE \'Partially Paid\'
                    END AS payment_status
                FROM return_sales rs
                JOIN (
                    SELECT 
                        sales_details_invoice, 
                        SUM(total_sale_price) AS total_sale
                    FROM return_sales_details
                    GROUP BY sales_details_invoice
                ) rsd ON rs.sales_invoice = rsd.sales_details_invoice
                LEFT JOIN (
                    SELECT 
                        due_invoice_no, 
                        SUM(due_amount - due_paid_amount) AS customer_due,
                        SUM(due_paid_amount) AS total_due_paid
                    FROM return_customer_due
                    GROUP BY due_invoice_no
                ) rcd ON rs.sales_invoice = rcd.due_invoice_no
                LEFT JOIN customer c ON c.customer_id = rs.customer_type AND rs.customer_type REGEXP \'^[0-9]+\'
            ', 0)
 2 SYSTEMPATH\Database\BaseConnection.php(729): CodeIgniter\Database\MySQLi\Connection->execute(' SELECT 
                    rs.sales_invoice,
                    rs.sales_date,
                    rsd.total_sale,
                    rsd.product_vat,
                    rs.other_charge_on_all,
                    rs.paid_amount,
                    IFNULL(rcd.customer_due, 0) AS customer_due,
                    IFNULL(rcd.total_due_paid, 0) AS due_paid_amount,
                    (rs.paid_amount + IFNULL(rcd.total_due_paid, 0)) AS total_paid,
                    rs.due_amount,
                    CASE 
                        WHEN rs.customer_type REGEXP \'^[0-9]+$\' THEN c.cus_first_name
                        ELSE rs.customer_type
                    END AS customer_name,
                    CASE
                        WHEN rs.customer_type = \'Walk-In-Customer\' THEN \'Fully Paid\'
                        WHEN IFNULL(rcd.customer_due, 0) = 0 THEN \'Fully Paid\'
                        ELSE \'Partially Paid\'
                    END AS payment_status
                FROM return_sales rs
                JOIN (
                    SELECT 
                        sales_details_invoice, 
                        SUM(total_sale_price) AS total_sale
                    FROM return_sales_details
                    GROUP BY sales_details_invoice
                ) rsd ON rs.sales_invoice = rsd.sales_details_invoice
                LEFT JOIN (
                    SELECT 
                        due_invoice_no, 
                        SUM(due_amount - due_paid_amount) AS customer_due,
                        SUM(due_paid_amount) AS total_due_paid
                    FROM return_customer_due
                    GROUP BY due_invoice_no
                ) rcd ON rs.sales_invoice = rcd.due_invoice_no
                LEFT JOIN customer c ON c.customer_id = rs.customer_type AND rs.customer_type REGEXP \'^[0-9]+\'
            ')
 3 SYSTEMPATH\Database\BaseConnection.php(646): CodeIgniter\Database\BaseConnection->simpleQuery(' SELECT 
                    rs.sales_invoice,
                    rs.sales_date,
                    rsd.total_sale,
                    rsd.product_vat,
                    rs.other_charge_on_all,
                    rs.paid_amount,
                    IFNULL(rcd.customer_due, 0) AS customer_due,
                    IFNULL(rcd.total_due_paid, 0) AS due_paid_amount,
                    (rs.paid_amount + IFNULL(rcd.total_due_paid, 0)) AS total_paid,
                    rs.due_amount,
                    CASE 
                        WHEN rs.customer_type REGEXP \'^[0-9]+$\' THEN c.cus_first_name
                        ELSE rs.customer_type
                    END AS customer_name,
                    CASE
                        WHEN rs.customer_type = \'Walk-In-Customer\' THEN \'Fully Paid\'
                        WHEN IFNULL(rcd.customer_due, 0) = 0 THEN \'Fully Paid\'
                        ELSE \'Partially Paid\'
                    END AS payment_status
                FROM return_sales rs
                JOIN (
                    SELECT 
                        sales_details_invoice, 
                        SUM(total_sale_price) AS total_sale
                    FROM return_sales_details
                    GROUP BY sales_details_invoice
                ) rsd ON rs.sales_invoice = rsd.sales_details_invoice
                LEFT JOIN (
                    SELECT 
                        due_invoice_no, 
                        SUM(due_amount - due_paid_amount) AS customer_due,
                        SUM(due_paid_amount) AS total_due_paid
                    FROM return_customer_due
                    GROUP BY due_invoice_no
                ) rcd ON rs.sales_invoice = rcd.due_invoice_no
                LEFT JOIN customer c ON c.customer_id = rs.customer_type AND rs.customer_type REGEXP \'^[0-9]+\'
            ')
 4 APPPATH\Controllers\salereturnlist.php(110): CodeIgniter\Database\BaseConnection->query(' SELECT 
                    rs.sales_invoice,
                    rs.sales_date,
                    rsd.total_sale,
                    rsd.product_vat,
                    rs.other_charge_on_all,
                    rs.paid_amount,
                    IFNULL(rcd.customer_due, 0) AS customer_due,
                    IFNULL(rcd.total_due_paid, 0) AS due_paid_amount,
                    (rs.paid_amount + IFNULL(rcd.total_due_paid, 0)) AS total_paid,
                    rs.due_amount,
                    CASE 
                        WHEN rs.customer_type REGEXP \'^[0-9]+$\' THEN c.cus_first_name
                        ELSE rs.customer_type
                    END AS customer_name,
                    CASE
                        WHEN rs.customer_type = \'Walk-In-Customer\' THEN \'Fully Paid\'
                        WHEN IFNULL(rcd.customer_due, 0) = 0 THEN \'Fully Paid\'
                        ELSE \'Partially Paid\'
                    END AS payment_status
                FROM return_sales rs
                JOIN (
                    SELECT 
                        sales_details_invoice, 
                        SUM(total_sale_price) AS total_sale
                    FROM return_sales_details
                    GROUP BY sales_details_invoice
                ) rsd ON rs.sales_invoice = rsd.sales_details_invoice
                LEFT JOIN (
                    SELECT 
                        due_invoice_no, 
                        SUM(due_amount - due_paid_amount) AS customer_due,
                        SUM(due_paid_amount) AS total_due_paid
                    FROM return_customer_due
                    GROUP BY due_invoice_no
                ) rcd ON rs.sales_invoice = rcd.due_invoice_no
                LEFT JOIN customer c ON c.customer_id = rs.customer_type AND rs.customer_type REGEXP \'^[0-9]+\'
            ')
 5 SYSTEMPATH\CodeIgniter.php(933): App\Controllers\salereturnlist->saleReturnListShow()
 6 SYSTEMPATH\CodeIgniter.php(507): CodeIgniter\CodeIgniter->runController(Object(App\Controllers\salereturnlist))
 7 SYSTEMPATH\CodeIgniter.php(354): CodeIgniter\CodeIgniter->handleRequest(null, Object(Config\Cache), false)
 8 SYSTEMPATH\Boot.php(363): CodeIgniter\CodeIgniter->run()
 9 SYSTEMPATH\Boot.php(68): CodeIgniter\Boot::runCodeIgniter(Object(CodeIgniter\CodeIgniter))
10 FCPATH\index.php(59): CodeIgniter\Boot::bootWeb(Object(Config\Paths))
ERROR - 2026-07-12 16:01:22 --> mysqli_sql_exception: Unknown column 'rsd.product_vat' in 'field list' in C:\laragon\www\pharmacy-project\system\Database\MySQLi\Connection.php:327
Stack trace:
#0 C:\laragon\www\pharmacy-project\system\Database\MySQLi\Connection.php(327): mysqli->query(' SELECT \r\n     ...', 0)
#1 C:\laragon\www\pharmacy-project\system\Database\BaseConnection.php(729): CodeIgniter\Database\MySQLi\Connection->execute(' SELECT \r\n     ...')
#2 C:\laragon\www\pharmacy-project\system\Database\BaseConnection.php(646): CodeIgniter\Database\BaseConnection->simpleQuery(' SELECT \r\n     ...')
#3 C:\laragon\www\pharmacy-project\app\Controllers\salereturnlist.php(110): CodeIgniter\Database\BaseConnection->query(' SELECT \r\n     ...')
#4 C:\laragon\www\pharmacy-project\system\CodeIgniter.php(933): App\Controllers\salereturnlist->saleReturnListShow()
#5 C:\laragon\www\pharmacy-project\system\CodeIgniter.php(507): CodeIgniter\CodeIgniter->runController(Object(App\Controllers\salereturnlist))
#6 C:\laragon\www\pharmacy-project\system\CodeIgniter.php(354): CodeIgniter\CodeIgniter->handleRequest(NULL, Object(Config\Cache), false)
#7 C:\laragon\www\pharmacy-project\system\Boot.php(363): CodeIgniter\CodeIgniter->run()
#8 C:\laragon\www\pharmacy-project\system\Boot.php(68): CodeIgniter\Boot::runCodeIgniter(Object(CodeIgniter\CodeIgniter))
#9 C:\laragon\www\pharmacy-project\index.php(59): CodeIgniter\Boot::bootWeb(Object(Config\Paths))
#10 {main}
CRITICAL - 2026-07-12 16:01:22 --> CodeIgniter\Database\Exceptions\DatabaseException: Unknown column 'rsd.product_vat' in 'field list'
[Method: GET, Route: salereturnlistshow]
in SYSTEMPATH\Database\BaseConnection.php on line 684.
 1 APPPATH\Controllers\salereturnlist.php(110): CodeIgniter\Database\BaseConnection->query(' SELECT 
                    rs.sales_invoice,
                    rs.return_date,
                    rsd.total_sale,
                    rsd.product_vat,
                    rs.other_charge_on_all,
                    rs.paid_amount,
                    IFNULL(rcd.customer_due, 0) AS customer_due,
                    IFNULL(rcd.total_due_paid, 0) AS due_paid_amount,
                    (rs.paid_amount + IFNULL(rcd.total_due_paid, 0)) AS total_paid,
                    rs.due_amount,
                    CASE 
                        WHEN rs.customer_type REGEXP \'^[0-9]+$\' THEN c.cus_first_name
                        ELSE rs.customer_type
                    END AS customer_name,
                    CASE
                        WHEN rs.customer_type = \'Walk-In-Customer\' THEN \'Fully Paid\'
                        WHEN IFNULL(rcd.customer_due, 0) = 0 THEN \'Fully Paid\'
                        ELSE \'Partially Paid\'
                    END AS payment_status
                FROM return_sales rs
                JOIN (
                    SELECT 
                        sales_details_invoice, 
                        SUM(total_sale_price) AS total_sale
                    FROM return_sales_details
                    GROUP BY sales_details_invoice
                ) rsd ON rs.sales_invoice = rsd.sales_details_invoice
                LEFT JOIN (
                    SELECT 
                        due_invoice_no, 
                        SUM(due_amount - due_paid_amount) AS customer_due,
                        SUM(due_paid_amount) AS total_due_paid
                    FROM return_customer_due
                    GROUP BY due_invoice_no
                ) rcd ON rs.sales_invoice = rcd.due_invoice_no
                LEFT JOIN customer c ON c.customer_id = rs.customer_type AND rs.customer_type REGEXP \'^[0-9]+\'
            ')
 2 SYSTEMPATH\CodeIgniter.php(933): App\Controllers\salereturnlist->saleReturnListShow()
 3 SYSTEMPATH\CodeIgniter.php(507): CodeIgniter\CodeIgniter->runController(Object(App\Controllers\salereturnlist))
 4 SYSTEMPATH\CodeIgniter.php(354): CodeIgniter\CodeIgniter->handleRequest(null, Object(Config\Cache), false)
 5 SYSTEMPATH\Boot.php(363): CodeIgniter\CodeIgniter->run()
 6 SYSTEMPATH\Boot.php(68): CodeIgniter\Boot::runCodeIgniter(Object(CodeIgniter\CodeIgniter))
 7 FCPATH\index.php(59): CodeIgniter\Boot::bootWeb(Object(Config\Paths))
CRITICAL - 2026-07-12 16:01:22 --> [Caused by] CodeIgniter\Database\Exceptions\DatabaseException: Unknown column 'rsd.product_vat' in 'field list'
in SYSTEMPATH\Database\MySQLi\Connection.php on line 332.
 1 SYSTEMPATH\Database\BaseConnection.php(729): CodeIgniter\Database\MySQLi\Connection->execute(' SELECT 
                    rs.sales_invoice,
                    rs.return_date,
                    rsd.total_sale,
                    rsd.product_vat,
                    rs.other_charge_on_all,
                    rs.paid_amount,
                    IFNULL(rcd.customer_due, 0) AS customer_due,
                    IFNULL(rcd.total_due_paid, 0) AS due_paid_amount,
                    (rs.paid_amount + IFNULL(rcd.total_due_paid, 0)) AS total_paid,
                    rs.due_amount,
                    CASE 
                        WHEN rs.customer_type REGEXP \'^[0-9]+$\' THEN c.cus_first_name
                        ELSE rs.customer_type
                    END AS customer_name,
                    CASE
                        WHEN rs.customer_type = \'Walk-In-Customer\' THEN \'Fully Paid\'
                        WHEN IFNULL(rcd.customer_due, 0) = 0 THEN \'Fully Paid\'
                        ELSE \'Partially Paid\'
                    END AS payment_status
                FROM return_sales rs
                JOIN (
                    SELECT 
                        sales_details_invoice, 
                        SUM(total_sale_price) AS total_sale
                    FROM return_sales_details
                    GROUP BY sales_details_invoice
                ) rsd ON rs.sales_invoice = rsd.sales_details_invoice
                LEFT JOIN (
                    SELECT 
                        due_invoice_no, 
                        SUM(due_amount - due_paid_amount) AS customer_due,
                        SUM(due_paid_amount) AS total_due_paid
                    FROM return_customer_due
                    GROUP BY due_invoice_no
                ) rcd ON rs.sales_invoice = rcd.due_invoice_no
                LEFT JOIN customer c ON c.customer_id = rs.customer_type AND rs.customer_type REGEXP \'^[0-9]+\'
            ')
 2 SYSTEMPATH\Database\BaseConnection.php(646): CodeIgniter\Database\BaseConnection->simpleQuery(' SELECT 
                    rs.sales_invoice,
                    rs.return_date,
                    rsd.total_sale,
                    rsd.product_vat,
                    rs.other_charge_on_all,
                    rs.paid_amount,
                    IFNULL(rcd.customer_due, 0) AS customer_due,
                    IFNULL(rcd.total_due_paid, 0) AS due_paid_amount,
                    (rs.paid_amount + IFNULL(rcd.total_due_paid, 0)) AS total_paid,
                    rs.due_amount,
                    CASE 
                        WHEN rs.customer_type REGEXP \'^[0-9]+$\' THEN c.cus_first_name
                        ELSE rs.customer_type
                    END AS customer_name,
                    CASE
                        WHEN rs.customer_type = \'Walk-In-Customer\' THEN \'Fully Paid\'
                        WHEN IFNULL(rcd.customer_due, 0) = 0 THEN \'Fully Paid\'
                        ELSE \'Partially Paid\'
                    END AS payment_status
                FROM return_sales rs
                JOIN (
                    SELECT 
                        sales_details_invoice, 
                        SUM(total_sale_price) AS total_sale
                    FROM return_sales_details
                    GROUP BY sales_details_invoice
                ) rsd ON rs.sales_invoice = rsd.sales_details_invoice
                LEFT JOIN (
                    SELECT 
                        due_invoice_no, 
                        SUM(due_amount - due_paid_amount) AS customer_due,
                        SUM(due_paid_amount) AS total_due_paid
                    FROM return_customer_due
                    GROUP BY due_invoice_no
                ) rcd ON rs.sales_invoice = rcd.due_invoice_no
                LEFT JOIN customer c ON c.customer_id = rs.customer_type AND rs.customer_type REGEXP \'^[0-9]+\'
            ')
 3 APPPATH\Controllers\salereturnlist.php(110): CodeIgniter\Database\BaseConnection->query(' SELECT 
                    rs.sales_invoice,
                    rs.return_date,
                    rsd.total_sale,
                    rsd.product_vat,
                    rs.other_charge_on_all,
                    rs.paid_amount,
                    IFNULL(rcd.customer_due, 0) AS customer_due,
                    IFNULL(rcd.total_due_paid, 0) AS due_paid_amount,
                    (rs.paid_amount + IFNULL(rcd.total_due_paid, 0)) AS total_paid,
                    rs.due_amount,
                    CASE 
                        WHEN rs.customer_type REGEXP \'^[0-9]+$\' THEN c.cus_first_name
                        ELSE rs.customer_type
                    END AS customer_name,
                    CASE
                        WHEN rs.customer_type = \'Walk-In-Customer\' THEN \'Fully Paid\'
                        WHEN IFNULL(rcd.customer_due, 0) = 0 THEN \'Fully Paid\'
                        ELSE \'Partially Paid\'
                    END AS payment_status
                FROM return_sales rs
                JOIN (
                    SELECT 
                        sales_details_invoice, 
                        SUM(total_sale_price) AS total_sale
                    FROM return_sales_details
                    GROUP BY sales_details_invoice
                ) rsd ON rs.sales_invoice = rsd.sales_details_invoice
                LEFT JOIN (
                    SELECT 
                        due_invoice_no, 
                        SUM(due_amount - due_paid_amount) AS customer_due,
                        SUM(due_paid_amount) AS total_due_paid
                    FROM return_customer_due
                    GROUP BY due_invoice_no
                ) rcd ON rs.sales_invoice = rcd.due_invoice_no
                LEFT JOIN customer c ON c.customer_id = rs.customer_type AND rs.customer_type REGEXP \'^[0-9]+\'
            ')
 4 SYSTEMPATH\CodeIgniter.php(933): App\Controllers\salereturnlist->saleReturnListShow()
 5 SYSTEMPATH\CodeIgniter.php(507): CodeIgniter\CodeIgniter->runController(Object(App\Controllers\salereturnlist))
 6 SYSTEMPATH\CodeIgniter.php(354): CodeIgniter\CodeIgniter->handleRequest(null, Object(Config\Cache), false)
 7 SYSTEMPATH\Boot.php(363): CodeIgniter\CodeIgniter->run()
 8 SYSTEMPATH\Boot.php(68): CodeIgniter\Boot::runCodeIgniter(Object(CodeIgniter\CodeIgniter))
 9 FCPATH\index.php(59): CodeIgniter\Boot::bootWeb(Object(Config\Paths))
CRITICAL - 2026-07-12 16:01:22 --> [Caused by] mysqli_sql_exception: Unknown column 'rsd.product_vat' in 'field list'
in SYSTEMPATH\Database\MySQLi\Connection.php on line 327.
 1 SYSTEMPATH\Database\MySQLi\Connection.php(327): mysqli->query(' SELECT 
                    rs.sales_invoice,
                    rs.return_date,
                    rsd.total_sale,
                    rsd.product_vat,
                    rs.other_charge_on_all,
                    rs.paid_amount,
                    IFNULL(rcd.customer_due, 0) AS customer_due,
                    IFNULL(rcd.total_due_paid, 0) AS due_paid_amount,
                    (rs.paid_amount + IFNULL(rcd.total_due_paid, 0)) AS total_paid,
                    rs.due_amount,
                    CASE 
                        WHEN rs.customer_type REGEXP \'^[0-9]+$\' THEN c.cus_first_name
                        ELSE rs.customer_type
                    END AS customer_name,
                    CASE
                        WHEN rs.customer_type = \'Walk-In-Customer\' THEN \'Fully Paid\'
                        WHEN IFNULL(rcd.customer_due, 0) = 0 THEN \'Fully Paid\'
                        ELSE \'Partially Paid\'
                    END AS payment_status
                FROM return_sales rs
                JOIN (
                    SELECT 
                        sales_details_invoice, 
                        SUM(total_sale_price) AS total_sale
                    FROM return_sales_details
                    GROUP BY sales_details_invoice
                ) rsd ON rs.sales_invoice = rsd.sales_details_invoice
                LEFT JOIN (
                    SELECT 
                        due_invoice_no, 
                        SUM(due_amount - due_paid_amount) AS customer_due,
                        SUM(due_paid_amount) AS total_due_paid
                    FROM return_customer_due
                    GROUP BY due_invoice_no
                ) rcd ON rs.sales_invoice = rcd.due_invoice_no
                LEFT JOIN customer c ON c.customer_id = rs.customer_type AND rs.customer_type REGEXP \'^[0-9]+\'
            ', 0)
 2 SYSTEMPATH\Database\BaseConnection.php(729): CodeIgniter\Database\MySQLi\Connection->execute(' SELECT 
                    rs.sales_invoice,
                    rs.return_date,
                    rsd.total_sale,
                    rsd.product_vat,
                    rs.other_charge_on_all,
                    rs.paid_amount,
                    IFNULL(rcd.customer_due, 0) AS customer_due,
                    IFNULL(rcd.total_due_paid, 0) AS due_paid_amount,
                    (rs.paid_amount + IFNULL(rcd.total_due_paid, 0)) AS total_paid,
                    rs.due_amount,
                    CASE 
                        WHEN rs.customer_type REGEXP \'^[0-9]+$\' THEN c.cus_first_name
                        ELSE rs.customer_type
                    END AS customer_name,
                    CASE
                        WHEN rs.customer_type = \'Walk-In-Customer\' THEN \'Fully Paid\'
                        WHEN IFNULL(rcd.customer_due, 0) = 0 THEN \'Fully Paid\'
                        ELSE \'Partially Paid\'
                    END AS payment_status
                FROM return_sales rs
                JOIN (
                    SELECT 
                        sales_details_invoice, 
                        SUM(total_sale_price) AS total_sale
                    FROM return_sales_details
                    GROUP BY sales_details_invoice
                ) rsd ON rs.sales_invoice = rsd.sales_details_invoice
                LEFT JOIN (
                    SELECT 
                        due_invoice_no, 
                        SUM(due_amount - due_paid_amount) AS customer_due,
                        SUM(due_paid_amount) AS total_due_paid
                    FROM return_customer_due
                    GROUP BY due_invoice_no
                ) rcd ON rs.sales_invoice = rcd.due_invoice_no
                LEFT JOIN customer c ON c.customer_id = rs.customer_type AND rs.customer_type REGEXP \'^[0-9]+\'
            ')
 3 SYSTEMPATH\Database\BaseConnection.php(646): CodeIgniter\Database\BaseConnection->simpleQuery(' SELECT 
                    rs.sales_invoice,
                    rs.return_date,
                    rsd.total_sale,
                    rsd.product_vat,
                    rs.other_charge_on_all,
                    rs.paid_amount,
                    IFNULL(rcd.customer_due, 0) AS customer_due,
                    IFNULL(rcd.total_due_paid, 0) AS due_paid_amount,
                    (rs.paid_amount + IFNULL(rcd.total_due_paid, 0)) AS total_paid,
                    rs.due_amount,
                    CASE 
                        WHEN rs.customer_type REGEXP \'^[0-9]+$\' THEN c.cus_first_name
                        ELSE rs.customer_type
                    END AS customer_name,
                    CASE
                        WHEN rs.customer_type = \'Walk-In-Customer\' THEN \'Fully Paid\'
                        WHEN IFNULL(rcd.customer_due, 0) = 0 THEN \'Fully Paid\'
                        ELSE \'Partially Paid\'
                    END AS payment_status
                FROM return_sales rs
                JOIN (
                    SELECT 
                        sales_details_invoice, 
                        SUM(total_sale_price) AS total_sale
                    FROM return_sales_details
                    GROUP BY sales_details_invoice
                ) rsd ON rs.sales_invoice = rsd.sales_details_invoice
                LEFT JOIN (
                    SELECT 
                        due_invoice_no, 
                        SUM(due_amount - due_paid_amount) AS customer_due,
                        SUM(due_paid_amount) AS total_due_paid
                    FROM return_customer_due
                    GROUP BY due_invoice_no
                ) rcd ON rs.sales_invoice = rcd.due_invoice_no
                LEFT JOIN customer c ON c.customer_id = rs.customer_type AND rs.customer_type REGEXP \'^[0-9]+\'
            ')
 4 APPPATH\Controllers\salereturnlist.php(110): CodeIgniter\Database\BaseConnection->query(' SELECT 
                    rs.sales_invoice,
                    rs.return_date,
                    rsd.total_sale,
                    rsd.product_vat,
                    rs.other_charge_on_all,
                    rs.paid_amount,
                    IFNULL(rcd.customer_due, 0) AS customer_due,
                    IFNULL(rcd.total_due_paid, 0) AS due_paid_amount,
                    (rs.paid_amount + IFNULL(rcd.total_due_paid, 0)) AS total_paid,
                    rs.due_amount,
                    CASE 
                        WHEN rs.customer_type REGEXP \'^[0-9]+$\' THEN c.cus_first_name
                        ELSE rs.customer_type
                    END AS customer_name,
                    CASE
                        WHEN rs.customer_type = \'Walk-In-Customer\' THEN \'Fully Paid\'
                        WHEN IFNULL(rcd.customer_due, 0) = 0 THEN \'Fully Paid\'
                        ELSE \'Partially Paid\'
                    END AS payment_status
                FROM return_sales rs
                JOIN (
                    SELECT 
                        sales_details_invoice, 
                        SUM(total_sale_price) AS total_sale
                    FROM return_sales_details
                    GROUP BY sales_details_invoice
                ) rsd ON rs.sales_invoice = rsd.sales_details_invoice
                LEFT JOIN (
                    SELECT 
                        due_invoice_no, 
                        SUM(due_amount - due_paid_amount) AS customer_due,
                        SUM(due_paid_amount) AS total_due_paid
                    FROM return_customer_due
                    GROUP BY due_invoice_no
                ) rcd ON rs.sales_invoice = rcd.due_invoice_no
                LEFT JOIN customer c ON c.customer_id = rs.customer_type AND rs.customer_type REGEXP \'^[0-9]+\'
            ')
 5 SYSTEMPATH\CodeIgniter.php(933): App\Controllers\salereturnlist->saleReturnListShow()
 6 SYSTEMPATH\CodeIgniter.php(507): CodeIgniter\CodeIgniter->runController(Object(App\Controllers\salereturnlist))
 7 SYSTEMPATH\CodeIgniter.php(354): CodeIgniter\CodeIgniter->handleRequest(null, Object(Config\Cache), false)
 8 SYSTEMPATH\Boot.php(363): CodeIgniter\CodeIgniter->run()
 9 SYSTEMPATH\Boot.php(68): CodeIgniter\Boot::runCodeIgniter(Object(CodeIgniter\CodeIgniter))
10 FCPATH\index.php(59): CodeIgniter\Boot::bootWeb(Object(Config\Paths))
CRITICAL - 2026-07-12 16:02:14 --> ErrorException: Undefined array key "sales_date"
[Method: GET, Route: salereturnlistshow]
in APPPATH\Views\pos\saleReturnListShow.php on line 47.
 1 APPPATH\Views\pos\saleReturnListShow.php(47): CodeIgniter\Debug\Exceptions->errorHandler(2, 'Undefined array key "sales_date"', 'C:\\laragon\\www\\pharmacy-project\\app\\Views\\pos\\saleReturnListShow.php', 47)
 2 SYSTEMPATH\View\View.php(226): include('C:\\laragon\\www\\pharmacy-project\\app\\Views\\pos\\saleReturnListShow.php')
 3 SYSTEMPATH\View\View.php(229): CodeIgniter\View\View->CodeIgniter\View\{closure}()
 4 SYSTEMPATH\Common.php(1167): CodeIgniter\View\View->render('pos/saleReturnListShow', [], true)
 5 APPPATH\Controllers\salereturnlist.php(112): view('pos/saleReturnListShow', [...])
 6 SYSTEMPATH\CodeIgniter.php(933): App\Controllers\salereturnlist->saleReturnListShow()
 7 SYSTEMPATH\CodeIgniter.php(507): CodeIgniter\CodeIgniter->runController(Object(App\Controllers\salereturnlist))
 8 SYSTEMPATH\CodeIgniter.php(354): CodeIgniter\CodeIgniter->handleRequest(null, Object(Config\Cache), false)
 9 SYSTEMPATH\Boot.php(363): CodeIgniter\CodeIgniter->run()
10 SYSTEMPATH\Boot.php(68): CodeIgniter\Boot::runCodeIgniter(Object(CodeIgniter\CodeIgniter))
11 FCPATH\index.php(59): CodeIgniter\Boot::bootWeb(Object(Config\Paths))
CRITICAL - 2026-07-12 16:02:54 --> ErrorException: Undefined array key "productwiseVatPercnt"
[Method: GET, Route: salereturnlistshow]
in APPPATH\Views\pos\saleReturnListShow.php on line 59.
 1 APPPATH\Views\pos\saleReturnListShow.php(59): CodeIgniter\Debug\Exceptions->errorHandler(2, 'Undefined array key "productwiseVatPercnt"', 'C:\\laragon\\www\\pharmacy-project\\app\\Views\\pos\\saleReturnListShow.php', 59)
 2 SYSTEMPATH\View\View.php(226): include('C:\\laragon\\www\\pharmacy-project\\app\\Views\\pos\\saleReturnListShow.php')
 3 SYSTEMPATH\View\View.php(229): CodeIgniter\View\View->CodeIgniter\View\{closure}()
 4 SYSTEMPATH\Common.php(1167): CodeIgniter\View\View->render('pos/saleReturnListShow', [], true)
 5 APPPATH\Controllers\salereturnlist.php(112): view('pos/saleReturnListShow', [...])
 6 SYSTEMPATH\CodeIgniter.php(933): App\Controllers\salereturnlist->saleReturnListShow()
 7 SYSTEMPATH\CodeIgniter.php(507): CodeIgniter\CodeIgniter->runController(Object(App\Controllers\salereturnlist))
 8 SYSTEMPATH\CodeIgniter.php(354): CodeIgniter\CodeIgniter->handleRequest(null, Object(Config\Cache), false)
 9 SYSTEMPATH\Boot.php(363): CodeIgniter\CodeIgniter->run()
10 SYSTEMPATH\Boot.php(68): CodeIgniter\Boot::runCodeIgniter(Object(CodeIgniter\CodeIgniter))
11 FCPATH\index.php(59): CodeIgniter\Boot::bootWeb(Object(Config\Paths))
DEBUG - 2026-07-12 16:03:23 --> Session: Class initialized using 'CodeIgniter\Session\Handlers\FileHandler' driver.
