DEBUG - 2026-07-31 05:34:51 --> Session: Class initialized using 'CodeIgniter\Session\Handlers\FileHandler' driver.
DEBUG - 2026-07-31 05:35:06 --> Session: Class initialized using 'CodeIgniter\Session\Handlers\FileHandler' driver.
DEBUG - 2026-07-31 05:35:07 --> Session: Class initialized using 'CodeIgniter\Session\Handlers\FileHandler' driver.
DEBUG - 2026-07-31 05:39:37 --> Session: Class initialized using 'CodeIgniter\Session\Handlers\FileHandler' driver.
DEBUG - 2026-07-31 05:40:37 --> Session: Class initialized using 'CodeIgniter\Session\Handlers\FileHandler' driver.
DEBUG - 2026-07-31 05:40:49 --> Session: Class initialized using 'CodeIgniter\Session\Handlers\FileHandler' driver.
WARNING - 2026-07-31 05:40:49 --> [DEPRECATED] number_format(): Passing null to parameter #1 ($num) of type float is deprecated in APPPATH\Views\product\productAdd.php on line 109.
 1 APPPATH\Views\product\productAdd.php(109): number_format(null, 2)
 2 SYSTEMPATH\View\View.php(226): include('C:\\laragon\\www\\pharmacy-project\\app\\Views\\product\\productAdd.php')
 3 SYSTEMPATH\View\View.php(229): CodeIgniter\View\View->CodeIgniter\View\{closure}()
 4 SYSTEMPATH\Common.php(1167): CodeIgniter\View\View->render('product/productAdd', [], true)
 5 APPPATH\Controllers\ProductController.php(49): view('product/productAdd', [...])
 6 SYSTEMPATH\CodeIgniter.php(933): App\Controllers\ProductController->index()
 7 SYSTEMPATH\CodeIgniter.php(507): CodeIgniter\CodeIgniter->runController(Object(App\Controllers\ProductController))
 8 SYSTEMPATH\CodeIgniter.php(354): CodeIgniter\CodeIgniter->handleRequest(null, Object(Config\Cache), false)
 9 SYSTEMPATH\Boot.php(363): CodeIgniter\CodeIgniter->run()
10 SYSTEMPATH\Boot.php(68): CodeIgniter\Boot::runCodeIgniter(Object(CodeIgniter\CodeIgniter))
11 FCPATH\index.php(59): CodeIgniter\Boot::bootWeb(Object(Config\Paths))
WARNING - 2026-07-31 05:40:49 --> [DEPRECATED] number_format(): Passing null to parameter #1 ($num) of type float is deprecated in APPPATH\Views\product\productAdd.php on line 109.
 1 APPPATH\Views\product\productAdd.php(109): number_format(null, 2)
 2 SYSTEMPATH\View\View.php(226): include('C:\\laragon\\www\\pharmacy-project\\app\\Views\\product\\productAdd.php')
 3 SYSTEMPATH\View\View.php(229): CodeIgniter\View\View->CodeIgniter\View\{closure}()
 4 SYSTEMPATH\Common.php(1167): CodeIgniter\View\View->render('product/productAdd', [], true)
 5 APPPATH\Controllers\ProductController.php(49): view('product/productAdd', [...])
 6 SYSTEMPATH\CodeIgniter.php(933): App\Controllers\ProductController->index()
 7 SYSTEMPATH\CodeIgniter.php(507): CodeIgniter\CodeIgniter->runController(Object(App\Controllers\ProductController))
 8 SYSTEMPATH\CodeIgniter.php(354): CodeIgniter\CodeIgniter->handleRequest(null, Object(Config\Cache), false)
 9 SYSTEMPATH\Boot.php(363): CodeIgniter\CodeIgniter->run()
10 SYSTEMPATH\Boot.php(68): CodeIgniter\Boot::runCodeIgniter(Object(CodeIgniter\CodeIgniter))
11 FCPATH\index.php(59): CodeIgniter\Boot::bootWeb(Object(Config\Paths))
WARNING - 2026-07-31 05:40:49 --> [DEPRECATED] number_format(): Passing null to parameter #1 ($num) of type float is deprecated in APPPATH\Views\product\productAdd.php on line 109.
 1 APPPATH\Views\product\productAdd.php(109): number_format(null, 2)
 2 SYSTEMPATH\View\View.php(226): include('C:\\laragon\\www\\pharmacy-project\\app\\Views\\product\\productAdd.php')
 3 SYSTEMPATH\View\View.php(229): CodeIgniter\View\View->CodeIgniter\View\{closure}()
 4 SYSTEMPATH\Common.php(1167): CodeIgniter\View\View->render('product/productAdd', [], true)
 5 APPPATH\Controllers\ProductController.php(49): view('product/productAdd', [...])
 6 SYSTEMPATH\CodeIgniter.php(933): App\Controllers\ProductController->index()
 7 SYSTEMPATH\CodeIgniter.php(507): CodeIgniter\CodeIgniter->runController(Object(App\Controllers\ProductController))
 8 SYSTEMPATH\CodeIgniter.php(354): CodeIgniter\CodeIgniter->handleRequest(null, Object(Config\Cache), false)
 9 SYSTEMPATH\Boot.php(363): CodeIgniter\CodeIgniter->run()
10 SYSTEMPATH\Boot.php(68): CodeIgniter\Boot::runCodeIgniter(Object(CodeIgniter\CodeIgniter))
11 FCPATH\index.php(59): CodeIgniter\Boot::bootWeb(Object(Config\Paths))
WARNING - 2026-07-31 05:40:49 --> [DEPRECATED] number_format(): Passing null to parameter #1 ($num) of type float is deprecated in APPPATH\Views\product\productAdd.php on line 109.
 1 APPPATH\Views\product\productAdd.php(109): number_format(null, 2)
 2 SYSTEMPATH\View\View.php(226): include('C:\\laragon\\www\\pharmacy-project\\app\\Views\\product\\productAdd.php')
 3 SYSTEMPATH\View\View.php(229): CodeIgniter\View\View->CodeIgniter\View\{closure}()
 4 SYSTEMPATH\Common.php(1167): CodeIgniter\View\View->render('product/productAdd', [], true)
 5 APPPATH\Controllers\ProductController.php(49): view('product/productAdd', [...])
 6 SYSTEMPATH\CodeIgniter.php(933): App\Controllers\ProductController->index()
 7 SYSTEMPATH\CodeIgniter.php(507): CodeIgniter\CodeIgniter->runController(Object(App\Controllers\ProductController))
 8 SYSTEMPATH\CodeIgniter.php(354): CodeIgniter\CodeIgniter->handleRequest(null, Object(Config\Cache), false)
 9 SYSTEMPATH\Boot.php(363): CodeIgniter\CodeIgniter->run()
10 SYSTEMPATH\Boot.php(68): CodeIgniter\Boot::runCodeIgniter(Object(CodeIgniter\CodeIgniter))
11 FCPATH\index.php(59): CodeIgniter\Boot::bootWeb(Object(Config\Paths))
WARNING - 2026-07-31 05:40:49 --> [DEPRECATED] number_format(): Passing null to parameter #1 ($num) of type float is deprecated in APPPATH\Views\product\productAdd.php on line 109.
 1 APPPATH\Views\product\productAdd.php(109): number_format(null, 2)
 2 SYSTEMPATH\View\View.php(226): include('C:\\laragon\\www\\pharmacy-project\\app\\Views\\product\\productAdd.php')
 3 SYSTEMPATH\View\View.php(229): CodeIgniter\View\View->CodeIgniter\View\{closure}()
 4 SYSTEMPATH\Common.php(1167): CodeIgniter\View\View->render('product/productAdd', [], true)
 5 APPPATH\Controllers\ProductController.php(49): view('product/productAdd', [...])
 6 SYSTEMPATH\CodeIgniter.php(933): App\Controllers\ProductController->index()
 7 SYSTEMPATH\CodeIgniter.php(507): CodeIgniter\CodeIgniter->runController(Object(App\Controllers\ProductController))
 8 SYSTEMPATH\CodeIgniter.php(354): CodeIgniter\CodeIgniter->handleRequest(null, Object(Config\Cache), false)
 9 SYSTEMPATH\Boot.php(363): CodeIgniter\CodeIgniter->run()
10 SYSTEMPATH\Boot.php(68): CodeIgniter\Boot::runCodeIgniter(Object(CodeIgniter\CodeIgniter))
11 FCPATH\index.php(59): CodeIgniter\Boot::bootWeb(Object(Config\Paths))
WARNING - 2026-07-31 05:40:49 --> [DEPRECATED] number_format(): Passing null to parameter #1 ($num) of type float is deprecated in APPPATH\Views\product\productAdd.php on line 109.
 1 APPPATH\Views\product\productAdd.php(109): number_format(null, 2)
 2 SYSTEMPATH\View\View.php(226): include('C:\\laragon\\www\\pharmacy-project\\app\\Views\\product\\productAdd.php')
 3 SYSTEMPATH\View\View.php(229): CodeIgniter\View\View->CodeIgniter\View\{closure}()
 4 SYSTEMPATH\Common.php(1167): CodeIgniter\View\View->render('product/productAdd', [], true)
 5 APPPATH\Controllers\ProductController.php(49): view('product/productAdd', [...])
 6 SYSTEMPATH\CodeIgniter.php(933): App\Controllers\ProductController->index()
 7 SYSTEMPATH\CodeIgniter.php(507): CodeIgniter\CodeIgniter->runController(Object(App\Controllers\ProductController))
 8 SYSTEMPATH\CodeIgniter.php(354): CodeIgniter\CodeIgniter->handleRequest(null, Object(Config\Cache), false)
 9 SYSTEMPATH\Boot.php(363): CodeIgniter\CodeIgniter->run()
10 SYSTEMPATH\Boot.php(68): CodeIgniter\Boot::runCodeIgniter(Object(CodeIgniter\CodeIgniter))
11 FCPATH\index.php(59): CodeIgniter\Boot::bootWeb(Object(Config\Paths))
WARNING - 2026-07-31 05:40:49 --> [DEPRECATED] number_format(): Passing null to parameter #1 ($num) of type float is deprecated in APPPATH\Views\product\productAdd.php on line 109.
 1 APPPATH\Views\product\productAdd.php(109): number_format(null, 2)
 2 SYSTEMPATH\View\View.php(226): include('C:\\laragon\\www\\pharmacy-project\\app\\Views\\product\\productAdd.php')
 3 SYSTEMPATH\View\View.php(229): CodeIgniter\View\View->CodeIgniter\View\{closure}()
 4 SYSTEMPATH\Common.php(1167): CodeIgniter\View\View->render('product/productAdd', [], true)
 5 APPPATH\Controllers\ProductController.php(49): view('product/productAdd', [...])
 6 SYSTEMPATH\CodeIgniter.php(933): App\Controllers\ProductController->index()
 7 SYSTEMPATH\CodeIgniter.php(507): CodeIgniter\CodeIgniter->runController(Object(App\Controllers\ProductController))
 8 SYSTEMPATH\CodeIgniter.php(354): CodeIgniter\CodeIgniter->handleRequest(null, Object(Config\Cache), false)
 9 SYSTEMPATH\Boot.php(363): CodeIgniter\CodeIgniter->run()
10 SYSTEMPATH\Boot.php(68): CodeIgniter\Boot::runCodeIgniter(Object(CodeIgniter\CodeIgniter))
11 FCPATH\index.php(59): CodeIgniter\Boot::bootWeb(Object(Config\Paths))
WARNING - 2026-07-31 05:40:49 --> [DEPRECATED] number_format(): Passing null to parameter #1 ($num) of type float is deprecated in APPPATH\Views\product\productAdd.php on line 109.
 1 APPPATH\Views\product\productAdd.php(109): number_format(null, 2)
 2 SYSTEMPATH\View\View.php(226): include('C:\\laragon\\www\\pharmacy-project\\app\\Views\\product\\productAdd.php')
 3 SYSTEMPATH\View\View.php(229): CodeIgniter\View\View->CodeIgniter\View\{closure}()
 4 SYSTEMPATH\Common.php(1167): CodeIgniter\View\View->render('product/productAdd', [], true)
 5 APPPATH\Controllers\ProductController.php(49): view('product/productAdd', [...])
 6 SYSTEMPATH\CodeIgniter.php(933): App\Controllers\ProductController->index()
 7 SYSTEMPATH\CodeIgniter.php(507): CodeIgniter\CodeIgniter->runController(Object(App\Controllers\ProductController))
 8 SYSTEMPATH\CodeIgniter.php(354): CodeIgniter\CodeIgniter->handleRequest(null, Object(Config\Cache), false)
 9 SYSTEMPATH\Boot.php(363): CodeIgniter\CodeIgniter->run()
10 SYSTEMPATH\Boot.php(68): CodeIgniter\Boot::runCodeIgniter(Object(CodeIgniter\CodeIgniter))
11 FCPATH\index.php(59): CodeIgniter\Boot::bootWeb(Object(Config\Paths))
DEBUG - 2026-07-31 05:42:40 --> Session: Class initialized using 'CodeIgniter\Session\Handlers\FileHandler' driver.
DEBUG - 2026-07-31 05:42:40 --> Session: Class initialized using 'CodeIgniter\Session\Handlers\FileHandler' driver.
DEBUG - 2026-07-31 05:42:47 --> Session: Class initialized using 'CodeIgniter\Session\Handlers\FileHandler' driver.
DEBUG - 2026-07-31 05:43:07 --> Session: Class initialized using 'CodeIgniter\Session\Handlers\FileHandler' driver.
DEBUG - 2026-07-31 05:43:07 --> Session: Class initialized using 'CodeIgniter\Session\Handlers\FileHandler' driver.
DEBUG - 2026-07-31 05:43:08 --> Session: Class initialized using 'CodeIgniter\Session\Handlers\FileHandler' driver.
DEBUG - 2026-07-31 05:44:06 --> Session: Class initialized using 'CodeIgniter\Session\Handlers\FileHandler' driver.
DEBUG - 2026-07-31 05:44:21 --> Session: Class initialized using 'CodeIgniter\Session\Handlers\FileHandler' driver.
DEBUG - 2026-07-31 05:47:22 --> Session: Class initialized using 'CodeIgniter\Session\Handlers\FileHandler' driver.
DEBUG - 2026-07-31 05:47:25 --> Session: Class initialized using 'CodeIgniter\Session\Handlers\FileHandler' driver.
WARNING - 2026-07-31 05:47:25 --> [DEPRECATED] number_format(): Passing null to parameter #1 ($num) of type float is deprecated in APPPATH\Views\product\productAdd.php on line 109.
 1 APPPATH\Views\product\productAdd.php(109): number_format(null, 2)
 2 SYSTEMPATH\View\View.php(226): include('C:\\laragon\\www\\pharmacy-project\\app\\Views\\product\\productAdd.php')
 3 SYSTEMPATH\View\View.php(229): CodeIgniter\View\View->CodeIgniter\View\{closure}()
 4 SYSTEMPATH\Common.php(1167): CodeIgniter\View\View->render('product/productAdd', [], true)
 5 APPPATH\Controllers\ProductController.php(49): view('product/productAdd', [...])
 6 SYSTEMPATH\CodeIgniter.php(933): App\Controllers\ProductController->index()
 7 SYSTEMPATH\CodeIgniter.php(507): CodeIgniter\CodeIgniter->runController(Object(App\Controllers\ProductController))
 8 SYSTEMPATH\CodeIgniter.php(354): CodeIgniter\CodeIgniter->handleRequest(null, Object(Config\Cache), false)
 9 SYSTEMPATH\Boot.php(363): CodeIgniter\CodeIgniter->run()
10 SYSTEMPATH\Boot.php(68): CodeIgniter\Boot::runCodeIgniter(Object(CodeIgniter\CodeIgniter))
11 FCPATH\index.php(59): CodeIgniter\Boot::bootWeb(Object(Config\Paths))
WARNING - 2026-07-31 05:47:25 --> [DEPRECATED] number_format(): Passing null to parameter #1 ($num) of type float is deprecated in APPPATH\Views\product\productAdd.php on line 109.
 1 APPPATH\Views\product\productAdd.php(109): number_format(null, 2)
 2 SYSTEMPATH\View\View.php(226): include('C:\\laragon\\www\\pharmacy-project\\app\\Views\\product\\productAdd.php')
 3 SYSTEMPATH\View\View.php(229): CodeIgniter\View\View->CodeIgniter\View\{closure}()
 4 SYSTEMPATH\Common.php(1167): CodeIgniter\View\View->render('product/productAdd', [], true)
 5 APPPATH\Controllers\ProductController.php(49): view('product/productAdd', [...])
 6 SYSTEMPATH\CodeIgniter.php(933): App\Controllers\ProductController->index()
 7 SYSTEMPATH\CodeIgniter.php(507): CodeIgniter\CodeIgniter->runController(Object(App\Controllers\ProductController))
 8 SYSTEMPATH\CodeIgniter.php(354): CodeIgniter\CodeIgniter->handleRequest(null, Object(Config\Cache), false)
 9 SYSTEMPATH\Boot.php(363): CodeIgniter\CodeIgniter->run()
10 SYSTEMPATH\Boot.php(68): CodeIgniter\Boot::runCodeIgniter(Object(CodeIgniter\CodeIgniter))
11 FCPATH\index.php(59): CodeIgniter\Boot::bootWeb(Object(Config\Paths))
WARNING - 2026-07-31 05:47:25 --> [DEPRECATED] number_format(): Passing null to parameter #1 ($num) of type float is deprecated in APPPATH\Views\product\productAdd.php on line 109.
 1 APPPATH\Views\product\productAdd.php(109): number_format(null, 2)
 2 SYSTEMPATH\View\View.php(226): include('C:\\laragon\\www\\pharmacy-project\\app\\Views\\product\\productAdd.php')
 3 SYSTEMPATH\View\View.php(229): CodeIgniter\View\View->CodeIgniter\View\{closure}()
 4 SYSTEMPATH\Common.php(1167): CodeIgniter\View\View->render('product/productAdd', [], true)
 5 APPPATH\Controllers\ProductController.php(49): view('product/productAdd', [...])
 6 SYSTEMPATH\CodeIgniter.php(933): App\Controllers\ProductController->index()
 7 SYSTEMPATH\CodeIgniter.php(507): CodeIgniter\CodeIgniter->runController(Object(App\Controllers\ProductController))
 8 SYSTEMPATH\CodeIgniter.php(354): CodeIgniter\CodeIgniter->handleRequest(null, Object(Config\Cache), false)
 9 SYSTEMPATH\Boot.php(363): CodeIgniter\CodeIgniter->run()
10 SYSTEMPATH\Boot.php(68): CodeIgniter\Boot::runCodeIgniter(Object(CodeIgniter\CodeIgniter))
11 FCPATH\index.php(59): CodeIgniter\Boot::bootWeb(Object(Config\Paths))
WARNING - 2026-07-31 05:47:25 --> [DEPRECATED] number_format(): Passing null to parameter #1 ($num) of type float is deprecated in APPPATH\Views\product\productAdd.php on line 109.
 1 APPPATH\Views\product\productAdd.php(109): number_format(null, 2)
 2 SYSTEMPATH\View\View.php(226): include('C:\\laragon\\www\\pharmacy-project\\app\\Views\\product\\productAdd.php')
 3 SYSTEMPATH\View\View.php(229): CodeIgniter\View\View->CodeIgniter\View\{closure}()
 4 SYSTEMPATH\Common.php(1167): CodeIgniter\View\View->render('product/productAdd', [], true)
 5 APPPATH\Controllers\ProductController.php(49): view('product/productAdd', [...])
 6 SYSTEMPATH\CodeIgniter.php(933): App\Controllers\ProductController->index()
 7 SYSTEMPATH\CodeIgniter.php(507): CodeIgniter\CodeIgniter->runController(Object(App\Controllers\ProductController))
 8 SYSTEMPATH\CodeIgniter.php(354): CodeIgniter\CodeIgniter->handleRequest(null, Object(Config\Cache), false)
 9 SYSTEMPATH\Boot.php(363): CodeIgniter\CodeIgniter->run()
10 SYSTEMPATH\Boot.php(68): CodeIgniter\Boot::runCodeIgniter(Object(CodeIgniter\CodeIgniter))
11 FCPATH\index.php(59): CodeIgniter\Boot::bootWeb(Object(Config\Paths))
WARNING - 2026-07-31 05:47:25 --> [DEPRECATED] number_format(): Passing null to parameter #1 ($num) of type float is deprecated in APPPATH\Views\product\productAdd.php on line 109.
 1 APPPATH\Views\product\productAdd.php(109): number_format(null, 2)
 2 SYSTEMPATH\View\View.php(226): include('C:\\laragon\\www\\pharmacy-project\\app\\Views\\product\\productAdd.php')
 3 SYSTEMPATH\View\View.php(229): CodeIgniter\View\View->CodeIgniter\View\{closure}()
 4 SYSTEMPATH\Common.php(1167): CodeIgniter\View\View->render('product/productAdd', [], true)
 5 APPPATH\Controllers\ProductController.php(49): view('product/productAdd', [...])
 6 SYSTEMPATH\CodeIgniter.php(933): App\Controllers\ProductController->index()
 7 SYSTEMPATH\CodeIgniter.php(507): CodeIgniter\CodeIgniter->runController(Object(App\Controllers\ProductController))
 8 SYSTEMPATH\CodeIgniter.php(354): CodeIgniter\CodeIgniter->handleRequest(null, Object(Config\Cache), false)
 9 SYSTEMPATH\Boot.php(363): CodeIgniter\CodeIgniter->run()
10 SYSTEMPATH\Boot.php(68): CodeIgniter\Boot::runCodeIgniter(Object(CodeIgniter\CodeIgniter))
11 FCPATH\index.php(59): CodeIgniter\Boot::bootWeb(Object(Config\Paths))
WARNING - 2026-07-31 05:47:25 --> [DEPRECATED] number_format(): Passing null to parameter #1 ($num) of type float is deprecated in APPPATH\Views\product\productAdd.php on line 109.
 1 APPPATH\Views\product\productAdd.php(109): number_format(null, 2)
 2 SYSTEMPATH\View\View.php(226): include('C:\\laragon\\www\\pharmacy-project\\app\\Views\\product\\productAdd.php')
 3 SYSTEMPATH\View\View.php(229): CodeIgniter\View\View->CodeIgniter\View\{closure}()
 4 SYSTEMPATH\Common.php(1167): CodeIgniter\View\View->render('product/productAdd', [], true)
 5 APPPATH\Controllers\ProductController.php(49): view('product/productAdd', [...])
 6 SYSTEMPATH\CodeIgniter.php(933): App\Controllers\ProductController->index()
 7 SYSTEMPATH\CodeIgniter.php(507): CodeIgniter\CodeIgniter->runController(Object(App\Controllers\ProductController))
 8 SYSTEMPATH\CodeIgniter.php(354): CodeIgniter\CodeIgniter->handleRequest(null, Object(Config\Cache), false)
 9 SYSTEMPATH\Boot.php(363): CodeIgniter\CodeIgniter->run()
10 SYSTEMPATH\Boot.php(68): CodeIgniter\Boot::runCodeIgniter(Object(CodeIgniter\CodeIgniter))
11 FCPATH\index.php(59): CodeIgniter\Boot::bootWeb(Object(Config\Paths))
WARNING - 2026-07-31 05:47:25 --> [DEPRECATED] number_format(): Passing null to parameter #1 ($num) of type float is deprecated in APPPATH\Views\product\productAdd.php on line 109.
 1 APPPATH\Views\product\productAdd.php(109): number_format(null, 2)
 2 SYSTEMPATH\View\View.php(226): include('C:\\laragon\\www\\pharmacy-project\\app\\Views\\product\\productAdd.php')
 3 SYSTEMPATH\View\View.php(229): CodeIgniter\View\View->CodeIgniter\View\{closure}()
 4 SYSTEMPATH\Common.php(1167): CodeIgniter\View\View->render('product/productAdd', [], true)
 5 APPPATH\Controllers\ProductController.php(49): view('product/productAdd', [...])
 6 SYSTEMPATH\CodeIgniter.php(933): App\Controllers\ProductController->index()
 7 SYSTEMPATH\CodeIgniter.php(507): CodeIgniter\CodeIgniter->runController(Object(App\Controllers\ProductController))
 8 SYSTEMPATH\CodeIgniter.php(354): CodeIgniter\CodeIgniter->handleRequest(null, Object(Config\Cache), false)
 9 SYSTEMPATH\Boot.php(363): CodeIgniter\CodeIgniter->run()
10 SYSTEMPATH\Boot.php(68): CodeIgniter\Boot::runCodeIgniter(Object(CodeIgniter\CodeIgniter))
11 FCPATH\index.php(59): CodeIgniter\Boot::bootWeb(Object(Config\Paths))
WARNING - 2026-07-31 05:47:25 --> [DEPRECATED] number_format(): Passing null to parameter #1 ($num) of type float is deprecated in APPPATH\Views\product\productAdd.php on line 109.
 1 APPPATH\Views\product\productAdd.php(109): number_format(null, 2)
 2 SYSTEMPATH\View\View.php(226): include('C:\\laragon\\www\\pharmacy-project\\app\\Views\\product\\productAdd.php')
 3 SYSTEMPATH\View\View.php(229): CodeIgniter\View\View->CodeIgniter\View\{closure}()
 4 SYSTEMPATH\Common.php(1167): CodeIgniter\View\View->render('product/productAdd', [], true)
 5 APPPATH\Controllers\ProductController.php(49): view('product/productAdd', [...])
 6 SYSTEMPATH\CodeIgniter.php(933): App\Controllers\ProductController->index()
 7 SYSTEMPATH\CodeIgniter.php(507): CodeIgniter\CodeIgniter->runController(Object(App\Controllers\ProductController))
 8 SYSTEMPATH\CodeIgniter.php(354): CodeIgniter\CodeIgniter->handleRequest(null, Object(Config\Cache), false)
 9 SYSTEMPATH\Boot.php(363): CodeIgniter\CodeIgniter->run()
10 SYSTEMPATH\Boot.php(68): CodeIgniter\Boot::runCodeIgniter(Object(CodeIgniter\CodeIgniter))
11 FCPATH\index.php(59): CodeIgniter\Boot::bootWeb(Object(Config\Paths))
DEBUG - 2026-07-31 05:47:25 --> Session: Class initialized using 'CodeIgniter\Session\Handlers\FileHandler' driver.
WARNING - 2026-07-31 05:47:25 --> [DEPRECATED] number_format(): Passing null to parameter #1 ($num) of type float is deprecated in APPPATH\Views\product\productAdd.php on line 109.
 1 APPPATH\Views\product\productAdd.php(109): number_format(null, 2)
 2 SYSTEMPATH\View\View.php(226): include('C:\\laragon\\www\\pharmacy-project\\app\\Views\\product\\productAdd.php')
 3 SYSTEMPATH\View\View.php(229): CodeIgniter\View\View->CodeIgniter\View\{closure}()
 4 SYSTEMPATH\Common.php(1167): CodeIgniter\View\View->render('product/productAdd', [], true)
 5 APPPATH\Controllers\ProductController.php(49): view('product/productAdd', [...])
 6 SYSTEMPATH\CodeIgniter.php(933): App\Controllers\ProductController->index()
 7 SYSTEMPATH\CodeIgniter.php(507): CodeIgniter\CodeIgniter->runController(Object(App\Controllers\ProductController))
 8 SYSTEMPATH\CodeIgniter.php(354): CodeIgniter\CodeIgniter->handleRequest(null, Object(Config\Cache), false)
 9 SYSTEMPATH\Boot.php(363): CodeIgniter\CodeIgniter->run()
10 SYSTEMPATH\Boot.php(68): CodeIgniter\Boot::runCodeIgniter(Object(CodeIgniter\CodeIgniter))
11 FCPATH\index.php(59): CodeIgniter\Boot::bootWeb(Object(Config\Paths))
WARNING - 2026-07-31 05:47:25 --> [DEPRECATED] number_format(): Passing null to parameter #1 ($num) of type float is deprecated in APPPATH\Views\product\productAdd.php on line 109.
 1 APPPATH\Views\product\productAdd.php(109): number_format(null, 2)
 2 SYSTEMPATH\View\View.php(226): include('C:\\laragon\\www\\pharmacy-project\\app\\Views\\product\\productAdd.php')
 3 SYSTEMPATH\View\View.php(229): CodeIgniter\View\View->CodeIgniter\View\{closure}()
 4 SYSTEMPATH\Common.php(1167): CodeIgniter\View\View->render('product/productAdd', [], true)
 5 APPPATH\Controllers\ProductController.php(49): view('product/productAdd', [...])
 6 SYSTEMPATH\CodeIgniter.php(933): App\Controllers\ProductController->index()
 7 SYSTEMPATH\CodeIgniter.php(507): CodeIgniter\CodeIgniter->runController(Object(App\Controllers\ProductController))
 8 SYSTEMPATH\CodeIgniter.php(354): CodeIgniter\CodeIgniter->handleRequest(null, Object(Config\Cache), false)
 9 SYSTEMPATH\Boot.php(363): CodeIgniter\CodeIgniter->run()
10 SYSTEMPATH\Boot.php(68): CodeIgniter\Boot::runCodeIgniter(Object(CodeIgniter\CodeIgniter))
11 FCPATH\index.php(59): CodeIgniter\Boot::bootWeb(Object(Config\Paths))
WARNING - 2026-07-31 05:47:25 --> [DEPRECATED] number_format(): Passing null to parameter #1 ($num) of type float is deprecated in APPPATH\Views\product\productAdd.php on line 109.
 1 APPPATH\Views\product\productAdd.php(109): number_format(null, 2)
 2 SYSTEMPATH\View\View.php(226): include('C:\\laragon\\www\\pharmacy-project\\app\\Views\\product\\productAdd.php')
 3 SYSTEMPATH\View\View.php(229): CodeIgniter\View\View->CodeIgniter\View\{closure}()
 4 SYSTEMPATH\Common.php(1167): CodeIgniter\View\View->render('product/productAdd', [], true)
 5 APPPATH\Controllers\ProductController.php(49): view('product/productAdd', [...])
 6 SYSTEMPATH\CodeIgniter.php(933): App\Controllers\ProductController->index()
 7 SYSTEMPATH\CodeIgniter.php(507): CodeIgniter\CodeIgniter->runController(Object(App\Controllers\ProductController))
 8 SYSTEMPATH\CodeIgniter.php(354): CodeIgniter\CodeIgniter->handleRequest(null, Object(Config\Cache), false)
 9 SYSTEMPATH\Boot.php(363): CodeIgniter\CodeIgniter->run()
10 SYSTEMPATH\Boot.php(68): CodeIgniter\Boot::runCodeIgniter(Object(CodeIgniter\CodeIgniter))
11 FCPATH\index.php(59): CodeIgniter\Boot::bootWeb(Object(Config\Paths))
WARNING - 2026-07-31 05:47:25 --> [DEPRECATED] number_format(): Passing null to parameter #1 ($num) of type float is deprecated in APPPATH\Views\product\productAdd.php on line 109.
 1 APPPATH\Views\product\productAdd.php(109): number_format(null, 2)
 2 SYSTEMPATH\View\View.php(226): include('C:\\laragon\\www\\pharmacy-project\\app\\Views\\product\\productAdd.php')
 3 SYSTEMPATH\View\View.php(229): CodeIgniter\View\View->CodeIgniter\View\{closure}()
 4 SYSTEMPATH\Common.php(1167): CodeIgniter\View\View->render('product/productAdd', [], true)
 5 APPPATH\Controllers\ProductController.php(49): view('product/productAdd', [...])
 6 SYSTEMPATH\CodeIgniter.php(933): App\Controllers\ProductController->index()
 7 SYSTEMPATH\CodeIgniter.php(507): CodeIgniter\CodeIgniter->runController(Object(App\Controllers\ProductController))
 8 SYSTEMPATH\CodeIgniter.php(354): CodeIgniter\CodeIgniter->handleRequest(null, Object(Config\Cache), false)
 9 SYSTEMPATH\Boot.php(363): CodeIgniter\CodeIgniter->run()
10 SYSTEMPATH\Boot.php(68): CodeIgniter\Boot::runCodeIgniter(Object(CodeIgniter\CodeIgniter))
11 FCPATH\index.php(59): CodeIgniter\Boot::bootWeb(Object(Config\Paths))
WARNING - 2026-07-31 05:47:25 --> [DEPRECATED] number_format(): Passing null to parameter #1 ($num) of type float is deprecated in APPPATH\Views\product\productAdd.php on line 109.
 1 APPPATH\Views\product\productAdd.php(109): number_format(null, 2)
 2 SYSTEMPATH\View\View.php(226): include('C:\\laragon\\www\\pharmacy-project\\app\\Views\\product\\productAdd.php')
 3 SYSTEMPATH\View\View.php(229): CodeIgniter\View\View->CodeIgniter\View\{closure}()
 4 SYSTEMPATH\Common.php(1167): CodeIgniter\View\View->render('product/productAdd', [], true)
 5 APPPATH\Controllers\ProductController.php(49): view('product/productAdd', [...])
 6 SYSTEMPATH\CodeIgniter.php(933): App\Controllers\ProductController->index()
 7 SYSTEMPATH\CodeIgniter.php(507): CodeIgniter\CodeIgniter->runController(Object(App\Controllers\ProductController))
 8 SYSTEMPATH\CodeIgniter.php(354): CodeIgniter\CodeIgniter->handleRequest(null, Object(Config\Cache), false)
 9 SYSTEMPATH\Boot.php(363): CodeIgniter\CodeIgniter->run()
10 SYSTEMPATH\Boot.php(68): CodeIgniter\Boot::runCodeIgniter(Object(CodeIgniter\CodeIgniter))
11 FCPATH\index.php(59): CodeIgniter\Boot::bootWeb(Object(Config\Paths))
WARNING - 2026-07-31 05:47:25 --> [DEPRECATED] number_format(): Passing null to parameter #1 ($num) of type float is deprecated in APPPATH\Views\product\productAdd.php on line 109.
 1 APPPATH\Views\product\productAdd.php(109): number_format(null, 2)
 2 SYSTEMPATH\View\View.php(226): include('C:\\laragon\\www\\pharmacy-project\\app\\Views\\product\\productAdd.php')
 3 SYSTEMPATH\View\View.php(229): CodeIgniter\View\View->CodeIgniter\View\{closure}()
 4 SYSTEMPATH\Common.php(1167): CodeIgniter\View\View->render('product/productAdd', [], true)
 5 APPPATH\Controllers\ProductController.php(49): view('product/productAdd', [...])
 6 SYSTEMPATH\CodeIgniter.php(933): App\Controllers\ProductController->index()
 7 SYSTEMPATH\CodeIgniter.php(507): CodeIgniter\CodeIgniter->runController(Object(App\Controllers\ProductController))
 8 SYSTEMPATH\CodeIgniter.php(354): CodeIgniter\CodeIgniter->handleRequest(null, Object(Config\Cache), false)
 9 SYSTEMPATH\Boot.php(363): CodeIgniter\CodeIgniter->run()
10 SYSTEMPATH\Boot.php(68): CodeIgniter\Boot::runCodeIgniter(Object(CodeIgniter\CodeIgniter))
11 FCPATH\index.php(59): CodeIgniter\Boot::bootWeb(Object(Config\Paths))
WARNING - 2026-07-31 05:47:25 --> [DEPRECATED] number_format(): Passing null to parameter #1 ($num) of type float is deprecated in APPPATH\Views\product\productAdd.php on line 109.
 1 APPPATH\Views\product\productAdd.php(109): number_format(null, 2)
 2 SYSTEMPATH\View\View.php(226): include('C:\\laragon\\www\\pharmacy-project\\app\\Views\\product\\productAdd.php')
 3 SYSTEMPATH\View\View.php(229): CodeIgniter\View\View->CodeIgniter\View\{closure}()
 4 SYSTEMPATH\Common.php(1167): CodeIgniter\View\View->render('product/productAdd', [], true)
 5 APPPATH\Controllers\ProductController.php(49): view('product/productAdd', [...])
 6 SYSTEMPATH\CodeIgniter.php(933): App\Controllers\ProductController->index()
 7 SYSTEMPATH\CodeIgniter.php(507): CodeIgniter\CodeIgniter->runController(Object(App\Controllers\ProductController))
 8 SYSTEMPATH\CodeIgniter.php(354): CodeIgniter\CodeIgniter->handleRequest(null, Object(Config\Cache), false)
 9 SYSTEMPATH\Boot.php(363): CodeIgniter\CodeIgniter->run()
10 SYSTEMPATH\Boot.php(68): CodeIgniter\Boot::runCodeIgniter(Object(CodeIgniter\CodeIgniter))
11 FCPATH\index.php(59): CodeIgniter\Boot::bootWeb(Object(Config\Paths))
WARNING - 2026-07-31 05:47:25 --> [DEPRECATED] number_format(): Passing null to parameter #1 ($num) of type float is deprecated in APPPATH\Views\product\productAdd.php on line 109.
 1 APPPATH\Views\product\productAdd.php(109): number_format(null, 2)
 2 SYSTEMPATH\View\View.php(226): include('C:\\laragon\\www\\pharmacy-project\\app\\Views\\product\\productAdd.php')
 3 SYSTEMPATH\View\View.php(229): CodeIgniter\View\View->CodeIgniter\View\{closure}()
 4 SYSTEMPATH\Common.php(1167): CodeIgniter\View\View->render('product/productAdd', [], true)
 5 APPPATH\Controllers\ProductController.php(49): view('product/productAdd', [...])
 6 SYSTEMPATH\CodeIgniter.php(933): App\Controllers\ProductController->index()
 7 SYSTEMPATH\CodeIgniter.php(507): CodeIgniter\CodeIgniter->runController(Object(App\Controllers\ProductController))
 8 SYSTEMPATH\CodeIgniter.php(354): CodeIgniter\CodeIgniter->handleRequest(null, Object(Config\Cache), false)
 9 SYSTEMPATH\Boot.php(363): CodeIgniter\CodeIgniter->run()
10 SYSTEMPATH\Boot.php(68): CodeIgniter\Boot::runCodeIgniter(Object(CodeIgniter\CodeIgniter))
11 FCPATH\index.php(59): CodeIgniter\Boot::bootWeb(Object(Config\Paths))
DEBUG - 2026-07-31 05:47:55 --> Session: Class initialized using 'CodeIgniter\Session\Handlers\FileHandler' driver.
DEBUG - 2026-07-31 05:49:41 --> Session: Class initialized using 'CodeIgniter\Session\Handlers\FileHandler' driver.
DEBUG - 2026-07-31 05:49:42 --> Session: Class initialized using 'CodeIgniter\Session\Handlers\FileHandler' driver.
DEBUG - 2026-07-31 05:55:24 --> Session: Class initialized using 'CodeIgniter\Session\Handlers\FileHandler' driver.
DEBUG - 2026-07-31 05:55:27 --> Session: Class initialized using 'CodeIgniter\Session\Handlers\FileHandler' driver.
DEBUG - 2026-07-31 06:39:16 --> Session: Class initialized using 'CodeIgniter\Session\Handlers\FileHandler' driver.
CRITICAL - 2026-07-31 06:39:16 --> ErrorException: Undefined variable $suppliers
[Method: GET, Route: opening-stock]
in APPPATH\Views\opening_stock\openingStockAdd.php on line 69.
 1 APPPATH\Views\opening_stock\openingStockAdd.php(69): CodeIgniter\Debug\Exceptions->errorHandler(2, 'Undefined variable $suppliers', 'C:\\laragon\\www\\pharmacy-project\\app\\Views\\opening_stock\\openingStockAdd.php', 69)
 2 SYSTEMPATH\View\View.php(226): include('C:\\laragon\\www\\pharmacy-project\\app\\Views\\opening_stock\\openingStockAdd.php')
 3 SYSTEMPATH\View\View.php(229): CodeIgniter\View\View->CodeIgniter\View\{closure}()
 4 SYSTEMPATH\Common.php(1167): CodeIgniter\View\View->render('opening_stock/openingStockAdd', [], true)
 5 APPPATH\Controllers\OpeningStockController.php(15): view('opening_stock/openingStockAdd', [...])
 6 SYSTEMPATH\CodeIgniter.php(933): App\Controllers\OpeningStockController->index()
 7 SYSTEMPATH\CodeIgniter.php(507): CodeIgniter\CodeIgniter->runController(Object(App\Controllers\OpeningStockController))
 8 SYSTEMPATH\CodeIgniter.php(354): CodeIgniter\CodeIgniter->handleRequest(null, Object(Config\Cache), false)
 9 SYSTEMPATH\Boot.php(363): CodeIgniter\CodeIgniter->run()
10 SYSTEMPATH\Boot.php(68): CodeIgniter\Boot::runCodeIgniter(Object(CodeIgniter\CodeIgniter))
11 FCPATH\index.php(59): CodeIgniter\Boot::bootWeb(Object(Config\Paths))
DEBUG - 2026-07-31 06:40:33 --> Session: Class initialized using 'CodeIgniter\Session\Handlers\FileHandler' driver.
DEBUG - 2026-07-31 07:06:32 --> Session: Class initialized using 'CodeIgniter\Session\Handlers\FileHandler' driver.
DEBUG - 2026-07-31 07:08:47 --> Session: Class initialized using 'CodeIgniter\Session\Handlers\FileHandler' driver.
DEBUG - 2026-07-31 07:10:58 --> Session: Class initialized using 'CodeIgniter\Session\Handlers\FileHandler' driver.
DEBUG - 2026-07-31 08:29:21 --> Session: Class initialized using 'CodeIgniter\Session\Handlers\FileHandler' driver.
DEBUG - 2026-07-31 08:48:40 --> Session: Class initialized using 'CodeIgniter\Session\Handlers\FileHandler' driver.
DEBUG - 2026-07-31 08:49:43 --> Session: Class initialized using 'CodeIgniter\Session\Handlers\FileHandler' driver.
DEBUG - 2026-07-31 08:50:15 --> Session: Class initialized using 'CodeIgniter\Session\Handlers\FileHandler' driver.
DEBUG - 2026-07-31 08:51:14 --> Session: Class initialized using 'CodeIgniter\Session\Handlers\FileHandler' driver.
DEBUG - 2026-07-31 08:51:15 --> Session: Class initialized using 'CodeIgniter\Session\Handlers\FileHandler' driver.
DEBUG - 2026-07-31 08:51:44 --> Session: Class initialized using 'CodeIgniter\Session\Handlers\FileHandler' driver.
DEBUG - 2026-07-31 08:53:06 --> Session: Class initialized using 'CodeIgniter\Session\Handlers\FileHandler' driver.
DEBUG - 2026-07-31 08:53:13 --> Session: Class initialized using 'CodeIgniter\Session\Handlers\FileHandler' driver.
DEBUG - 2026-07-31 08:53:32 --> Session: Class initialized using 'CodeIgniter\Session\Handlers\FileHandler' driver.
DEBUG - 2026-07-31 08:53:47 --> Session: Class initialized using 'CodeIgniter\Session\Handlers\FileHandler' driver.
DEBUG - 2026-07-31 08:55:55 --> Session: Class initialized using 'CodeIgniter\Session\Handlers\FileHandler' driver.
DEBUG - 2026-07-31 08:57:45 --> Session: Class initialized using 'CodeIgniter\Session\Handlers\FileHandler' driver.
DEBUG - 2026-07-31 08:57:47 --> Session: Class initialized using 'CodeIgniter\Session\Handlers\FileHandler' driver.
DEBUG - 2026-07-31 09:22:57 --> Session: Class initialized using 'CodeIgniter\Session\Handlers\FileHandler' driver.
DEBUG - 2026-07-31 09:26:54 --> Session: Class initialized using 'CodeIgniter\Session\Handlers\FileHandler' driver.
DEBUG - 2026-07-31 09:28:35 --> Session: Class initialized using 'CodeIgniter\Session\Handlers\FileHandler' driver.
DEBUG - 2026-07-31 09:28:41 --> Session: Class initialized using 'CodeIgniter\Session\Handlers\FileHandler' driver.
DEBUG - 2026-07-31 09:28:55 --> Session: Class initialized using 'CodeIgniter\Session\Handlers\FileHandler' driver.
DEBUG - 2026-07-31 09:35:36 --> Session: Class initialized using 'CodeIgniter\Session\Handlers\FileHandler' driver.
DEBUG - 2026-07-31 09:48:42 --> Session: Class initialized using 'CodeIgniter\Session\Handlers\FileHandler' driver.
ERROR - 2026-07-31 09:48:42 --> mysqli_sql_exception: Unknown column 'pr.base_price' in 'field list' in C:\laragon\www\pharmacy-project\system\Database\MySQLi\Connection.php:327
Stack trace:
#0 C:\laragon\www\pharmacy-project\system\Database\MySQLi\Connection.php(327): mysqli->query('SELECT `pr`.`pr...', 0)
#1 C:\laragon\www\pharmacy-project\system\Database\BaseConnection.php(729): CodeIgniter\Database\MySQLi\Connection->execute('SELECT `pr`.`pr...')
#2 C:\laragon\www\pharmacy-project\system\Database\BaseConnection.php(646): CodeIgniter\Database\BaseConnection->simpleQuery('SELECT `pr`.`pr...')
#3 C:\laragon\www\pharmacy-project\system\Database\BaseBuilder.php(1649): CodeIgniter\Database\BaseConnection->query('SELECT `pr`.`pr...', Array, false)
#4 C:\laragon\www\pharmacy-project\app\Models\ProductModel.php(241): CodeIgniter\Database\BaseBuilder->get()
#5 C:\laragon\www\pharmacy-project\app\Controllers\ProductController.php(46): App\Models\ProductModel->getProductList()
#6 C:\laragon\www\pharmacy-project\system\CodeIgniter.php(933): App\Controllers\ProductController->index()
#7 C:\laragon\www\pharmacy-project\system\CodeIgniter.php(507): CodeIgniter\CodeIgniter->runController(Object(App\Controllers\ProductController))
#8 C:\laragon\www\pharmacy-project\system\CodeIgniter.php(354): CodeIgniter\CodeIgniter->handleRequest(NULL, Object(Config\Cache), false)
#9 C:\laragon\www\pharmacy-project\system\Boot.php(363): CodeIgniter\CodeIgniter->run()
#10 C:\laragon\www\pharmacy-project\system\Boot.php(68): CodeIgniter\Boot::runCodeIgniter(Object(CodeIgniter\CodeIgniter))
#11 C:\laragon\www\pharmacy-project\index.php(59): CodeIgniter\Boot::bootWeb(Object(Config\Paths))
#12 {main}
CRITICAL - 2026-07-31 09:48:42 --> CodeIgniter\Database\Exceptions\DatabaseException: Unknown column 'pr.base_price' in 'field list'
[Method: GET, Route: products]
in SYSTEMPATH\Database\BaseConnection.php on line 684.
 1 SYSTEMPATH\Database\BaseBuilder.php(1649): CodeIgniter\Database\BaseConnection->query('SELECT `pr`.`product_id`, `pr`.`product_name`, `pr`.`product_category`, `pr`.`product_brand`, `pr`.`product_group`, `pr`.`product_strength`, `pr`.`product_unit`, `pr`.`barcode`, `pr`.`base_price`, `pr`.`cost_without_vat`, `pr`.`tax_type`, `pr`.`tax_id`, `pr`.`tax_amount`, `pr`.`purchase_price`, `pr`.`profit_margin_percent`, `pr`.`selling_price`, `pr`.`alert_quantity`, `pr`.`product_image`, `pr`.`status`, `pc`.`category_name`, `pg`.`group_name`, `pb`.`product_brand_name`, `pu`.`product_unit_name`, `ps`.`strength_name`, `tx`.`tax_name`, `tx`.`tax_percentage`, COALESCE(SUM(os.quantity), 0) AS opening_stock
FROM `products` `pr`
LEFT JOIN `product_category` `pc` ON `pc`.`product_category_id` = `pr`.`product_category`
LEFT JOIN `product_group` `pg` ON `pg`.`product_group_id` = `pr`.`product_group`
LEFT JOIN `product_brand` `pb` ON `pb`.`brand_id` = `pr`.`product_brand`
LEFT JOIN `product_unit` `pu` ON `pu`.`product_unit_id` = `pr`.`product_unit`
LEFT JOIN `product_strength` `ps` ON `ps`.`strength_id` = `pr`.`product_strength`
LEFT JOIN `tax` `tx` ON `tx`.`tax_id` = `pr`.`tax_id`
LEFT JOIN `product_opening_stock` `os` ON `os`.`product_id` = `pr`.`product_id`
WHERE `pr`.`status` = :pr.status:
GROUP BY `pr`.`product_id`
ORDER BY `pr`.`product_name` ASC', [...], false)
 2 APPPATH\Models\ProductModel.php(241): CodeIgniter\Database\BaseBuilder->get()
 3 APPPATH\Controllers\ProductController.php(46): App\Models\ProductModel->getProductList()
 4 SYSTEMPATH\CodeIgniter.php(933): App\Controllers\ProductController->index()
 5 SYSTEMPATH\CodeIgniter.php(507): CodeIgniter\CodeIgniter->runController(Object(App\Controllers\ProductController))
 6 SYSTEMPATH\CodeIgniter.php(354): CodeIgniter\CodeIgniter->handleRequest(null, Object(Config\Cache), false)
 7 SYSTEMPATH\Boot.php(363): CodeIgniter\CodeIgniter->run()
 8 SYSTEMPATH\Boot.php(68): CodeIgniter\Boot::runCodeIgniter(Object(CodeIgniter\CodeIgniter))
 9 FCPATH\index.php(59): CodeIgniter\Boot::bootWeb(Object(Config\Paths))
CRITICAL - 2026-07-31 09:48:42 --> [Caused by] CodeIgniter\Database\Exceptions\DatabaseException: Unknown column 'pr.base_price' in 'field list'
in SYSTEMPATH\Database\MySQLi\Connection.php on line 332.
 1 SYSTEMPATH\Database\BaseConnection.php(729): CodeIgniter\Database\MySQLi\Connection->execute('SELECT `pr`.`product_id`, `pr`.`product_name`, `pr`.`product_category`, `pr`.`product_brand`, `pr`.`product_group`, `pr`.`product_strength`, `pr`.`product_unit`, `pr`.`barcode`, `pr`.`base_price`, `pr`.`cost_without_vat`, `pr`.`tax_type`, `pr`.`tax_id`, `pr`.`tax_amount`, `pr`.`purchase_price`, `pr`.`profit_margin_percent`, `pr`.`selling_price`, `pr`.`alert_quantity`, `pr`.`product_image`, `pr`.`status`, `pc`.`category_name`, `pg`.`group_name`, `pb`.`product_brand_name`, `pu`.`product_unit_name`, `ps`.`strength_name`, `tx`.`tax_name`, `tx`.`tax_percentage`, COALESCE(SUM(os.quantity), 0) AS opening_stock
FROM `products` `pr`
LEFT JOIN `product_category` `pc` ON `pc`.`product_category_id` = `pr`.`product_category`
LEFT JOIN `product_group` `pg` ON `pg`.`product_group_id` = `pr`.`product_group`
LEFT JOIN `product_brand` `pb` ON `pb`.`brand_id` = `pr`.`product_brand`
LEFT JOIN `product_unit` `pu` ON `pu`.`product_unit_id` = `pr`.`product_unit`
LEFT JOIN `product_strength` `ps` ON `ps`.`strength_id` = `pr`.`product_strength`
LEFT JOIN `tax` `tx` ON `tx`.`tax_id` = `pr`.`tax_id`
LEFT JOIN `product_opening_stock` `os` ON `os`.`product_id` = `pr`.`product_id`
WHERE `pr`.`status` = \'active\'
GROUP BY `pr`.`product_id`
ORDER BY `pr`.`product_name` ASC')
 2 SYSTEMPATH\Database\BaseConnection.php(646): CodeIgniter\Database\BaseConnection->simpleQuery('SELECT `pr`.`product_id`, `pr`.`product_name`, `pr`.`product_category`, `pr`.`product_brand`, `pr`.`product_group`, `pr`.`product_strength`, `pr`.`product_unit`, `pr`.`barcode`, `pr`.`base_price`, `pr`.`cost_without_vat`, `pr`.`tax_type`, `pr`.`tax_id`, `pr`.`tax_amount`, `pr`.`purchase_price`, `pr`.`profit_margin_percent`, `pr`.`selling_price`, `pr`.`alert_quantity`, `pr`.`product_image`, `pr`.`status`, `pc`.`category_name`, `pg`.`group_name`, `pb`.`product_brand_name`, `pu`.`product_unit_name`, `ps`.`strength_name`, `tx`.`tax_name`, `tx`.`tax_percentage`, COALESCE(SUM(os.quantity), 0) AS opening_stock
FROM `products` `pr`
LEFT JOIN `product_category` `pc` ON `pc`.`product_category_id` = `pr`.`product_category`
LEFT JOIN `product_group` `pg` ON `pg`.`product_group_id` = `pr`.`product_group`
LEFT JOIN `product_brand` `pb` ON `pb`.`brand_id` = `pr`.`product_brand`
LEFT JOIN `product_unit` `pu` ON `pu`.`product_unit_id` = `pr`.`product_unit`
LEFT JOIN `product_strength` `ps` ON `ps`.`strength_id` = `pr`.`product_strength`
LEFT JOIN `tax` `tx` ON `tx`.`tax_id` = `pr`.`tax_id`
LEFT JOIN `product_opening_stock` `os` ON `os`.`product_id` = `pr`.`product_id`
WHERE `pr`.`status` = \'active\'
GROUP BY `pr`.`product_id`
ORDER BY `pr`.`product_name` ASC')
 3 SYSTEMPATH\Database\BaseBuilder.php(1649): CodeIgniter\Database\BaseConnection->query('SELECT `pr`.`product_id`, `pr`.`product_name`, `pr`.`product_category`, `pr`.`product_brand`, `pr`.`product_group`, `pr`.`product_strength`, `pr`.`product_unit`, `pr`.`barcode`, `pr`.`base_price`, `pr`.`cost_without_vat`, `pr`.`tax_type`, `pr`.`tax_id`, `pr`.`tax_amount`, `pr`.`purchase_price`, `pr`.`profit_margin_percent`, `pr`.`selling_price`, `pr`.`alert_quantity`, `pr`.`product_image`, `pr`.`status`, `pc`.`category_name`, `pg`.`group_name`, `pb`.`product_brand_name`, `pu`.`product_unit_name`, `ps`.`strength_name`, `tx`.`tax_name`, `tx`.`tax_percentage`, COALESCE(SUM(os.quantity), 0) AS opening_stock
FROM `products` `pr`
LEFT JOIN `product_category` `pc` ON `pc`.`product_category_id` = `pr`.`product_category`
LEFT JOIN `product_group` `pg` ON `pg`.`product_group_id` = `pr`.`product_group`
LEFT JOIN `product_brand` `pb` ON `pb`.`brand_id` = `pr`.`product_brand`
LEFT JOIN `product_unit` `pu` ON `pu`.`product_unit_id` = `pr`.`product_unit`
LEFT JOIN `product_strength` `ps` ON `ps`.`strength_id` = `pr`.`product_strength`
LEFT JOIN `tax` `tx` ON `tx`.`tax_id` = `pr`.`tax_id`
LEFT JOIN `product_opening_stock` `os` ON `os`.`product_id` = `pr`.`product_id`
WHERE `pr`.`status` = :pr.status:
GROUP BY `pr`.`product_id`
ORDER BY `pr`.`product_name` ASC', [...], false)
 4 APPPATH\Models\ProductModel.php(241): CodeIgniter\Database\BaseBuilder->get()
 5 APPPATH\Controllers\ProductController.php(46): App\Models\ProductModel->getProductList()
 6 SYSTEMPATH\CodeIgniter.php(933): App\Controllers\ProductController->index()
 7 SYSTEMPATH\CodeIgniter.php(507): CodeIgniter\CodeIgniter->runController(Object(App\Controllers\ProductController))
 8 SYSTEMPATH\CodeIgniter.php(354): CodeIgniter\CodeIgniter->handleRequest(null, Object(Config\Cache), false)
 9 SYSTEMPATH\Boot.php(363): CodeIgniter\CodeIgniter->run()
10 SYSTEMPATH\Boot.php(68): CodeIgniter\Boot::runCodeIgniter(Object(CodeIgniter\CodeIgniter))
11 FCPATH\index.php(59): CodeIgniter\Boot::bootWeb(Object(Config\Paths))
CRITICAL - 2026-07-31 09:48:42 --> [Caused by] mysqli_sql_exception: Unknown column 'pr.base_price' in 'field list'
in SYSTEMPATH\Database\MySQLi\Connection.php on line 327.
 1 SYSTEMPATH\Database\MySQLi\Connection.php(327): mysqli->query('SELECT `pr`.`product_id`, `pr`.`product_name`, `pr`.`product_category`, `pr`.`product_brand`, `pr`.`product_group`, `pr`.`product_strength`, `pr`.`product_unit`, `pr`.`barcode`, `pr`.`base_price`, `pr`.`cost_without_vat`, `pr`.`tax_type`, `pr`.`tax_id`, `pr`.`tax_amount`, `pr`.`purchase_price`, `pr`.`profit_margin_percent`, `pr`.`selling_price`, `pr`.`alert_quantity`, `pr`.`product_image`, `pr`.`status`, `pc`.`category_name`, `pg`.`group_name`, `pb`.`product_brand_name`, `pu`.`product_unit_name`, `ps`.`strength_name`, `tx`.`tax_name`, `tx`.`tax_percentage`, COALESCE(SUM(os.quantity), 0) AS opening_stock
FROM `products` `pr`
LEFT JOIN `product_category` `pc` ON `pc`.`product_category_id` = `pr`.`product_category`
LEFT JOIN `product_group` `pg` ON `pg`.`product_group_id` = `pr`.`product_group`
LEFT JOIN `product_brand` `pb` ON `pb`.`brand_id` = `pr`.`product_brand`
LEFT JOIN `product_unit` `pu` ON `pu`.`product_unit_id` = `pr`.`product_unit`
LEFT JOIN `product_strength` `ps` ON `ps`.`strength_id` = `pr`.`product_strength`
LEFT JOIN `tax` `tx` ON `tx`.`tax_id` = `pr`.`tax_id`
LEFT JOIN `product_opening_stock` `os` ON `os`.`product_id` = `pr`.`product_id`
WHERE `pr`.`status` = \'active\'
GROUP BY `pr`.`product_id`
ORDER BY `pr`.`product_name` ASC', 0)
 2 SYSTEMPATH\Database\BaseConnection.php(729): CodeIgniter\Database\MySQLi\Connection->execute('SELECT `pr`.`product_id`, `pr`.`product_name`, `pr`.`product_category`, `pr`.`product_brand`, `pr`.`product_group`, `pr`.`product_strength`, `pr`.`product_unit`, `pr`.`barcode`, `pr`.`base_price`, `pr`.`cost_without_vat`, `pr`.`tax_type`, `pr`.`tax_id`, `pr`.`tax_amount`, `pr`.`purchase_price`, `pr`.`profit_margin_percent`, `pr`.`selling_price`, `pr`.`alert_quantity`, `pr`.`product_image`, `pr`.`status`, `pc`.`category_name`, `pg`.`group_name`, `pb`.`product_brand_name`, `pu`.`product_unit_name`, `ps`.`strength_name`, `tx`.`tax_name`, `tx`.`tax_percentage`, COALESCE(SUM(os.quantity), 0) AS opening_stock
FROM `products` `pr`
LEFT JOIN `product_category` `pc` ON `pc`.`product_category_id` = `pr`.`product_category`
LEFT JOIN `product_group` `pg` ON `pg`.`product_group_id` = `pr`.`product_group`
LEFT JOIN `product_brand` `pb` ON `pb`.`brand_id` = `pr`.`product_brand`
LEFT JOIN `product_unit` `pu` ON `pu`.`product_unit_id` = `pr`.`product_unit`
LEFT JOIN `product_strength` `ps` ON `ps`.`strength_id` = `pr`.`product_strength`
LEFT JOIN `tax` `tx` ON `tx`.`tax_id` = `pr`.`tax_id`
LEFT JOIN `product_opening_stock` `os` ON `os`.`product_id` = `pr`.`product_id`
WHERE `pr`.`status` = \'active\'
GROUP BY `pr`.`product_id`
ORDER BY `pr`.`product_name` ASC')
 3 SYSTEMPATH\Database\BaseConnection.php(646): CodeIgniter\Database\BaseConnection->simpleQuery('SELECT `pr`.`product_id`, `pr`.`product_name`, `pr`.`product_category`, `pr`.`product_brand`, `pr`.`product_group`, `pr`.`product_strength`, `pr`.`product_unit`, `pr`.`barcode`, `pr`.`base_price`, `pr`.`cost_without_vat`, `pr`.`tax_type`, `pr`.`tax_id`, `pr`.`tax_amount`, `pr`.`purchase_price`, `pr`.`profit_margin_percent`, `pr`.`selling_price`, `pr`.`alert_quantity`, `pr`.`product_image`, `pr`.`status`, `pc`.`category_name`, `pg`.`group_name`, `pb`.`product_brand_name`, `pu`.`product_unit_name`, `ps`.`strength_name`, `tx`.`tax_name`, `tx`.`tax_percentage`, COALESCE(SUM(os.quantity), 0) AS opening_stock
FROM `products` `pr`
LEFT JOIN `product_category` `pc` ON `pc`.`product_category_id` = `pr`.`product_category`
LEFT JOIN `product_group` `pg` ON `pg`.`product_group_id` = `pr`.`product_group`
LEFT JOIN `product_brand` `pb` ON `pb`.`brand_id` = `pr`.`product_brand`
LEFT JOIN `product_unit` `pu` ON `pu`.`product_unit_id` = `pr`.`product_unit`
LEFT JOIN `product_strength` `ps` ON `ps`.`strength_id` = `pr`.`product_strength`
LEFT JOIN `tax` `tx` ON `tx`.`tax_id` = `pr`.`tax_id`
LEFT JOIN `product_opening_stock` `os` ON `os`.`product_id` = `pr`.`product_id`
WHERE `pr`.`status` = \'active\'
GROUP BY `pr`.`product_id`
ORDER BY `pr`.`product_name` ASC')
 4 SYSTEMPATH\Database\BaseBuilder.php(1649): CodeIgniter\Database\BaseConnection->query('SELECT `pr`.`product_id`, `pr`.`product_name`, `pr`.`product_category`, `pr`.`product_brand`, `pr`.`product_group`, `pr`.`product_strength`, `pr`.`product_unit`, `pr`.`barcode`, `pr`.`base_price`, `pr`.`cost_without_vat`, `pr`.`tax_type`, `pr`.`tax_id`, `pr`.`tax_amount`, `pr`.`purchase_price`, `pr`.`profit_margin_percent`, `pr`.`selling_price`, `pr`.`alert_quantity`, `pr`.`product_image`, `pr`.`status`, `pc`.`category_name`, `pg`.`group_name`, `pb`.`product_brand_name`, `pu`.`product_unit_name`, `ps`.`strength_name`, `tx`.`tax_name`, `tx`.`tax_percentage`, COALESCE(SUM(os.quantity), 0) AS opening_stock
FROM `products` `pr`
LEFT JOIN `product_category` `pc` ON `pc`.`product_category_id` = `pr`.`product_category`
LEFT JOIN `product_group` `pg` ON `pg`.`product_group_id` = `pr`.`product_group`
LEFT JOIN `product_brand` `pb` ON `pb`.`brand_id` = `pr`.`product_brand`
LEFT JOIN `product_unit` `pu` ON `pu`.`product_unit_id` = `pr`.`product_unit`
LEFT JOIN `product_strength` `ps` ON `ps`.`strength_id` = `pr`.`product_strength`
LEFT JOIN `tax` `tx` ON `tx`.`tax_id` = `pr`.`tax_id`
LEFT JOIN `product_opening_stock` `os` ON `os`.`product_id` = `pr`.`product_id`
WHERE `pr`.`status` = :pr.status:
GROUP BY `pr`.`product_id`
ORDER BY `pr`.`product_name` ASC', [...], false)
 5 APPPATH\Models\ProductModel.php(241): CodeIgniter\Database\BaseBuilder->get()
 6 APPPATH\Controllers\ProductController.php(46): App\Models\ProductModel->getProductList()
 7 SYSTEMPATH\CodeIgniter.php(933): App\Controllers\ProductController->index()
 8 SYSTEMPATH\CodeIgniter.php(507): CodeIgniter\CodeIgniter->runController(Object(App\Controllers\ProductController))
 9 SYSTEMPATH\CodeIgniter.php(354): CodeIgniter\CodeIgniter->handleRequest(null, Object(Config\Cache), false)
10 SYSTEMPATH\Boot.php(363): CodeIgniter\CodeIgniter->run()
11 SYSTEMPATH\Boot.php(68): CodeIgniter\Boot::runCodeIgniter(Object(CodeIgniter\CodeIgniter))
12 FCPATH\index.php(59): CodeIgniter\Boot::bootWeb(Object(Config\Paths))
DEBUG - 2026-07-31 09:48:45 --> Session: Class initialized using 'CodeIgniter\Session\Handlers\FileHandler' driver.
ERROR - 2026-07-31 09:48:45 --> mysqli_sql_exception: Unknown column 'pr.base_price' in 'field list' in C:\laragon\www\pharmacy-project\system\Database\MySQLi\Connection.php:327
Stack trace:
#0 C:\laragon\www\pharmacy-project\system\Database\MySQLi\Connection.php(327): mysqli->query('SELECT `pr`.`pr...', 0)
#1 C:\laragon\www\pharmacy-project\system\Database\BaseConnection.php(729): CodeIgniter\Database\MySQLi\Connection->execute('SELECT `pr`.`pr...')
#2 C:\laragon\www\pharmacy-project\system\Database\BaseConnection.php(646): CodeIgniter\Database\BaseConnection->simpleQuery('SELECT `pr`.`pr...')
#3 C:\laragon\www\pharmacy-project\system\Database\BaseBuilder.php(1649): CodeIgniter\Database\BaseConnection->query('SELECT `pr`.`pr...', Array, false)
#4 C:\laragon\www\pharmacy-project\app\Models\ProductModel.php(241): CodeIgniter\Database\BaseBuilder->get()
#5 C:\laragon\www\pharmacy-project\app\Controllers\ProductController.php(46): App\Models\ProductModel->getProductList()
#6 C:\laragon\www\pharmacy-project\system\CodeIgniter.php(933): App\Controllers\ProductController->index()
#7 C:\laragon\www\pharmacy-project\system\CodeIgniter.php(507): CodeIgniter\CodeIgniter->runController(Object(App\Controllers\ProductController))
#8 C:\laragon\www\pharmacy-project\system\CodeIgniter.php(354): CodeIgniter\CodeIgniter->handleRequest(NULL, Object(Config\Cache), false)
#9 C:\laragon\www\pharmacy-project\system\Boot.php(363): CodeIgniter\CodeIgniter->run()
#10 C:\laragon\www\pharmacy-project\system\Boot.php(68): CodeIgniter\Boot::runCodeIgniter(Object(CodeIgniter\CodeIgniter))
#11 C:\laragon\www\pharmacy-project\index.php(59): CodeIgniter\Boot::bootWeb(Object(Config\Paths))
#12 {main}
CRITICAL - 2026-07-31 09:48:45 --> CodeIgniter\Database\Exceptions\DatabaseException: Unknown column 'pr.base_price' in 'field list'
[Method: GET, Route: products]
in SYSTEMPATH\Database\BaseConnection.php on line 684.
 1 SYSTEMPATH\Database\BaseBuilder.php(1649): CodeIgniter\Database\BaseConnection->query('SELECT `pr`.`product_id`, `pr`.`product_name`, `pr`.`product_category`, `pr`.`product_brand`, `pr`.`product_group`, `pr`.`product_strength`, `pr`.`product_unit`, `pr`.`barcode`, `pr`.`base_price`, `pr`.`cost_without_vat`, `pr`.`tax_type`, `pr`.`tax_id`, `pr`.`tax_amount`, `pr`.`purchase_price`, `pr`.`profit_margin_percent`, `pr`.`selling_price`, `pr`.`alert_quantity`, `pr`.`product_image`, `pr`.`status`, `pc`.`category_name`, `pg`.`group_name`, `pb`.`product_brand_name`, `pu`.`product_unit_name`, `ps`.`strength_name`, `tx`.`tax_name`, `tx`.`tax_percentage`, COALESCE(SUM(os.quantity), 0) AS opening_stock
FROM `products` `pr`
LEFT JOIN `product_category` `pc` ON `pc`.`product_category_id` = `pr`.`product_category`
LEFT JOIN `product_group` `pg` ON `pg`.`product_group_id` = `pr`.`product_group`
LEFT JOIN `product_brand` `pb` ON `pb`.`brand_id` = `pr`.`product_brand`
LEFT JOIN `product_unit` `pu` ON `pu`.`product_unit_id` = `pr`.`product_unit`
LEFT JOIN `product_strength` `ps` ON `ps`.`strength_id` = `pr`.`product_strength`
LEFT JOIN `tax` `tx` ON `tx`.`tax_id` = `pr`.`tax_id`
LEFT JOIN `product_opening_stock` `os` ON `os`.`product_id` = `pr`.`product_id`
WHERE `pr`.`status` = :pr.status:
GROUP BY `pr`.`product_id`
ORDER BY `pr`.`product_name` ASC', [...], false)
 2 APPPATH\Models\ProductModel.php(241): CodeIgniter\Database\BaseBuilder->get()
 3 APPPATH\Controllers\ProductController.php(46): App\Models\ProductModel->getProductList()
 4 SYSTEMPATH\CodeIgniter.php(933): App\Controllers\ProductController->index()
 5 SYSTEMPATH\CodeIgniter.php(507): CodeIgniter\CodeIgniter->runController(Object(App\Controllers\ProductController))
 6 SYSTEMPATH\CodeIgniter.php(354): CodeIgniter\CodeIgniter->handleRequest(null, Object(Config\Cache), false)
 7 SYSTEMPATH\Boot.php(363): CodeIgniter\CodeIgniter->run()
 8 SYSTEMPATH\Boot.php(68): CodeIgniter\Boot::runCodeIgniter(Object(CodeIgniter\CodeIgniter))
 9 FCPATH\index.php(59): CodeIgniter\Boot::bootWeb(Object(Config\Paths))
CRITICAL - 2026-07-31 09:48:45 --> [Caused by] CodeIgniter\Database\Exceptions\DatabaseException: Unknown column 'pr.base_price' in 'field list'
in SYSTEMPATH\Database\MySQLi\Connection.php on line 332.
 1 SYSTEMPATH\Database\BaseConnection.php(729): CodeIgniter\Database\MySQLi\Connection->execute('SELECT `pr`.`product_id`, `pr`.`product_name`, `pr`.`product_category`, `pr`.`product_brand`, `pr`.`product_group`, `pr`.`product_strength`, `pr`.`product_unit`, `pr`.`barcode`, `pr`.`base_price`, `pr`.`cost_without_vat`, `pr`.`tax_type`, `pr`.`tax_id`, `pr`.`tax_amount`, `pr`.`purchase_price`, `pr`.`profit_margin_percent`, `pr`.`selling_price`, `pr`.`alert_quantity`, `pr`.`product_image`, `pr`.`status`, `pc`.`category_name`, `pg`.`group_name`, `pb`.`product_brand_name`, `pu`.`product_unit_name`, `ps`.`strength_name`, `tx`.`tax_name`, `tx`.`tax_percentage`, COALESCE(SUM(os.quantity), 0) AS opening_stock
FROM `products` `pr`
LEFT JOIN `product_category` `pc` ON `pc`.`product_category_id` = `pr`.`product_category`
LEFT JOIN `product_group` `pg` ON `pg`.`product_group_id` = `pr`.`product_group`
LEFT JOIN `product_brand` `pb` ON `pb`.`brand_id` = `pr`.`product_brand`
LEFT JOIN `product_unit` `pu` ON `pu`.`product_unit_id` = `pr`.`product_unit`
LEFT JOIN `product_strength` `ps` ON `ps`.`strength_id` = `pr`.`product_strength`
LEFT JOIN `tax` `tx` ON `tx`.`tax_id` = `pr`.`tax_id`
LEFT JOIN `product_opening_stock` `os` ON `os`.`product_id` = `pr`.`product_id`
WHERE `pr`.`status` = \'active\'
GROUP BY `pr`.`product_id`
ORDER BY `pr`.`product_name` ASC')
 2 SYSTEMPATH\Database\BaseConnection.php(646): CodeIgniter\Database\BaseConnection->simpleQuery('SELECT `pr`.`product_id`, `pr`.`product_name`, `pr`.`product_category`, `pr`.`product_brand`, `pr`.`product_group`, `pr`.`product_strength`, `pr`.`product_unit`, `pr`.`barcode`, `pr`.`base_price`, `pr`.`cost_without_vat`, `pr`.`tax_type`, `pr`.`tax_id`, `pr`.`tax_amount`, `pr`.`purchase_price`, `pr`.`profit_margin_percent`, `pr`.`selling_price`, `pr`.`alert_quantity`, `pr`.`product_image`, `pr`.`status`, `pc`.`category_name`, `pg`.`group_name`, `pb`.`product_brand_name`, `pu`.`product_unit_name`, `ps`.`strength_name`, `tx`.`tax_name`, `tx`.`tax_percentage`, COALESCE(SUM(os.quantity), 0) AS opening_stock
FROM `products` `pr`
LEFT JOIN `product_category` `pc` ON `pc`.`product_category_id` = `pr`.`product_category`
LEFT JOIN `product_group` `pg` ON `pg`.`product_group_id` = `pr`.`product_group`
LEFT JOIN `product_brand` `pb` ON `pb`.`brand_id` = `pr`.`product_brand`
LEFT JOIN `product_unit` `pu` ON `pu`.`product_unit_id` = `pr`.`product_unit`
LEFT JOIN `product_strength` `ps` ON `ps`.`strength_id` = `pr`.`product_strength`
LEFT JOIN `tax` `tx` ON `tx`.`tax_id` = `pr`.`tax_id`
LEFT JOIN `product_opening_stock` `os` ON `os`.`product_id` = `pr`.`product_id`
WHERE `pr`.`status` = \'active\'
GROUP BY `pr`.`product_id`
ORDER BY `pr`.`product_name` ASC')
 3 SYSTEMPATH\Database\BaseBuilder.php(1649): CodeIgniter\Database\BaseConnection->query('SELECT `pr`.`product_id`, `pr`.`product_name`, `pr`.`product_category`, `pr`.`product_brand`, `pr`.`product_group`, `pr`.`product_strength`, `pr`.`product_unit`, `pr`.`barcode`, `pr`.`base_price`, `pr`.`cost_without_vat`, `pr`.`tax_type`, `pr`.`tax_id`, `pr`.`tax_amount`, `pr`.`purchase_price`, `pr`.`profit_margin_percent`, `pr`.`selling_price`, `pr`.`alert_quantity`, `pr`.`product_image`, `pr`.`status`, `pc`.`category_name`, `pg`.`group_name`, `pb`.`product_brand_name`, `pu`.`product_unit_name`, `ps`.`strength_name`, `tx`.`tax_name`, `tx`.`tax_percentage`, COALESCE(SUM(os.quantity), 0) AS opening_stock
FROM `products` `pr`
LEFT JOIN `product_category` `pc` ON `pc`.`product_category_id` = `pr`.`product_category`
LEFT JOIN `product_group` `pg` ON `pg`.`product_group_id` = `pr`.`product_group`
LEFT JOIN `product_brand` `pb` ON `pb`.`brand_id` = `pr`.`product_brand`
LEFT JOIN `product_unit` `pu` ON `pu`.`product_unit_id` = `pr`.`product_unit`
LEFT JOIN `product_strength` `ps` ON `ps`.`strength_id` = `pr`.`product_strength`
LEFT JOIN `tax` `tx` ON `tx`.`tax_id` = `pr`.`tax_id`
LEFT JOIN `product_opening_stock` `os` ON `os`.`product_id` = `pr`.`product_id`
WHERE `pr`.`status` = :pr.status:
GROUP BY `pr`.`product_id`
ORDER BY `pr`.`product_name` ASC', [...], false)
 4 APPPATH\Models\ProductModel.php(241): CodeIgniter\Database\BaseBuilder->get()
 5 APPPATH\Controllers\ProductController.php(46): App\Models\ProductModel->getProductList()
 6 SYSTEMPATH\CodeIgniter.php(933): App\Controllers\ProductController->index()
 7 SYSTEMPATH\CodeIgniter.php(507): CodeIgniter\CodeIgniter->runController(Object(App\Controllers\ProductController))
 8 SYSTEMPATH\CodeIgniter.php(354): CodeIgniter\CodeIgniter->handleRequest(null, Object(Config\Cache), false)
 9 SYSTEMPATH\Boot.php(363): CodeIgniter\CodeIgniter->run()
10 SYSTEMPATH\Boot.php(68): CodeIgniter\Boot::runCodeIgniter(Object(CodeIgniter\CodeIgniter))
11 FCPATH\index.php(59): CodeIgniter\Boot::bootWeb(Object(Config\Paths))
CRITICAL - 2026-07-31 09:48:45 --> [Caused by] mysqli_sql_exception: Unknown column 'pr.base_price' in 'field list'
in SYSTEMPATH\Database\MySQLi\Connection.php on line 327.
 1 SYSTEMPATH\Database\MySQLi\Connection.php(327): mysqli->query('SELECT `pr`.`product_id`, `pr`.`product_name`, `pr`.`product_category`, `pr`.`product_brand`, `pr`.`product_group`, `pr`.`product_strength`, `pr`.`product_unit`, `pr`.`barcode`, `pr`.`base_price`, `pr`.`cost_without_vat`, `pr`.`tax_type`, `pr`.`tax_id`, `pr`.`tax_amount`, `pr`.`purchase_price`, `pr`.`profit_margin_percent`, `pr`.`selling_price`, `pr`.`alert_quantity`, `pr`.`product_image`, `pr`.`status`, `pc`.`category_name`, `pg`.`group_name`, `pb`.`product_brand_name`, `pu`.`product_unit_name`, `ps`.`strength_name`, `tx`.`tax_name`, `tx`.`tax_percentage`, COALESCE(SUM(os.quantity), 0) AS opening_stock
FROM `products` `pr`
LEFT JOIN `product_category` `pc` ON `pc`.`product_category_id` = `pr`.`product_category`
LEFT JOIN `product_group` `pg` ON `pg`.`product_group_id` = `pr`.`product_group`
LEFT JOIN `product_brand` `pb` ON `pb`.`brand_id` = `pr`.`product_brand`
LEFT JOIN `product_unit` `pu` ON `pu`.`product_unit_id` = `pr`.`product_unit`
LEFT JOIN `product_strength` `ps` ON `ps`.`strength_id` = `pr`.`product_strength`
LEFT JOIN `tax` `tx` ON `tx`.`tax_id` = `pr`.`tax_id`
LEFT JOIN `product_opening_stock` `os` ON `os`.`product_id` = `pr`.`product_id`
WHERE `pr`.`status` = \'active\'
GROUP BY `pr`.`product_id`
ORDER BY `pr`.`product_name` ASC', 0)
 2 SYSTEMPATH\Database\BaseConnection.php(729): CodeIgniter\Database\MySQLi\Connection->execute('SELECT `pr`.`product_id`, `pr`.`product_name`, `pr`.`product_category`, `pr`.`product_brand`, `pr`.`product_group`, `pr`.`product_strength`, `pr`.`product_unit`, `pr`.`barcode`, `pr`.`base_price`, `pr`.`cost_without_vat`, `pr`.`tax_type`, `pr`.`tax_id`, `pr`.`tax_amount`, `pr`.`purchase_price`, `pr`.`profit_margin_percent`, `pr`.`selling_price`, `pr`.`alert_quantity`, `pr`.`product_image`, `pr`.`status`, `pc`.`category_name`, `pg`.`group_name`, `pb`.`product_brand_name`, `pu`.`product_unit_name`, `ps`.`strength_name`, `tx`.`tax_name`, `tx`.`tax_percentage`, COALESCE(SUM(os.quantity), 0) AS opening_stock
FROM `products` `pr`
LEFT JOIN `product_category` `pc` ON `pc`.`product_category_id` = `pr`.`product_category`
LEFT JOIN `product_group` `pg` ON `pg`.`product_group_id` = `pr`.`product_group`
LEFT JOIN `product_brand` `pb` ON `pb`.`brand_id` = `pr`.`product_brand`
LEFT JOIN `product_unit` `pu` ON `pu`.`product_unit_id` = `pr`.`product_unit`
LEFT JOIN `product_strength` `ps` ON `ps`.`strength_id` = `pr`.`product_strength`
LEFT JOIN `tax` `tx` ON `tx`.`tax_id` = `pr`.`tax_id`
LEFT JOIN `product_opening_stock` `os` ON `os`.`product_id` = `pr`.`product_id`
WHERE `pr`.`status` = \'active\'
GROUP BY `pr`.`product_id`
ORDER BY `pr`.`product_name` ASC')
 3 SYSTEMPATH\Database\BaseConnection.php(646): CodeIgniter\Database\BaseConnection->simpleQuery('SELECT `pr`.`product_id`, `pr`.`product_name`, `pr`.`product_category`, `pr`.`product_brand`, `pr`.`product_group`, `pr`.`product_strength`, `pr`.`product_unit`, `pr`.`barcode`, `pr`.`base_price`, `pr`.`cost_without_vat`, `pr`.`tax_type`, `pr`.`tax_id`, `pr`.`tax_amount`, `pr`.`purchase_price`, `pr`.`profit_margin_percent`, `pr`.`selling_price`, `pr`.`alert_quantity`, `pr`.`product_image`, `pr`.`status`, `pc`.`category_name`, `pg`.`group_name`, `pb`.`product_brand_name`, `pu`.`product_unit_name`, `ps`.`strength_name`, `tx`.`tax_name`, `tx`.`tax_percentage`, COALESCE(SUM(os.quantity), 0) AS opening_stock
FROM `products` `pr`
LEFT JOIN `product_category` `pc` ON `pc`.`product_category_id` = `pr`.`product_category`
LEFT JOIN `product_group` `pg` ON `pg`.`product_group_id` = `pr`.`product_group`
LEFT JOIN `product_brand` `pb` ON `pb`.`brand_id` = `pr`.`product_brand`
LEFT JOIN `product_unit` `pu` ON `pu`.`product_unit_id` = `pr`.`product_unit`
LEFT JOIN `product_strength` `ps` ON `ps`.`strength_id` = `pr`.`product_strength`
LEFT JOIN `tax` `tx` ON `tx`.`tax_id` = `pr`.`tax_id`
LEFT JOIN `product_opening_stock` `os` ON `os`.`product_id` = `pr`.`product_id`
WHERE `pr`.`status` = \'active\'
GROUP BY `pr`.`product_id`
ORDER BY `pr`.`product_name` ASC')
 4 SYSTEMPATH\Database\BaseBuilder.php(1649): CodeIgniter\Database\BaseConnection->query('SELECT `pr`.`product_id`, `pr`.`product_name`, `pr`.`product_category`, `pr`.`product_brand`, `pr`.`product_group`, `pr`.`product_strength`, `pr`.`product_unit`, `pr`.`barcode`, `pr`.`base_price`, `pr`.`cost_without_vat`, `pr`.`tax_type`, `pr`.`tax_id`, `pr`.`tax_amount`, `pr`.`purchase_price`, `pr`.`profit_margin_percent`, `pr`.`selling_price`, `pr`.`alert_quantity`, `pr`.`product_image`, `pr`.`status`, `pc`.`category_name`, `pg`.`group_name`, `pb`.`product_brand_name`, `pu`.`product_unit_name`, `ps`.`strength_name`, `tx`.`tax_name`, `tx`.`tax_percentage`, COALESCE(SUM(os.quantity), 0) AS opening_stock
FROM `products` `pr`
LEFT JOIN `product_category` `pc` ON `pc`.`product_category_id` = `pr`.`product_category`
LEFT JOIN `product_group` `pg` ON `pg`.`product_group_id` = `pr`.`product_group`
LEFT JOIN `product_brand` `pb` ON `pb`.`brand_id` = `pr`.`product_brand`
LEFT JOIN `product_unit` `pu` ON `pu`.`product_unit_id` = `pr`.`product_unit`
LEFT JOIN `product_strength` `ps` ON `ps`.`strength_id` = `pr`.`product_strength`
LEFT JOIN `tax` `tx` ON `tx`.`tax_id` = `pr`.`tax_id`
LEFT JOIN `product_opening_stock` `os` ON `os`.`product_id` = `pr`.`product_id`
WHERE `pr`.`status` = :pr.status:
GROUP BY `pr`.`product_id`
ORDER BY `pr`.`product_name` ASC', [...], false)
 5 APPPATH\Models\ProductModel.php(241): CodeIgniter\Database\BaseBuilder->get()
 6 APPPATH\Controllers\ProductController.php(46): App\Models\ProductModel->getProductList()
 7 SYSTEMPATH\CodeIgniter.php(933): App\Controllers\ProductController->index()
 8 SYSTEMPATH\CodeIgniter.php(507): CodeIgniter\CodeIgniter->runController(Object(App\Controllers\ProductController))
 9 SYSTEMPATH\CodeIgniter.php(354): CodeIgniter\CodeIgniter->handleRequest(null, Object(Config\Cache), false)
10 SYSTEMPATH\Boot.php(363): CodeIgniter\CodeIgniter->run()
11 SYSTEMPATH\Boot.php(68): CodeIgniter\Boot::runCodeIgniter(Object(CodeIgniter\CodeIgniter))
12 FCPATH\index.php(59): CodeIgniter\Boot::bootWeb(Object(Config\Paths))
DEBUG - 2026-07-31 09:51:34 --> Session: Class initialized using 'CodeIgniter\Session\Handlers\FileHandler' driver.
ERROR - 2026-07-31 09:51:34 --> mysqli_sql_exception: Unknown column 'pr.base_price' in 'field list' in C:\laragon\www\pharmacy-project\system\Database\MySQLi\Connection.php:327
Stack trace:
#0 C:\laragon\www\pharmacy-project\system\Database\MySQLi\Connection.php(327): mysqli->query('SELECT `pr`.`pr...', 0)
#1 C:\laragon\www\pharmacy-project\system\Database\BaseConnection.php(729): CodeIgniter\Database\MySQLi\Connection->execute('SELECT `pr`.`pr...')
#2 C:\laragon\www\pharmacy-project\system\Database\BaseConnection.php(646): CodeIgniter\Database\BaseConnection->simpleQuery('SELECT `pr`.`pr...')
#3 C:\laragon\www\pharmacy-project\system\Database\BaseBuilder.php(1649): CodeIgniter\Database\BaseConnection->query('SELECT `pr`.`pr...', Array, false)
#4 C:\laragon\www\pharmacy-project\app\Models\ProductModel.php(241): CodeIgniter\Database\BaseBuilder->get()
#5 C:\laragon\www\pharmacy-project\app\Controllers\ProductController.php(46): App\Models\ProductModel->getProductList()
#6 C:\laragon\www\pharmacy-project\system\CodeIgniter.php(933): App\Controllers\ProductController->index()
#7 C:\laragon\www\pharmacy-project\system\CodeIgniter.php(507): CodeIgniter\CodeIgniter->runController(Object(App\Controllers\ProductController))
#8 C:\laragon\www\pharmacy-project\system\CodeIgniter.php(354): CodeIgniter\CodeIgniter->handleRequest(NULL, Object(Config\Cache), false)
#9 C:\laragon\www\pharmacy-project\system\Boot.php(363): CodeIgniter\CodeIgniter->run()
#10 C:\laragon\www\pharmacy-project\system\Boot.php(68): CodeIgniter\Boot::runCodeIgniter(Object(CodeIgniter\CodeIgniter))
#11 C:\laragon\www\pharmacy-project\index.php(59): CodeIgniter\Boot::bootWeb(Object(Config\Paths))
#12 {main}
CRITICAL - 2026-07-31 09:51:34 --> CodeIgniter\Database\Exceptions\DatabaseException: Unknown column 'pr.base_price' in 'field list'
[Method: GET, Route: products]
in SYSTEMPATH\Database\BaseConnection.php on line 684.
 1 SYSTEMPATH\Database\BaseBuilder.php(1649): CodeIgniter\Database\BaseConnection->query('SELECT `pr`.`product_id`, `pr`.`product_name`, `pr`.`product_category`, `pr`.`product_brand`, `pr`.`product_group`, `pr`.`product_strength`, `pr`.`product_unit`, `pr`.`barcode`, `pr`.`base_price`, `pr`.`cost_without_vat`, `pr`.`tax_type`, `pr`.`tax_id`, `pr`.`tax_amount`, `pr`.`purchase_price`, `pr`.`profit_margin_percent`, `pr`.`selling_price`, `pr`.`alert_quantity`, `pr`.`product_image`, `pr`.`status`, `pc`.`category_name`, `pg`.`group_name`, `pb`.`product_brand_name`, `pu`.`product_unit_name`, `ps`.`strength_name`, `tx`.`tax_name`, `tx`.`tax_percentage`, COALESCE(SUM(os.quantity), 0) AS opening_stock
FROM `products` `pr`
LEFT JOIN `product_category` `pc` ON `pc`.`product_category_id` = `pr`.`product_category`
LEFT JOIN `product_group` `pg` ON `pg`.`product_group_id` = `pr`.`product_group`
LEFT JOIN `product_brand` `pb` ON `pb`.`brand_id` = `pr`.`product_brand`
LEFT JOIN `product_unit` `pu` ON `pu`.`product_unit_id` = `pr`.`product_unit`
LEFT JOIN `product_strength` `ps` ON `ps`.`strength_id` = `pr`.`product_strength`
LEFT JOIN `tax` `tx` ON `tx`.`tax_id` = `pr`.`tax_id`
LEFT JOIN `product_opening_stock` `os` ON `os`.`product_id` = `pr`.`product_id`
WHERE `pr`.`status` = :pr.status:
GROUP BY `pr`.`product_id`
ORDER BY `pr`.`product_name` ASC', [...], false)
 2 APPPATH\Models\ProductModel.php(241): CodeIgniter\Database\BaseBuilder->get()
 3 APPPATH\Controllers\ProductController.php(46): App\Models\ProductModel->getProductList()
 4 SYSTEMPATH\CodeIgniter.php(933): App\Controllers\ProductController->index()
 5 SYSTEMPATH\CodeIgniter.php(507): CodeIgniter\CodeIgniter->runController(Object(App\Controllers\ProductController))
 6 SYSTEMPATH\CodeIgniter.php(354): CodeIgniter\CodeIgniter->handleRequest(null, Object(Config\Cache), false)
 7 SYSTEMPATH\Boot.php(363): CodeIgniter\CodeIgniter->run()
 8 SYSTEMPATH\Boot.php(68): CodeIgniter\Boot::runCodeIgniter(Object(CodeIgniter\CodeIgniter))
 9 FCPATH\index.php(59): CodeIgniter\Boot::bootWeb(Object(Config\Paths))
CRITICAL - 2026-07-31 09:51:34 --> [Caused by] CodeIgniter\Database\Exceptions\DatabaseException: Unknown column 'pr.base_price' in 'field list'
in SYSTEMPATH\Database\MySQLi\Connection.php on line 332.
 1 SYSTEMPATH\Database\BaseConnection.php(729): CodeIgniter\Database\MySQLi\Connection->execute('SELECT `pr`.`product_id`, `pr`.`product_name`, `pr`.`product_category`, `pr`.`product_brand`, `pr`.`product_group`, `pr`.`product_strength`, `pr`.`product_unit`, `pr`.`barcode`, `pr`.`base_price`, `pr`.`cost_without_vat`, `pr`.`tax_type`, `pr`.`tax_id`, `pr`.`tax_amount`, `pr`.`purchase_price`, `pr`.`profit_margin_percent`, `pr`.`selling_price`, `pr`.`alert_quantity`, `pr`.`product_image`, `pr`.`status`, `pc`.`category_name`, `pg`.`group_name`, `pb`.`product_brand_name`, `pu`.`product_unit_name`, `ps`.`strength_name`, `tx`.`tax_name`, `tx`.`tax_percentage`, COALESCE(SUM(os.quantity), 0) AS opening_stock
FROM `products` `pr`
LEFT JOIN `product_category` `pc` ON `pc`.`product_category_id` = `pr`.`product_category`
LEFT JOIN `product_group` `pg` ON `pg`.`product_group_id` = `pr`.`product_group`
LEFT JOIN `product_brand` `pb` ON `pb`.`brand_id` = `pr`.`product_brand`
LEFT JOIN `product_unit` `pu` ON `pu`.`product_unit_id` = `pr`.`product_unit`
LEFT JOIN `product_strength` `ps` ON `ps`.`strength_id` = `pr`.`product_strength`
LEFT JOIN `tax` `tx` ON `tx`.`tax_id` = `pr`.`tax_id`
LEFT JOIN `product_opening_stock` `os` ON `os`.`product_id` = `pr`.`product_id`
WHERE `pr`.`status` = \'active\'
GROUP BY `pr`.`product_id`
ORDER BY `pr`.`product_name` ASC')
 2 SYSTEMPATH\Database\BaseConnection.php(646): CodeIgniter\Database\BaseConnection->simpleQuery('SELECT `pr`.`product_id`, `pr`.`product_name`, `pr`.`product_category`, `pr`.`product_brand`, `pr`.`product_group`, `pr`.`product_strength`, `pr`.`product_unit`, `pr`.`barcode`, `pr`.`base_price`, `pr`.`cost_without_vat`, `pr`.`tax_type`, `pr`.`tax_id`, `pr`.`tax_amount`, `pr`.`purchase_price`, `pr`.`profit_margin_percent`, `pr`.`selling_price`, `pr`.`alert_quantity`, `pr`.`product_image`, `pr`.`status`, `pc`.`category_name`, `pg`.`group_name`, `pb`.`product_brand_name`, `pu`.`product_unit_name`, `ps`.`strength_name`, `tx`.`tax_name`, `tx`.`tax_percentage`, COALESCE(SUM(os.quantity), 0) AS opening_stock
FROM `products` `pr`
LEFT JOIN `product_category` `pc` ON `pc`.`product_category_id` = `pr`.`product_category`
LEFT JOIN `product_group` `pg` ON `pg`.`product_group_id` = `pr`.`product_group`
LEFT JOIN `product_brand` `pb` ON `pb`.`brand_id` = `pr`.`product_brand`
LEFT JOIN `product_unit` `pu` ON `pu`.`product_unit_id` = `pr`.`product_unit`
LEFT JOIN `product_strength` `ps` ON `ps`.`strength_id` = `pr`.`product_strength`
LEFT JOIN `tax` `tx` ON `tx`.`tax_id` = `pr`.`tax_id`
LEFT JOIN `product_opening_stock` `os` ON `os`.`product_id` = `pr`.`product_id`
WHERE `pr`.`status` = \'active\'
GROUP BY `pr`.`product_id`
ORDER BY `pr`.`product_name` ASC')
 3 SYSTEMPATH\Database\BaseBuilder.php(1649): CodeIgniter\Database\BaseConnection->query('SELECT `pr`.`product_id`, `pr`.`product_name`, `pr`.`product_category`, `pr`.`product_brand`, `pr`.`product_group`, `pr`.`product_strength`, `pr`.`product_unit`, `pr`.`barcode`, `pr`.`base_price`, `pr`.`cost_without_vat`, `pr`.`tax_type`, `pr`.`tax_id`, `pr`.`tax_amount`, `pr`.`purchase_price`, `pr`.`profit_margin_percent`, `pr`.`selling_price`, `pr`.`alert_quantity`, `pr`.`product_image`, `pr`.`status`, `pc`.`category_name`, `pg`.`group_name`, `pb`.`product_brand_name`, `pu`.`product_unit_name`, `ps`.`strength_name`, `tx`.`tax_name`, `tx`.`tax_percentage`, COALESCE(SUM(os.quantity), 0) AS opening_stock
FROM `products` `pr`
LEFT JOIN `product_category` `pc` ON `pc`.`product_category_id` = `pr`.`product_category`
LEFT JOIN `product_group` `pg` ON `pg`.`product_group_id` = `pr`.`product_group`
LEFT JOIN `product_brand` `pb` ON `pb`.`brand_id` = `pr`.`product_brand`
LEFT JOIN `product_unit` `pu` ON `pu`.`product_unit_id` = `pr`.`product_unit`
LEFT JOIN `product_strength` `ps` ON `ps`.`strength_id` = `pr`.`product_strength`
LEFT JOIN `tax` `tx` ON `tx`.`tax_id` = `pr`.`tax_id`
LEFT JOIN `product_opening_stock` `os` ON `os`.`product_id` = `pr`.`product_id`
WHERE `pr`.`status` = :pr.status:
GROUP BY `pr`.`product_id`
ORDER BY `pr`.`product_name` ASC', [...], false)
 4 APPPATH\Models\ProductModel.php(241): CodeIgniter\Database\BaseBuilder->get()
 5 APPPATH\Controllers\ProductController.php(46): App\Models\ProductModel->getProductList()
 6 SYSTEMPATH\CodeIgniter.php(933): App\Controllers\ProductController->index()
 7 SYSTEMPATH\CodeIgniter.php(507): CodeIgniter\CodeIgniter->runController(Object(App\Controllers\ProductController))
 8 SYSTEMPATH\CodeIgniter.php(354): CodeIgniter\CodeIgniter->handleRequest(null, Object(Config\Cache), false)
 9 SYSTEMPATH\Boot.php(363): CodeIgniter\CodeIgniter->run()
10 SYSTEMPATH\Boot.php(68): CodeIgniter\Boot::runCodeIgniter(Object(CodeIgniter\CodeIgniter))
11 FCPATH\index.php(59): CodeIgniter\Boot::bootWeb(Object(Config\Paths))
CRITICAL - 2026-07-31 09:51:34 --> [Caused by] mysqli_sql_exception: Unknown column 'pr.base_price' in 'field list'
in SYSTEMPATH\Database\MySQLi\Connection.php on line 327.
 1 SYSTEMPATH\Database\MySQLi\Connection.php(327): mysqli->query('SELECT `pr`.`product_id`, `pr`.`product_name`, `pr`.`product_category`, `pr`.`product_brand`, `pr`.`product_group`, `pr`.`product_strength`, `pr`.`product_unit`, `pr`.`barcode`, `pr`.`base_price`, `pr`.`cost_without_vat`, `pr`.`tax_type`, `pr`.`tax_id`, `pr`.`tax_amount`, `pr`.`purchase_price`, `pr`.`profit_margin_percent`, `pr`.`selling_price`, `pr`.`alert_quantity`, `pr`.`product_image`, `pr`.`status`, `pc`.`category_name`, `pg`.`group_name`, `pb`.`product_brand_name`, `pu`.`product_unit_name`, `ps`.`strength_name`, `tx`.`tax_name`, `tx`.`tax_percentage`, COALESCE(SUM(os.quantity), 0) AS opening_stock
FROM `products` `pr`
LEFT JOIN `product_category` `pc` ON `pc`.`product_category_id` = `pr`.`product_category`
LEFT JOIN `product_group` `pg` ON `pg`.`product_group_id` = `pr`.`product_group`
LEFT JOIN `product_brand` `pb` ON `pb`.`brand_id` = `pr`.`product_brand`
LEFT JOIN `product_unit` `pu` ON `pu`.`product_unit_id` = `pr`.`product_unit`
LEFT JOIN `product_strength` `ps` ON `ps`.`strength_id` = `pr`.`product_strength`
LEFT JOIN `tax` `tx` ON `tx`.`tax_id` = `pr`.`tax_id`
LEFT JOIN `product_opening_stock` `os` ON `os`.`product_id` = `pr`.`product_id`
WHERE `pr`.`status` = \'active\'
GROUP BY `pr`.`product_id`
ORDER BY `pr`.`product_name` ASC', 0)
 2 SYSTEMPATH\Database\BaseConnection.php(729): CodeIgniter\Database\MySQLi\Connection->execute('SELECT `pr`.`product_id`, `pr`.`product_name`, `pr`.`product_category`, `pr`.`product_brand`, `pr`.`product_group`, `pr`.`product_strength`, `pr`.`product_unit`, `pr`.`barcode`, `pr`.`base_price`, `pr`.`cost_without_vat`, `pr`.`tax_type`, `pr`.`tax_id`, `pr`.`tax_amount`, `pr`.`purchase_price`, `pr`.`profit_margin_percent`, `pr`.`selling_price`, `pr`.`alert_quantity`, `pr`.`product_image`, `pr`.`status`, `pc`.`category_name`, `pg`.`group_name`, `pb`.`product_brand_name`, `pu`.`product_unit_name`, `ps`.`strength_name`, `tx`.`tax_name`, `tx`.`tax_percentage`, COALESCE(SUM(os.quantity), 0) AS opening_stock
FROM `products` `pr`
LEFT JOIN `product_category` `pc` ON `pc`.`product_category_id` = `pr`.`product_category`
LEFT JOIN `product_group` `pg` ON `pg`.`product_group_id` = `pr`.`product_group`
LEFT JOIN `product_brand` `pb` ON `pb`.`brand_id` = `pr`.`product_brand`
LEFT JOIN `product_unit` `pu` ON `pu`.`product_unit_id` = `pr`.`product_unit`
LEFT JOIN `product_strength` `ps` ON `ps`.`strength_id` = `pr`.`product_strength`
LEFT JOIN `tax` `tx` ON `tx`.`tax_id` = `pr`.`tax_id`
LEFT JOIN `product_opening_stock` `os` ON `os`.`product_id` = `pr`.`product_id`
WHERE `pr`.`status` = \'active\'
GROUP BY `pr`.`product_id`
ORDER BY `pr`.`product_name` ASC')
 3 SYSTEMPATH\Database\BaseConnection.php(646): CodeIgniter\Database\BaseConnection->simpleQuery('SELECT `pr`.`product_id`, `pr`.`product_name`, `pr`.`product_category`, `pr`.`product_brand`, `pr`.`product_group`, `pr`.`product_strength`, `pr`.`product_unit`, `pr`.`barcode`, `pr`.`base_price`, `pr`.`cost_without_vat`, `pr`.`tax_type`, `pr`.`tax_id`, `pr`.`tax_amount`, `pr`.`purchase_price`, `pr`.`profit_margin_percent`, `pr`.`selling_price`, `pr`.`alert_quantity`, `pr`.`product_image`, `pr`.`status`, `pc`.`category_name`, `pg`.`group_name`, `pb`.`product_brand_name`, `pu`.`product_unit_name`, `ps`.`strength_name`, `tx`.`tax_name`, `tx`.`tax_percentage`, COALESCE(SUM(os.quantity), 0) AS opening_stock
FROM `products` `pr`
LEFT JOIN `product_category` `pc` ON `pc`.`product_category_id` = `pr`.`product_category`
LEFT JOIN `product_group` `pg` ON `pg`.`product_group_id` = `pr`.`product_group`
LEFT JOIN `product_brand` `pb` ON `pb`.`brand_id` = `pr`.`product_brand`
LEFT JOIN `product_unit` `pu` ON `pu`.`product_unit_id` = `pr`.`product_unit`
LEFT JOIN `product_strength` `ps` ON `ps`.`strength_id` = `pr`.`product_strength`
LEFT JOIN `tax` `tx` ON `tx`.`tax_id` = `pr`.`tax_id`
LEFT JOIN `product_opening_stock` `os` ON `os`.`product_id` = `pr`.`product_id`
WHERE `pr`.`status` = \'active\'
GROUP BY `pr`.`product_id`
ORDER BY `pr`.`product_name` ASC')
 4 SYSTEMPATH\Database\BaseBuilder.php(1649): CodeIgniter\Database\BaseConnection->query('SELECT `pr`.`product_id`, `pr`.`product_name`, `pr`.`product_category`, `pr`.`product_brand`, `pr`.`product_group`, `pr`.`product_strength`, `pr`.`product_unit`, `pr`.`barcode`, `pr`.`base_price`, `pr`.`cost_without_vat`, `pr`.`tax_type`, `pr`.`tax_id`, `pr`.`tax_amount`, `pr`.`purchase_price`, `pr`.`profit_margin_percent`, `pr`.`selling_price`, `pr`.`alert_quantity`, `pr`.`product_image`, `pr`.`status`, `pc`.`category_name`, `pg`.`group_name`, `pb`.`product_brand_name`, `pu`.`product_unit_name`, `ps`.`strength_name`, `tx`.`tax_name`, `tx`.`tax_percentage`, COALESCE(SUM(os.quantity), 0) AS opening_stock
FROM `products` `pr`
LEFT JOIN `product_category` `pc` ON `pc`.`product_category_id` = `pr`.`product_category`
LEFT JOIN `product_group` `pg` ON `pg`.`product_group_id` = `pr`.`product_group`
LEFT JOIN `product_brand` `pb` ON `pb`.`brand_id` = `pr`.`product_brand`
LEFT JOIN `product_unit` `pu` ON `pu`.`product_unit_id` = `pr`.`product_unit`
LEFT JOIN `product_strength` `ps` ON `ps`.`strength_id` = `pr`.`product_strength`
LEFT JOIN `tax` `tx` ON `tx`.`tax_id` = `pr`.`tax_id`
LEFT JOIN `product_opening_stock` `os` ON `os`.`product_id` = `pr`.`product_id`
WHERE `pr`.`status` = :pr.status:
GROUP BY `pr`.`product_id`
ORDER BY `pr`.`product_name` ASC', [...], false)
 5 APPPATH\Models\ProductModel.php(241): CodeIgniter\Database\BaseBuilder->get()
 6 APPPATH\Controllers\ProductController.php(46): App\Models\ProductModel->getProductList()
 7 SYSTEMPATH\CodeIgniter.php(933): App\Controllers\ProductController->index()
 8 SYSTEMPATH\CodeIgniter.php(507): CodeIgniter\CodeIgniter->runController(Object(App\Controllers\ProductController))
 9 SYSTEMPATH\CodeIgniter.php(354): CodeIgniter\CodeIgniter->handleRequest(null, Object(Config\Cache), false)
10 SYSTEMPATH\Boot.php(363): CodeIgniter\CodeIgniter->run()
11 SYSTEMPATH\Boot.php(68): CodeIgniter\Boot::runCodeIgniter(Object(CodeIgniter\CodeIgniter))
12 FCPATH\index.php(59): CodeIgniter\Boot::bootWeb(Object(Config\Paths))
DEBUG - 2026-07-31 10:01:52 --> Session: Class initialized using 'CodeIgniter\Session\Handlers\FileHandler' driver.
WARNING - 2026-07-31 10:01:52 --> [DEPRECATED] number_format(): Passing null to parameter #1 ($num) of type float is deprecated in APPPATH\Views\product\productAdd.php on line 106.
 1 APPPATH\Views\product\productAdd.php(106): number_format(null, 2)
 2 SYSTEMPATH\View\View.php(226): include('C:\\laragon\\www\\pharmacy-project\\app\\Views\\product\\productAdd.php')
 3 SYSTEMPATH\View\View.php(229): CodeIgniter\View\View->CodeIgniter\View\{closure}()
 4 SYSTEMPATH\Common.php(1167): CodeIgniter\View\View->render('product/productAdd', [], true)
 5 APPPATH\Controllers\ProductController.php(49): view('product/productAdd', [...])
 6 SYSTEMPATH\CodeIgniter.php(933): App\Controllers\ProductController->index()
 7 SYSTEMPATH\CodeIgniter.php(507): CodeIgniter\CodeIgniter->runController(Object(App\Controllers\ProductController))
 8 SYSTEMPATH\CodeIgniter.php(354): CodeIgniter\CodeIgniter->handleRequest(null, Object(Config\Cache), false)
 9 SYSTEMPATH\Boot.php(363): CodeIgniter\CodeIgniter->run()
10 SYSTEMPATH\Boot.php(68): CodeIgniter\Boot::runCodeIgniter(Object(CodeIgniter\CodeIgniter))
11 FCPATH\index.php(59): CodeIgniter\Boot::bootWeb(Object(Config\Paths))
WARNING - 2026-07-31 10:01:52 --> [DEPRECATED] number_format(): Passing null to parameter #1 ($num) of type float is deprecated in APPPATH\Views\product\productAdd.php on line 106.
 1 APPPATH\Views\product\productAdd.php(106): number_format(null, 2)
 2 SYSTEMPATH\View\View.php(226): include('C:\\laragon\\www\\pharmacy-project\\app\\Views\\product\\productAdd.php')
 3 SYSTEMPATH\View\View.php(229): CodeIgniter\View\View->CodeIgniter\View\{closure}()
 4 SYSTEMPATH\Common.php(1167): CodeIgniter\View\View->render('product/productAdd', [], true)
 5 APPPATH\Controllers\ProductController.php(49): view('product/productAdd', [...])
 6 SYSTEMPATH\CodeIgniter.php(933): App\Controllers\ProductController->index()
 7 SYSTEMPATH\CodeIgniter.php(507): CodeIgniter\CodeIgniter->runController(Object(App\Controllers\ProductController))
 8 SYSTEMPATH\CodeIgniter.php(354): CodeIgniter\CodeIgniter->handleRequest(null, Object(Config\Cache), false)
 9 SYSTEMPATH\Boot.php(363): CodeIgniter\CodeIgniter->run()
10 SYSTEMPATH\Boot.php(68): CodeIgniter\Boot::runCodeIgniter(Object(CodeIgniter\CodeIgniter))
11 FCPATH\index.php(59): CodeIgniter\Boot::bootWeb(Object(Config\Paths))
WARNING - 2026-07-31 10:01:52 --> [DEPRECATED] number_format(): Passing null to parameter #1 ($num) of type float is deprecated in APPPATH\Views\product\productAdd.php on line 106.
 1 APPPATH\Views\product\productAdd.php(106): number_format(null, 2)
 2 SYSTEMPATH\View\View.php(226): include('C:\\laragon\\www\\pharmacy-project\\app\\Views\\product\\productAdd.php')
 3 SYSTEMPATH\View\View.php(229): CodeIgniter\View\View->CodeIgniter\View\{closure}()
 4 SYSTEMPATH\Common.php(1167): CodeIgniter\View\View->render('product/productAdd', [], true)
 5 APPPATH\Controllers\ProductController.php(49): view('product/productAdd', [...])
 6 SYSTEMPATH\CodeIgniter.php(933): App\Controllers\ProductController->index()
 7 SYSTEMPATH\CodeIgniter.php(507): CodeIgniter\CodeIgniter->runController(Object(App\Controllers\ProductController))
 8 SYSTEMPATH\CodeIgniter.php(354): CodeIgniter\CodeIgniter->handleRequest(null, Object(Config\Cache), false)
 9 SYSTEMPATH\Boot.php(363): CodeIgniter\CodeIgniter->run()
10 SYSTEMPATH\Boot.php(68): CodeIgniter\Boot::runCodeIgniter(Object(CodeIgniter\CodeIgniter))
11 FCPATH\index.php(59): CodeIgniter\Boot::bootWeb(Object(Config\Paths))
WARNING - 2026-07-31 10:01:52 --> [DEPRECATED] number_format(): Passing null to parameter #1 ($num) of type float is deprecated in APPPATH\Views\product\productAdd.php on line 106.
 1 APPPATH\Views\product\productAdd.php(106): number_format(null, 2)
 2 SYSTEMPATH\View\View.php(226): include('C:\\laragon\\www\\pharmacy-project\\app\\Views\\product\\productAdd.php')
 3 SYSTEMPATH\View\View.php(229): CodeIgniter\View\View->CodeIgniter\View\{closure}()
 4 SYSTEMPATH\Common.php(1167): CodeIgniter\View\View->render('product/productAdd', [], true)
 5 APPPATH\Controllers\ProductController.php(49): view('product/productAdd', [...])
 6 SYSTEMPATH\CodeIgniter.php(933): App\Controllers\ProductController->index()
 7 SYSTEMPATH\CodeIgniter.php(507): CodeIgniter\CodeIgniter->runController(Object(App\Controllers\ProductController))
 8 SYSTEMPATH\CodeIgniter.php(354): CodeIgniter\CodeIgniter->handleRequest(null, Object(Config\Cache), false)
 9 SYSTEMPATH\Boot.php(363): CodeIgniter\CodeIgniter->run()
10 SYSTEMPATH\Boot.php(68): CodeIgniter\Boot::runCodeIgniter(Object(CodeIgniter\CodeIgniter))
11 FCPATH\index.php(59): CodeIgniter\Boot::bootWeb(Object(Config\Paths))
WARNING - 2026-07-31 10:01:52 --> [DEPRECATED] number_format(): Passing null to parameter #1 ($num) of type float is deprecated in APPPATH\Views\product\productAdd.php on line 106.
 1 APPPATH\Views\product\productAdd.php(106): number_format(null, 2)
 2 SYSTEMPATH\View\View.php(226): include('C:\\laragon\\www\\pharmacy-project\\app\\Views\\product\\productAdd.php')
 3 SYSTEMPATH\View\View.php(229): CodeIgniter\View\View->CodeIgniter\View\{closure}()
 4 SYSTEMPATH\Common.php(1167): CodeIgniter\View\View->render('product/productAdd', [], true)
 5 APPPATH\Controllers\ProductController.php(49): view('product/productAdd', [...])
 6 SYSTEMPATH\CodeIgniter.php(933): App\Controllers\ProductController->index()
 7 SYSTEMPATH\CodeIgniter.php(507): CodeIgniter\CodeIgniter->runController(Object(App\Controllers\ProductController))
 8 SYSTEMPATH\CodeIgniter.php(354): CodeIgniter\CodeIgniter->handleRequest(null, Object(Config\Cache), false)
 9 SYSTEMPATH\Boot.php(363): CodeIgniter\CodeIgniter->run()
10 SYSTEMPATH\Boot.php(68): CodeIgniter\Boot::runCodeIgniter(Object(CodeIgniter\CodeIgniter))
11 FCPATH\index.php(59): CodeIgniter\Boot::bootWeb(Object(Config\Paths))
DEBUG - 2026-07-31 10:03:06 --> Session: Class initialized using 'CodeIgniter\Session\Handlers\FileHandler' driver.
DEBUG - 2026-07-31 10:03:07 --> Session: Class initialized using 'CodeIgniter\Session\Handlers\FileHandler' driver.
DEBUG - 2026-07-31 10:03:13 --> Session: Class initialized using 'CodeIgniter\Session\Handlers\FileHandler' driver.
DEBUG - 2026-07-31 10:03:24 --> Session: Class initialized using 'CodeIgniter\Session\Handlers\FileHandler' driver.
DEBUG - 2026-07-31 10:03:25 --> Session: Class initialized using 'CodeIgniter\Session\Handlers\FileHandler' driver.
DEBUG - 2026-07-31 10:03:25 --> Session: Class initialized using 'CodeIgniter\Session\Handlers\FileHandler' driver.
DEBUG - 2026-07-31 10:03:35 --> Session: Class initialized using 'CodeIgniter\Session\Handlers\FileHandler' driver.
DEBUG - 2026-07-31 10:03:50 --> Session: Class initialized using 'CodeIgniter\Session\Handlers\FileHandler' driver.
DEBUG - 2026-07-31 10:03:59 --> Session: Class initialized using 'CodeIgniter\Session\Handlers\FileHandler' driver.
DEBUG - 2026-07-31 10:06:16 --> Session: Class initialized using 'CodeIgniter\Session\Handlers\FileHandler' driver.
DEBUG - 2026-07-31 10:06:16 --> Session: Class initialized using 'CodeIgniter\Session\Handlers\FileHandler' driver.
WARNING - 2026-07-31 10:06:16 --> [DEPRECATED] number_format(): Passing null to parameter #1 ($num) of type float is deprecated in APPPATH\Views\product\productAdd.php on line 106.
 1 APPPATH\Views\product\productAdd.php(106): number_format(null, 2)
 2 SYSTEMPATH\View\View.php(226): include('C:\\laragon\\www\\pharmacy-project\\app\\Views\\product\\productAdd.php')
 3 SYSTEMPATH\View\View.php(229): CodeIgniter\View\View->CodeIgniter\View\{closure}()
 4 SYSTEMPATH\Common.php(1167): CodeIgniter\View\View->render('product/productAdd', [], true)
 5 APPPATH\Controllers\ProductController.php(49): view('product/productAdd', [...])
 6 SYSTEMPATH\CodeIgniter.php(933): App\Controllers\ProductController->index()
 7 SYSTEMPATH\CodeIgniter.php(507): CodeIgniter\CodeIgniter->runController(Object(App\Controllers\ProductController))
 8 SYSTEMPATH\CodeIgniter.php(354): CodeIgniter\CodeIgniter->handleRequest(null, Object(Config\Cache), false)
 9 SYSTEMPATH\Boot.php(363): CodeIgniter\CodeIgniter->run()
10 SYSTEMPATH\Boot.php(68): CodeIgniter\Boot::runCodeIgniter(Object(CodeIgniter\CodeIgniter))
11 FCPATH\index.php(59): CodeIgniter\Boot::bootWeb(Object(Config\Paths))
WARNING - 2026-07-31 10:06:16 --> [DEPRECATED] number_format(): Passing null to parameter #1 ($num) of type float is deprecated in APPPATH\Views\product\productAdd.php on line 106.
 1 APPPATH\Views\product\productAdd.php(106): number_format(null, 2)
 2 SYSTEMPATH\View\View.php(226): include('C:\\laragon\\www\\pharmacy-project\\app\\Views\\product\\productAdd.php')
 3 SYSTEMPATH\View\View.php(229): CodeIgniter\View\View->CodeIgniter\View\{closure}()
 4 SYSTEMPATH\Common.php(1167): CodeIgniter\View\View->render('product/productAdd', [], true)
 5 APPPATH\Controllers\ProductController.php(49): view('product/productAdd', [...])
 6 SYSTEMPATH\CodeIgniter.php(933): App\Controllers\ProductController->index()
 7 SYSTEMPATH\CodeIgniter.php(507): CodeIgniter\CodeIgniter->runController(Object(App\Controllers\ProductController))
 8 SYSTEMPATH\CodeIgniter.php(354): CodeIgniter\CodeIgniter->handleRequest(null, Object(Config\Cache), false)
 9 SYSTEMPATH\Boot.php(363): CodeIgniter\CodeIgniter->run()
10 SYSTEMPATH\Boot.php(68): CodeIgniter\Boot::runCodeIgniter(Object(CodeIgniter\CodeIgniter))
11 FCPATH\index.php(59): CodeIgniter\Boot::bootWeb(Object(Config\Paths))
WARNING - 2026-07-31 10:06:16 --> [DEPRECATED] number_format(): Passing null to parameter #1 ($num) of type float is deprecated in APPPATH\Views\product\productAdd.php on line 106.
 1 APPPATH\Views\product\productAdd.php(106): number_format(null, 2)
 2 SYSTEMPATH\View\View.php(226): include('C:\\laragon\\www\\pharmacy-project\\app\\Views\\product\\productAdd.php')
 3 SYSTEMPATH\View\View.php(229): CodeIgniter\View\View->CodeIgniter\View\{closure}()
 4 SYSTEMPATH\Common.php(1167): CodeIgniter\View\View->render('product/productAdd', [], true)
 5 APPPATH\Controllers\ProductController.php(49): view('product/productAdd', [...])
 6 SYSTEMPATH\CodeIgniter.php(933): App\Controllers\ProductController->index()
 7 SYSTEMPATH\CodeIgniter.php(507): CodeIgniter\CodeIgniter->runController(Object(App\Controllers\ProductController))
 8 SYSTEMPATH\CodeIgniter.php(354): CodeIgniter\CodeIgniter->handleRequest(null, Object(Config\Cache), false)
 9 SYSTEMPATH\Boot.php(363): CodeIgniter\CodeIgniter->run()
10 SYSTEMPATH\Boot.php(68): CodeIgniter\Boot::runCodeIgniter(Object(CodeIgniter\CodeIgniter))
11 FCPATH\index.php(59): CodeIgniter\Boot::bootWeb(Object(Config\Paths))
WARNING - 2026-07-31 10:06:16 --> [DEPRECATED] number_format(): Passing null to parameter #1 ($num) of type float is deprecated in APPPATH\Views\product\productAdd.php on line 106.
 1 APPPATH\Views\product\productAdd.php(106): number_format(null, 2)
 2 SYSTEMPATH\View\View.php(226): include('C:\\laragon\\www\\pharmacy-project\\app\\Views\\product\\productAdd.php')
 3 SYSTEMPATH\View\View.php(229): CodeIgniter\View\View->CodeIgniter\View\{closure}()
 4 SYSTEMPATH\Common.php(1167): CodeIgniter\View\View->render('product/productAdd', [], true)
 5 APPPATH\Controllers\ProductController.php(49): view('product/productAdd', [...])
 6 SYSTEMPATH\CodeIgniter.php(933): App\Controllers\ProductController->index()
 7 SYSTEMPATH\CodeIgniter.php(507): CodeIgniter\CodeIgniter->runController(Object(App\Controllers\ProductController))
 8 SYSTEMPATH\CodeIgniter.php(354): CodeIgniter\CodeIgniter->handleRequest(null, Object(Config\Cache), false)
 9 SYSTEMPATH\Boot.php(363): CodeIgniter\CodeIgniter->run()
10 SYSTEMPATH\Boot.php(68): CodeIgniter\Boot::runCodeIgniter(Object(CodeIgniter\CodeIgniter))
11 FCPATH\index.php(59): CodeIgniter\Boot::bootWeb(Object(Config\Paths))
WARNING - 2026-07-31 10:06:16 --> [DEPRECATED] number_format(): Passing null to parameter #1 ($num) of type float is deprecated in APPPATH\Views\product\productAdd.php on line 106.
 1 APPPATH\Views\product\productAdd.php(106): number_format(null, 2)
 2 SYSTEMPATH\View\View.php(226): include('C:\\laragon\\www\\pharmacy-project\\app\\Views\\product\\productAdd.php')
 3 SYSTEMPATH\View\View.php(229): CodeIgniter\View\View->CodeIgniter\View\{closure}()
 4 SYSTEMPATH\Common.php(1167): CodeIgniter\View\View->render('product/productAdd', [], true)
 5 APPPATH\Controllers\ProductController.php(49): view('product/productAdd', [...])
 6 SYSTEMPATH\CodeIgniter.php(933): App\Controllers\ProductController->index()
 7 SYSTEMPATH\CodeIgniter.php(507): CodeIgniter\CodeIgniter->runController(Object(App\Controllers\ProductController))
 8 SYSTEMPATH\CodeIgniter.php(354): CodeIgniter\CodeIgniter->handleRequest(null, Object(Config\Cache), false)
 9 SYSTEMPATH\Boot.php(363): CodeIgniter\CodeIgniter->run()
10 SYSTEMPATH\Boot.php(68): CodeIgniter\Boot::runCodeIgniter(Object(CodeIgniter\CodeIgniter))
11 FCPATH\index.php(59): CodeIgniter\Boot::bootWeb(Object(Config\Paths))
DEBUG - 2026-07-31 10:06:32 --> Session: Class initialized using 'CodeIgniter\Session\Handlers\FileHandler' driver.
DEBUG - 2026-07-31 10:08:41 --> Session: Class initialized using 'CodeIgniter\Session\Handlers\FileHandler' driver.
DEBUG - 2026-07-31 10:15:07 --> Session: Class initialized using 'CodeIgniter\Session\Handlers\FileHandler' driver.
DEBUG - 2026-07-31 10:31:13 --> Session: Class initialized using 'CodeIgniter\Session\Handlers\FileHandler' driver.
WARNING - 2026-07-31 10:31:13 --> [DEPRECATED] number_format(): Passing null to parameter #1 ($num) of type float is deprecated in APPPATH\Views\product\productAdd.php on line 106.
 1 APPPATH\Views\product\productAdd.php(106): number_format(null, 2)
 2 SYSTEMPATH\View\View.php(226): include('C:\\laragon\\www\\pharmacy-project\\app\\Views\\product\\productAdd.php')
 3 SYSTEMPATH\View\View.php(229): CodeIgniter\View\View->CodeIgniter\View\{closure}()
 4 SYSTEMPATH\Common.php(1167): CodeIgniter\View\View->render('product/productAdd', [], true)
 5 APPPATH\Controllers\ProductController.php(49): view('product/productAdd', [...])
 6 SYSTEMPATH\CodeIgniter.php(933): App\Controllers\ProductController->index()
 7 SYSTEMPATH\CodeIgniter.php(507): CodeIgniter\CodeIgniter->runController(Object(App\Controllers\ProductController))
 8 SYSTEMPATH\CodeIgniter.php(354): CodeIgniter\CodeIgniter->handleRequest(null, Object(Config\Cache), false)
 9 SYSTEMPATH\Boot.php(363): CodeIgniter\CodeIgniter->run()
10 SYSTEMPATH\Boot.php(68): CodeIgniter\Boot::runCodeIgniter(Object(CodeIgniter\CodeIgniter))
11 FCPATH\index.php(59): CodeIgniter\Boot::bootWeb(Object(Config\Paths))
WARNING - 2026-07-31 10:31:13 --> [DEPRECATED] number_format(): Passing null to parameter #1 ($num) of type float is deprecated in APPPATH\Views\product\productAdd.php on line 106.
 1 APPPATH\Views\product\productAdd.php(106): number_format(null, 2)
 2 SYSTEMPATH\View\View.php(226): include('C:\\laragon\\www\\pharmacy-project\\app\\Views\\product\\productAdd.php')
 3 SYSTEMPATH\View\View.php(229): CodeIgniter\View\View->CodeIgniter\View\{closure}()
 4 SYSTEMPATH\Common.php(1167): CodeIgniter\View\View->render('product/productAdd', [], true)
 5 APPPATH\Controllers\ProductController.php(49): view('product/productAdd', [...])
 6 SYSTEMPATH\CodeIgniter.php(933): App\Controllers\ProductController->index()
 7 SYSTEMPATH\CodeIgniter.php(507): CodeIgniter\CodeIgniter->runController(Object(App\Controllers\ProductController))
 8 SYSTEMPATH\CodeIgniter.php(354): CodeIgniter\CodeIgniter->handleRequest(null, Object(Config\Cache), false)
 9 SYSTEMPATH\Boot.php(363): CodeIgniter\CodeIgniter->run()
10 SYSTEMPATH\Boot.php(68): CodeIgniter\Boot::runCodeIgniter(Object(CodeIgniter\CodeIgniter))
11 FCPATH\index.php(59): CodeIgniter\Boot::bootWeb(Object(Config\Paths))
WARNING - 2026-07-31 10:31:13 --> [DEPRECATED] number_format(): Passing null to parameter #1 ($num) of type float is deprecated in APPPATH\Views\product\productAdd.php on line 106.
 1 APPPATH\Views\product\productAdd.php(106): number_format(null, 2)
 2 SYSTEMPATH\View\View.php(226): include('C:\\laragon\\www\\pharmacy-project\\app\\Views\\product\\productAdd.php')
 3 SYSTEMPATH\View\View.php(229): CodeIgniter\View\View->CodeIgniter\View\{closure}()
 4 SYSTEMPATH\Common.php(1167): CodeIgniter\View\View->render('product/productAdd', [], true)
 5 APPPATH\Controllers\ProductController.php(49): view('product/productAdd', [...])
 6 SYSTEMPATH\CodeIgniter.php(933): App\Controllers\ProductController->index()
 7 SYSTEMPATH\CodeIgniter.php(507): CodeIgniter\CodeIgniter->runController(Object(App\Controllers\ProductController))
 8 SYSTEMPATH\CodeIgniter.php(354): CodeIgniter\CodeIgniter->handleRequest(null, Object(Config\Cache), false)
 9 SYSTEMPATH\Boot.php(363): CodeIgniter\CodeIgniter->run()
10 SYSTEMPATH\Boot.php(68): CodeIgniter\Boot::runCodeIgniter(Object(CodeIgniter\CodeIgniter))
11 FCPATH\index.php(59): CodeIgniter\Boot::bootWeb(Object(Config\Paths))
WARNING - 2026-07-31 10:31:13 --> [DEPRECATED] number_format(): Passing null to parameter #1 ($num) of type float is deprecated in APPPATH\Views\product\productAdd.php on line 106.
 1 APPPATH\Views\product\productAdd.php(106): number_format(null, 2)
 2 SYSTEMPATH\View\View.php(226): include('C:\\laragon\\www\\pharmacy-project\\app\\Views\\product\\productAdd.php')
 3 SYSTEMPATH\View\View.php(229): CodeIgniter\View\View->CodeIgniter\View\{closure}()
 4 SYSTEMPATH\Common.php(1167): CodeIgniter\View\View->render('product/productAdd', [], true)
 5 APPPATH\Controllers\ProductController.php(49): view('product/productAdd', [...])
 6 SYSTEMPATH\CodeIgniter.php(933): App\Controllers\ProductController->index()
 7 SYSTEMPATH\CodeIgniter.php(507): CodeIgniter\CodeIgniter->runController(Object(App\Controllers\ProductController))
 8 SYSTEMPATH\CodeIgniter.php(354): CodeIgniter\CodeIgniter->handleRequest(null, Object(Config\Cache), false)
 9 SYSTEMPATH\Boot.php(363): CodeIgniter\CodeIgniter->run()
10 SYSTEMPATH\Boot.php(68): CodeIgniter\Boot::runCodeIgniter(Object(CodeIgniter\CodeIgniter))
11 FCPATH\index.php(59): CodeIgniter\Boot::bootWeb(Object(Config\Paths))
WARNING - 2026-07-31 10:31:13 --> [DEPRECATED] number_format(): Passing null to parameter #1 ($num) of type float is deprecated in APPPATH\Views\product\productAdd.php on line 106.
 1 APPPATH\Views\product\productAdd.php(106): number_format(null, 2)
 2 SYSTEMPATH\View\View.php(226): include('C:\\laragon\\www\\pharmacy-project\\app\\Views\\product\\productAdd.php')
 3 SYSTEMPATH\View\View.php(229): CodeIgniter\View\View->CodeIgniter\View\{closure}()
 4 SYSTEMPATH\Common.php(1167): CodeIgniter\View\View->render('product/productAdd', [], true)
 5 APPPATH\Controllers\ProductController.php(49): view('product/productAdd', [...])
 6 SYSTEMPATH\CodeIgniter.php(933): App\Controllers\ProductController->index()
 7 SYSTEMPATH\CodeIgniter.php(507): CodeIgniter\CodeIgniter->runController(Object(App\Controllers\ProductController))
 8 SYSTEMPATH\CodeIgniter.php(354): CodeIgniter\CodeIgniter->handleRequest(null, Object(Config\Cache), false)
 9 SYSTEMPATH\Boot.php(363): CodeIgniter\CodeIgniter->run()
10 SYSTEMPATH\Boot.php(68): CodeIgniter\Boot::runCodeIgniter(Object(CodeIgniter\CodeIgniter))
11 FCPATH\index.php(59): CodeIgniter\Boot::bootWeb(Object(Config\Paths))
DEBUG - 2026-07-31 10:34:22 --> Session: Class initialized using 'CodeIgniter\Session\Handlers\FileHandler' driver.
WARNING - 2026-07-31 10:34:22 --> [DEPRECATED] number_format(): Passing null to parameter #1 ($num) of type float is deprecated in APPPATH\Views\product\productAdd.php on line 106.
 1 APPPATH\Views\product\productAdd.php(106): number_format(null, 2)
 2 SYSTEMPATH\View\View.php(226): include('C:\\laragon\\www\\pharmacy-project\\app\\Views\\product\\productAdd.php')
 3 SYSTEMPATH\View\View.php(229): CodeIgniter\View\View->CodeIgniter\View\{closure}()
 4 SYSTEMPATH\Common.php(1167): CodeIgniter\View\View->render('product/productAdd', [], true)
 5 APPPATH\Controllers\ProductController.php(49): view('product/productAdd', [...])
 6 SYSTEMPATH\CodeIgniter.php(933): App\Controllers\ProductController->index()
 7 SYSTEMPATH\CodeIgniter.php(507): CodeIgniter\CodeIgniter->runController(Object(App\Controllers\ProductController))
 8 SYSTEMPATH\CodeIgniter.php(354): CodeIgniter\CodeIgniter->handleRequest(null, Object(Config\Cache), false)
 9 SYSTEMPATH\Boot.php(363): CodeIgniter\CodeIgniter->run()
10 SYSTEMPATH\Boot.php(68): CodeIgniter\Boot::runCodeIgniter(Object(CodeIgniter\CodeIgniter))
11 FCPATH\index.php(59): CodeIgniter\Boot::bootWeb(Object(Config\Paths))
WARNING - 2026-07-31 10:34:22 --> [DEPRECATED] number_format(): Passing null to parameter #1 ($num) of type float is deprecated in APPPATH\Views\product\productAdd.php on line 106.
 1 APPPATH\Views\product\productAdd.php(106): number_format(null, 2)
 2 SYSTEMPATH\View\View.php(226): include('C:\\laragon\\www\\pharmacy-project\\app\\Views\\product\\productAdd.php')
 3 SYSTEMPATH\View\View.php(229): CodeIgniter\View\View->CodeIgniter\View\{closure}()
 4 SYSTEMPATH\Common.php(1167): CodeIgniter\View\View->render('product/productAdd', [], true)
 5 APPPATH\Controllers\ProductController.php(49): view('product/productAdd', [...])
 6 SYSTEMPATH\CodeIgniter.php(933): App\Controllers\ProductController->index()
 7 SYSTEMPATH\CodeIgniter.php(507): CodeIgniter\CodeIgniter->runController(Object(App\Controllers\ProductController))
 8 SYSTEMPATH\CodeIgniter.php(354): CodeIgniter\CodeIgniter->handleRequest(null, Object(Config\Cache), false)
 9 SYSTEMPATH\Boot.php(363): CodeIgniter\CodeIgniter->run()
10 SYSTEMPATH\Boot.php(68): CodeIgniter\Boot::runCodeIgniter(Object(CodeIgniter\CodeIgniter))
11 FCPATH\index.php(59): CodeIgniter\Boot::bootWeb(Object(Config\Paths))
WARNING - 2026-07-31 10:34:22 --> [DEPRECATED] number_format(): Passing null to parameter #1 ($num) of type float is deprecated in APPPATH\Views\product\productAdd.php on line 106.
 1 APPPATH\Views\product\productAdd.php(106): number_format(null, 2)
 2 SYSTEMPATH\View\View.php(226): include('C:\\laragon\\www\\pharmacy-project\\app\\Views\\product\\productAdd.php')
 3 SYSTEMPATH\View\View.php(229): CodeIgniter\View\View->CodeIgniter\View\{closure}()
 4 SYSTEMPATH\Common.php(1167): CodeIgniter\View\View->render('product/productAdd', [], true)
 5 APPPATH\Controllers\ProductController.php(49): view('product/productAdd', [...])
 6 SYSTEMPATH\CodeIgniter.php(933): App\Controllers\ProductController->index()
 7 SYSTEMPATH\CodeIgniter.php(507): CodeIgniter\CodeIgniter->runController(Object(App\Controllers\ProductController))
 8 SYSTEMPATH\CodeIgniter.php(354): CodeIgniter\CodeIgniter->handleRequest(null, Object(Config\Cache), false)
 9 SYSTEMPATH\Boot.php(363): CodeIgniter\CodeIgniter->run()
10 SYSTEMPATH\Boot.php(68): CodeIgniter\Boot::runCodeIgniter(Object(CodeIgniter\CodeIgniter))
11 FCPATH\index.php(59): CodeIgniter\Boot::bootWeb(Object(Config\Paths))
WARNING - 2026-07-31 10:34:22 --> [DEPRECATED] number_format(): Passing null to parameter #1 ($num) of type float is deprecated in APPPATH\Views\product\productAdd.php on line 106.
 1 APPPATH\Views\product\productAdd.php(106): number_format(null, 2)
 2 SYSTEMPATH\View\View.php(226): include('C:\\laragon\\www\\pharmacy-project\\app\\Views\\product\\productAdd.php')
 3 SYSTEMPATH\View\View.php(229): CodeIgniter\View\View->CodeIgniter\View\{closure}()
 4 SYSTEMPATH\Common.php(1167): CodeIgniter\View\View->render('product/productAdd', [], true)
 5 APPPATH\Controllers\ProductController.php(49): view('product/productAdd', [...])
 6 SYSTEMPATH\CodeIgniter.php(933): App\Controllers\ProductController->index()
 7 SYSTEMPATH\CodeIgniter.php(507): CodeIgniter\CodeIgniter->runController(Object(App\Controllers\ProductController))
 8 SYSTEMPATH\CodeIgniter.php(354): CodeIgniter\CodeIgniter->handleRequest(null, Object(Config\Cache), false)
 9 SYSTEMPATH\Boot.php(363): CodeIgniter\CodeIgniter->run()
10 SYSTEMPATH\Boot.php(68): CodeIgniter\Boot::runCodeIgniter(Object(CodeIgniter\CodeIgniter))
11 FCPATH\index.php(59): CodeIgniter\Boot::bootWeb(Object(Config\Paths))
WARNING - 2026-07-31 10:34:22 --> [DEPRECATED] number_format(): Passing null to parameter #1 ($num) of type float is deprecated in APPPATH\Views\product\productAdd.php on line 106.
 1 APPPATH\Views\product\productAdd.php(106): number_format(null, 2)
 2 SYSTEMPATH\View\View.php(226): include('C:\\laragon\\www\\pharmacy-project\\app\\Views\\product\\productAdd.php')
 3 SYSTEMPATH\View\View.php(229): CodeIgniter\View\View->CodeIgniter\View\{closure}()
 4 SYSTEMPATH\Common.php(1167): CodeIgniter\View\View->render('product/productAdd', [], true)
 5 APPPATH\Controllers\ProductController.php(49): view('product/productAdd', [...])
 6 SYSTEMPATH\CodeIgniter.php(933): App\Controllers\ProductController->index()
 7 SYSTEMPATH\CodeIgniter.php(507): CodeIgniter\CodeIgniter->runController(Object(App\Controllers\ProductController))
 8 SYSTEMPATH\CodeIgniter.php(354): CodeIgniter\CodeIgniter->handleRequest(null, Object(Config\Cache), false)
 9 SYSTEMPATH\Boot.php(363): CodeIgniter\CodeIgniter->run()
10 SYSTEMPATH\Boot.php(68): CodeIgniter\Boot::runCodeIgniter(Object(CodeIgniter\CodeIgniter))
11 FCPATH\index.php(59): CodeIgniter\Boot::bootWeb(Object(Config\Paths))
DEBUG - 2026-07-31 10:34:28 --> Session: Class initialized using 'CodeIgniter\Session\Handlers\FileHandler' driver.
CRITICAL - 2026-07-31 10:34:28 --> ErrorException: Undefined variable $tax_show
[Method: GET, Route: opening-stock]
in APPPATH\Views\opening_stock\openingStockAdd.php on line 211.
 1 APPPATH\Views\opening_stock\openingStockAdd.php(211): CodeIgniter\Debug\Exceptions->errorHandler(2, 'Undefined variable $tax_show', 'C:\\laragon\\www\\pharmacy-project\\app\\Views\\opening_stock\\openingStockAdd.php', 211)
 2 SYSTEMPATH\View\View.php(226): include('C:\\laragon\\www\\pharmacy-project\\app\\Views\\opening_stock\\openingStockAdd.php')
 3 SYSTEMPATH\View\View.php(229): CodeIgniter\View\View->CodeIgniter\View\{closure}()
 4 SYSTEMPATH\Common.php(1167): CodeIgniter\View\View->render('opening_stock/openingStockAdd', [], true)
 5 APPPATH\Controllers\OpeningStockController.php(18): view('opening_stock/openingStockAdd', [...])
 6 SYSTEMPATH\CodeIgniter.php(933): App\Controllers\OpeningStockController->index()
 7 SYSTEMPATH\CodeIgniter.php(507): CodeIgniter\CodeIgniter->runController(Object(App\Controllers\OpeningStockController))
 8 SYSTEMPATH\CodeIgniter.php(354): CodeIgniter\CodeIgniter->handleRequest(null, Object(Config\Cache), false)
 9 SYSTEMPATH\Boot.php(363): CodeIgniter\CodeIgniter->run()
10 SYSTEMPATH\Boot.php(68): CodeIgniter\Boot::runCodeIgniter(Object(CodeIgniter\CodeIgniter))
11 FCPATH\index.php(59): CodeIgniter\Boot::bootWeb(Object(Config\Paths))
DEBUG - 2026-07-31 10:36:50 --> Session: Class initialized using 'CodeIgniter\Session\Handlers\FileHandler' driver.
DEBUG - 2026-07-31 10:42:13 --> Session: Class initialized using 'CodeIgniter\Session\Handlers\FileHandler' driver.
DEBUG - 2026-07-31 10:58:07 --> Session: Class initialized using 'CodeIgniter\Session\Handlers\FileHandler' driver.
DEBUG - 2026-07-31 11:00:46 --> Session: Class initialized using 'CodeIgniter\Session\Handlers\FileHandler' driver.
DEBUG - 2026-07-31 11:02:17 --> Session: Class initialized using 'CodeIgniter\Session\Handlers\FileHandler' driver.
DEBUG - 2026-07-31 11:02:28 --> Session: Class initialized using 'CodeIgniter\Session\Handlers\FileHandler' driver.
WARNING - 2026-07-31 11:02:28 --> [DEPRECATED] number_format(): Passing null to parameter #1 ($num) of type float is deprecated in APPPATH\Views\product\productAdd.php on line 106.
 1 APPPATH\Views\product\productAdd.php(106): number_format(null, 2)
 2 SYSTEMPATH\View\View.php(226): include('C:\\laragon\\www\\pharmacy-project\\app\\Views\\product\\productAdd.php')
 3 SYSTEMPATH\View\View.php(229): CodeIgniter\View\View->CodeIgniter\View\{closure}()
 4 SYSTEMPATH\Common.php(1167): CodeIgniter\View\View->render('product/productAdd', [], true)
 5 APPPATH\Controllers\ProductController.php(49): view('product/productAdd', [...])
 6 SYSTEMPATH\CodeIgniter.php(933): App\Controllers\ProductController->index()
 7 SYSTEMPATH\CodeIgniter.php(507): CodeIgniter\CodeIgniter->runController(Object(App\Controllers\ProductController))
 8 SYSTEMPATH\CodeIgniter.php(354): CodeIgniter\CodeIgniter->handleRequest(null, Object(Config\Cache), false)
 9 SYSTEMPATH\Boot.php(363): CodeIgniter\CodeIgniter->run()
10 SYSTEMPATH\Boot.php(68): CodeIgniter\Boot::runCodeIgniter(Object(CodeIgniter\CodeIgniter))
11 FCPATH\index.php(59): CodeIgniter\Boot::bootWeb(Object(Config\Paths))
WARNING - 2026-07-31 11:02:28 --> [DEPRECATED] number_format(): Passing null to parameter #1 ($num) of type float is deprecated in APPPATH\Views\product\productAdd.php on line 106.
 1 APPPATH\Views\product\productAdd.php(106): number_format(null, 2)
 2 SYSTEMPATH\View\View.php(226): include('C:\\laragon\\www\\pharmacy-project\\app\\Views\\product\\productAdd.php')
 3 SYSTEMPATH\View\View.php(229): CodeIgniter\View\View->CodeIgniter\View\{closure}()
 4 SYSTEMPATH\Common.php(1167): CodeIgniter\View\View->render('product/productAdd', [], true)
 5 APPPATH\Controllers\ProductController.php(49): view('product/productAdd', [...])
 6 SYSTEMPATH\CodeIgniter.php(933): App\Controllers\ProductController->index()
 7 SYSTEMPATH\CodeIgniter.php(507): CodeIgniter\CodeIgniter->runController(Object(App\Controllers\ProductController))
 8 SYSTEMPATH\CodeIgniter.php(354): CodeIgniter\CodeIgniter->handleRequest(null, Object(Config\Cache), false)
 9 SYSTEMPATH\Boot.php(363): CodeIgniter\CodeIgniter->run()
10 SYSTEMPATH\Boot.php(68): CodeIgniter\Boot::runCodeIgniter(Object(CodeIgniter\CodeIgniter))
11 FCPATH\index.php(59): CodeIgniter\Boot::bootWeb(Object(Config\Paths))
WARNING - 2026-07-31 11:02:28 --> [DEPRECATED] number_format(): Passing null to parameter #1 ($num) of type float is deprecated in APPPATH\Views\product\productAdd.php on line 106.
 1 APPPATH\Views\product\productAdd.php(106): number_format(null, 2)
 2 SYSTEMPATH\View\View.php(226): include('C:\\laragon\\www\\pharmacy-project\\app\\Views\\product\\productAdd.php')
 3 SYSTEMPATH\View\View.php(229): CodeIgniter\View\View->CodeIgniter\View\{closure}()
 4 SYSTEMPATH\Common.php(1167): CodeIgniter\View\View->render('product/productAdd', [], true)
 5 APPPATH\Controllers\ProductController.php(49): view('product/productAdd', [...])
 6 SYSTEMPATH\CodeIgniter.php(933): App\Controllers\ProductController->index()
 7 SYSTEMPATH\CodeIgniter.php(507): CodeIgniter\CodeIgniter->runController(Object(App\Controllers\ProductController))
 8 SYSTEMPATH\CodeIgniter.php(354): CodeIgniter\CodeIgniter->handleRequest(null, Object(Config\Cache), false)
 9 SYSTEMPATH\Boot.php(363): CodeIgniter\CodeIgniter->run()
10 SYSTEMPATH\Boot.php(68): CodeIgniter\Boot::runCodeIgniter(Object(CodeIgniter\CodeIgniter))
11 FCPATH\index.php(59): CodeIgniter\Boot::bootWeb(Object(Config\Paths))
WARNING - 2026-07-31 11:02:28 --> [DEPRECATED] number_format(): Passing null to parameter #1 ($num) of type float is deprecated in APPPATH\Views\product\productAdd.php on line 106.
 1 APPPATH\Views\product\productAdd.php(106): number_format(null, 2)
 2 SYSTEMPATH\View\View.php(226): include('C:\\laragon\\www\\pharmacy-project\\app\\Views\\product\\productAdd.php')
 3 SYSTEMPATH\View\View.php(229): CodeIgniter\View\View->CodeIgniter\View\{closure}()
 4 SYSTEMPATH\Common.php(1167): CodeIgniter\View\View->render('product/productAdd', [], true)
 5 APPPATH\Controllers\ProductController.php(49): view('product/productAdd', [...])
 6 SYSTEMPATH\CodeIgniter.php(933): App\Controllers\ProductController->index()
 7 SYSTEMPATH\CodeIgniter.php(507): CodeIgniter\CodeIgniter->runController(Object(App\Controllers\ProductController))
 8 SYSTEMPATH\CodeIgniter.php(354): CodeIgniter\CodeIgniter->handleRequest(null, Object(Config\Cache), false)
 9 SYSTEMPATH\Boot.php(363): CodeIgniter\CodeIgniter->run()
10 SYSTEMPATH\Boot.php(68): CodeIgniter\Boot::runCodeIgniter(Object(CodeIgniter\CodeIgniter))
11 FCPATH\index.php(59): CodeIgniter\Boot::bootWeb(Object(Config\Paths))
WARNING - 2026-07-31 11:02:28 --> [DEPRECATED] number_format(): Passing null to parameter #1 ($num) of type float is deprecated in APPPATH\Views\product\productAdd.php on line 106.
 1 APPPATH\Views\product\productAdd.php(106): number_format(null, 2)
 2 SYSTEMPATH\View\View.php(226): include('C:\\laragon\\www\\pharmacy-project\\app\\Views\\product\\productAdd.php')
 3 SYSTEMPATH\View\View.php(229): CodeIgniter\View\View->CodeIgniter\View\{closure}()
 4 SYSTEMPATH\Common.php(1167): CodeIgniter\View\View->render('product/productAdd', [], true)
 5 APPPATH\Controllers\ProductController.php(49): view('product/productAdd', [...])
 6 SYSTEMPATH\CodeIgniter.php(933): App\Controllers\ProductController->index()
 7 SYSTEMPATH\CodeIgniter.php(507): CodeIgniter\CodeIgniter->runController(Object(App\Controllers\ProductController))
 8 SYSTEMPATH\CodeIgniter.php(354): CodeIgniter\CodeIgniter->handleRequest(null, Object(Config\Cache), false)
 9 SYSTEMPATH\Boot.php(363): CodeIgniter\CodeIgniter->run()
10 SYSTEMPATH\Boot.php(68): CodeIgniter\Boot::runCodeIgniter(Object(CodeIgniter\CodeIgniter))
11 FCPATH\index.php(59): CodeIgniter\Boot::bootWeb(Object(Config\Paths))
DEBUG - 2026-07-31 11:40:19 --> Session: Class initialized using 'CodeIgniter\Session\Handlers\FileHandler' driver.
ERROR - 2026-07-31 11:40:19 --> mysqli_sql_exception: Unknown column 'pr.tax_type' in 'field list' in C:\laragon\www\pharmacy-project\system\Database\MySQLi\Connection.php:327
Stack trace:
#0 C:\laragon\www\pharmacy-project\system\Database\MySQLi\Connection.php(327): mysqli->query('SELECT `pr`.`pr...', 0)
#1 C:\laragon\www\pharmacy-project\system\Database\BaseConnection.php(729): CodeIgniter\Database\MySQLi\Connection->execute('SELECT `pr`.`pr...')
#2 C:\laragon\www\pharmacy-project\system\Database\BaseConnection.php(646): CodeIgniter\Database\BaseConnection->simpleQuery('SELECT `pr`.`pr...')
#3 C:\laragon\www\pharmacy-project\system\Database\BaseBuilder.php(1649): CodeIgniter\Database\BaseConnection->query('SELECT `pr`.`pr...', Array, false)
#4 C:\laragon\www\pharmacy-project\app\Models\ProductModel.php(241): CodeIgniter\Database\BaseBuilder->get()
#5 C:\laragon\www\pharmacy-project\app\Controllers\ProductController.php(46): App\Models\ProductModel->getProductList()
#6 C:\laragon\www\pharmacy-project\system\CodeIgniter.php(933): App\Controllers\ProductController->index()
#7 C:\laragon\www\pharmacy-project\system\CodeIgniter.php(507): CodeIgniter\CodeIgniter->runController(Object(App\Controllers\ProductController))
#8 C:\laragon\www\pharmacy-project\system\CodeIgniter.php(354): CodeIgniter\CodeIgniter->handleRequest(NULL, Object(Config\Cache), false)
#9 C:\laragon\www\pharmacy-project\system\Boot.php(363): CodeIgniter\CodeIgniter->run()
#10 C:\laragon\www\pharmacy-project\system\Boot.php(68): CodeIgniter\Boot::runCodeIgniter(Object(CodeIgniter\CodeIgniter))
#11 C:\laragon\www\pharmacy-project\index.php(59): CodeIgniter\Boot::bootWeb(Object(Config\Paths))
#12 {main}
CRITICAL - 2026-07-31 11:40:19 --> CodeIgniter\Database\Exceptions\DatabaseException: Unknown column 'pr.tax_type' in 'field list'
[Method: GET, Route: products]
in SYSTEMPATH\Database\BaseConnection.php on line 684.
 1 SYSTEMPATH\Database\BaseBuilder.php(1649): CodeIgniter\Database\BaseConnection->query('SELECT `pr`.`product_id`, `pr`.`product_name`, `pr`.`product_category`, `pr`.`product_brand`, `pr`.`product_group`, `pr`.`product_strength`, `pr`.`product_unit`, `pr`.`sku`, `pr`.`barcode`, `pr`.`cost_without_vat`, `pr`.`tax_type`, `pr`.`tax_id`, `pr`.`tax_amount`, `pr`.`purchase_price`, `pr`.`profit_margin_percent`, `pr`.`selling_price`, `pr`.`alert_quantity`, `pr`.`product_image`, `pr`.`status`, `pc`.`category_name`, `pg`.`group_name`, `pb`.`product_brand_name`, `pu`.`product_unit_name`, `ps`.`strength_name`, `tx`.`tax_name`, `tx`.`tax_percentage`, COALESCE(SUM(os.quantity), 0) AS opening_stock
FROM `products` `pr`
LEFT JOIN `product_category` `pc` ON `pc`.`product_category_id` = `pr`.`product_category`
LEFT JOIN `product_group` `pg` ON `pg`.`product_group_id` = `pr`.`product_group`
LEFT JOIN `product_brand` `pb` ON `pb`.`brand_id` = `pr`.`product_brand`
LEFT JOIN `product_unit` `pu` ON `pu`.`product_unit_id` = `pr`.`product_unit`
LEFT JOIN `product_strength` `ps` ON `ps`.`strength_id` = `pr`.`product_strength`
LEFT JOIN `tax` `tx` ON `tx`.`tax_id` = `pr`.`tax_id`
LEFT JOIN `product_opening_stock` `os` ON `os`.`product_id` = `pr`.`product_id`
WHERE `pr`.`status` = :pr.status:
GROUP BY `pr`.`product_id`
ORDER BY `pr`.`product_name` ASC', [...], false)
 2 APPPATH\Models\ProductModel.php(241): CodeIgniter\Database\BaseBuilder->get()
 3 APPPATH\Controllers\ProductController.php(46): App\Models\ProductModel->getProductList()
 4 SYSTEMPATH\CodeIgniter.php(933): App\Controllers\ProductController->index()
 5 SYSTEMPATH\CodeIgniter.php(507): CodeIgniter\CodeIgniter->runController(Object(App\Controllers\ProductController))
 6 SYSTEMPATH\CodeIgniter.php(354): CodeIgniter\CodeIgniter->handleRequest(null, Object(Config\Cache), false)
 7 SYSTEMPATH\Boot.php(363): CodeIgniter\CodeIgniter->run()
 8 SYSTEMPATH\Boot.php(68): CodeIgniter\Boot::runCodeIgniter(Object(CodeIgniter\CodeIgniter))
 9 FCPATH\index.php(59): CodeIgniter\Boot::bootWeb(Object(Config\Paths))
CRITICAL - 2026-07-31 11:40:19 --> [Caused by] CodeIgniter\Database\Exceptions\DatabaseException: Unknown column 'pr.tax_type' in 'field list'
in SYSTEMPATH\Database\MySQLi\Connection.php on line 332.
 1 SYSTEMPATH\Database\BaseConnection.php(729): CodeIgniter\Database\MySQLi\Connection->execute('SELECT `pr`.`product_id`, `pr`.`product_name`, `pr`.`product_category`, `pr`.`product_brand`, `pr`.`product_group`, `pr`.`product_strength`, `pr`.`product_unit`, `pr`.`sku`, `pr`.`barcode`, `pr`.`cost_without_vat`, `pr`.`tax_type`, `pr`.`tax_id`, `pr`.`tax_amount`, `pr`.`purchase_price`, `pr`.`profit_margin_percent`, `pr`.`selling_price`, `pr`.`alert_quantity`, `pr`.`product_image`, `pr`.`status`, `pc`.`category_name`, `pg`.`group_name`, `pb`.`product_brand_name`, `pu`.`product_unit_name`, `ps`.`strength_name`, `tx`.`tax_name`, `tx`.`tax_percentage`, COALESCE(SUM(os.quantity), 0) AS opening_stock
FROM `products` `pr`
LEFT JOIN `product_category` `pc` ON `pc`.`product_category_id` = `pr`.`product_category`
LEFT JOIN `product_group` `pg` ON `pg`.`product_group_id` = `pr`.`product_group`
LEFT JOIN `product_brand` `pb` ON `pb`.`brand_id` = `pr`.`product_brand`
LEFT JOIN `product_unit` `pu` ON `pu`.`product_unit_id` = `pr`.`product_unit`
LEFT JOIN `product_strength` `ps` ON `ps`.`strength_id` = `pr`.`product_strength`
LEFT JOIN `tax` `tx` ON `tx`.`tax_id` = `pr`.`tax_id`
LEFT JOIN `product_opening_stock` `os` ON `os`.`product_id` = `pr`.`product_id`
WHERE `pr`.`status` = \'active\'
GROUP BY `pr`.`product_id`
ORDER BY `pr`.`product_name` ASC')
 2 SYSTEMPATH\Database\BaseConnection.php(646): CodeIgniter\Database\BaseConnection->simpleQuery('SELECT `pr`.`product_id`, `pr`.`product_name`, `pr`.`product_category`, `pr`.`product_brand`, `pr`.`product_group`, `pr`.`product_strength`, `pr`.`product_unit`, `pr`.`sku`, `pr`.`barcode`, `pr`.`cost_without_vat`, `pr`.`tax_type`, `pr`.`tax_id`, `pr`.`tax_amount`, `pr`.`purchase_price`, `pr`.`profit_margin_percent`, `pr`.`selling_price`, `pr`.`alert_quantity`, `pr`.`product_image`, `pr`.`status`, `pc`.`category_name`, `pg`.`group_name`, `pb`.`product_brand_name`, `pu`.`product_unit_name`, `ps`.`strength_name`, `tx`.`tax_name`, `tx`.`tax_percentage`, COALESCE(SUM(os.quantity), 0) AS opening_stock
FROM `products` `pr`
LEFT JOIN `product_category` `pc` ON `pc`.`product_category_id` = `pr`.`product_category`
LEFT JOIN `product_group` `pg` ON `pg`.`product_group_id` = `pr`.`product_group`
LEFT JOIN `product_brand` `pb` ON `pb`.`brand_id` = `pr`.`product_brand`
LEFT JOIN `product_unit` `pu` ON `pu`.`product_unit_id` = `pr`.`product_unit`
LEFT JOIN `product_strength` `ps` ON `ps`.`strength_id` = `pr`.`product_strength`
LEFT JOIN `tax` `tx` ON `tx`.`tax_id` = `pr`.`tax_id`
LEFT JOIN `product_opening_stock` `os` ON `os`.`product_id` = `pr`.`product_id`
WHERE `pr`.`status` = \'active\'
GROUP BY `pr`.`product_id`
ORDER BY `pr`.`product_name` ASC')
 3 SYSTEMPATH\Database\BaseBuilder.php(1649): CodeIgniter\Database\BaseConnection->query('SELECT `pr`.`product_id`, `pr`.`product_name`, `pr`.`product_category`, `pr`.`product_brand`, `pr`.`product_group`, `pr`.`product_strength`, `pr`.`product_unit`, `pr`.`sku`, `pr`.`barcode`, `pr`.`cost_without_vat`, `pr`.`tax_type`, `pr`.`tax_id`, `pr`.`tax_amount`, `pr`.`purchase_price`, `pr`.`profit_margin_percent`, `pr`.`selling_price`, `pr`.`alert_quantity`, `pr`.`product_image`, `pr`.`status`, `pc`.`category_name`, `pg`.`group_name`, `pb`.`product_brand_name`, `pu`.`product_unit_name`, `ps`.`strength_name`, `tx`.`tax_name`, `tx`.`tax_percentage`, COALESCE(SUM(os.quantity), 0) AS opening_stock
FROM `products` `pr`
LEFT JOIN `product_category` `pc` ON `pc`.`product_category_id` = `pr`.`product_category`
LEFT JOIN `product_group` `pg` ON `pg`.`product_group_id` = `pr`.`product_group`
LEFT JOIN `product_brand` `pb` ON `pb`.`brand_id` = `pr`.`product_brand`
LEFT JOIN `product_unit` `pu` ON `pu`.`product_unit_id` = `pr`.`product_unit`
LEFT JOIN `product_strength` `ps` ON `ps`.`strength_id` = `pr`.`product_strength`
LEFT JOIN `tax` `tx` ON `tx`.`tax_id` = `pr`.`tax_id`
LEFT JOIN `product_opening_stock` `os` ON `os`.`product_id` = `pr`.`product_id`
WHERE `pr`.`status` = :pr.status:
GROUP BY `pr`.`product_id`
ORDER BY `pr`.`product_name` ASC', [...], false)
 4 APPPATH\Models\ProductModel.php(241): CodeIgniter\Database\BaseBuilder->get()
 5 APPPATH\Controllers\ProductController.php(46): App\Models\ProductModel->getProductList()
 6 SYSTEMPATH\CodeIgniter.php(933): App\Controllers\ProductController->index()
 7 SYSTEMPATH\CodeIgniter.php(507): CodeIgniter\CodeIgniter->runController(Object(App\Controllers\ProductController))
 8 SYSTEMPATH\CodeIgniter.php(354): CodeIgniter\CodeIgniter->handleRequest(null, Object(Config\Cache), false)
 9 SYSTEMPATH\Boot.php(363): CodeIgniter\CodeIgniter->run()
10 SYSTEMPATH\Boot.php(68): CodeIgniter\Boot::runCodeIgniter(Object(CodeIgniter\CodeIgniter))
11 FCPATH\index.php(59): CodeIgniter\Boot::bootWeb(Object(Config\Paths))
CRITICAL - 2026-07-31 11:40:19 --> [Caused by] mysqli_sql_exception: Unknown column 'pr.tax_type' in 'field list'
in SYSTEMPATH\Database\MySQLi\Connection.php on line 327.
 1 SYSTEMPATH\Database\MySQLi\Connection.php(327): mysqli->query('SELECT `pr`.`product_id`, `pr`.`product_name`, `pr`.`product_category`, `pr`.`product_brand`, `pr`.`product_group`, `pr`.`product_strength`, `pr`.`product_unit`, `pr`.`sku`, `pr`.`barcode`, `pr`.`cost_without_vat`, `pr`.`tax_type`, `pr`.`tax_id`, `pr`.`tax_amount`, `pr`.`purchase_price`, `pr`.`profit_margin_percent`, `pr`.`selling_price`, `pr`.`alert_quantity`, `pr`.`product_image`, `pr`.`status`, `pc`.`category_name`, `pg`.`group_name`, `pb`.`product_brand_name`, `pu`.`product_unit_name`, `ps`.`strength_name`, `tx`.`tax_name`, `tx`.`tax_percentage`, COALESCE(SUM(os.quantity), 0) AS opening_stock
FROM `products` `pr`
LEFT JOIN `product_category` `pc` ON `pc`.`product_category_id` = `pr`.`product_category`
LEFT JOIN `product_group` `pg` ON `pg`.`product_group_id` = `pr`.`product_group`
LEFT JOIN `product_brand` `pb` ON `pb`.`brand_id` = `pr`.`product_brand`
LEFT JOIN `product_unit` `pu` ON `pu`.`product_unit_id` = `pr`.`product_unit`
LEFT JOIN `product_strength` `ps` ON `ps`.`strength_id` = `pr`.`product_strength`
LEFT JOIN `tax` `tx` ON `tx`.`tax_id` = `pr`.`tax_id`
LEFT JOIN `product_opening_stock` `os` ON `os`.`product_id` = `pr`.`product_id`
WHERE `pr`.`status` = \'active\'
GROUP BY `pr`.`product_id`
ORDER BY `pr`.`product_name` ASC', 0)
 2 SYSTEMPATH\Database\BaseConnection.php(729): CodeIgniter\Database\MySQLi\Connection->execute('SELECT `pr`.`product_id`, `pr`.`product_name`, `pr`.`product_category`, `pr`.`product_brand`, `pr`.`product_group`, `pr`.`product_strength`, `pr`.`product_unit`, `pr`.`sku`, `pr`.`barcode`, `pr`.`cost_without_vat`, `pr`.`tax_type`, `pr`.`tax_id`, `pr`.`tax_amount`, `pr`.`purchase_price`, `pr`.`profit_margin_percent`, `pr`.`selling_price`, `pr`.`alert_quantity`, `pr`.`product_image`, `pr`.`status`, `pc`.`category_name`, `pg`.`group_name`, `pb`.`product_brand_name`, `pu`.`product_unit_name`, `ps`.`strength_name`, `tx`.`tax_name`, `tx`.`tax_percentage`, COALESCE(SUM(os.quantity), 0) AS opening_stock
FROM `products` `pr`
LEFT JOIN `product_category` `pc` ON `pc`.`product_category_id` = `pr`.`product_category`
LEFT JOIN `product_group` `pg` ON `pg`.`product_group_id` = `pr`.`product_group`
LEFT JOIN `product_brand` `pb` ON `pb`.`brand_id` = `pr`.`product_brand`
LEFT JOIN `product_unit` `pu` ON `pu`.`product_unit_id` = `pr`.`product_unit`
LEFT JOIN `product_strength` `ps` ON `ps`.`strength_id` = `pr`.`product_strength`
LEFT JOIN `tax` `tx` ON `tx`.`tax_id` = `pr`.`tax_id`
LEFT JOIN `product_opening_stock` `os` ON `os`.`product_id` = `pr`.`product_id`
WHERE `pr`.`status` = \'active\'
GROUP BY `pr`.`product_id`
ORDER BY `pr`.`product_name` ASC')
 3 SYSTEMPATH\Database\BaseConnection.php(646): CodeIgniter\Database\BaseConnection->simpleQuery('SELECT `pr`.`product_id`, `pr`.`product_name`, `pr`.`product_category`, `pr`.`product_brand`, `pr`.`product_group`, `pr`.`product_strength`, `pr`.`product_unit`, `pr`.`sku`, `pr`.`barcode`, `pr`.`cost_without_vat`, `pr`.`tax_type`, `pr`.`tax_id`, `pr`.`tax_amount`, `pr`.`purchase_price`, `pr`.`profit_margin_percent`, `pr`.`selling_price`, `pr`.`alert_quantity`, `pr`.`product_image`, `pr`.`status`, `pc`.`category_name`, `pg`.`group_name`, `pb`.`product_brand_name`, `pu`.`product_unit_name`, `ps`.`strength_name`, `tx`.`tax_name`, `tx`.`tax_percentage`, COALESCE(SUM(os.quantity), 0) AS opening_stock
FROM `products` `pr`
LEFT JOIN `product_category` `pc` ON `pc`.`product_category_id` = `pr`.`product_category`
LEFT JOIN `product_group` `pg` ON `pg`.`product_group_id` = `pr`.`product_group`
LEFT JOIN `product_brand` `pb` ON `pb`.`brand_id` = `pr`.`product_brand`
LEFT JOIN `product_unit` `pu` ON `pu`.`product_unit_id` = `pr`.`product_unit`
LEFT JOIN `product_strength` `ps` ON `ps`.`strength_id` = `pr`.`product_strength`
LEFT JOIN `tax` `tx` ON `tx`.`tax_id` = `pr`.`tax_id`
LEFT JOIN `product_opening_stock` `os` ON `os`.`product_id` = `pr`.`product_id`
WHERE `pr`.`status` = \'active\'
GROUP BY `pr`.`product_id`
ORDER BY `pr`.`product_name` ASC')
 4 SYSTEMPATH\Database\BaseBuilder.php(1649): CodeIgniter\Database\BaseConnection->query('SELECT `pr`.`product_id`, `pr`.`product_name`, `pr`.`product_category`, `pr`.`product_brand`, `pr`.`product_group`, `pr`.`product_strength`, `pr`.`product_unit`, `pr`.`sku`, `pr`.`barcode`, `pr`.`cost_without_vat`, `pr`.`tax_type`, `pr`.`tax_id`, `pr`.`tax_amount`, `pr`.`purchase_price`, `pr`.`profit_margin_percent`, `pr`.`selling_price`, `pr`.`alert_quantity`, `pr`.`product_image`, `pr`.`status`, `pc`.`category_name`, `pg`.`group_name`, `pb`.`product_brand_name`, `pu`.`product_unit_name`, `ps`.`strength_name`, `tx`.`tax_name`, `tx`.`tax_percentage`, COALESCE(SUM(os.quantity), 0) AS opening_stock
FROM `products` `pr`
LEFT JOIN `product_category` `pc` ON `pc`.`product_category_id` = `pr`.`product_category`
LEFT JOIN `product_group` `pg` ON `pg`.`product_group_id` = `pr`.`product_group`
LEFT JOIN `product_brand` `pb` ON `pb`.`brand_id` = `pr`.`product_brand`
LEFT JOIN `product_unit` `pu` ON `pu`.`product_unit_id` = `pr`.`product_unit`
LEFT JOIN `product_strength` `ps` ON `ps`.`strength_id` = `pr`.`product_strength`
LEFT JOIN `tax` `tx` ON `tx`.`tax_id` = `pr`.`tax_id`
LEFT JOIN `product_opening_stock` `os` ON `os`.`product_id` = `pr`.`product_id`
WHERE `pr`.`status` = :pr.status:
GROUP BY `pr`.`product_id`
ORDER BY `pr`.`product_name` ASC', [...], false)
 5 APPPATH\Models\ProductModel.php(241): CodeIgniter\Database\BaseBuilder->get()
 6 APPPATH\Controllers\ProductController.php(46): App\Models\ProductModel->getProductList()
 7 SYSTEMPATH\CodeIgniter.php(933): App\Controllers\ProductController->index()
 8 SYSTEMPATH\CodeIgniter.php(507): CodeIgniter\CodeIgniter->runController(Object(App\Controllers\ProductController))
 9 SYSTEMPATH\CodeIgniter.php(354): CodeIgniter\CodeIgniter->handleRequest(null, Object(Config\Cache), false)
10 SYSTEMPATH\Boot.php(363): CodeIgniter\CodeIgniter->run()
11 SYSTEMPATH\Boot.php(68): CodeIgniter\Boot::runCodeIgniter(Object(CodeIgniter\CodeIgniter))
12 FCPATH\index.php(59): CodeIgniter\Boot::bootWeb(Object(Config\Paths))
DEBUG - 2026-07-31 11:40:24 --> Session: Class initialized using 'CodeIgniter\Session\Handlers\FileHandler' driver.
DEBUG - 2026-07-31 12:06:32 --> Session: Class initialized using 'CodeIgniter\Session\Handlers\FileHandler' driver.
DEBUG - 2026-07-31 12:08:09 --> Session: Class initialized using 'CodeIgniter\Session\Handlers\FileHandler' driver.
DEBUG - 2026-07-31 12:10:13 --> Session: Class initialized using 'CodeIgniter\Session\Handlers\FileHandler' driver.
DEBUG - 2026-07-31 12:12:48 --> Session: Class initialized using 'CodeIgniter\Session\Handlers\FileHandler' driver.
DEBUG - 2026-07-31 12:15:13 --> Session: Class initialized using 'CodeIgniter\Session\Handlers\FileHandler' driver.
DEBUG - 2026-07-31 12:18:59 --> Session: Class initialized using 'CodeIgniter\Session\Handlers\FileHandler' driver.
DEBUG - 2026-07-31 16:34:14 --> Session: Class initialized using 'CodeIgniter\Session\Handlers\FileHandler' driver.
DEBUG - 2026-07-31 16:34:19 --> Session: Class initialized using 'CodeIgniter\Session\Handlers\FileHandler' driver.
