DEBUG - 2026-07-30 06:00:21 --> Session: Class initialized using 'CodeIgniter\Session\Handlers\FileHandler' driver.
DEBUG - 2026-07-30 06:00:24 --> Session: Class initialized using 'CodeIgniter\Session\Handlers\FileHandler' driver.
DEBUG - 2026-07-30 06:00:24 --> Session: Class initialized using 'CodeIgniter\Session\Handlers\FileHandler' driver.
DEBUG - 2026-07-30 06:00:28 --> Session: Class initialized using 'CodeIgniter\Session\Handlers\FileHandler' driver.
ERROR - 2026-07-30 06:00:28 --> mysqli_sql_exception: Unknown column 'sales_details.sales_details_invoice' in 'on clause' in C:\laragon\www\pharmacy-project\system\Database\MySQLi\Connection.php:327
Stack trace:
#0 C:\laragon\www\pharmacy-project\system\Database\MySQLi\Connection.php(327): mysqli->query('SELECT\r\n       ...', 0)
#1 C:\laragon\www\pharmacy-project\system\Database\BaseConnection.php(729): CodeIgniter\Database\MySQLi\Connection->execute('SELECT\r\n       ...')
#2 C:\laragon\www\pharmacy-project\system\Database\BaseConnection.php(646): CodeIgniter\Database\BaseConnection->simpleQuery('SELECT\r\n       ...')
#3 C:\laragon\www\pharmacy-project\app\Controllers\PosController.php(65): CodeIgniter\Database\BaseConnection->query('SELECT\r\n       ...')
#4 C:\laragon\www\pharmacy-project\system\CodeIgniter.php(933): App\Controllers\PosController->index()
#5 C:\laragon\www\pharmacy-project\system\CodeIgniter.php(507): CodeIgniter\CodeIgniter->runController(Object(App\Controllers\PosController))
#6 C:\laragon\www\pharmacy-project\system\CodeIgniter.php(354): CodeIgniter\CodeIgniter->handleRequest(NULL, Object(Config\Cache), false)
#7 C:\laragon\www\pharmacy-project\system\Boot.php(363): CodeIgniter\CodeIgniter->run()
#8 C:\laragon\www\pharmacy-project\system\Boot.php(68): CodeIgniter\Boot::runCodeIgniter(Object(CodeIgniter\CodeIgniter))
#9 C:\laragon\www\pharmacy-project\index.php(59): CodeIgniter\Boot::bootWeb(Object(Config\Paths))
#10 {main}
CRITICAL - 2026-07-30 06:00:28 --> CodeIgniter\Database\Exceptions\DatabaseException: Unknown column 'sales_details.sales_details_invoice' in 'on clause'
[Method: GET, Route: pos]
in SYSTEMPATH\Database\BaseConnection.php on line 684.
 1 APPPATH\Controllers\PosController.php(65): CodeIgniter\Database\BaseConnection->query('SELECT
                        sales.sales_id,
                        sales.sales_invoice,
                        sales.sales_date,
                        sales.other_charge_on_all,
                        SUM(sales_details.product_quantity_sold) AS Sale_Quantity,
                        SUM(sales_details.total_sale_price) AS Total_Sale_Value,
                        SUM(sales_details.unit_price) AS Unite_Price
                    FROM sales
                    LEFT JOIN sales_details
                        ON sales.sales_invoice = sales_details.sales_details_invoice
                    GROUP BY sales.sales_id, sales.sales_invoice, sales.sales_date, sales.other_charge_on_all
                    ORDER BY sales_id DESC
                    LIMIT 5')
 2 SYSTEMPATH\CodeIgniter.php(933): App\Controllers\PosController->index()
 3 SYSTEMPATH\CodeIgniter.php(507): CodeIgniter\CodeIgniter->runController(Object(App\Controllers\PosController))
 4 SYSTEMPATH\CodeIgniter.php(354): CodeIgniter\CodeIgniter->handleRequest(null, Object(Config\Cache), false)
 5 SYSTEMPATH\Boot.php(363): CodeIgniter\CodeIgniter->run()
 6 SYSTEMPATH\Boot.php(68): CodeIgniter\Boot::runCodeIgniter(Object(CodeIgniter\CodeIgniter))
 7 FCPATH\index.php(59): CodeIgniter\Boot::bootWeb(Object(Config\Paths))
CRITICAL - 2026-07-30 06:00:28 --> [Caused by] CodeIgniter\Database\Exceptions\DatabaseException: Unknown column 'sales_details.sales_details_invoice' in 'on clause'
in SYSTEMPATH\Database\MySQLi\Connection.php on line 332.
 1 SYSTEMPATH\Database\BaseConnection.php(729): CodeIgniter\Database\MySQLi\Connection->execute('SELECT
                        sales.sales_id,
                        sales.sales_invoice,
                        sales.sales_date,
                        sales.other_charge_on_all,
                        SUM(sales_details.product_quantity_sold) AS Sale_Quantity,
                        SUM(sales_details.total_sale_price) AS Total_Sale_Value,
                        SUM(sales_details.unit_price) AS Unite_Price
                    FROM sales
                    LEFT JOIN sales_details
                        ON sales.sales_invoice = sales_details.sales_details_invoice
                    GROUP BY sales.sales_id, sales.sales_invoice, sales.sales_date, sales.other_charge_on_all
                    ORDER BY sales_id DESC
                    LIMIT 5')
 2 SYSTEMPATH\Database\BaseConnection.php(646): CodeIgniter\Database\BaseConnection->simpleQuery('SELECT
                        sales.sales_id,
                        sales.sales_invoice,
                        sales.sales_date,
                        sales.other_charge_on_all,
                        SUM(sales_details.product_quantity_sold) AS Sale_Quantity,
                        SUM(sales_details.total_sale_price) AS Total_Sale_Value,
                        SUM(sales_details.unit_price) AS Unite_Price
                    FROM sales
                    LEFT JOIN sales_details
                        ON sales.sales_invoice = sales_details.sales_details_invoice
                    GROUP BY sales.sales_id, sales.sales_invoice, sales.sales_date, sales.other_charge_on_all
                    ORDER BY sales_id DESC
                    LIMIT 5')
 3 APPPATH\Controllers\PosController.php(65): CodeIgniter\Database\BaseConnection->query('SELECT
                        sales.sales_id,
                        sales.sales_invoice,
                        sales.sales_date,
                        sales.other_charge_on_all,
                        SUM(sales_details.product_quantity_sold) AS Sale_Quantity,
                        SUM(sales_details.total_sale_price) AS Total_Sale_Value,
                        SUM(sales_details.unit_price) AS Unite_Price
                    FROM sales
                    LEFT JOIN sales_details
                        ON sales.sales_invoice = sales_details.sales_details_invoice
                    GROUP BY sales.sales_id, sales.sales_invoice, sales.sales_date, sales.other_charge_on_all
                    ORDER BY sales_id DESC
                    LIMIT 5')
 4 SYSTEMPATH\CodeIgniter.php(933): App\Controllers\PosController->index()
 5 SYSTEMPATH\CodeIgniter.php(507): CodeIgniter\CodeIgniter->runController(Object(App\Controllers\PosController))
 6 SYSTEMPATH\CodeIgniter.php(354): CodeIgniter\CodeIgniter->handleRequest(null, Object(Config\Cache), false)
 7 SYSTEMPATH\Boot.php(363): CodeIgniter\CodeIgniter->run()
 8 SYSTEMPATH\Boot.php(68): CodeIgniter\Boot::runCodeIgniter(Object(CodeIgniter\CodeIgniter))
 9 FCPATH\index.php(59): CodeIgniter\Boot::bootWeb(Object(Config\Paths))
CRITICAL - 2026-07-30 06:00:28 --> [Caused by] mysqli_sql_exception: Unknown column 'sales_details.sales_details_invoice' in 'on clause'
in SYSTEMPATH\Database\MySQLi\Connection.php on line 327.
 1 SYSTEMPATH\Database\MySQLi\Connection.php(327): mysqli->query('SELECT
                        sales.sales_id,
                        sales.sales_invoice,
                        sales.sales_date,
                        sales.other_charge_on_all,
                        SUM(sales_details.product_quantity_sold) AS Sale_Quantity,
                        SUM(sales_details.total_sale_price) AS Total_Sale_Value,
                        SUM(sales_details.unit_price) AS Unite_Price
                    FROM sales
                    LEFT JOIN sales_details
                        ON sales.sales_invoice = sales_details.sales_details_invoice
                    GROUP BY sales.sales_id, sales.sales_invoice, sales.sales_date, sales.other_charge_on_all
                    ORDER BY sales_id DESC
                    LIMIT 5', 0)
 2 SYSTEMPATH\Database\BaseConnection.php(729): CodeIgniter\Database\MySQLi\Connection->execute('SELECT
                        sales.sales_id,
                        sales.sales_invoice,
                        sales.sales_date,
                        sales.other_charge_on_all,
                        SUM(sales_details.product_quantity_sold) AS Sale_Quantity,
                        SUM(sales_details.total_sale_price) AS Total_Sale_Value,
                        SUM(sales_details.unit_price) AS Unite_Price
                    FROM sales
                    LEFT JOIN sales_details
                        ON sales.sales_invoice = sales_details.sales_details_invoice
                    GROUP BY sales.sales_id, sales.sales_invoice, sales.sales_date, sales.other_charge_on_all
                    ORDER BY sales_id DESC
                    LIMIT 5')
 3 SYSTEMPATH\Database\BaseConnection.php(646): CodeIgniter\Database\BaseConnection->simpleQuery('SELECT
                        sales.sales_id,
                        sales.sales_invoice,
                        sales.sales_date,
                        sales.other_charge_on_all,
                        SUM(sales_details.product_quantity_sold) AS Sale_Quantity,
                        SUM(sales_details.total_sale_price) AS Total_Sale_Value,
                        SUM(sales_details.unit_price) AS Unite_Price
                    FROM sales
                    LEFT JOIN sales_details
                        ON sales.sales_invoice = sales_details.sales_details_invoice
                    GROUP BY sales.sales_id, sales.sales_invoice, sales.sales_date, sales.other_charge_on_all
                    ORDER BY sales_id DESC
                    LIMIT 5')
 4 APPPATH\Controllers\PosController.php(65): CodeIgniter\Database\BaseConnection->query('SELECT
                        sales.sales_id,
                        sales.sales_invoice,
                        sales.sales_date,
                        sales.other_charge_on_all,
                        SUM(sales_details.product_quantity_sold) AS Sale_Quantity,
                        SUM(sales_details.total_sale_price) AS Total_Sale_Value,
                        SUM(sales_details.unit_price) AS Unite_Price
                    FROM sales
                    LEFT JOIN sales_details
                        ON sales.sales_invoice = sales_details.sales_details_invoice
                    GROUP BY sales.sales_id, sales.sales_invoice, sales.sales_date, sales.other_charge_on_all
                    ORDER BY sales_id DESC
                    LIMIT 5')
 5 SYSTEMPATH\CodeIgniter.php(933): App\Controllers\PosController->index()
 6 SYSTEMPATH\CodeIgniter.php(507): CodeIgniter\CodeIgniter->runController(Object(App\Controllers\PosController))
 7 SYSTEMPATH\CodeIgniter.php(354): CodeIgniter\CodeIgniter->handleRequest(null, Object(Config\Cache), false)
 8 SYSTEMPATH\Boot.php(363): CodeIgniter\CodeIgniter->run()
 9 SYSTEMPATH\Boot.php(68): CodeIgniter\Boot::runCodeIgniter(Object(CodeIgniter\CodeIgniter))
10 FCPATH\index.php(59): CodeIgniter\Boot::bootWeb(Object(Config\Paths))
DEBUG - 2026-07-30 06:02:06 --> Session: Class initialized using 'CodeIgniter\Session\Handlers\FileHandler' driver.
DEBUG - 2026-07-30 06:02:09 --> Session: Class initialized using 'CodeIgniter\Session\Handlers\FileHandler' driver.
DEBUG - 2026-07-30 06:02:47 --> Session: Class initialized using 'CodeIgniter\Session\Handlers\FileHandler' driver.
DEBUG - 2026-07-30 06:02:47 --> Session: Class initialized using 'CodeIgniter\Session\Handlers\FileHandler' driver.
ERROR - 2026-07-30 06:02:47 --> mysqli_sql_exception: Unknown column 'sd.sales_details_invoice' in 'where clause' in C:\laragon\www\pharmacy-project\system\Database\MySQLi\Connection.php:327
Stack trace:
#0 C:\laragon\www\pharmacy-project\system\Database\MySQLi\Connection.php(327): mysqli->query('SELECT `sd`.*, ...', 0)
#1 C:\laragon\www\pharmacy-project\system\Database\BaseConnection.php(729): CodeIgniter\Database\MySQLi\Connection->execute('SELECT `sd`.*, ...')
#2 C:\laragon\www\pharmacy-project\system\Database\BaseConnection.php(646): CodeIgniter\Database\BaseConnection->simpleQuery('SELECT `sd`.*, ...')
#3 C:\laragon\www\pharmacy-project\system\Database\BaseBuilder.php(1649): CodeIgniter\Database\BaseConnection->query('SELECT `sd`.*, ...', Array, false)
#4 C:\laragon\www\pharmacy-project\app\Controllers\PdfController.php(126): CodeIgniter\Database\BaseBuilder->get()
#5 C:\laragon\www\pharmacy-project\system\CodeIgniter.php(933): App\Controllers\PdfController->invoice('825')
#6 C:\laragon\www\pharmacy-project\system\CodeIgniter.php(507): CodeIgniter\CodeIgniter->runController(Object(App\Controllers\PdfController))
#7 C:\laragon\www\pharmacy-project\system\CodeIgniter.php(354): CodeIgniter\CodeIgniter->handleRequest(NULL, Object(Config\Cache), false)
#8 C:\laragon\www\pharmacy-project\system\Boot.php(363): CodeIgniter\CodeIgniter->run()
#9 C:\laragon\www\pharmacy-project\system\Boot.php(68): CodeIgniter\Boot::runCodeIgniter(Object(CodeIgniter\CodeIgniter))
#10 C:\laragon\www\pharmacy-project\index.php(59): CodeIgniter\Boot::bootWeb(Object(Config\Paths))
#11 {main}
CRITICAL - 2026-07-30 06:02:47 --> CodeIgniter\Database\Exceptions\DatabaseException: Unknown column 'sd.sales_details_invoice' in 'where clause'
[Method: GET, Route: invoice/825]
in SYSTEMPATH\Database\BaseConnection.php on line 684.
 1 SYSTEMPATH\Database\BaseBuilder.php(1649): CodeIgniter\Database\BaseConnection->query('SELECT `sd`.*, `pis`.`product_name`
FROM `sales_details` `sd`
JOIN `product_inital_stock` `pis` ON `pis`.`product_id` = `sd`.`product_id`
WHERE `sd`.`sales_details_invoice` = :sd.sales_details_invoice:', [...], false)
 2 APPPATH\Controllers\PdfController.php(126): CodeIgniter\Database\BaseBuilder->get()
 3 SYSTEMPATH\CodeIgniter.php(933): App\Controllers\PdfController->invoice('825')
 4 SYSTEMPATH\CodeIgniter.php(507): CodeIgniter\CodeIgniter->runController(Object(App\Controllers\PdfController))
 5 SYSTEMPATH\CodeIgniter.php(354): CodeIgniter\CodeIgniter->handleRequest(null, Object(Config\Cache), false)
 6 SYSTEMPATH\Boot.php(363): CodeIgniter\CodeIgniter->run()
 7 SYSTEMPATH\Boot.php(68): CodeIgniter\Boot::runCodeIgniter(Object(CodeIgniter\CodeIgniter))
 8 FCPATH\index.php(59): CodeIgniter\Boot::bootWeb(Object(Config\Paths))
CRITICAL - 2026-07-30 06:02:47 --> [Caused by] CodeIgniter\Database\Exceptions\DatabaseException: Unknown column 'sd.sales_details_invoice' in 'where clause'
in SYSTEMPATH\Database\MySQLi\Connection.php on line 332.
 1 SYSTEMPATH\Database\BaseConnection.php(729): CodeIgniter\Database\MySQLi\Connection->execute('SELECT `sd`.*, `pis`.`product_name`
FROM `sales_details` `sd`
JOIN `product_inital_stock` `pis` ON `pis`.`product_id` = `sd`.`product_id`
WHERE `sd`.`sales_details_invoice` = \'INV26211FF47A\'')
 2 SYSTEMPATH\Database\BaseConnection.php(646): CodeIgniter\Database\BaseConnection->simpleQuery('SELECT `sd`.*, `pis`.`product_name`
FROM `sales_details` `sd`
JOIN `product_inital_stock` `pis` ON `pis`.`product_id` = `sd`.`product_id`
WHERE `sd`.`sales_details_invoice` = \'INV26211FF47A\'')
 3 SYSTEMPATH\Database\BaseBuilder.php(1649): CodeIgniter\Database\BaseConnection->query('SELECT `sd`.*, `pis`.`product_name`
FROM `sales_details` `sd`
JOIN `product_inital_stock` `pis` ON `pis`.`product_id` = `sd`.`product_id`
WHERE `sd`.`sales_details_invoice` = :sd.sales_details_invoice:', [...], false)
 4 APPPATH\Controllers\PdfController.php(126): CodeIgniter\Database\BaseBuilder->get()
 5 SYSTEMPATH\CodeIgniter.php(933): App\Controllers\PdfController->invoice('825')
 6 SYSTEMPATH\CodeIgniter.php(507): CodeIgniter\CodeIgniter->runController(Object(App\Controllers\PdfController))
 7 SYSTEMPATH\CodeIgniter.php(354): CodeIgniter\CodeIgniter->handleRequest(null, Object(Config\Cache), false)
 8 SYSTEMPATH\Boot.php(363): CodeIgniter\CodeIgniter->run()
 9 SYSTEMPATH\Boot.php(68): CodeIgniter\Boot::runCodeIgniter(Object(CodeIgniter\CodeIgniter))
10 FCPATH\index.php(59): CodeIgniter\Boot::bootWeb(Object(Config\Paths))
CRITICAL - 2026-07-30 06:02:47 --> [Caused by] mysqli_sql_exception: Unknown column 'sd.sales_details_invoice' in 'where clause'
in SYSTEMPATH\Database\MySQLi\Connection.php on line 327.
 1 SYSTEMPATH\Database\MySQLi\Connection.php(327): mysqli->query('SELECT `sd`.*, `pis`.`product_name`
FROM `sales_details` `sd`
JOIN `product_inital_stock` `pis` ON `pis`.`product_id` = `sd`.`product_id`
WHERE `sd`.`sales_details_invoice` = \'INV26211FF47A\'', 0)
 2 SYSTEMPATH\Database\BaseConnection.php(729): CodeIgniter\Database\MySQLi\Connection->execute('SELECT `sd`.*, `pis`.`product_name`
FROM `sales_details` `sd`
JOIN `product_inital_stock` `pis` ON `pis`.`product_id` = `sd`.`product_id`
WHERE `sd`.`sales_details_invoice` = \'INV26211FF47A\'')
 3 SYSTEMPATH\Database\BaseConnection.php(646): CodeIgniter\Database\BaseConnection->simpleQuery('SELECT `sd`.*, `pis`.`product_name`
FROM `sales_details` `sd`
JOIN `product_inital_stock` `pis` ON `pis`.`product_id` = `sd`.`product_id`
WHERE `sd`.`sales_details_invoice` = \'INV26211FF47A\'')
 4 SYSTEMPATH\Database\BaseBuilder.php(1649): CodeIgniter\Database\BaseConnection->query('SELECT `sd`.*, `pis`.`product_name`
FROM `sales_details` `sd`
JOIN `product_inital_stock` `pis` ON `pis`.`product_id` = `sd`.`product_id`
WHERE `sd`.`sales_details_invoice` = :sd.sales_details_invoice:', [...], false)
 5 APPPATH\Controllers\PdfController.php(126): CodeIgniter\Database\BaseBuilder->get()
 6 SYSTEMPATH\CodeIgniter.php(933): App\Controllers\PdfController->invoice('825')
 7 SYSTEMPATH\CodeIgniter.php(507): CodeIgniter\CodeIgniter->runController(Object(App\Controllers\PdfController))
 8 SYSTEMPATH\CodeIgniter.php(354): CodeIgniter\CodeIgniter->handleRequest(null, Object(Config\Cache), false)
 9 SYSTEMPATH\Boot.php(363): CodeIgniter\CodeIgniter->run()
10 SYSTEMPATH\Boot.php(68): CodeIgniter\Boot::runCodeIgniter(Object(CodeIgniter\CodeIgniter))
11 FCPATH\index.php(59): CodeIgniter\Boot::bootWeb(Object(Config\Paths))
DEBUG - 2026-07-30 06:02:47 --> Session: Class initialized using 'CodeIgniter\Session\Handlers\FileHandler' driver.
DEBUG - 2026-07-30 06:06:38 --> Session: Class initialized using 'CodeIgniter\Session\Handlers\FileHandler' driver.
CRITICAL - 2026-07-30 06:06:38 --> ErrorException: Undefined array key "due_amount"
[Method: GET, Route: invoice/825]
in APPPATH\Views\report\sales-invoice_pos.php on line 182.
 1 APPPATH\Views\report\sales-invoice_pos.php(182): CodeIgniter\Debug\Exceptions->errorHandler(2, 'Undefined array key "due_amount"', 'C:\\laragon\\www\\pharmacy-project\\app\\Views\\report\\sales-invoice_pos.php', 182)
 2 SYSTEMPATH\View\View.php(226): include('C:\\laragon\\www\\pharmacy-project\\app\\Views\\report\\sales-invoice_pos.php')
 3 SYSTEMPATH\View\View.php(229): CodeIgniter\View\View->CodeIgniter\View\{closure}()
 4 SYSTEMPATH\Common.php(1167): CodeIgniter\View\View->render('report/sales-invoice_pos', [], true)
 5 APPPATH\Controllers\PdfController.php(174): view('report/sales-invoice_pos', [...])
 6 SYSTEMPATH\CodeIgniter.php(933): App\Controllers\PdfController->invoice('825')
 7 SYSTEMPATH\CodeIgniter.php(507): CodeIgniter\CodeIgniter->runController(Object(App\Controllers\PdfController))
 8 SYSTEMPATH\CodeIgniter.php(354): CodeIgniter\CodeIgniter->handleRequest(null, Object(Config\Cache), false)
 9 SYSTEMPATH\Boot.php(363): CodeIgniter\CodeIgniter->run()
10 SYSTEMPATH\Boot.php(68): CodeIgniter\Boot::runCodeIgniter(Object(CodeIgniter\CodeIgniter))
11 FCPATH\index.php(59): CodeIgniter\Boot::bootWeb(Object(Config\Paths))
DEBUG - 2026-07-30 06:08:07 --> Session: Class initialized using 'CodeIgniter\Session\Handlers\FileHandler' driver.
CRITICAL - 2026-07-30 06:08:07 --> ErrorException: Undefined array key "due_amount"
[Method: GET, Route: invoice/825]
in APPPATH\Views\report\sales-invoice_pos.php on line 253.
 1 APPPATH\Views\report\sales-invoice_pos.php(253): CodeIgniter\Debug\Exceptions->errorHandler(2, 'Undefined array key "due_amount"', 'C:\\laragon\\www\\pharmacy-project\\app\\Views\\report\\sales-invoice_pos.php', 253)
 2 SYSTEMPATH\View\View.php(226): include('C:\\laragon\\www\\pharmacy-project\\app\\Views\\report\\sales-invoice_pos.php')
 3 SYSTEMPATH\View\View.php(229): CodeIgniter\View\View->CodeIgniter\View\{closure}()
 4 SYSTEMPATH\Common.php(1167): CodeIgniter\View\View->render('report/sales-invoice_pos', [], true)
 5 APPPATH\Controllers\PdfController.php(174): view('report/sales-invoice_pos', [...])
 6 SYSTEMPATH\CodeIgniter.php(933): App\Controllers\PdfController->invoice('825')
 7 SYSTEMPATH\CodeIgniter.php(507): CodeIgniter\CodeIgniter->runController(Object(App\Controllers\PdfController))
 8 SYSTEMPATH\CodeIgniter.php(354): CodeIgniter\CodeIgniter->handleRequest(null, Object(Config\Cache), false)
 9 SYSTEMPATH\Boot.php(363): CodeIgniter\CodeIgniter->run()
10 SYSTEMPATH\Boot.php(68): CodeIgniter\Boot::runCodeIgniter(Object(CodeIgniter\CodeIgniter))
11 FCPATH\index.php(59): CodeIgniter\Boot::bootWeb(Object(Config\Paths))
DEBUG - 2026-07-30 06:11:23 --> Session: Class initialized using 'CodeIgniter\Session\Handlers\FileHandler' driver.
DEBUG - 2026-07-30 06:45:26 --> Session: Class initialized using 'CodeIgniter\Session\Handlers\FileHandler' driver.
DEBUG - 2026-07-30 06:45:38 --> Session: Class initialized using 'CodeIgniter\Session\Handlers\FileHandler' driver.
DEBUG - 2026-07-30 06:45:39 --> Session: Class initialized using 'CodeIgniter\Session\Handlers\FileHandler' driver.
DEBUG - 2026-07-30 06:45:39 --> Session: Class initialized using 'CodeIgniter\Session\Handlers\FileHandler' driver.
DEBUG - 2026-07-30 06:46:06 --> Session: Class initialized using 'CodeIgniter\Session\Handlers\FileHandler' driver.
DEBUG - 2026-07-30 06:46:10 --> Session: Class initialized using 'CodeIgniter\Session\Handlers\FileHandler' driver.
DEBUG - 2026-07-30 06:46:12 --> Session: Class initialized using 'CodeIgniter\Session\Handlers\FileHandler' driver.
DEBUG - 2026-07-30 06:46:19 --> Session: Class initialized using 'CodeIgniter\Session\Handlers\FileHandler' driver.
DEBUG - 2026-07-30 06:46:20 --> Session: Class initialized using 'CodeIgniter\Session\Handlers\FileHandler' driver.
DEBUG - 2026-07-30 07:59:52 --> Session: Class initialized using 'CodeIgniter\Session\Handlers\FileHandler' driver.
DEBUG - 2026-07-30 08:00:19 --> Session: Class initialized using 'CodeIgniter\Session\Handlers\FileHandler' driver.
DEBUG - 2026-07-30 08:01:07 --> Session: Class initialized using 'CodeIgniter\Session\Handlers\FileHandler' driver.
DEBUG - 2026-07-30 08:01:07 --> Session: Class initialized using 'CodeIgniter\Session\Handlers\FileHandler' driver.
DEBUG - 2026-07-30 08:01:07 --> Session: Class initialized using 'CodeIgniter\Session\Handlers\FileHandler' driver.
DEBUG - 2026-07-30 08:06:13 --> Session: Class initialized using 'CodeIgniter\Session\Handlers\FileHandler' driver.
DEBUG - 2026-07-30 08:06:32 --> Session: Class initialized using 'CodeIgniter\Session\Handlers\FileHandler' driver.
DEBUG - 2026-07-30 08:06:32 --> Session: Class initialized using 'CodeIgniter\Session\Handlers\FileHandler' driver.
DEBUG - 2026-07-30 08:06:32 --> Session: Class initialized using 'CodeIgniter\Session\Handlers\FileHandler' driver.
DEBUG - 2026-07-30 08:13:52 --> Session: Class initialized using 'CodeIgniter\Session\Handlers\FileHandler' driver.
DEBUG - 2026-07-30 08:14:21 --> Session: Class initialized using 'CodeIgniter\Session\Handlers\FileHandler' driver.
DEBUG - 2026-07-30 08:14:21 --> Session: Class initialized using 'CodeIgniter\Session\Handlers\FileHandler' driver.
DEBUG - 2026-07-30 08:14:21 --> Session: Class initialized using 'CodeIgniter\Session\Handlers\FileHandler' driver.
DEBUG - 2026-07-30 08:16:16 --> Session: Class initialized using 'CodeIgniter\Session\Handlers\FileHandler' driver.
DEBUG - 2026-07-30 08:16:33 --> Session: Class initialized using 'CodeIgniter\Session\Handlers\FileHandler' driver.
DEBUG - 2026-07-30 08:16:33 --> Session: Class initialized using 'CodeIgniter\Session\Handlers\FileHandler' driver.
DEBUG - 2026-07-30 08:16:33 --> Session: Class initialized using 'CodeIgniter\Session\Handlers\FileHandler' driver.
DEBUG - 2026-07-30 08:16:52 --> Session: Class initialized using 'CodeIgniter\Session\Handlers\FileHandler' driver.
DEBUG - 2026-07-30 08:17:25 --> Session: Class initialized using 'CodeIgniter\Session\Handlers\FileHandler' driver.
DEBUG - 2026-07-30 08:17:25 --> Session: Class initialized using 'CodeIgniter\Session\Handlers\FileHandler' driver.
DEBUG - 2026-07-30 08:17:25 --> Session: Class initialized using 'CodeIgniter\Session\Handlers\FileHandler' driver.
DEBUG - 2026-07-30 08:19:28 --> Session: Class initialized using 'CodeIgniter\Session\Handlers\FileHandler' driver.
DEBUG - 2026-07-30 08:23:31 --> Session: Class initialized using 'CodeIgniter\Session\Handlers\FileHandler' driver.
DEBUG - 2026-07-30 08:23:31 --> Session: Class initialized using 'CodeIgniter\Session\Handlers\FileHandler' driver.
DEBUG - 2026-07-30 08:23:32 --> Session: Class initialized using 'CodeIgniter\Session\Handlers\FileHandler' driver.
DEBUG - 2026-07-30 08:23:32 --> Session: Class initialized using 'CodeIgniter\Session\Handlers\FileHandler' driver.
DEBUG - 2026-07-30 08:23:32 --> Session: Class initialized using 'CodeIgniter\Session\Handlers\FileHandler' driver.
DEBUG - 2026-07-30 08:23:32 --> Session: Class initialized using 'CodeIgniter\Session\Handlers\FileHandler' driver.
DEBUG - 2026-07-30 08:23:32 --> Session: Class initialized using 'CodeIgniter\Session\Handlers\FileHandler' driver.
DEBUG - 2026-07-30 08:23:32 --> Session: Class initialized using 'CodeIgniter\Session\Handlers\FileHandler' driver.
DEBUG - 2026-07-30 08:23:32 --> Session: Class initialized using 'CodeIgniter\Session\Handlers\FileHandler' driver.
DEBUG - 2026-07-30 08:23:32 --> Session: Class initialized using 'CodeIgniter\Session\Handlers\FileHandler' driver.
DEBUG - 2026-07-30 08:23:32 --> Session: Class initialized using 'CodeIgniter\Session\Handlers\FileHandler' driver.
DEBUG - 2026-07-30 08:23:32 --> Session: Class initialized using 'CodeIgniter\Session\Handlers\FileHandler' driver.
DEBUG - 2026-07-30 08:23:32 --> Session: Class initialized using 'CodeIgniter\Session\Handlers\FileHandler' driver.
DEBUG - 2026-07-30 08:24:04 --> Session: Class initialized using 'CodeIgniter\Session\Handlers\FileHandler' driver.
DEBUG - 2026-07-30 08:24:05 --> Session: Class initialized using 'CodeIgniter\Session\Handlers\FileHandler' driver.
DEBUG - 2026-07-30 08:24:05 --> Session: Class initialized using 'CodeIgniter\Session\Handlers\FileHandler' driver.
DEBUG - 2026-07-30 08:28:23 --> Session: Class initialized using 'CodeIgniter\Session\Handlers\FileHandler' driver.
DEBUG - 2026-07-30 08:28:45 --> Session: Class initialized using 'CodeIgniter\Session\Handlers\FileHandler' driver.
DEBUG - 2026-07-30 08:28:46 --> Session: Class initialized using 'CodeIgniter\Session\Handlers\FileHandler' driver.
DEBUG - 2026-07-30 08:28:46 --> Session: Class initialized using 'CodeIgniter\Session\Handlers\FileHandler' driver.
DEBUG - 2026-07-30 08:34:00 --> Session: Class initialized using 'CodeIgniter\Session\Handlers\FileHandler' driver.
DEBUG - 2026-07-30 08:34:01 --> Session: Class initialized using 'CodeIgniter\Session\Handlers\FileHandler' driver.
DEBUG - 2026-07-30 08:34:46 --> Session: Class initialized using 'CodeIgniter\Session\Handlers\FileHandler' driver.
DEBUG - 2026-07-30 08:34:46 --> Session: Class initialized using 'CodeIgniter\Session\Handlers\FileHandler' driver.
DEBUG - 2026-07-30 08:34:46 --> Session: Class initialized using 'CodeIgniter\Session\Handlers\FileHandler' driver.
DEBUG - 2026-07-30 08:41:16 --> Session: Class initialized using 'CodeIgniter\Session\Handlers\FileHandler' driver.
ERROR - 2026-07-30 08:41:16 --> mysqli_sql_exception: Unknown column 's.total_amount' in 'field list' in C:\laragon\www\pharmacy-project\system\Database\MySQLi\Connection.php:327
Stack trace:
#0 C:\laragon\www\pharmacy-project\system\Database\MySQLi\Connection.php(327): mysqli->query('SELECT s.sales_...', 0)
#1 C:\laragon\www\pharmacy-project\system\Database\BaseConnection.php(729): CodeIgniter\Database\MySQLi\Connection->execute('SELECT s.sales_...')
#2 C:\laragon\www\pharmacy-project\system\Database\BaseConnection.php(646): CodeIgniter\Database\BaseConnection->simpleQuery('SELECT s.sales_...')
#3 C:\laragon\www\pharmacy-project\system\Database\BaseBuilder.php(1649): CodeIgniter\Database\BaseConnection->query('SELECT s.sales_...', Array, false)
#4 C:\laragon\www\pharmacy-project\app\Models\ProductSaleModel.php(62): CodeIgniter\Database\BaseBuilder->get()
#5 C:\laragon\www\pharmacy-project\app\Controllers\SaleListController.php(18): App\Models\ProductSaleModel->getSaleList()
#6 C:\laragon\www\pharmacy-project\system\CodeIgniter.php(933): App\Controllers\SaleListController->index()
#7 C:\laragon\www\pharmacy-project\system\CodeIgniter.php(507): CodeIgniter\CodeIgniter->runController(Object(App\Controllers\SaleListController))
#8 C:\laragon\www\pharmacy-project\system\CodeIgniter.php(354): CodeIgniter\CodeIgniter->handleRequest(NULL, Object(Config\Cache), false)
#9 C:\laragon\www\pharmacy-project\system\Boot.php(363): CodeIgniter\CodeIgniter->run()
#10 C:\laragon\www\pharmacy-project\system\Boot.php(68): CodeIgniter\Boot::runCodeIgniter(Object(CodeIgniter\CodeIgniter))
#11 C:\laragon\www\pharmacy-project\index.php(59): CodeIgniter\Boot::bootWeb(Object(Config\Paths))
#12 {main}
CRITICAL - 2026-07-30 08:41:16 --> CodeIgniter\Database\Exceptions\DatabaseException: Unknown column 's.total_amount' in 'field list'
[Method: GET, Route: salelist]
in SYSTEMPATH\Database\BaseConnection.php on line 684.
 1 SYSTEMPATH\Database\BaseBuilder.php(1649): CodeIgniter\Database\BaseConnection->query('SELECT s.sales_id,
                                        s.sales_invoice,
                                        s.sales_date,
                                        s.total_amount,
                                        s.product_discount,
                                        s.product_vat,
                                        s.other_charge_on_all,
                                        s.paid_amount,
                                        s.due_amount,

                                        c.customer_name,

                                        u.user_name AS seller_name,

                                        CASE
                                            WHEN s.due_amount <= 0 THEN \'Fully Paid\'
                                            WHEN s.paid_amount <= 0 THEN \'Unpaid\'
                                            ELSE \'Partially Paid\'
                                        END AS payment_status
FROM `sales` `s`
LEFT JOIN `customer` `c` ON `c`.`customer_id` = `s`.`customer_id`
LEFT JOIN `user` `u` ON `u`.`user_id` = `s`.`seller_id`
ORDER BY `s`.`sales_date` DESC, `s`.`sales_id` DESC', [], false)
 2 APPPATH\Models\ProductSaleModel.php(62): CodeIgniter\Database\BaseBuilder->get()
 3 APPPATH\Controllers\SaleListController.php(18): App\Models\ProductSaleModel->getSaleList()
 4 SYSTEMPATH\CodeIgniter.php(933): App\Controllers\SaleListController->index()
 5 SYSTEMPATH\CodeIgniter.php(507): CodeIgniter\CodeIgniter->runController(Object(App\Controllers\SaleListController))
 6 SYSTEMPATH\CodeIgniter.php(354): CodeIgniter\CodeIgniter->handleRequest(null, Object(Config\Cache), false)
 7 SYSTEMPATH\Boot.php(363): CodeIgniter\CodeIgniter->run()
 8 SYSTEMPATH\Boot.php(68): CodeIgniter\Boot::runCodeIgniter(Object(CodeIgniter\CodeIgniter))
 9 FCPATH\index.php(59): CodeIgniter\Boot::bootWeb(Object(Config\Paths))
CRITICAL - 2026-07-30 08:41:16 --> [Caused by] CodeIgniter\Database\Exceptions\DatabaseException: Unknown column 's.total_amount' in 'field list'
in SYSTEMPATH\Database\MySQLi\Connection.php on line 332.
 1 SYSTEMPATH\Database\BaseConnection.php(729): CodeIgniter\Database\MySQLi\Connection->execute('SELECT s.sales_id,
                                        s.sales_invoice,
                                        s.sales_date,
                                        s.total_amount,
                                        s.product_discount,
                                        s.product_vat,
                                        s.other_charge_on_all,
                                        s.paid_amount,
                                        s.due_amount,

                                        c.customer_name,

                                        u.user_name AS seller_name,

                                        CASE
                                            WHEN s.due_amount <= 0 THEN \'Fully Paid\'
                                            WHEN s.paid_amount <= 0 THEN \'Unpaid\'
                                            ELSE \'Partially Paid\'
                                        END AS payment_status
FROM `sales` `s`
LEFT JOIN `customer` `c` ON `c`.`customer_id` = `s`.`customer_id`
LEFT JOIN `user` `u` ON `u`.`user_id` = `s`.`seller_id`
ORDER BY `s`.`sales_date` DESC, `s`.`sales_id` DESC')
 2 SYSTEMPATH\Database\BaseConnection.php(646): CodeIgniter\Database\BaseConnection->simpleQuery('SELECT s.sales_id,
                                        s.sales_invoice,
                                        s.sales_date,
                                        s.total_amount,
                                        s.product_discount,
                                        s.product_vat,
                                        s.other_charge_on_all,
                                        s.paid_amount,
                                        s.due_amount,

                                        c.customer_name,

                                        u.user_name AS seller_name,

                                        CASE
                                            WHEN s.due_amount <= 0 THEN \'Fully Paid\'
                                            WHEN s.paid_amount <= 0 THEN \'Unpaid\'
                                            ELSE \'Partially Paid\'
                                        END AS payment_status
FROM `sales` `s`
LEFT JOIN `customer` `c` ON `c`.`customer_id` = `s`.`customer_id`
LEFT JOIN `user` `u` ON `u`.`user_id` = `s`.`seller_id`
ORDER BY `s`.`sales_date` DESC, `s`.`sales_id` DESC')
 3 SYSTEMPATH\Database\BaseBuilder.php(1649): CodeIgniter\Database\BaseConnection->query('SELECT s.sales_id,
                                        s.sales_invoice,
                                        s.sales_date,
                                        s.total_amount,
                                        s.product_discount,
                                        s.product_vat,
                                        s.other_charge_on_all,
                                        s.paid_amount,
                                        s.due_amount,

                                        c.customer_name,

                                        u.user_name AS seller_name,

                                        CASE
                                            WHEN s.due_amount <= 0 THEN \'Fully Paid\'
                                            WHEN s.paid_amount <= 0 THEN \'Unpaid\'
                                            ELSE \'Partially Paid\'
                                        END AS payment_status
FROM `sales` `s`
LEFT JOIN `customer` `c` ON `c`.`customer_id` = `s`.`customer_id`
LEFT JOIN `user` `u` ON `u`.`user_id` = `s`.`seller_id`
ORDER BY `s`.`sales_date` DESC, `s`.`sales_id` DESC', [], false)
 4 APPPATH\Models\ProductSaleModel.php(62): CodeIgniter\Database\BaseBuilder->get()
 5 APPPATH\Controllers\SaleListController.php(18): App\Models\ProductSaleModel->getSaleList()
 6 SYSTEMPATH\CodeIgniter.php(933): App\Controllers\SaleListController->index()
 7 SYSTEMPATH\CodeIgniter.php(507): CodeIgniter\CodeIgniter->runController(Object(App\Controllers\SaleListController))
 8 SYSTEMPATH\CodeIgniter.php(354): CodeIgniter\CodeIgniter->handleRequest(null, Object(Config\Cache), false)
 9 SYSTEMPATH\Boot.php(363): CodeIgniter\CodeIgniter->run()
10 SYSTEMPATH\Boot.php(68): CodeIgniter\Boot::runCodeIgniter(Object(CodeIgniter\CodeIgniter))
11 FCPATH\index.php(59): CodeIgniter\Boot::bootWeb(Object(Config\Paths))
CRITICAL - 2026-07-30 08:41:16 --> [Caused by] mysqli_sql_exception: Unknown column 's.total_amount' in 'field list'
in SYSTEMPATH\Database\MySQLi\Connection.php on line 327.
 1 SYSTEMPATH\Database\MySQLi\Connection.php(327): mysqli->query('SELECT s.sales_id,
                                        s.sales_invoice,
                                        s.sales_date,
                                        s.total_amount,
                                        s.product_discount,
                                        s.product_vat,
                                        s.other_charge_on_all,
                                        s.paid_amount,
                                        s.due_amount,

                                        c.customer_name,

                                        u.user_name AS seller_name,

                                        CASE
                                            WHEN s.due_amount <= 0 THEN \'Fully Paid\'
                                            WHEN s.paid_amount <= 0 THEN \'Unpaid\'
                                            ELSE \'Partially Paid\'
                                        END AS payment_status
FROM `sales` `s`
LEFT JOIN `customer` `c` ON `c`.`customer_id` = `s`.`customer_id`
LEFT JOIN `user` `u` ON `u`.`user_id` = `s`.`seller_id`
ORDER BY `s`.`sales_date` DESC, `s`.`sales_id` DESC', 0)
 2 SYSTEMPATH\Database\BaseConnection.php(729): CodeIgniter\Database\MySQLi\Connection->execute('SELECT s.sales_id,
                                        s.sales_invoice,
                                        s.sales_date,
                                        s.total_amount,
                                        s.product_discount,
                                        s.product_vat,
                                        s.other_charge_on_all,
                                        s.paid_amount,
                                        s.due_amount,

                                        c.customer_name,

                                        u.user_name AS seller_name,

                                        CASE
                                            WHEN s.due_amount <= 0 THEN \'Fully Paid\'
                                            WHEN s.paid_amount <= 0 THEN \'Unpaid\'
                                            ELSE \'Partially Paid\'
                                        END AS payment_status
FROM `sales` `s`
LEFT JOIN `customer` `c` ON `c`.`customer_id` = `s`.`customer_id`
LEFT JOIN `user` `u` ON `u`.`user_id` = `s`.`seller_id`
ORDER BY `s`.`sales_date` DESC, `s`.`sales_id` DESC')
 3 SYSTEMPATH\Database\BaseConnection.php(646): CodeIgniter\Database\BaseConnection->simpleQuery('SELECT s.sales_id,
                                        s.sales_invoice,
                                        s.sales_date,
                                        s.total_amount,
                                        s.product_discount,
                                        s.product_vat,
                                        s.other_charge_on_all,
                                        s.paid_amount,
                                        s.due_amount,

                                        c.customer_name,

                                        u.user_name AS seller_name,

                                        CASE
                                            WHEN s.due_amount <= 0 THEN \'Fully Paid\'
                                            WHEN s.paid_amount <= 0 THEN \'Unpaid\'
                                            ELSE \'Partially Paid\'
                                        END AS payment_status
FROM `sales` `s`
LEFT JOIN `customer` `c` ON `c`.`customer_id` = `s`.`customer_id`
LEFT JOIN `user` `u` ON `u`.`user_id` = `s`.`seller_id`
ORDER BY `s`.`sales_date` DESC, `s`.`sales_id` DESC')
 4 SYSTEMPATH\Database\BaseBuilder.php(1649): CodeIgniter\Database\BaseConnection->query('SELECT s.sales_id,
                                        s.sales_invoice,
                                        s.sales_date,
                                        s.total_amount,
                                        s.product_discount,
                                        s.product_vat,
                                        s.other_charge_on_all,
                                        s.paid_amount,
                                        s.due_amount,

                                        c.customer_name,

                                        u.user_name AS seller_name,

                                        CASE
                                            WHEN s.due_amount <= 0 THEN \'Fully Paid\'
                                            WHEN s.paid_amount <= 0 THEN \'Unpaid\'
                                            ELSE \'Partially Paid\'
                                        END AS payment_status
FROM `sales` `s`
LEFT JOIN `customer` `c` ON `c`.`customer_id` = `s`.`customer_id`
LEFT JOIN `user` `u` ON `u`.`user_id` = `s`.`seller_id`
ORDER BY `s`.`sales_date` DESC, `s`.`sales_id` DESC', [], false)
 5 APPPATH\Models\ProductSaleModel.php(62): CodeIgniter\Database\BaseBuilder->get()
 6 APPPATH\Controllers\SaleListController.php(18): App\Models\ProductSaleModel->getSaleList()
 7 SYSTEMPATH\CodeIgniter.php(933): App\Controllers\SaleListController->index()
 8 SYSTEMPATH\CodeIgniter.php(507): CodeIgniter\CodeIgniter->runController(Object(App\Controllers\SaleListController))
 9 SYSTEMPATH\CodeIgniter.php(354): CodeIgniter\CodeIgniter->handleRequest(null, Object(Config\Cache), false)
10 SYSTEMPATH\Boot.php(363): CodeIgniter\CodeIgniter->run()
11 SYSTEMPATH\Boot.php(68): CodeIgniter\Boot::runCodeIgniter(Object(CodeIgniter\CodeIgniter))
12 FCPATH\index.php(59): CodeIgniter\Boot::bootWeb(Object(Config\Paths))
DEBUG - 2026-07-30 09:42:58 --> Session: Class initialized using 'CodeIgniter\Session\Handlers\FileHandler' driver.
ERROR - 2026-07-30 09:42:58 --> mysqli_sql_exception: Unknown column 's.total_amount' in 'field list' in C:\laragon\www\pharmacy-project\system\Database\MySQLi\Connection.php:327
Stack trace:
#0 C:\laragon\www\pharmacy-project\system\Database\MySQLi\Connection.php(327): mysqli->query('SELECT s.sales_...', 0)
#1 C:\laragon\www\pharmacy-project\system\Database\BaseConnection.php(729): CodeIgniter\Database\MySQLi\Connection->execute('SELECT s.sales_...')
#2 C:\laragon\www\pharmacy-project\system\Database\BaseConnection.php(646): CodeIgniter\Database\BaseConnection->simpleQuery('SELECT s.sales_...')
#3 C:\laragon\www\pharmacy-project\system\Database\BaseBuilder.php(1649): CodeIgniter\Database\BaseConnection->query('SELECT s.sales_...', Array, false)
#4 C:\laragon\www\pharmacy-project\app\Models\ProductSaleModel.php(62): CodeIgniter\Database\BaseBuilder->get()
#5 C:\laragon\www\pharmacy-project\app\Controllers\SaleListController.php(18): App\Models\ProductSaleModel->getSaleList()
#6 C:\laragon\www\pharmacy-project\system\CodeIgniter.php(933): App\Controllers\SaleListController->index()
#7 C:\laragon\www\pharmacy-project\system\CodeIgniter.php(507): CodeIgniter\CodeIgniter->runController(Object(App\Controllers\SaleListController))
#8 C:\laragon\www\pharmacy-project\system\CodeIgniter.php(354): CodeIgniter\CodeIgniter->handleRequest(NULL, Object(Config\Cache), false)
#9 C:\laragon\www\pharmacy-project\system\Boot.php(363): CodeIgniter\CodeIgniter->run()
#10 C:\laragon\www\pharmacy-project\system\Boot.php(68): CodeIgniter\Boot::runCodeIgniter(Object(CodeIgniter\CodeIgniter))
#11 C:\laragon\www\pharmacy-project\index.php(59): CodeIgniter\Boot::bootWeb(Object(Config\Paths))
#12 {main}
CRITICAL - 2026-07-30 09:42:58 --> CodeIgniter\Database\Exceptions\DatabaseException: Unknown column 's.total_amount' in 'field list'
[Method: GET, Route: salelist]
in SYSTEMPATH\Database\BaseConnection.php on line 684.
 1 SYSTEMPATH\Database\BaseBuilder.php(1649): CodeIgniter\Database\BaseConnection->query('SELECT s.sales_id,
                                        s.sales_invoice,
                                        s.sales_date,
                                        s.total_amount,
                                        s.product_discount,
                                        s.product_vat,
                                        s.other_charge_on_all,
                                        s.paid_amount,
                                        s.due_amount,

                                        c.customer_name,

                                        u.user_name AS seller_name,

                                        CASE
                                            WHEN s.due_amount <= 0 THEN \'Fully Paid\'
                                            WHEN s.paid_amount <= 0 THEN \'Unpaid\'
                                            ELSE \'Partially Paid\'
                                        END AS payment_status
FROM `sales` `s`
LEFT JOIN `customer` `c` ON `c`.`customer_id` = `s`.`customer_id`
LEFT JOIN `user` `u` ON `u`.`user_id` = `s`.`seller_id`
ORDER BY `s`.`sales_date` DESC, `s`.`sales_id` DESC', [], false)
 2 APPPATH\Models\ProductSaleModel.php(62): CodeIgniter\Database\BaseBuilder->get()
 3 APPPATH\Controllers\SaleListController.php(18): App\Models\ProductSaleModel->getSaleList()
 4 SYSTEMPATH\CodeIgniter.php(933): App\Controllers\SaleListController->index()
 5 SYSTEMPATH\CodeIgniter.php(507): CodeIgniter\CodeIgniter->runController(Object(App\Controllers\SaleListController))
 6 SYSTEMPATH\CodeIgniter.php(354): CodeIgniter\CodeIgniter->handleRequest(null, Object(Config\Cache), false)
 7 SYSTEMPATH\Boot.php(363): CodeIgniter\CodeIgniter->run()
 8 SYSTEMPATH\Boot.php(68): CodeIgniter\Boot::runCodeIgniter(Object(CodeIgniter\CodeIgniter))
 9 FCPATH\index.php(59): CodeIgniter\Boot::bootWeb(Object(Config\Paths))
CRITICAL - 2026-07-30 09:42:58 --> [Caused by] CodeIgniter\Database\Exceptions\DatabaseException: Unknown column 's.total_amount' in 'field list'
in SYSTEMPATH\Database\MySQLi\Connection.php on line 332.
 1 SYSTEMPATH\Database\BaseConnection.php(729): CodeIgniter\Database\MySQLi\Connection->execute('SELECT s.sales_id,
                                        s.sales_invoice,
                                        s.sales_date,
                                        s.total_amount,
                                        s.product_discount,
                                        s.product_vat,
                                        s.other_charge_on_all,
                                        s.paid_amount,
                                        s.due_amount,

                                        c.customer_name,

                                        u.user_name AS seller_name,

                                        CASE
                                            WHEN s.due_amount <= 0 THEN \'Fully Paid\'
                                            WHEN s.paid_amount <= 0 THEN \'Unpaid\'
                                            ELSE \'Partially Paid\'
                                        END AS payment_status
FROM `sales` `s`
LEFT JOIN `customer` `c` ON `c`.`customer_id` = `s`.`customer_id`
LEFT JOIN `user` `u` ON `u`.`user_id` = `s`.`seller_id`
ORDER BY `s`.`sales_date` DESC, `s`.`sales_id` DESC')
 2 SYSTEMPATH\Database\BaseConnection.php(646): CodeIgniter\Database\BaseConnection->simpleQuery('SELECT s.sales_id,
                                        s.sales_invoice,
                                        s.sales_date,
                                        s.total_amount,
                                        s.product_discount,
                                        s.product_vat,
                                        s.other_charge_on_all,
                                        s.paid_amount,
                                        s.due_amount,

                                        c.customer_name,

                                        u.user_name AS seller_name,

                                        CASE
                                            WHEN s.due_amount <= 0 THEN \'Fully Paid\'
                                            WHEN s.paid_amount <= 0 THEN \'Unpaid\'
                                            ELSE \'Partially Paid\'
                                        END AS payment_status
FROM `sales` `s`
LEFT JOIN `customer` `c` ON `c`.`customer_id` = `s`.`customer_id`
LEFT JOIN `user` `u` ON `u`.`user_id` = `s`.`seller_id`
ORDER BY `s`.`sales_date` DESC, `s`.`sales_id` DESC')
 3 SYSTEMPATH\Database\BaseBuilder.php(1649): CodeIgniter\Database\BaseConnection->query('SELECT s.sales_id,
                                        s.sales_invoice,
                                        s.sales_date,
                                        s.total_amount,
                                        s.product_discount,
                                        s.product_vat,
                                        s.other_charge_on_all,
                                        s.paid_amount,
                                        s.due_amount,

                                        c.customer_name,

                                        u.user_name AS seller_name,

                                        CASE
                                            WHEN s.due_amount <= 0 THEN \'Fully Paid\'
                                            WHEN s.paid_amount <= 0 THEN \'Unpaid\'
                                            ELSE \'Partially Paid\'
                                        END AS payment_status
FROM `sales` `s`
LEFT JOIN `customer` `c` ON `c`.`customer_id` = `s`.`customer_id`
LEFT JOIN `user` `u` ON `u`.`user_id` = `s`.`seller_id`
ORDER BY `s`.`sales_date` DESC, `s`.`sales_id` DESC', [], false)
 4 APPPATH\Models\ProductSaleModel.php(62): CodeIgniter\Database\BaseBuilder->get()
 5 APPPATH\Controllers\SaleListController.php(18): App\Models\ProductSaleModel->getSaleList()
 6 SYSTEMPATH\CodeIgniter.php(933): App\Controllers\SaleListController->index()
 7 SYSTEMPATH\CodeIgniter.php(507): CodeIgniter\CodeIgniter->runController(Object(App\Controllers\SaleListController))
 8 SYSTEMPATH\CodeIgniter.php(354): CodeIgniter\CodeIgniter->handleRequest(null, Object(Config\Cache), false)
 9 SYSTEMPATH\Boot.php(363): CodeIgniter\CodeIgniter->run()
10 SYSTEMPATH\Boot.php(68): CodeIgniter\Boot::runCodeIgniter(Object(CodeIgniter\CodeIgniter))
11 FCPATH\index.php(59): CodeIgniter\Boot::bootWeb(Object(Config\Paths))
CRITICAL - 2026-07-30 09:42:58 --> [Caused by] mysqli_sql_exception: Unknown column 's.total_amount' in 'field list'
in SYSTEMPATH\Database\MySQLi\Connection.php on line 327.
 1 SYSTEMPATH\Database\MySQLi\Connection.php(327): mysqli->query('SELECT s.sales_id,
                                        s.sales_invoice,
                                        s.sales_date,
                                        s.total_amount,
                                        s.product_discount,
                                        s.product_vat,
                                        s.other_charge_on_all,
                                        s.paid_amount,
                                        s.due_amount,

                                        c.customer_name,

                                        u.user_name AS seller_name,

                                        CASE
                                            WHEN s.due_amount <= 0 THEN \'Fully Paid\'
                                            WHEN s.paid_amount <= 0 THEN \'Unpaid\'
                                            ELSE \'Partially Paid\'
                                        END AS payment_status
FROM `sales` `s`
LEFT JOIN `customer` `c` ON `c`.`customer_id` = `s`.`customer_id`
LEFT JOIN `user` `u` ON `u`.`user_id` = `s`.`seller_id`
ORDER BY `s`.`sales_date` DESC, `s`.`sales_id` DESC', 0)
 2 SYSTEMPATH\Database\BaseConnection.php(729): CodeIgniter\Database\MySQLi\Connection->execute('SELECT s.sales_id,
                                        s.sales_invoice,
                                        s.sales_date,
                                        s.total_amount,
                                        s.product_discount,
                                        s.product_vat,
                                        s.other_charge_on_all,
                                        s.paid_amount,
                                        s.due_amount,

                                        c.customer_name,

                                        u.user_name AS seller_name,

                                        CASE
                                            WHEN s.due_amount <= 0 THEN \'Fully Paid\'
                                            WHEN s.paid_amount <= 0 THEN \'Unpaid\'
                                            ELSE \'Partially Paid\'
                                        END AS payment_status
FROM `sales` `s`
LEFT JOIN `customer` `c` ON `c`.`customer_id` = `s`.`customer_id`
LEFT JOIN `user` `u` ON `u`.`user_id` = `s`.`seller_id`
ORDER BY `s`.`sales_date` DESC, `s`.`sales_id` DESC')
 3 SYSTEMPATH\Database\BaseConnection.php(646): CodeIgniter\Database\BaseConnection->simpleQuery('SELECT s.sales_id,
                                        s.sales_invoice,
                                        s.sales_date,
                                        s.total_amount,
                                        s.product_discount,
                                        s.product_vat,
                                        s.other_charge_on_all,
                                        s.paid_amount,
                                        s.due_amount,

                                        c.customer_name,

                                        u.user_name AS seller_name,

                                        CASE
                                            WHEN s.due_amount <= 0 THEN \'Fully Paid\'
                                            WHEN s.paid_amount <= 0 THEN \'Unpaid\'
                                            ELSE \'Partially Paid\'
                                        END AS payment_status
FROM `sales` `s`
LEFT JOIN `customer` `c` ON `c`.`customer_id` = `s`.`customer_id`
LEFT JOIN `user` `u` ON `u`.`user_id` = `s`.`seller_id`
ORDER BY `s`.`sales_date` DESC, `s`.`sales_id` DESC')
 4 SYSTEMPATH\Database\BaseBuilder.php(1649): CodeIgniter\Database\BaseConnection->query('SELECT s.sales_id,
                                        s.sales_invoice,
                                        s.sales_date,
                                        s.total_amount,
                                        s.product_discount,
                                        s.product_vat,
                                        s.other_charge_on_all,
                                        s.paid_amount,
                                        s.due_amount,

                                        c.customer_name,

                                        u.user_name AS seller_name,

                                        CASE
                                            WHEN s.due_amount <= 0 THEN \'Fully Paid\'
                                            WHEN s.paid_amount <= 0 THEN \'Unpaid\'
                                            ELSE \'Partially Paid\'
                                        END AS payment_status
FROM `sales` `s`
LEFT JOIN `customer` `c` ON `c`.`customer_id` = `s`.`customer_id`
LEFT JOIN `user` `u` ON `u`.`user_id` = `s`.`seller_id`
ORDER BY `s`.`sales_date` DESC, `s`.`sales_id` DESC', [], false)
 5 APPPATH\Models\ProductSaleModel.php(62): CodeIgniter\Database\BaseBuilder->get()
 6 APPPATH\Controllers\SaleListController.php(18): App\Models\ProductSaleModel->getSaleList()
 7 SYSTEMPATH\CodeIgniter.php(933): App\Controllers\SaleListController->index()
 8 SYSTEMPATH\CodeIgniter.php(507): CodeIgniter\CodeIgniter->runController(Object(App\Controllers\SaleListController))
 9 SYSTEMPATH\CodeIgniter.php(354): CodeIgniter\CodeIgniter->handleRequest(null, Object(Config\Cache), false)
10 SYSTEMPATH\Boot.php(363): CodeIgniter\CodeIgniter->run()
11 SYSTEMPATH\Boot.php(68): CodeIgniter\Boot::runCodeIgniter(Object(CodeIgniter\CodeIgniter))
12 FCPATH\index.php(59): CodeIgniter\Boot::bootWeb(Object(Config\Paths))
DEBUG - 2026-07-30 09:43:00 --> Session: Class initialized using 'CodeIgniter\Session\Handlers\FileHandler' driver.
ERROR - 2026-07-30 09:43:00 --> mysqli_sql_exception: Table 'pharmacy_db.product_inital_stock' doesn't exist in C:\laragon\www\pharmacy-project\system\Database\MySQLi\Connection.php:327
Stack trace:
#0 C:\laragon\www\pharmacy-project\system\Database\MySQLi\Connection.php(327): mysqli->query('SELECT\r\n       ...', 0)
#1 C:\laragon\www\pharmacy-project\system\Database\BaseConnection.php(729): CodeIgniter\Database\MySQLi\Connection->execute('SELECT\r\n       ...')
#2 C:\laragon\www\pharmacy-project\system\Database\BaseConnection.php(646): CodeIgniter\Database\BaseConnection->simpleQuery('SELECT\r\n       ...')
#3 C:\laragon\www\pharmacy-project\app\Models\NewProductAddModel.php(126): CodeIgniter\Database\BaseConnection->query('SELECT\r\n       ...')
#4 C:\laragon\www\pharmacy-project\app\Controllers\PosController.php(43): App\Models\NewProductAddModel->getProducts(NULL)
#5 C:\laragon\www\pharmacy-project\system\CodeIgniter.php(933): App\Controllers\PosController->index()
#6 C:\laragon\www\pharmacy-project\system\CodeIgniter.php(507): CodeIgniter\CodeIgniter->runController(Object(App\Controllers\PosController))
#7 C:\laragon\www\pharmacy-project\system\CodeIgniter.php(354): CodeIgniter\CodeIgniter->handleRequest(NULL, Object(Config\Cache), false)
#8 C:\laragon\www\pharmacy-project\system\Boot.php(363): CodeIgniter\CodeIgniter->run()
#9 C:\laragon\www\pharmacy-project\system\Boot.php(68): CodeIgniter\Boot::runCodeIgniter(Object(CodeIgniter\CodeIgniter))
#10 C:\laragon\www\pharmacy-project\index.php(59): CodeIgniter\Boot::bootWeb(Object(Config\Paths))
#11 {main}
CRITICAL - 2026-07-30 09:43:00 --> CodeIgniter\Database\Exceptions\DatabaseException: Table 'pharmacy_db.product_inital_stock' doesn't exist
[Method: GET, Route: pos]
in SYSTEMPATH\Database\BaseConnection.php on line 684.
 1 APPPATH\Models\NewProductAddModel.php(126): CodeIgniter\Database\BaseConnection->query('SELECT
                    pis.product_id,
                    pis.product_name,
                    pis.product_image,
                    pis.sales_price_for_customer,
                    pis.purchase_price,

                    GREATEST(
                        COALESCE(pis.productinitial_quantity,0)
                        + COALESCE(ppd.total_purchase_qty,0)
                        + COALESCE(rs.total_return,0)
                        + COALESCE(adj.total_stock_in,0)
                        - COALESCE(sd.total_sale,0)
                        - COALESCE(adj.total_stock_out,0)
                    ,0) AS total_stock

                FROM product_inital_stock pis

                LEFT JOIN (
                    SELECT
                        product_id,
                        SUM((IFNULL(quantity_per_pack,0)*IFNULL(box_quantity,0))+IFNULL(free_qty,0)) total_purchase_qty
                    FROM product_purchase_details
                    GROUP BY product_id
                ) ppd
                ON ppd.product_id=pis.product_id

                LEFT JOIN (
                    SELECT
                        product_id,
                        SUM(product_quantity_sold) total_sale
                    FROM sales_details
                    GROUP BY product_id
                ) sd
                ON sd.product_id=pis.product_id

                LEFT JOIN (
                    SELECT
                        product_id,
                        SUM(return_qty) total_return
                    FROM return_sales_details
                    GROUP BY product_id
                ) rs
                ON rs.product_id=pis.product_id

                LEFT JOIN (
                    SELECT
                        sad.product_id,

                        SUM(
                            CASE
                                WHEN sa.adjustment_type=\'stock_in\'
                                THEN sad.adjustment_qty
                                ELSE 0
                            END
                        ) total_stock_in,

                        SUM(
                            CASE
                                WHEN sa.adjustment_type=\'stock_out\'
                                THEN sad.adjustment_qty
                                ELSE 0
                            END
                        ) total_stock_out

                    FROM stock_adjustment_details sad
                    INNER JOIN stock_adjustment sa
                    ON sa.adjustment_id=sad.adjustment_id

                    GROUP BY sad.product_id

                ) adj
                ON adj.product_id=pis.product_id

                ')
 2 APPPATH\Controllers\PosController.php(43): App\Models\NewProductAddModel->getProducts(null)
 3 SYSTEMPATH\CodeIgniter.php(933): App\Controllers\PosController->index()
 4 SYSTEMPATH\CodeIgniter.php(507): CodeIgniter\CodeIgniter->runController(Object(App\Controllers\PosController))
 5 SYSTEMPATH\CodeIgniter.php(354): CodeIgniter\CodeIgniter->handleRequest(null, Object(Config\Cache), false)
 6 SYSTEMPATH\Boot.php(363): CodeIgniter\CodeIgniter->run()
 7 SYSTEMPATH\Boot.php(68): CodeIgniter\Boot::runCodeIgniter(Object(CodeIgniter\CodeIgniter))
 8 FCPATH\index.php(59): CodeIgniter\Boot::bootWeb(Object(Config\Paths))
CRITICAL - 2026-07-30 09:43:00 --> [Caused by] CodeIgniter\Database\Exceptions\DatabaseException: Table 'pharmacy_db.product_inital_stock' doesn't exist
in SYSTEMPATH\Database\MySQLi\Connection.php on line 332.
 1 SYSTEMPATH\Database\BaseConnection.php(729): CodeIgniter\Database\MySQLi\Connection->execute('SELECT
                    pis.product_id,
                    pis.product_name,
                    pis.product_image,
                    pis.sales_price_for_customer,
                    pis.purchase_price,

                    GREATEST(
                        COALESCE(pis.productinitial_quantity,0)
                        + COALESCE(ppd.total_purchase_qty,0)
                        + COALESCE(rs.total_return,0)
                        + COALESCE(adj.total_stock_in,0)
                        - COALESCE(sd.total_sale,0)
                        - COALESCE(adj.total_stock_out,0)
                    ,0) AS total_stock

                FROM product_inital_stock pis

                LEFT JOIN (
                    SELECT
                        product_id,
                        SUM((IFNULL(quantity_per_pack,0)*IFNULL(box_quantity,0))+IFNULL(free_qty,0)) total_purchase_qty
                    FROM product_purchase_details
                    GROUP BY product_id
                ) ppd
                ON ppd.product_id=pis.product_id

                LEFT JOIN (
                    SELECT
                        product_id,
                        SUM(product_quantity_sold) total_sale
                    FROM sales_details
                    GROUP BY product_id
                ) sd
                ON sd.product_id=pis.product_id

                LEFT JOIN (
                    SELECT
                        product_id,
                        SUM(return_qty) total_return
                    FROM return_sales_details
                    GROUP BY product_id
                ) rs
                ON rs.product_id=pis.product_id

                LEFT JOIN (
                    SELECT
                        sad.product_id,

                        SUM(
                            CASE
                                WHEN sa.adjustment_type=\'stock_in\'
                                THEN sad.adjustment_qty
                                ELSE 0
                            END
                        ) total_stock_in,

                        SUM(
                            CASE
                                WHEN sa.adjustment_type=\'stock_out\'
                                THEN sad.adjustment_qty
                                ELSE 0
                            END
                        ) total_stock_out

                    FROM stock_adjustment_details sad
                    INNER JOIN stock_adjustment sa
                    ON sa.adjustment_id=sad.adjustment_id

                    GROUP BY sad.product_id

                ) adj
                ON adj.product_id=pis.product_id

                ')
 2 SYSTEMPATH\Database\BaseConnection.php(646): CodeIgniter\Database\BaseConnection->simpleQuery('SELECT
                    pis.product_id,
                    pis.product_name,
                    pis.product_image,
                    pis.sales_price_for_customer,
                    pis.purchase_price,

                    GREATEST(
                        COALESCE(pis.productinitial_quantity,0)
                        + COALESCE(ppd.total_purchase_qty,0)
                        + COALESCE(rs.total_return,0)
                        + COALESCE(adj.total_stock_in,0)
                        - COALESCE(sd.total_sale,0)
                        - COALESCE(adj.total_stock_out,0)
                    ,0) AS total_stock

                FROM product_inital_stock pis

                LEFT JOIN (
                    SELECT
                        product_id,
                        SUM((IFNULL(quantity_per_pack,0)*IFNULL(box_quantity,0))+IFNULL(free_qty,0)) total_purchase_qty
                    FROM product_purchase_details
                    GROUP BY product_id
                ) ppd
                ON ppd.product_id=pis.product_id

                LEFT JOIN (
                    SELECT
                        product_id,
                        SUM(product_quantity_sold) total_sale
                    FROM sales_details
                    GROUP BY product_id
                ) sd
                ON sd.product_id=pis.product_id

                LEFT JOIN (
                    SELECT
                        product_id,
                        SUM(return_qty) total_return
                    FROM return_sales_details
                    GROUP BY product_id
                ) rs
                ON rs.product_id=pis.product_id

                LEFT JOIN (
                    SELECT
                        sad.product_id,

                        SUM(
                            CASE
                                WHEN sa.adjustment_type=\'stock_in\'
                                THEN sad.adjustment_qty
                                ELSE 0
                            END
                        ) total_stock_in,

                        SUM(
                            CASE
                                WHEN sa.adjustment_type=\'stock_out\'
                                THEN sad.adjustment_qty
                                ELSE 0
                            END
                        ) total_stock_out

                    FROM stock_adjustment_details sad
                    INNER JOIN stock_adjustment sa
                    ON sa.adjustment_id=sad.adjustment_id

                    GROUP BY sad.product_id

                ) adj
                ON adj.product_id=pis.product_id

                ')
 3 APPPATH\Models\NewProductAddModel.php(126): CodeIgniter\Database\BaseConnection->query('SELECT
                    pis.product_id,
                    pis.product_name,
                    pis.product_image,
                    pis.sales_price_for_customer,
                    pis.purchase_price,

                    GREATEST(
                        COALESCE(pis.productinitial_quantity,0)
                        + COALESCE(ppd.total_purchase_qty,0)
                        + COALESCE(rs.total_return,0)
                        + COALESCE(adj.total_stock_in,0)
                        - COALESCE(sd.total_sale,0)
                        - COALESCE(adj.total_stock_out,0)
                    ,0) AS total_stock

                FROM product_inital_stock pis

                LEFT JOIN (
                    SELECT
                        product_id,
                        SUM((IFNULL(quantity_per_pack,0)*IFNULL(box_quantity,0))+IFNULL(free_qty,0)) total_purchase_qty
                    FROM product_purchase_details
                    GROUP BY product_id
                ) ppd
                ON ppd.product_id=pis.product_id

                LEFT JOIN (
                    SELECT
                        product_id,
                        SUM(product_quantity_sold) total_sale
                    FROM sales_details
                    GROUP BY product_id
                ) sd
                ON sd.product_id=pis.product_id

                LEFT JOIN (
                    SELECT
                        product_id,
                        SUM(return_qty) total_return
                    FROM return_sales_details
                    GROUP BY product_id
                ) rs
                ON rs.product_id=pis.product_id

                LEFT JOIN (
                    SELECT
                        sad.product_id,

                        SUM(
                            CASE
                                WHEN sa.adjustment_type=\'stock_in\'
                                THEN sad.adjustment_qty
                                ELSE 0
                            END
                        ) total_stock_in,

                        SUM(
                            CASE
                                WHEN sa.adjustment_type=\'stock_out\'
                                THEN sad.adjustment_qty
                                ELSE 0
                            END
                        ) total_stock_out

                    FROM stock_adjustment_details sad
                    INNER JOIN stock_adjustment sa
                    ON sa.adjustment_id=sad.adjustment_id

                    GROUP BY sad.product_id

                ) adj
                ON adj.product_id=pis.product_id

                ')
 4 APPPATH\Controllers\PosController.php(43): App\Models\NewProductAddModel->getProducts(null)
 5 SYSTEMPATH\CodeIgniter.php(933): App\Controllers\PosController->index()
 6 SYSTEMPATH\CodeIgniter.php(507): CodeIgniter\CodeIgniter->runController(Object(App\Controllers\PosController))
 7 SYSTEMPATH\CodeIgniter.php(354): CodeIgniter\CodeIgniter->handleRequest(null, Object(Config\Cache), false)
 8 SYSTEMPATH\Boot.php(363): CodeIgniter\CodeIgniter->run()
 9 SYSTEMPATH\Boot.php(68): CodeIgniter\Boot::runCodeIgniter(Object(CodeIgniter\CodeIgniter))
10 FCPATH\index.php(59): CodeIgniter\Boot::bootWeb(Object(Config\Paths))
CRITICAL - 2026-07-30 09:43:00 --> [Caused by] mysqli_sql_exception: Table 'pharmacy_db.product_inital_stock' doesn't exist
in SYSTEMPATH\Database\MySQLi\Connection.php on line 327.
 1 SYSTEMPATH\Database\MySQLi\Connection.php(327): mysqli->query('SELECT
                    pis.product_id,
                    pis.product_name,
                    pis.product_image,
                    pis.sales_price_for_customer,
                    pis.purchase_price,

                    GREATEST(
                        COALESCE(pis.productinitial_quantity,0)
                        + COALESCE(ppd.total_purchase_qty,0)
                        + COALESCE(rs.total_return,0)
                        + COALESCE(adj.total_stock_in,0)
                        - COALESCE(sd.total_sale,0)
                        - COALESCE(adj.total_stock_out,0)
                    ,0) AS total_stock

                FROM product_inital_stock pis

                LEFT JOIN (
                    SELECT
                        product_id,
                        SUM((IFNULL(quantity_per_pack,0)*IFNULL(box_quantity,0))+IFNULL(free_qty,0)) total_purchase_qty
                    FROM product_purchase_details
                    GROUP BY product_id
                ) ppd
                ON ppd.product_id=pis.product_id

                LEFT JOIN (
                    SELECT
                        product_id,
                        SUM(product_quantity_sold) total_sale
                    FROM sales_details
                    GROUP BY product_id
                ) sd
                ON sd.product_id=pis.product_id

                LEFT JOIN (
                    SELECT
                        product_id,
                        SUM(return_qty) total_return
                    FROM return_sales_details
                    GROUP BY product_id
                ) rs
                ON rs.product_id=pis.product_id

                LEFT JOIN (
                    SELECT
                        sad.product_id,

                        SUM(
                            CASE
                                WHEN sa.adjustment_type=\'stock_in\'
                                THEN sad.adjustment_qty
                                ELSE 0
                            END
                        ) total_stock_in,

                        SUM(
                            CASE
                                WHEN sa.adjustment_type=\'stock_out\'
                                THEN sad.adjustment_qty
                                ELSE 0
                            END
                        ) total_stock_out

                    FROM stock_adjustment_details sad
                    INNER JOIN stock_adjustment sa
                    ON sa.adjustment_id=sad.adjustment_id

                    GROUP BY sad.product_id

                ) adj
                ON adj.product_id=pis.product_id

                ', 0)
 2 SYSTEMPATH\Database\BaseConnection.php(729): CodeIgniter\Database\MySQLi\Connection->execute('SELECT
                    pis.product_id,
                    pis.product_name,
                    pis.product_image,
                    pis.sales_price_for_customer,
                    pis.purchase_price,

                    GREATEST(
                        COALESCE(pis.productinitial_quantity,0)
                        + COALESCE(ppd.total_purchase_qty,0)
                        + COALESCE(rs.total_return,0)
                        + COALESCE(adj.total_stock_in,0)
                        - COALESCE(sd.total_sale,0)
                        - COALESCE(adj.total_stock_out,0)
                    ,0) AS total_stock

                FROM product_inital_stock pis

                LEFT JOIN (
                    SELECT
                        product_id,
                        SUM((IFNULL(quantity_per_pack,0)*IFNULL(box_quantity,0))+IFNULL(free_qty,0)) total_purchase_qty
                    FROM product_purchase_details
                    GROUP BY product_id
                ) ppd
                ON ppd.product_id=pis.product_id

                LEFT JOIN (
                    SELECT
                        product_id,
                        SUM(product_quantity_sold) total_sale
                    FROM sales_details
                    GROUP BY product_id
                ) sd
                ON sd.product_id=pis.product_id

                LEFT JOIN (
                    SELECT
                        product_id,
                        SUM(return_qty) total_return
                    FROM return_sales_details
                    GROUP BY product_id
                ) rs
                ON rs.product_id=pis.product_id

                LEFT JOIN (
                    SELECT
                        sad.product_id,

                        SUM(
                            CASE
                                WHEN sa.adjustment_type=\'stock_in\'
                                THEN sad.adjustment_qty
                                ELSE 0
                            END
                        ) total_stock_in,

                        SUM(
                            CASE
                                WHEN sa.adjustment_type=\'stock_out\'
                                THEN sad.adjustment_qty
                                ELSE 0
                            END
                        ) total_stock_out

                    FROM stock_adjustment_details sad
                    INNER JOIN stock_adjustment sa
                    ON sa.adjustment_id=sad.adjustment_id

                    GROUP BY sad.product_id

                ) adj
                ON adj.product_id=pis.product_id

                ')
 3 SYSTEMPATH\Database\BaseConnection.php(646): CodeIgniter\Database\BaseConnection->simpleQuery('SELECT
                    pis.product_id,
                    pis.product_name,
                    pis.product_image,
                    pis.sales_price_for_customer,
                    pis.purchase_price,

                    GREATEST(
                        COALESCE(pis.productinitial_quantity,0)
                        + COALESCE(ppd.total_purchase_qty,0)
                        + COALESCE(rs.total_return,0)
                        + COALESCE(adj.total_stock_in,0)
                        - COALESCE(sd.total_sale,0)
                        - COALESCE(adj.total_stock_out,0)
                    ,0) AS total_stock

                FROM product_inital_stock pis

                LEFT JOIN (
                    SELECT
                        product_id,
                        SUM((IFNULL(quantity_per_pack,0)*IFNULL(box_quantity,0))+IFNULL(free_qty,0)) total_purchase_qty
                    FROM product_purchase_details
                    GROUP BY product_id
                ) ppd
                ON ppd.product_id=pis.product_id

                LEFT JOIN (
                    SELECT
                        product_id,
                        SUM(product_quantity_sold) total_sale
                    FROM sales_details
                    GROUP BY product_id
                ) sd
                ON sd.product_id=pis.product_id

                LEFT JOIN (
                    SELECT
                        product_id,
                        SUM(return_qty) total_return
                    FROM return_sales_details
                    GROUP BY product_id
                ) rs
                ON rs.product_id=pis.product_id

                LEFT JOIN (
                    SELECT
                        sad.product_id,

                        SUM(
                            CASE
                                WHEN sa.adjustment_type=\'stock_in\'
                                THEN sad.adjustment_qty
                                ELSE 0
                            END
                        ) total_stock_in,

                        SUM(
                            CASE
                                WHEN sa.adjustment_type=\'stock_out\'
                                THEN sad.adjustment_qty
                                ELSE 0
                            END
                        ) total_stock_out

                    FROM stock_adjustment_details sad
                    INNER JOIN stock_adjustment sa
                    ON sa.adjustment_id=sad.adjustment_id

                    GROUP BY sad.product_id

                ) adj
                ON adj.product_id=pis.product_id

                ')
 4 APPPATH\Models\NewProductAddModel.php(126): CodeIgniter\Database\BaseConnection->query('SELECT
                    pis.product_id,
                    pis.product_name,
                    pis.product_image,
                    pis.sales_price_for_customer,
                    pis.purchase_price,

                    GREATEST(
                        COALESCE(pis.productinitial_quantity,0)
                        + COALESCE(ppd.total_purchase_qty,0)
                        + COALESCE(rs.total_return,0)
                        + COALESCE(adj.total_stock_in,0)
                        - COALESCE(sd.total_sale,0)
                        - COALESCE(adj.total_stock_out,0)
                    ,0) AS total_stock

                FROM product_inital_stock pis

                LEFT JOIN (
                    SELECT
                        product_id,
                        SUM((IFNULL(quantity_per_pack,0)*IFNULL(box_quantity,0))+IFNULL(free_qty,0)) total_purchase_qty
                    FROM product_purchase_details
                    GROUP BY product_id
                ) ppd
                ON ppd.product_id=pis.product_id

                LEFT JOIN (
                    SELECT
                        product_id,
                        SUM(product_quantity_sold) total_sale
                    FROM sales_details
                    GROUP BY product_id
                ) sd
                ON sd.product_id=pis.product_id

                LEFT JOIN (
                    SELECT
                        product_id,
                        SUM(return_qty) total_return
                    FROM return_sales_details
                    GROUP BY product_id
                ) rs
                ON rs.product_id=pis.product_id

                LEFT JOIN (
                    SELECT
                        sad.product_id,

                        SUM(
                            CASE
                                WHEN sa.adjustment_type=\'stock_in\'
                                THEN sad.adjustment_qty
                                ELSE 0
                            END
                        ) total_stock_in,

                        SUM(
                            CASE
                                WHEN sa.adjustment_type=\'stock_out\'
                                THEN sad.adjustment_qty
                                ELSE 0
                            END
                        ) total_stock_out

                    FROM stock_adjustment_details sad
                    INNER JOIN stock_adjustment sa
                    ON sa.adjustment_id=sad.adjustment_id

                    GROUP BY sad.product_id

                ) adj
                ON adj.product_id=pis.product_id

                ')
 5 APPPATH\Controllers\PosController.php(43): App\Models\NewProductAddModel->getProducts(null)
 6 SYSTEMPATH\CodeIgniter.php(933): App\Controllers\PosController->index()
 7 SYSTEMPATH\CodeIgniter.php(507): CodeIgniter\CodeIgniter->runController(Object(App\Controllers\PosController))
 8 SYSTEMPATH\CodeIgniter.php(354): CodeIgniter\CodeIgniter->handleRequest(null, Object(Config\Cache), false)
 9 SYSTEMPATH\Boot.php(363): CodeIgniter\CodeIgniter->run()
10 SYSTEMPATH\Boot.php(68): CodeIgniter\Boot::runCodeIgniter(Object(CodeIgniter\CodeIgniter))
11 FCPATH\index.php(59): CodeIgniter\Boot::bootWeb(Object(Config\Paths))
DEBUG - 2026-07-30 09:43:00 --> Session: Class initialized using 'CodeIgniter\Session\Handlers\FileHandler' driver.
ERROR - 2026-07-30 09:43:01 --> mysqli_sql_exception: Unknown column 'total_amount' in 'field list' in C:\laragon\www\pharmacy-project\system\Database\MySQLi\Connection.php:327
Stack trace:
#0 C:\laragon\www\pharmacy-project\system\Database\MySQLi\Connection.php(327): mysqli->query('\r\n            S...', 0)
#1 C:\laragon\www\pharmacy-project\system\Database\BaseConnection.php(729): CodeIgniter\Database\MySQLi\Connection->execute('\r\n            S...')
#2 C:\laragon\www\pharmacy-project\system\Database\BaseConnection.php(646): CodeIgniter\Database\BaseConnection->simpleQuery('\r\n            S...')
#3 C:\laragon\www\pharmacy-project\app\Controllers\DashboardController.php(33): CodeIgniter\Database\BaseConnection->query('\r\n            S...', Array)
#4 C:\laragon\www\pharmacy-project\system\CodeIgniter.php(933): App\Controllers\DashboardController->index()
#5 C:\laragon\www\pharmacy-project\system\CodeIgniter.php(507): CodeIgniter\CodeIgniter->runController(Object(App\Controllers\DashboardController))
#6 C:\laragon\www\pharmacy-project\system\CodeIgniter.php(354): CodeIgniter\CodeIgniter->handleRequest(NULL, Object(Config\Cache), false)
#7 C:\laragon\www\pharmacy-project\system\Boot.php(363): CodeIgniter\CodeIgniter->run()
#8 C:\laragon\www\pharmacy-project\system\Boot.php(68): CodeIgniter\Boot::runCodeIgniter(Object(CodeIgniter\CodeIgniter))
#9 C:\laragon\www\pharmacy-project\index.php(59): CodeIgniter\Boot::bootWeb(Object(Config\Paths))
#10 {main}
CRITICAL - 2026-07-30 09:43:01 --> CodeIgniter\Database\Exceptions\DatabaseException: Unknown column 'total_amount' in 'field list'
[Method: GET, Route: dashboard]
in SYSTEMPATH\Database\BaseConnection.php on line 684.
 1 APPPATH\Controllers\DashboardController.php(33): CodeIgniter\Database\BaseConnection->query('
            SELECT IFNULL(SUM(total_amount),0) AS today_sales
            FROM sales
            WHERE DATE(sales_date) = ?
        ', [...])
 2 SYSTEMPATH\CodeIgniter.php(933): App\Controllers\DashboardController->index()
 3 SYSTEMPATH\CodeIgniter.php(507): CodeIgniter\CodeIgniter->runController(Object(App\Controllers\DashboardController))
 4 SYSTEMPATH\CodeIgniter.php(354): CodeIgniter\CodeIgniter->handleRequest(null, Object(Config\Cache), false)
 5 SYSTEMPATH\Boot.php(363): CodeIgniter\CodeIgniter->run()
 6 SYSTEMPATH\Boot.php(68): CodeIgniter\Boot::runCodeIgniter(Object(CodeIgniter\CodeIgniter))
 7 FCPATH\index.php(59): CodeIgniter\Boot::bootWeb(Object(Config\Paths))
CRITICAL - 2026-07-30 09:43:01 --> [Caused by] CodeIgniter\Database\Exceptions\DatabaseException: Unknown column 'total_amount' in 'field list'
in SYSTEMPATH\Database\MySQLi\Connection.php on line 332.
 1 SYSTEMPATH\Database\BaseConnection.php(729): CodeIgniter\Database\MySQLi\Connection->execute('
            SELECT IFNULL(SUM(total_amount),0) AS today_sales
            FROM sales
            WHERE DATE(sales_date) = \'2026-07-30\'
        ')
 2 SYSTEMPATH\Database\BaseConnection.php(646): CodeIgniter\Database\BaseConnection->simpleQuery('
            SELECT IFNULL(SUM(total_amount),0) AS today_sales
            FROM sales
            WHERE DATE(sales_date) = \'2026-07-30\'
        ')
 3 APPPATH\Controllers\DashboardController.php(33): CodeIgniter\Database\BaseConnection->query('
            SELECT IFNULL(SUM(total_amount),0) AS today_sales
            FROM sales
            WHERE DATE(sales_date) = ?
        ', [...])
 4 SYSTEMPATH\CodeIgniter.php(933): App\Controllers\DashboardController->index()
 5 SYSTEMPATH\CodeIgniter.php(507): CodeIgniter\CodeIgniter->runController(Object(App\Controllers\DashboardController))
 6 SYSTEMPATH\CodeIgniter.php(354): CodeIgniter\CodeIgniter->handleRequest(null, Object(Config\Cache), false)
 7 SYSTEMPATH\Boot.php(363): CodeIgniter\CodeIgniter->run()
 8 SYSTEMPATH\Boot.php(68): CodeIgniter\Boot::runCodeIgniter(Object(CodeIgniter\CodeIgniter))
 9 FCPATH\index.php(59): CodeIgniter\Boot::bootWeb(Object(Config\Paths))
CRITICAL - 2026-07-30 09:43:01 --> [Caused by] mysqli_sql_exception: Unknown column 'total_amount' in 'field list'
in SYSTEMPATH\Database\MySQLi\Connection.php on line 327.
 1 SYSTEMPATH\Database\MySQLi\Connection.php(327): mysqli->query('
            SELECT IFNULL(SUM(total_amount),0) AS today_sales
            FROM sales
            WHERE DATE(sales_date) = \'2026-07-30\'
        ', 0)
 2 SYSTEMPATH\Database\BaseConnection.php(729): CodeIgniter\Database\MySQLi\Connection->execute('
            SELECT IFNULL(SUM(total_amount),0) AS today_sales
            FROM sales
            WHERE DATE(sales_date) = \'2026-07-30\'
        ')
 3 SYSTEMPATH\Database\BaseConnection.php(646): CodeIgniter\Database\BaseConnection->simpleQuery('
            SELECT IFNULL(SUM(total_amount),0) AS today_sales
            FROM sales
            WHERE DATE(sales_date) = \'2026-07-30\'
        ')
 4 APPPATH\Controllers\DashboardController.php(33): CodeIgniter\Database\BaseConnection->query('
            SELECT IFNULL(SUM(total_amount),0) AS today_sales
            FROM sales
            WHERE DATE(sales_date) = ?
        ', [...])
 5 SYSTEMPATH\CodeIgniter.php(933): App\Controllers\DashboardController->index()
 6 SYSTEMPATH\CodeIgniter.php(507): CodeIgniter\CodeIgniter->runController(Object(App\Controllers\DashboardController))
 7 SYSTEMPATH\CodeIgniter.php(354): CodeIgniter\CodeIgniter->handleRequest(null, Object(Config\Cache), false)
 8 SYSTEMPATH\Boot.php(363): CodeIgniter\CodeIgniter->run()
 9 SYSTEMPATH\Boot.php(68): CodeIgniter\Boot::runCodeIgniter(Object(CodeIgniter\CodeIgniter))
10 FCPATH\index.php(59): CodeIgniter\Boot::bootWeb(Object(Config\Paths))
DEBUG - 2026-07-30 09:43:03 --> Session: Class initialized using 'CodeIgniter\Session\Handlers\FileHandler' driver.
ERROR - 2026-07-30 09:43:03 --> mysqli_sql_exception: Unknown column 'total_amount' in 'field list' in C:\laragon\www\pharmacy-project\system\Database\MySQLi\Connection.php:327
Stack trace:
#0 C:\laragon\www\pharmacy-project\system\Database\MySQLi\Connection.php(327): mysqli->query('\r\n            S...', 0)
#1 C:\laragon\www\pharmacy-project\system\Database\BaseConnection.php(729): CodeIgniter\Database\MySQLi\Connection->execute('\r\n            S...')
#2 C:\laragon\www\pharmacy-project\system\Database\BaseConnection.php(646): CodeIgniter\Database\BaseConnection->simpleQuery('\r\n            S...')
#3 C:\laragon\www\pharmacy-project\app\Controllers\DashboardController.php(33): CodeIgniter\Database\BaseConnection->query('\r\n            S...', Array)
#4 C:\laragon\www\pharmacy-project\system\CodeIgniter.php(933): App\Controllers\DashboardController->index()
#5 C:\laragon\www\pharmacy-project\system\CodeIgniter.php(507): CodeIgniter\CodeIgniter->runController(Object(App\Controllers\DashboardController))
#6 C:\laragon\www\pharmacy-project\system\CodeIgniter.php(354): CodeIgniter\CodeIgniter->handleRequest(NULL, Object(Config\Cache), false)
#7 C:\laragon\www\pharmacy-project\system\Boot.php(363): CodeIgniter\CodeIgniter->run()
#8 C:\laragon\www\pharmacy-project\system\Boot.php(68): CodeIgniter\Boot::runCodeIgniter(Object(CodeIgniter\CodeIgniter))
#9 C:\laragon\www\pharmacy-project\index.php(59): CodeIgniter\Boot::bootWeb(Object(Config\Paths))
#10 {main}
CRITICAL - 2026-07-30 09:43:03 --> CodeIgniter\Database\Exceptions\DatabaseException: Unknown column 'total_amount' in 'field list'
[Method: GET, Route: dashboard]
in SYSTEMPATH\Database\BaseConnection.php on line 684.
 1 APPPATH\Controllers\DashboardController.php(33): CodeIgniter\Database\BaseConnection->query('
            SELECT IFNULL(SUM(total_amount),0) AS today_sales
            FROM sales
            WHERE DATE(sales_date) = ?
        ', [...])
 2 SYSTEMPATH\CodeIgniter.php(933): App\Controllers\DashboardController->index()
 3 SYSTEMPATH\CodeIgniter.php(507): CodeIgniter\CodeIgniter->runController(Object(App\Controllers\DashboardController))
 4 SYSTEMPATH\CodeIgniter.php(354): CodeIgniter\CodeIgniter->handleRequest(null, Object(Config\Cache), false)
 5 SYSTEMPATH\Boot.php(363): CodeIgniter\CodeIgniter->run()
 6 SYSTEMPATH\Boot.php(68): CodeIgniter\Boot::runCodeIgniter(Object(CodeIgniter\CodeIgniter))
 7 FCPATH\index.php(59): CodeIgniter\Boot::bootWeb(Object(Config\Paths))
CRITICAL - 2026-07-30 09:43:03 --> [Caused by] CodeIgniter\Database\Exceptions\DatabaseException: Unknown column 'total_amount' in 'field list'
in SYSTEMPATH\Database\MySQLi\Connection.php on line 332.
 1 SYSTEMPATH\Database\BaseConnection.php(729): CodeIgniter\Database\MySQLi\Connection->execute('
            SELECT IFNULL(SUM(total_amount),0) AS today_sales
            FROM sales
            WHERE DATE(sales_date) = \'2026-07-30\'
        ')
 2 SYSTEMPATH\Database\BaseConnection.php(646): CodeIgniter\Database\BaseConnection->simpleQuery('
            SELECT IFNULL(SUM(total_amount),0) AS today_sales
            FROM sales
            WHERE DATE(sales_date) = \'2026-07-30\'
        ')
 3 APPPATH\Controllers\DashboardController.php(33): CodeIgniter\Database\BaseConnection->query('
            SELECT IFNULL(SUM(total_amount),0) AS today_sales
            FROM sales
            WHERE DATE(sales_date) = ?
        ', [...])
 4 SYSTEMPATH\CodeIgniter.php(933): App\Controllers\DashboardController->index()
 5 SYSTEMPATH\CodeIgniter.php(507): CodeIgniter\CodeIgniter->runController(Object(App\Controllers\DashboardController))
 6 SYSTEMPATH\CodeIgniter.php(354): CodeIgniter\CodeIgniter->handleRequest(null, Object(Config\Cache), false)
 7 SYSTEMPATH\Boot.php(363): CodeIgniter\CodeIgniter->run()
 8 SYSTEMPATH\Boot.php(68): CodeIgniter\Boot::runCodeIgniter(Object(CodeIgniter\CodeIgniter))
 9 FCPATH\index.php(59): CodeIgniter\Boot::bootWeb(Object(Config\Paths))
CRITICAL - 2026-07-30 09:43:03 --> [Caused by] mysqli_sql_exception: Unknown column 'total_amount' in 'field list'
in SYSTEMPATH\Database\MySQLi\Connection.php on line 327.
 1 SYSTEMPATH\Database\MySQLi\Connection.php(327): mysqli->query('
            SELECT IFNULL(SUM(total_amount),0) AS today_sales
            FROM sales
            WHERE DATE(sales_date) = \'2026-07-30\'
        ', 0)
 2 SYSTEMPATH\Database\BaseConnection.php(729): CodeIgniter\Database\MySQLi\Connection->execute('
            SELECT IFNULL(SUM(total_amount),0) AS today_sales
            FROM sales
            WHERE DATE(sales_date) = \'2026-07-30\'
        ')
 3 SYSTEMPATH\Database\BaseConnection.php(646): CodeIgniter\Database\BaseConnection->simpleQuery('
            SELECT IFNULL(SUM(total_amount),0) AS today_sales
            FROM sales
            WHERE DATE(sales_date) = \'2026-07-30\'
        ')
 4 APPPATH\Controllers\DashboardController.php(33): CodeIgniter\Database\BaseConnection->query('
            SELECT IFNULL(SUM(total_amount),0) AS today_sales
            FROM sales
            WHERE DATE(sales_date) = ?
        ', [...])
 5 SYSTEMPATH\CodeIgniter.php(933): App\Controllers\DashboardController->index()
 6 SYSTEMPATH\CodeIgniter.php(507): CodeIgniter\CodeIgniter->runController(Object(App\Controllers\DashboardController))
 7 SYSTEMPATH\CodeIgniter.php(354): CodeIgniter\CodeIgniter->handleRequest(null, Object(Config\Cache), false)
 8 SYSTEMPATH\Boot.php(363): CodeIgniter\CodeIgniter->run()
 9 SYSTEMPATH\Boot.php(68): CodeIgniter\Boot::runCodeIgniter(Object(CodeIgniter\CodeIgniter))
10 FCPATH\index.php(59): CodeIgniter\Boot::bootWeb(Object(Config\Paths))
DEBUG - 2026-07-30 09:43:04 --> Session: Class initialized using 'CodeIgniter\Session\Handlers\FileHandler' driver.
ERROR - 2026-07-30 09:43:04 --> mysqli_sql_exception: Unknown column 'total_amount' in 'field list' in C:\laragon\www\pharmacy-project\system\Database\MySQLi\Connection.php:327
Stack trace:
#0 C:\laragon\www\pharmacy-project\system\Database\MySQLi\Connection.php(327): mysqli->query('\r\n            S...', 0)
#1 C:\laragon\www\pharmacy-project\system\Database\BaseConnection.php(729): CodeIgniter\Database\MySQLi\Connection->execute('\r\n            S...')
#2 C:\laragon\www\pharmacy-project\system\Database\BaseConnection.php(646): CodeIgniter\Database\BaseConnection->simpleQuery('\r\n            S...')
#3 C:\laragon\www\pharmacy-project\app\Controllers\DashboardController.php(33): CodeIgniter\Database\BaseConnection->query('\r\n            S...', Array)
#4 C:\laragon\www\pharmacy-project\system\CodeIgniter.php(933): App\Controllers\DashboardController->index()
#5 C:\laragon\www\pharmacy-project\system\CodeIgniter.php(507): CodeIgniter\CodeIgniter->runController(Object(App\Controllers\DashboardController))
#6 C:\laragon\www\pharmacy-project\system\CodeIgniter.php(354): CodeIgniter\CodeIgniter->handleRequest(NULL, Object(Config\Cache), false)
#7 C:\laragon\www\pharmacy-project\system\Boot.php(363): CodeIgniter\CodeIgniter->run()
#8 C:\laragon\www\pharmacy-project\system\Boot.php(68): CodeIgniter\Boot::runCodeIgniter(Object(CodeIgniter\CodeIgniter))
#9 C:\laragon\www\pharmacy-project\index.php(59): CodeIgniter\Boot::bootWeb(Object(Config\Paths))
#10 {main}
CRITICAL - 2026-07-30 09:43:04 --> CodeIgniter\Database\Exceptions\DatabaseException: Unknown column 'total_amount' in 'field list'
[Method: GET, Route: dashboard]
in SYSTEMPATH\Database\BaseConnection.php on line 684.
 1 APPPATH\Controllers\DashboardController.php(33): CodeIgniter\Database\BaseConnection->query('
            SELECT IFNULL(SUM(total_amount),0) AS today_sales
            FROM sales
            WHERE DATE(sales_date) = ?
        ', [...])
 2 SYSTEMPATH\CodeIgniter.php(933): App\Controllers\DashboardController->index()
 3 SYSTEMPATH\CodeIgniter.php(507): CodeIgniter\CodeIgniter->runController(Object(App\Controllers\DashboardController))
 4 SYSTEMPATH\CodeIgniter.php(354): CodeIgniter\CodeIgniter->handleRequest(null, Object(Config\Cache), false)
 5 SYSTEMPATH\Boot.php(363): CodeIgniter\CodeIgniter->run()
 6 SYSTEMPATH\Boot.php(68): CodeIgniter\Boot::runCodeIgniter(Object(CodeIgniter\CodeIgniter))
 7 FCPATH\index.php(59): CodeIgniter\Boot::bootWeb(Object(Config\Paths))
CRITICAL - 2026-07-30 09:43:04 --> [Caused by] CodeIgniter\Database\Exceptions\DatabaseException: Unknown column 'total_amount' in 'field list'
in SYSTEMPATH\Database\MySQLi\Connection.php on line 332.
 1 SYSTEMPATH\Database\BaseConnection.php(729): CodeIgniter\Database\MySQLi\Connection->execute('
            SELECT IFNULL(SUM(total_amount),0) AS today_sales
            FROM sales
            WHERE DATE(sales_date) = \'2026-07-30\'
        ')
 2 SYSTEMPATH\Database\BaseConnection.php(646): CodeIgniter\Database\BaseConnection->simpleQuery('
            SELECT IFNULL(SUM(total_amount),0) AS today_sales
            FROM sales
            WHERE DATE(sales_date) = \'2026-07-30\'
        ')
 3 APPPATH\Controllers\DashboardController.php(33): CodeIgniter\Database\BaseConnection->query('
            SELECT IFNULL(SUM(total_amount),0) AS today_sales
            FROM sales
            WHERE DATE(sales_date) = ?
        ', [...])
 4 SYSTEMPATH\CodeIgniter.php(933): App\Controllers\DashboardController->index()
 5 SYSTEMPATH\CodeIgniter.php(507): CodeIgniter\CodeIgniter->runController(Object(App\Controllers\DashboardController))
 6 SYSTEMPATH\CodeIgniter.php(354): CodeIgniter\CodeIgniter->handleRequest(null, Object(Config\Cache), false)
 7 SYSTEMPATH\Boot.php(363): CodeIgniter\CodeIgniter->run()
 8 SYSTEMPATH\Boot.php(68): CodeIgniter\Boot::runCodeIgniter(Object(CodeIgniter\CodeIgniter))
 9 FCPATH\index.php(59): CodeIgniter\Boot::bootWeb(Object(Config\Paths))
CRITICAL - 2026-07-30 09:43:04 --> [Caused by] mysqli_sql_exception: Unknown column 'total_amount' in 'field list'
in SYSTEMPATH\Database\MySQLi\Connection.php on line 327.
 1 SYSTEMPATH\Database\MySQLi\Connection.php(327): mysqli->query('
            SELECT IFNULL(SUM(total_amount),0) AS today_sales
            FROM sales
            WHERE DATE(sales_date) = \'2026-07-30\'
        ', 0)
 2 SYSTEMPATH\Database\BaseConnection.php(729): CodeIgniter\Database\MySQLi\Connection->execute('
            SELECT IFNULL(SUM(total_amount),0) AS today_sales
            FROM sales
            WHERE DATE(sales_date) = \'2026-07-30\'
        ')
 3 SYSTEMPATH\Database\BaseConnection.php(646): CodeIgniter\Database\BaseConnection->simpleQuery('
            SELECT IFNULL(SUM(total_amount),0) AS today_sales
            FROM sales
            WHERE DATE(sales_date) = \'2026-07-30\'
        ')
 4 APPPATH\Controllers\DashboardController.php(33): CodeIgniter\Database\BaseConnection->query('
            SELECT IFNULL(SUM(total_amount),0) AS today_sales
            FROM sales
            WHERE DATE(sales_date) = ?
        ', [...])
 5 SYSTEMPATH\CodeIgniter.php(933): App\Controllers\DashboardController->index()
 6 SYSTEMPATH\CodeIgniter.php(507): CodeIgniter\CodeIgniter->runController(Object(App\Controllers\DashboardController))
 7 SYSTEMPATH\CodeIgniter.php(354): CodeIgniter\CodeIgniter->handleRequest(null, Object(Config\Cache), false)
 8 SYSTEMPATH\Boot.php(363): CodeIgniter\CodeIgniter->run()
 9 SYSTEMPATH\Boot.php(68): CodeIgniter\Boot::runCodeIgniter(Object(CodeIgniter\CodeIgniter))
10 FCPATH\index.php(59): CodeIgniter\Boot::bootWeb(Object(Config\Paths))
DEBUG - 2026-07-30 09:46:13 --> Session: Class initialized using 'CodeIgniter\Session\Handlers\FileHandler' driver.
ERROR - 2026-07-30 09:46:13 --> mysqli_sql_exception: Unknown column 'total_amount' in 'field list' in C:\laragon\www\pharmacy-project\system\Database\MySQLi\Connection.php:327
Stack trace:
#0 C:\laragon\www\pharmacy-project\system\Database\MySQLi\Connection.php(327): mysqli->query('\r\n            S...', 0)
#1 C:\laragon\www\pharmacy-project\system\Database\BaseConnection.php(729): CodeIgniter\Database\MySQLi\Connection->execute('\r\n            S...')
#2 C:\laragon\www\pharmacy-project\system\Database\BaseConnection.php(646): CodeIgniter\Database\BaseConnection->simpleQuery('\r\n            S...')
#3 C:\laragon\www\pharmacy-project\app\Controllers\DashboardController.php(33): CodeIgniter\Database\BaseConnection->query('\r\n            S...', Array)
#4 C:\laragon\www\pharmacy-project\system\CodeIgniter.php(933): App\Controllers\DashboardController->index()
#5 C:\laragon\www\pharmacy-project\system\CodeIgniter.php(507): CodeIgniter\CodeIgniter->runController(Object(App\Controllers\DashboardController))
#6 C:\laragon\www\pharmacy-project\system\CodeIgniter.php(354): CodeIgniter\CodeIgniter->handleRequest(NULL, Object(Config\Cache), false)
#7 C:\laragon\www\pharmacy-project\system\Boot.php(363): CodeIgniter\CodeIgniter->run()
#8 C:\laragon\www\pharmacy-project\system\Boot.php(68): CodeIgniter\Boot::runCodeIgniter(Object(CodeIgniter\CodeIgniter))
#9 C:\laragon\www\pharmacy-project\index.php(59): CodeIgniter\Boot::bootWeb(Object(Config\Paths))
#10 {main}
CRITICAL - 2026-07-30 09:46:13 --> CodeIgniter\Database\Exceptions\DatabaseException: Unknown column 'total_amount' in 'field list'
[Method: GET, Route: dashboard]
in SYSTEMPATH\Database\BaseConnection.php on line 684.
 1 APPPATH\Controllers\DashboardController.php(33): CodeIgniter\Database\BaseConnection->query('
            SELECT IFNULL(SUM(total_amount),0) AS today_sales
            FROM sales
            WHERE DATE(sales_date) = ?
        ', [...])
 2 SYSTEMPATH\CodeIgniter.php(933): App\Controllers\DashboardController->index()
 3 SYSTEMPATH\CodeIgniter.php(507): CodeIgniter\CodeIgniter->runController(Object(App\Controllers\DashboardController))
 4 SYSTEMPATH\CodeIgniter.php(354): CodeIgniter\CodeIgniter->handleRequest(null, Object(Config\Cache), false)
 5 SYSTEMPATH\Boot.php(363): CodeIgniter\CodeIgniter->run()
 6 SYSTEMPATH\Boot.php(68): CodeIgniter\Boot::runCodeIgniter(Object(CodeIgniter\CodeIgniter))
 7 FCPATH\index.php(59): CodeIgniter\Boot::bootWeb(Object(Config\Paths))
CRITICAL - 2026-07-30 09:46:13 --> [Caused by] CodeIgniter\Database\Exceptions\DatabaseException: Unknown column 'total_amount' in 'field list'
in SYSTEMPATH\Database\MySQLi\Connection.php on line 332.
 1 SYSTEMPATH\Database\BaseConnection.php(729): CodeIgniter\Database\MySQLi\Connection->execute('
            SELECT IFNULL(SUM(total_amount),0) AS today_sales
            FROM sales
            WHERE DATE(sales_date) = \'2026-07-30\'
        ')
 2 SYSTEMPATH\Database\BaseConnection.php(646): CodeIgniter\Database\BaseConnection->simpleQuery('
            SELECT IFNULL(SUM(total_amount),0) AS today_sales
            FROM sales
            WHERE DATE(sales_date) = \'2026-07-30\'
        ')
 3 APPPATH\Controllers\DashboardController.php(33): CodeIgniter\Database\BaseConnection->query('
            SELECT IFNULL(SUM(total_amount),0) AS today_sales
            FROM sales
            WHERE DATE(sales_date) = ?
        ', [...])
 4 SYSTEMPATH\CodeIgniter.php(933): App\Controllers\DashboardController->index()
 5 SYSTEMPATH\CodeIgniter.php(507): CodeIgniter\CodeIgniter->runController(Object(App\Controllers\DashboardController))
 6 SYSTEMPATH\CodeIgniter.php(354): CodeIgniter\CodeIgniter->handleRequest(null, Object(Config\Cache), false)
 7 SYSTEMPATH\Boot.php(363): CodeIgniter\CodeIgniter->run()
 8 SYSTEMPATH\Boot.php(68): CodeIgniter\Boot::runCodeIgniter(Object(CodeIgniter\CodeIgniter))
 9 FCPATH\index.php(59): CodeIgniter\Boot::bootWeb(Object(Config\Paths))
CRITICAL - 2026-07-30 09:46:13 --> [Caused by] mysqli_sql_exception: Unknown column 'total_amount' in 'field list'
in SYSTEMPATH\Database\MySQLi\Connection.php on line 327.
 1 SYSTEMPATH\Database\MySQLi\Connection.php(327): mysqli->query('
            SELECT IFNULL(SUM(total_amount),0) AS today_sales
            FROM sales
            WHERE DATE(sales_date) = \'2026-07-30\'
        ', 0)
 2 SYSTEMPATH\Database\BaseConnection.php(729): CodeIgniter\Database\MySQLi\Connection->execute('
            SELECT IFNULL(SUM(total_amount),0) AS today_sales
            FROM sales
            WHERE DATE(sales_date) = \'2026-07-30\'
        ')
 3 SYSTEMPATH\Database\BaseConnection.php(646): CodeIgniter\Database\BaseConnection->simpleQuery('
            SELECT IFNULL(SUM(total_amount),0) AS today_sales
            FROM sales
            WHERE DATE(sales_date) = \'2026-07-30\'
        ')
 4 APPPATH\Controllers\DashboardController.php(33): CodeIgniter\Database\BaseConnection->query('
            SELECT IFNULL(SUM(total_amount),0) AS today_sales
            FROM sales
            WHERE DATE(sales_date) = ?
        ', [...])
 5 SYSTEMPATH\CodeIgniter.php(933): App\Controllers\DashboardController->index()
 6 SYSTEMPATH\CodeIgniter.php(507): CodeIgniter\CodeIgniter->runController(Object(App\Controllers\DashboardController))
 7 SYSTEMPATH\CodeIgniter.php(354): CodeIgniter\CodeIgniter->handleRequest(null, Object(Config\Cache), false)
 8 SYSTEMPATH\Boot.php(363): CodeIgniter\CodeIgniter->run()
 9 SYSTEMPATH\Boot.php(68): CodeIgniter\Boot::runCodeIgniter(Object(CodeIgniter\CodeIgniter))
10 FCPATH\index.php(59): CodeIgniter\Boot::bootWeb(Object(Config\Paths))
DEBUG - 2026-07-30 09:46:18 --> Session: Class initialized using 'CodeIgniter\Session\Handlers\FileHandler' driver.
ERROR - 2026-07-30 09:46:18 --> mysqli_sql_exception: Unknown column 'total_amount' in 'field list' in C:\laragon\www\pharmacy-project\system\Database\MySQLi\Connection.php:327
Stack trace:
#0 C:\laragon\www\pharmacy-project\system\Database\MySQLi\Connection.php(327): mysqli->query('\r\n            S...', 0)
#1 C:\laragon\www\pharmacy-project\system\Database\BaseConnection.php(729): CodeIgniter\Database\MySQLi\Connection->execute('\r\n            S...')
#2 C:\laragon\www\pharmacy-project\system\Database\BaseConnection.php(646): CodeIgniter\Database\BaseConnection->simpleQuery('\r\n            S...')
#3 C:\laragon\www\pharmacy-project\app\Controllers\DashboardController.php(33): CodeIgniter\Database\BaseConnection->query('\r\n            S...', Array)
#4 C:\laragon\www\pharmacy-project\system\CodeIgniter.php(933): App\Controllers\DashboardController->index()
#5 C:\laragon\www\pharmacy-project\system\CodeIgniter.php(507): CodeIgniter\CodeIgniter->runController(Object(App\Controllers\DashboardController))
#6 C:\laragon\www\pharmacy-project\system\CodeIgniter.php(354): CodeIgniter\CodeIgniter->handleRequest(NULL, Object(Config\Cache), false)
#7 C:\laragon\www\pharmacy-project\system\Boot.php(363): CodeIgniter\CodeIgniter->run()
#8 C:\laragon\www\pharmacy-project\system\Boot.php(68): CodeIgniter\Boot::runCodeIgniter(Object(CodeIgniter\CodeIgniter))
#9 C:\laragon\www\pharmacy-project\index.php(59): CodeIgniter\Boot::bootWeb(Object(Config\Paths))
#10 {main}
CRITICAL - 2026-07-30 09:46:18 --> CodeIgniter\Database\Exceptions\DatabaseException: Unknown column 'total_amount' in 'field list'
[Method: GET, Route: dashboard]
in SYSTEMPATH\Database\BaseConnection.php on line 684.
 1 APPPATH\Controllers\DashboardController.php(33): CodeIgniter\Database\BaseConnection->query('
            SELECT IFNULL(SUM(total_amount),0) AS today_sales
            FROM sales
            WHERE DATE(sales_date) = ?
        ', [...])
 2 SYSTEMPATH\CodeIgniter.php(933): App\Controllers\DashboardController->index()
 3 SYSTEMPATH\CodeIgniter.php(507): CodeIgniter\CodeIgniter->runController(Object(App\Controllers\DashboardController))
 4 SYSTEMPATH\CodeIgniter.php(354): CodeIgniter\CodeIgniter->handleRequest(null, Object(Config\Cache), false)
 5 SYSTEMPATH\Boot.php(363): CodeIgniter\CodeIgniter->run()
 6 SYSTEMPATH\Boot.php(68): CodeIgniter\Boot::runCodeIgniter(Object(CodeIgniter\CodeIgniter))
 7 FCPATH\index.php(59): CodeIgniter\Boot::bootWeb(Object(Config\Paths))
CRITICAL - 2026-07-30 09:46:18 --> [Caused by] CodeIgniter\Database\Exceptions\DatabaseException: Unknown column 'total_amount' in 'field list'
in SYSTEMPATH\Database\MySQLi\Connection.php on line 332.
 1 SYSTEMPATH\Database\BaseConnection.php(729): CodeIgniter\Database\MySQLi\Connection->execute('
            SELECT IFNULL(SUM(total_amount),0) AS today_sales
            FROM sales
            WHERE DATE(sales_date) = \'2026-07-30\'
        ')
 2 SYSTEMPATH\Database\BaseConnection.php(646): CodeIgniter\Database\BaseConnection->simpleQuery('
            SELECT IFNULL(SUM(total_amount),0) AS today_sales
            FROM sales
            WHERE DATE(sales_date) = \'2026-07-30\'
        ')
 3 APPPATH\Controllers\DashboardController.php(33): CodeIgniter\Database\BaseConnection->query('
            SELECT IFNULL(SUM(total_amount),0) AS today_sales
            FROM sales
            WHERE DATE(sales_date) = ?
        ', [...])
 4 SYSTEMPATH\CodeIgniter.php(933): App\Controllers\DashboardController->index()
 5 SYSTEMPATH\CodeIgniter.php(507): CodeIgniter\CodeIgniter->runController(Object(App\Controllers\DashboardController))
 6 SYSTEMPATH\CodeIgniter.php(354): CodeIgniter\CodeIgniter->handleRequest(null, Object(Config\Cache), false)
 7 SYSTEMPATH\Boot.php(363): CodeIgniter\CodeIgniter->run()
 8 SYSTEMPATH\Boot.php(68): CodeIgniter\Boot::runCodeIgniter(Object(CodeIgniter\CodeIgniter))
 9 FCPATH\index.php(59): CodeIgniter\Boot::bootWeb(Object(Config\Paths))
CRITICAL - 2026-07-30 09:46:18 --> [Caused by] mysqli_sql_exception: Unknown column 'total_amount' in 'field list'
in SYSTEMPATH\Database\MySQLi\Connection.php on line 327.
 1 SYSTEMPATH\Database\MySQLi\Connection.php(327): mysqli->query('
            SELECT IFNULL(SUM(total_amount),0) AS today_sales
            FROM sales
            WHERE DATE(sales_date) = \'2026-07-30\'
        ', 0)
 2 SYSTEMPATH\Database\BaseConnection.php(729): CodeIgniter\Database\MySQLi\Connection->execute('
            SELECT IFNULL(SUM(total_amount),0) AS today_sales
            FROM sales
            WHERE DATE(sales_date) = \'2026-07-30\'
        ')
 3 SYSTEMPATH\Database\BaseConnection.php(646): CodeIgniter\Database\BaseConnection->simpleQuery('
            SELECT IFNULL(SUM(total_amount),0) AS today_sales
            FROM sales
            WHERE DATE(sales_date) = \'2026-07-30\'
        ')
 4 APPPATH\Controllers\DashboardController.php(33): CodeIgniter\Database\BaseConnection->query('
            SELECT IFNULL(SUM(total_amount),0) AS today_sales
            FROM sales
            WHERE DATE(sales_date) = ?
        ', [...])
 5 SYSTEMPATH\CodeIgniter.php(933): App\Controllers\DashboardController->index()
 6 SYSTEMPATH\CodeIgniter.php(507): CodeIgniter\CodeIgniter->runController(Object(App\Controllers\DashboardController))
 7 SYSTEMPATH\CodeIgniter.php(354): CodeIgniter\CodeIgniter->handleRequest(null, Object(Config\Cache), false)
 8 SYSTEMPATH\Boot.php(363): CodeIgniter\CodeIgniter->run()
 9 SYSTEMPATH\Boot.php(68): CodeIgniter\Boot::runCodeIgniter(Object(CodeIgniter\CodeIgniter))
10 FCPATH\index.php(59): CodeIgniter\Boot::bootWeb(Object(Config\Paths))
DEBUG - 2026-07-30 09:46:19 --> Session: Class initialized using 'CodeIgniter\Session\Handlers\FileHandler' driver.
ERROR - 2026-07-30 09:46:19 --> mysqli_sql_exception: Unknown column 'total_amount' in 'field list' in C:\laragon\www\pharmacy-project\system\Database\MySQLi\Connection.php:327
Stack trace:
#0 C:\laragon\www\pharmacy-project\system\Database\MySQLi\Connection.php(327): mysqli->query('\r\n            S...', 0)
#1 C:\laragon\www\pharmacy-project\system\Database\BaseConnection.php(729): CodeIgniter\Database\MySQLi\Connection->execute('\r\n            S...')
#2 C:\laragon\www\pharmacy-project\system\Database\BaseConnection.php(646): CodeIgniter\Database\BaseConnection->simpleQuery('\r\n            S...')
#3 C:\laragon\www\pharmacy-project\app\Controllers\DashboardController.php(33): CodeIgniter\Database\BaseConnection->query('\r\n            S...', Array)
#4 C:\laragon\www\pharmacy-project\system\CodeIgniter.php(933): App\Controllers\DashboardController->index()
#5 C:\laragon\www\pharmacy-project\system\CodeIgniter.php(507): CodeIgniter\CodeIgniter->runController(Object(App\Controllers\DashboardController))
#6 C:\laragon\www\pharmacy-project\system\CodeIgniter.php(354): CodeIgniter\CodeIgniter->handleRequest(NULL, Object(Config\Cache), false)
#7 C:\laragon\www\pharmacy-project\system\Boot.php(363): CodeIgniter\CodeIgniter->run()
#8 C:\laragon\www\pharmacy-project\system\Boot.php(68): CodeIgniter\Boot::runCodeIgniter(Object(CodeIgniter\CodeIgniter))
#9 C:\laragon\www\pharmacy-project\index.php(59): CodeIgniter\Boot::bootWeb(Object(Config\Paths))
#10 {main}
CRITICAL - 2026-07-30 09:46:19 --> CodeIgniter\Database\Exceptions\DatabaseException: Unknown column 'total_amount' in 'field list'
[Method: GET, Route: dashboard]
in SYSTEMPATH\Database\BaseConnection.php on line 684.
 1 APPPATH\Controllers\DashboardController.php(33): CodeIgniter\Database\BaseConnection->query('
            SELECT IFNULL(SUM(total_amount),0) AS today_sales
            FROM sales
            WHERE DATE(sales_date) = ?
        ', [...])
 2 SYSTEMPATH\CodeIgniter.php(933): App\Controllers\DashboardController->index()
 3 SYSTEMPATH\CodeIgniter.php(507): CodeIgniter\CodeIgniter->runController(Object(App\Controllers\DashboardController))
 4 SYSTEMPATH\CodeIgniter.php(354): CodeIgniter\CodeIgniter->handleRequest(null, Object(Config\Cache), false)
 5 SYSTEMPATH\Boot.php(363): CodeIgniter\CodeIgniter->run()
 6 SYSTEMPATH\Boot.php(68): CodeIgniter\Boot::runCodeIgniter(Object(CodeIgniter\CodeIgniter))
 7 FCPATH\index.php(59): CodeIgniter\Boot::bootWeb(Object(Config\Paths))
CRITICAL - 2026-07-30 09:46:19 --> [Caused by] CodeIgniter\Database\Exceptions\DatabaseException: Unknown column 'total_amount' in 'field list'
in SYSTEMPATH\Database\MySQLi\Connection.php on line 332.
 1 SYSTEMPATH\Database\BaseConnection.php(729): CodeIgniter\Database\MySQLi\Connection->execute('
            SELECT IFNULL(SUM(total_amount),0) AS today_sales
            FROM sales
            WHERE DATE(sales_date) = \'2026-07-30\'
        ')
 2 SYSTEMPATH\Database\BaseConnection.php(646): CodeIgniter\Database\BaseConnection->simpleQuery('
            SELECT IFNULL(SUM(total_amount),0) AS today_sales
            FROM sales
            WHERE DATE(sales_date) = \'2026-07-30\'
        ')
 3 APPPATH\Controllers\DashboardController.php(33): CodeIgniter\Database\BaseConnection->query('
            SELECT IFNULL(SUM(total_amount),0) AS today_sales
            FROM sales
            WHERE DATE(sales_date) = ?
        ', [...])
 4 SYSTEMPATH\CodeIgniter.php(933): App\Controllers\DashboardController->index()
 5 SYSTEMPATH\CodeIgniter.php(507): CodeIgniter\CodeIgniter->runController(Object(App\Controllers\DashboardController))
 6 SYSTEMPATH\CodeIgniter.php(354): CodeIgniter\CodeIgniter->handleRequest(null, Object(Config\Cache), false)
 7 SYSTEMPATH\Boot.php(363): CodeIgniter\CodeIgniter->run()
 8 SYSTEMPATH\Boot.php(68): CodeIgniter\Boot::runCodeIgniter(Object(CodeIgniter\CodeIgniter))
 9 FCPATH\index.php(59): CodeIgniter\Boot::bootWeb(Object(Config\Paths))
CRITICAL - 2026-07-30 09:46:19 --> [Caused by] mysqli_sql_exception: Unknown column 'total_amount' in 'field list'
in SYSTEMPATH\Database\MySQLi\Connection.php on line 327.
 1 SYSTEMPATH\Database\MySQLi\Connection.php(327): mysqli->query('
            SELECT IFNULL(SUM(total_amount),0) AS today_sales
            FROM sales
            WHERE DATE(sales_date) = \'2026-07-30\'
        ', 0)
 2 SYSTEMPATH\Database\BaseConnection.php(729): CodeIgniter\Database\MySQLi\Connection->execute('
            SELECT IFNULL(SUM(total_amount),0) AS today_sales
            FROM sales
            WHERE DATE(sales_date) = \'2026-07-30\'
        ')
 3 SYSTEMPATH\Database\BaseConnection.php(646): CodeIgniter\Database\BaseConnection->simpleQuery('
            SELECT IFNULL(SUM(total_amount),0) AS today_sales
            FROM sales
            WHERE DATE(sales_date) = \'2026-07-30\'
        ')
 4 APPPATH\Controllers\DashboardController.php(33): CodeIgniter\Database\BaseConnection->query('
            SELECT IFNULL(SUM(total_amount),0) AS today_sales
            FROM sales
            WHERE DATE(sales_date) = ?
        ', [...])
 5 SYSTEMPATH\CodeIgniter.php(933): App\Controllers\DashboardController->index()
 6 SYSTEMPATH\CodeIgniter.php(507): CodeIgniter\CodeIgniter->runController(Object(App\Controllers\DashboardController))
 7 SYSTEMPATH\CodeIgniter.php(354): CodeIgniter\CodeIgniter->handleRequest(null, Object(Config\Cache), false)
 8 SYSTEMPATH\Boot.php(363): CodeIgniter\CodeIgniter->run()
 9 SYSTEMPATH\Boot.php(68): CodeIgniter\Boot::runCodeIgniter(Object(CodeIgniter\CodeIgniter))
10 FCPATH\index.php(59): CodeIgniter\Boot::bootWeb(Object(Config\Paths))
DEBUG - 2026-07-30 09:46:41 --> Session: Class initialized using 'CodeIgniter\Session\Handlers\FileHandler' driver.
ERROR - 2026-07-30 09:46:41 --> mysqli_sql_exception: Unknown column 'total_amount' in 'field list' in C:\laragon\www\pharmacy-project\system\Database\MySQLi\Connection.php:327
Stack trace:
#0 C:\laragon\www\pharmacy-project\system\Database\MySQLi\Connection.php(327): mysqli->query('\r\n            S...', 0)
#1 C:\laragon\www\pharmacy-project\system\Database\BaseConnection.php(729): CodeIgniter\Database\MySQLi\Connection->execute('\r\n            S...')
#2 C:\laragon\www\pharmacy-project\system\Database\BaseConnection.php(646): CodeIgniter\Database\BaseConnection->simpleQuery('\r\n            S...')
#3 C:\laragon\www\pharmacy-project\app\Controllers\DashboardController.php(33): CodeIgniter\Database\BaseConnection->query('\r\n            S...', Array)
#4 C:\laragon\www\pharmacy-project\system\CodeIgniter.php(933): App\Controllers\DashboardController->index()
#5 C:\laragon\www\pharmacy-project\system\CodeIgniter.php(507): CodeIgniter\CodeIgniter->runController(Object(App\Controllers\DashboardController))
#6 C:\laragon\www\pharmacy-project\system\CodeIgniter.php(354): CodeIgniter\CodeIgniter->handleRequest(NULL, Object(Config\Cache), false)
#7 C:\laragon\www\pharmacy-project\system\Boot.php(363): CodeIgniter\CodeIgniter->run()
#8 C:\laragon\www\pharmacy-project\system\Boot.php(68): CodeIgniter\Boot::runCodeIgniter(Object(CodeIgniter\CodeIgniter))
#9 C:\laragon\www\pharmacy-project\index.php(59): CodeIgniter\Boot::bootWeb(Object(Config\Paths))
#10 {main}
CRITICAL - 2026-07-30 09:46:41 --> CodeIgniter\Database\Exceptions\DatabaseException: Unknown column 'total_amount' in 'field list'
[Method: GET, Route: dashboard]
in SYSTEMPATH\Database\BaseConnection.php on line 684.
 1 APPPATH\Controllers\DashboardController.php(33): CodeIgniter\Database\BaseConnection->query('
            SELECT IFNULL(SUM(total_amount),0) AS today_sales
            FROM sales
            WHERE DATE(sales_date) = ?
        ', [...])
 2 SYSTEMPATH\CodeIgniter.php(933): App\Controllers\DashboardController->index()
 3 SYSTEMPATH\CodeIgniter.php(507): CodeIgniter\CodeIgniter->runController(Object(App\Controllers\DashboardController))
 4 SYSTEMPATH\CodeIgniter.php(354): CodeIgniter\CodeIgniter->handleRequest(null, Object(Config\Cache), false)
 5 SYSTEMPATH\Boot.php(363): CodeIgniter\CodeIgniter->run()
 6 SYSTEMPATH\Boot.php(68): CodeIgniter\Boot::runCodeIgniter(Object(CodeIgniter\CodeIgniter))
 7 FCPATH\index.php(59): CodeIgniter\Boot::bootWeb(Object(Config\Paths))
CRITICAL - 2026-07-30 09:46:41 --> [Caused by] CodeIgniter\Database\Exceptions\DatabaseException: Unknown column 'total_amount' in 'field list'
in SYSTEMPATH\Database\MySQLi\Connection.php on line 332.
 1 SYSTEMPATH\Database\BaseConnection.php(729): CodeIgniter\Database\MySQLi\Connection->execute('
            SELECT IFNULL(SUM(total_amount),0) AS today_sales
            FROM sales
            WHERE DATE(sales_date) = \'2026-07-30\'
        ')
 2 SYSTEMPATH\Database\BaseConnection.php(646): CodeIgniter\Database\BaseConnection->simpleQuery('
            SELECT IFNULL(SUM(total_amount),0) AS today_sales
            FROM sales
            WHERE DATE(sales_date) = \'2026-07-30\'
        ')
 3 APPPATH\Controllers\DashboardController.php(33): CodeIgniter\Database\BaseConnection->query('
            SELECT IFNULL(SUM(total_amount),0) AS today_sales
            FROM sales
            WHERE DATE(sales_date) = ?
        ', [...])
 4 SYSTEMPATH\CodeIgniter.php(933): App\Controllers\DashboardController->index()
 5 SYSTEMPATH\CodeIgniter.php(507): CodeIgniter\CodeIgniter->runController(Object(App\Controllers\DashboardController))
 6 SYSTEMPATH\CodeIgniter.php(354): CodeIgniter\CodeIgniter->handleRequest(null, Object(Config\Cache), false)
 7 SYSTEMPATH\Boot.php(363): CodeIgniter\CodeIgniter->run()
 8 SYSTEMPATH\Boot.php(68): CodeIgniter\Boot::runCodeIgniter(Object(CodeIgniter\CodeIgniter))
 9 FCPATH\index.php(59): CodeIgniter\Boot::bootWeb(Object(Config\Paths))
CRITICAL - 2026-07-30 09:46:41 --> [Caused by] mysqli_sql_exception: Unknown column 'total_amount' in 'field list'
in SYSTEMPATH\Database\MySQLi\Connection.php on line 327.
 1 SYSTEMPATH\Database\MySQLi\Connection.php(327): mysqli->query('
            SELECT IFNULL(SUM(total_amount),0) AS today_sales
            FROM sales
            WHERE DATE(sales_date) = \'2026-07-30\'
        ', 0)
 2 SYSTEMPATH\Database\BaseConnection.php(729): CodeIgniter\Database\MySQLi\Connection->execute('
            SELECT IFNULL(SUM(total_amount),0) AS today_sales
            FROM sales
            WHERE DATE(sales_date) = \'2026-07-30\'
        ')
 3 SYSTEMPATH\Database\BaseConnection.php(646): CodeIgniter\Database\BaseConnection->simpleQuery('
            SELECT IFNULL(SUM(total_amount),0) AS today_sales
            FROM sales
            WHERE DATE(sales_date) = \'2026-07-30\'
        ')
 4 APPPATH\Controllers\DashboardController.php(33): CodeIgniter\Database\BaseConnection->query('
            SELECT IFNULL(SUM(total_amount),0) AS today_sales
            FROM sales
            WHERE DATE(sales_date) = ?
        ', [...])
 5 SYSTEMPATH\CodeIgniter.php(933): App\Controllers\DashboardController->index()
 6 SYSTEMPATH\CodeIgniter.php(507): CodeIgniter\CodeIgniter->runController(Object(App\Controllers\DashboardController))
 7 SYSTEMPATH\CodeIgniter.php(354): CodeIgniter\CodeIgniter->handleRequest(null, Object(Config\Cache), false)
 8 SYSTEMPATH\Boot.php(363): CodeIgniter\CodeIgniter->run()
 9 SYSTEMPATH\Boot.php(68): CodeIgniter\Boot::runCodeIgniter(Object(CodeIgniter\CodeIgniter))
10 FCPATH\index.php(59): CodeIgniter\Boot::bootWeb(Object(Config\Paths))
DEBUG - 2026-07-30 09:46:42 --> Session: Class initialized using 'CodeIgniter\Session\Handlers\FileHandler' driver.
ERROR - 2026-07-30 09:46:42 --> mysqli_sql_exception: Unknown column 'total_amount' in 'field list' in C:\laragon\www\pharmacy-project\system\Database\MySQLi\Connection.php:327
Stack trace:
#0 C:\laragon\www\pharmacy-project\system\Database\MySQLi\Connection.php(327): mysqli->query('\r\n            S...', 0)
#1 C:\laragon\www\pharmacy-project\system\Database\BaseConnection.php(729): CodeIgniter\Database\MySQLi\Connection->execute('\r\n            S...')
#2 C:\laragon\www\pharmacy-project\system\Database\BaseConnection.php(646): CodeIgniter\Database\BaseConnection->simpleQuery('\r\n            S...')
#3 C:\laragon\www\pharmacy-project\app\Controllers\DashboardController.php(33): CodeIgniter\Database\BaseConnection->query('\r\n            S...', Array)
#4 C:\laragon\www\pharmacy-project\system\CodeIgniter.php(933): App\Controllers\DashboardController->index()
#5 C:\laragon\www\pharmacy-project\system\CodeIgniter.php(507): CodeIgniter\CodeIgniter->runController(Object(App\Controllers\DashboardController))
#6 C:\laragon\www\pharmacy-project\system\CodeIgniter.php(354): CodeIgniter\CodeIgniter->handleRequest(NULL, Object(Config\Cache), false)
#7 C:\laragon\www\pharmacy-project\system\Boot.php(363): CodeIgniter\CodeIgniter->run()
#8 C:\laragon\www\pharmacy-project\system\Boot.php(68): CodeIgniter\Boot::runCodeIgniter(Object(CodeIgniter\CodeIgniter))
#9 C:\laragon\www\pharmacy-project\index.php(59): CodeIgniter\Boot::bootWeb(Object(Config\Paths))
#10 {main}
CRITICAL - 2026-07-30 09:46:42 --> CodeIgniter\Database\Exceptions\DatabaseException: Unknown column 'total_amount' in 'field list'
[Method: GET, Route: dashboard]
in SYSTEMPATH\Database\BaseConnection.php on line 684.
 1 APPPATH\Controllers\DashboardController.php(33): CodeIgniter\Database\BaseConnection->query('
            SELECT IFNULL(SUM(total_amount),0) AS today_sales
            FROM sales
            WHERE DATE(sales_date) = ?
        ', [...])
 2 SYSTEMPATH\CodeIgniter.php(933): App\Controllers\DashboardController->index()
 3 SYSTEMPATH\CodeIgniter.php(507): CodeIgniter\CodeIgniter->runController(Object(App\Controllers\DashboardController))
 4 SYSTEMPATH\CodeIgniter.php(354): CodeIgniter\CodeIgniter->handleRequest(null, Object(Config\Cache), false)
 5 SYSTEMPATH\Boot.php(363): CodeIgniter\CodeIgniter->run()
 6 SYSTEMPATH\Boot.php(68): CodeIgniter\Boot::runCodeIgniter(Object(CodeIgniter\CodeIgniter))
 7 FCPATH\index.php(59): CodeIgniter\Boot::bootWeb(Object(Config\Paths))
CRITICAL - 2026-07-30 09:46:42 --> [Caused by] CodeIgniter\Database\Exceptions\DatabaseException: Unknown column 'total_amount' in 'field list'
in SYSTEMPATH\Database\MySQLi\Connection.php on line 332.
 1 SYSTEMPATH\Database\BaseConnection.php(729): CodeIgniter\Database\MySQLi\Connection->execute('
            SELECT IFNULL(SUM(total_amount),0) AS today_sales
            FROM sales
            WHERE DATE(sales_date) = \'2026-07-30\'
        ')
 2 SYSTEMPATH\Database\BaseConnection.php(646): CodeIgniter\Database\BaseConnection->simpleQuery('
            SELECT IFNULL(SUM(total_amount),0) AS today_sales
            FROM sales
            WHERE DATE(sales_date) = \'2026-07-30\'
        ')
 3 APPPATH\Controllers\DashboardController.php(33): CodeIgniter\Database\BaseConnection->query('
            SELECT IFNULL(SUM(total_amount),0) AS today_sales
            FROM sales
            WHERE DATE(sales_date) = ?
        ', [...])
 4 SYSTEMPATH\CodeIgniter.php(933): App\Controllers\DashboardController->index()
 5 SYSTEMPATH\CodeIgniter.php(507): CodeIgniter\CodeIgniter->runController(Object(App\Controllers\DashboardController))
 6 SYSTEMPATH\CodeIgniter.php(354): CodeIgniter\CodeIgniter->handleRequest(null, Object(Config\Cache), false)
 7 SYSTEMPATH\Boot.php(363): CodeIgniter\CodeIgniter->run()
 8 SYSTEMPATH\Boot.php(68): CodeIgniter\Boot::runCodeIgniter(Object(CodeIgniter\CodeIgniter))
 9 FCPATH\index.php(59): CodeIgniter\Boot::bootWeb(Object(Config\Paths))
CRITICAL - 2026-07-30 09:46:42 --> [Caused by] mysqli_sql_exception: Unknown column 'total_amount' in 'field list'
in SYSTEMPATH\Database\MySQLi\Connection.php on line 327.
 1 SYSTEMPATH\Database\MySQLi\Connection.php(327): mysqli->query('
            SELECT IFNULL(SUM(total_amount),0) AS today_sales
            FROM sales
            WHERE DATE(sales_date) = \'2026-07-30\'
        ', 0)
 2 SYSTEMPATH\Database\BaseConnection.php(729): CodeIgniter\Database\MySQLi\Connection->execute('
            SELECT IFNULL(SUM(total_amount),0) AS today_sales
            FROM sales
            WHERE DATE(sales_date) = \'2026-07-30\'
        ')
 3 SYSTEMPATH\Database\BaseConnection.php(646): CodeIgniter\Database\BaseConnection->simpleQuery('
            SELECT IFNULL(SUM(total_amount),0) AS today_sales
            FROM sales
            WHERE DATE(sales_date) = \'2026-07-30\'
        ')
 4 APPPATH\Controllers\DashboardController.php(33): CodeIgniter\Database\BaseConnection->query('
            SELECT IFNULL(SUM(total_amount),0) AS today_sales
            FROM sales
            WHERE DATE(sales_date) = ?
        ', [...])
 5 SYSTEMPATH\CodeIgniter.php(933): App\Controllers\DashboardController->index()
 6 SYSTEMPATH\CodeIgniter.php(507): CodeIgniter\CodeIgniter->runController(Object(App\Controllers\DashboardController))
 7 SYSTEMPATH\CodeIgniter.php(354): CodeIgniter\CodeIgniter->handleRequest(null, Object(Config\Cache), false)
 8 SYSTEMPATH\Boot.php(363): CodeIgniter\CodeIgniter->run()
 9 SYSTEMPATH\Boot.php(68): CodeIgniter\Boot::runCodeIgniter(Object(CodeIgniter\CodeIgniter))
10 FCPATH\index.php(59): CodeIgniter\Boot::bootWeb(Object(Config\Paths))
DEBUG - 2026-07-30 09:46:44 --> Session: Class initialized using 'CodeIgniter\Session\Handlers\FileHandler' driver.
DEBUG - 2026-07-30 09:46:44 --> Session: Class initialized using 'CodeIgniter\Session\Handlers\FileHandler' driver.
ERROR - 2026-07-30 09:46:44 --> mysqli_sql_exception: Unknown column 'total_amount' in 'field list' in C:\laragon\www\pharmacy-project\system\Database\MySQLi\Connection.php:327
Stack trace:
#0 C:\laragon\www\pharmacy-project\system\Database\MySQLi\Connection.php(327): mysqli->query('\r\n            S...', 0)
#1 C:\laragon\www\pharmacy-project\system\Database\BaseConnection.php(729): CodeIgniter\Database\MySQLi\Connection->execute('\r\n            S...')
#2 C:\laragon\www\pharmacy-project\system\Database\BaseConnection.php(646): CodeIgniter\Database\BaseConnection->simpleQuery('\r\n            S...')
#3 C:\laragon\www\pharmacy-project\app\Controllers\DashboardController.php(33): CodeIgniter\Database\BaseConnection->query('\r\n            S...', Array)
#4 C:\laragon\www\pharmacy-project\system\CodeIgniter.php(933): App\Controllers\DashboardController->index()
#5 C:\laragon\www\pharmacy-project\system\CodeIgniter.php(507): CodeIgniter\CodeIgniter->runController(Object(App\Controllers\DashboardController))
#6 C:\laragon\www\pharmacy-project\system\CodeIgniter.php(354): CodeIgniter\CodeIgniter->handleRequest(NULL, Object(Config\Cache), false)
#7 C:\laragon\www\pharmacy-project\system\Boot.php(363): CodeIgniter\CodeIgniter->run()
#8 C:\laragon\www\pharmacy-project\system\Boot.php(68): CodeIgniter\Boot::runCodeIgniter(Object(CodeIgniter\CodeIgniter))
#9 C:\laragon\www\pharmacy-project\index.php(59): CodeIgniter\Boot::bootWeb(Object(Config\Paths))
#10 {main}
CRITICAL - 2026-07-30 09:46:44 --> CodeIgniter\Database\Exceptions\DatabaseException: Unknown column 'total_amount' in 'field list'
[Method: GET, Route: dashboard]
in SYSTEMPATH\Database\BaseConnection.php on line 684.
 1 APPPATH\Controllers\DashboardController.php(33): CodeIgniter\Database\BaseConnection->query('
            SELECT IFNULL(SUM(total_amount),0) AS today_sales
            FROM sales
            WHERE DATE(sales_date) = ?
        ', [...])
 2 SYSTEMPATH\CodeIgniter.php(933): App\Controllers\DashboardController->index()
 3 SYSTEMPATH\CodeIgniter.php(507): CodeIgniter\CodeIgniter->runController(Object(App\Controllers\DashboardController))
 4 SYSTEMPATH\CodeIgniter.php(354): CodeIgniter\CodeIgniter->handleRequest(null, Object(Config\Cache), false)
 5 SYSTEMPATH\Boot.php(363): CodeIgniter\CodeIgniter->run()
 6 SYSTEMPATH\Boot.php(68): CodeIgniter\Boot::runCodeIgniter(Object(CodeIgniter\CodeIgniter))
 7 FCPATH\index.php(59): CodeIgniter\Boot::bootWeb(Object(Config\Paths))
CRITICAL - 2026-07-30 09:46:44 --> [Caused by] CodeIgniter\Database\Exceptions\DatabaseException: Unknown column 'total_amount' in 'field list'
in SYSTEMPATH\Database\MySQLi\Connection.php on line 332.
 1 SYSTEMPATH\Database\BaseConnection.php(729): CodeIgniter\Database\MySQLi\Connection->execute('
            SELECT IFNULL(SUM(total_amount),0) AS today_sales
            FROM sales
            WHERE DATE(sales_date) = \'2026-07-30\'
        ')
 2 SYSTEMPATH\Database\BaseConnection.php(646): CodeIgniter\Database\BaseConnection->simpleQuery('
            SELECT IFNULL(SUM(total_amount),0) AS today_sales
            FROM sales
            WHERE DATE(sales_date) = \'2026-07-30\'
        ')
 3 APPPATH\Controllers\DashboardController.php(33): CodeIgniter\Database\BaseConnection->query('
            SELECT IFNULL(SUM(total_amount),0) AS today_sales
            FROM sales
            WHERE DATE(sales_date) = ?
        ', [...])
 4 SYSTEMPATH\CodeIgniter.php(933): App\Controllers\DashboardController->index()
 5 SYSTEMPATH\CodeIgniter.php(507): CodeIgniter\CodeIgniter->runController(Object(App\Controllers\DashboardController))
 6 SYSTEMPATH\CodeIgniter.php(354): CodeIgniter\CodeIgniter->handleRequest(null, Object(Config\Cache), false)
 7 SYSTEMPATH\Boot.php(363): CodeIgniter\CodeIgniter->run()
 8 SYSTEMPATH\Boot.php(68): CodeIgniter\Boot::runCodeIgniter(Object(CodeIgniter\CodeIgniter))
 9 FCPATH\index.php(59): CodeIgniter\Boot::bootWeb(Object(Config\Paths))
CRITICAL - 2026-07-30 09:46:44 --> [Caused by] mysqli_sql_exception: Unknown column 'total_amount' in 'field list'
in SYSTEMPATH\Database\MySQLi\Connection.php on line 327.
 1 SYSTEMPATH\Database\MySQLi\Connection.php(327): mysqli->query('
            SELECT IFNULL(SUM(total_amount),0) AS today_sales
            FROM sales
            WHERE DATE(sales_date) = \'2026-07-30\'
        ', 0)
 2 SYSTEMPATH\Database\BaseConnection.php(729): CodeIgniter\Database\MySQLi\Connection->execute('
            SELECT IFNULL(SUM(total_amount),0) AS today_sales
            FROM sales
            WHERE DATE(sales_date) = \'2026-07-30\'
        ')
 3 SYSTEMPATH\Database\BaseConnection.php(646): CodeIgniter\Database\BaseConnection->simpleQuery('
            SELECT IFNULL(SUM(total_amount),0) AS today_sales
            FROM sales
            WHERE DATE(sales_date) = \'2026-07-30\'
        ')
 4 APPPATH\Controllers\DashboardController.php(33): CodeIgniter\Database\BaseConnection->query('
            SELECT IFNULL(SUM(total_amount),0) AS today_sales
            FROM sales
            WHERE DATE(sales_date) = ?
        ', [...])
 5 SYSTEMPATH\CodeIgniter.php(933): App\Controllers\DashboardController->index()
 6 SYSTEMPATH\CodeIgniter.php(507): CodeIgniter\CodeIgniter->runController(Object(App\Controllers\DashboardController))
 7 SYSTEMPATH\CodeIgniter.php(354): CodeIgniter\CodeIgniter->handleRequest(null, Object(Config\Cache), false)
 8 SYSTEMPATH\Boot.php(363): CodeIgniter\CodeIgniter->run()
 9 SYSTEMPATH\Boot.php(68): CodeIgniter\Boot::runCodeIgniter(Object(CodeIgniter\CodeIgniter))
10 FCPATH\index.php(59): CodeIgniter\Boot::bootWeb(Object(Config\Paths))
DEBUG - 2026-07-30 09:46:51 --> Session: Class initialized using 'CodeIgniter\Session\Handlers\FileHandler' driver.
DEBUG - 2026-07-30 09:46:52 --> Session: Class initialized using 'CodeIgniter\Session\Handlers\FileHandler' driver.
ERROR - 2026-07-30 09:46:52 --> mysqli_sql_exception: Unknown column 'total_amount' in 'field list' in C:\laragon\www\pharmacy-project\system\Database\MySQLi\Connection.php:327
Stack trace:
#0 C:\laragon\www\pharmacy-project\system\Database\MySQLi\Connection.php(327): mysqli->query('\r\n            S...', 0)
#1 C:\laragon\www\pharmacy-project\system\Database\BaseConnection.php(729): CodeIgniter\Database\MySQLi\Connection->execute('\r\n            S...')
#2 C:\laragon\www\pharmacy-project\system\Database\BaseConnection.php(646): CodeIgniter\Database\BaseConnection->simpleQuery('\r\n            S...')
#3 C:\laragon\www\pharmacy-project\app\Controllers\DashboardController.php(33): CodeIgniter\Database\BaseConnection->query('\r\n            S...', Array)
#4 C:\laragon\www\pharmacy-project\system\CodeIgniter.php(933): App\Controllers\DashboardController->index()
#5 C:\laragon\www\pharmacy-project\system\CodeIgniter.php(507): CodeIgniter\CodeIgniter->runController(Object(App\Controllers\DashboardController))
#6 C:\laragon\www\pharmacy-project\system\CodeIgniter.php(354): CodeIgniter\CodeIgniter->handleRequest(NULL, Object(Config\Cache), false)
#7 C:\laragon\www\pharmacy-project\system\Boot.php(363): CodeIgniter\CodeIgniter->run()
#8 C:\laragon\www\pharmacy-project\system\Boot.php(68): CodeIgniter\Boot::runCodeIgniter(Object(CodeIgniter\CodeIgniter))
#9 C:\laragon\www\pharmacy-project\index.php(59): CodeIgniter\Boot::bootWeb(Object(Config\Paths))
#10 {main}
CRITICAL - 2026-07-30 09:46:52 --> CodeIgniter\Database\Exceptions\DatabaseException: Unknown column 'total_amount' in 'field list'
[Method: GET, Route: dashboard]
in SYSTEMPATH\Database\BaseConnection.php on line 684.
 1 APPPATH\Controllers\DashboardController.php(33): CodeIgniter\Database\BaseConnection->query('
            SELECT IFNULL(SUM(total_amount),0) AS today_sales
            FROM sales
            WHERE DATE(sales_date) = ?
        ', [...])
 2 SYSTEMPATH\CodeIgniter.php(933): App\Controllers\DashboardController->index()
 3 SYSTEMPATH\CodeIgniter.php(507): CodeIgniter\CodeIgniter->runController(Object(App\Controllers\DashboardController))
 4 SYSTEMPATH\CodeIgniter.php(354): CodeIgniter\CodeIgniter->handleRequest(null, Object(Config\Cache), false)
 5 SYSTEMPATH\Boot.php(363): CodeIgniter\CodeIgniter->run()
 6 SYSTEMPATH\Boot.php(68): CodeIgniter\Boot::runCodeIgniter(Object(CodeIgniter\CodeIgniter))
 7 FCPATH\index.php(59): CodeIgniter\Boot::bootWeb(Object(Config\Paths))
CRITICAL - 2026-07-30 09:46:52 --> [Caused by] CodeIgniter\Database\Exceptions\DatabaseException: Unknown column 'total_amount' in 'field list'
in SYSTEMPATH\Database\MySQLi\Connection.php on line 332.
 1 SYSTEMPATH\Database\BaseConnection.php(729): CodeIgniter\Database\MySQLi\Connection->execute('
            SELECT IFNULL(SUM(total_amount),0) AS today_sales
            FROM sales
            WHERE DATE(sales_date) = \'2026-07-30\'
        ')
 2 SYSTEMPATH\Database\BaseConnection.php(646): CodeIgniter\Database\BaseConnection->simpleQuery('
            SELECT IFNULL(SUM(total_amount),0) AS today_sales
            FROM sales
            WHERE DATE(sales_date) = \'2026-07-30\'
        ')
 3 APPPATH\Controllers\DashboardController.php(33): CodeIgniter\Database\BaseConnection->query('
            SELECT IFNULL(SUM(total_amount),0) AS today_sales
            FROM sales
            WHERE DATE(sales_date) = ?
        ', [...])
 4 SYSTEMPATH\CodeIgniter.php(933): App\Controllers\DashboardController->index()
 5 SYSTEMPATH\CodeIgniter.php(507): CodeIgniter\CodeIgniter->runController(Object(App\Controllers\DashboardController))
 6 SYSTEMPATH\CodeIgniter.php(354): CodeIgniter\CodeIgniter->handleRequest(null, Object(Config\Cache), false)
 7 SYSTEMPATH\Boot.php(363): CodeIgniter\CodeIgniter->run()
 8 SYSTEMPATH\Boot.php(68): CodeIgniter\Boot::runCodeIgniter(Object(CodeIgniter\CodeIgniter))
 9 FCPATH\index.php(59): CodeIgniter\Boot::bootWeb(Object(Config\Paths))
CRITICAL - 2026-07-30 09:46:52 --> [Caused by] mysqli_sql_exception: Unknown column 'total_amount' in 'field list'
in SYSTEMPATH\Database\MySQLi\Connection.php on line 327.
 1 SYSTEMPATH\Database\MySQLi\Connection.php(327): mysqli->query('
            SELECT IFNULL(SUM(total_amount),0) AS today_sales
            FROM sales
            WHERE DATE(sales_date) = \'2026-07-30\'
        ', 0)
 2 SYSTEMPATH\Database\BaseConnection.php(729): CodeIgniter\Database\MySQLi\Connection->execute('
            SELECT IFNULL(SUM(total_amount),0) AS today_sales
            FROM sales
            WHERE DATE(sales_date) = \'2026-07-30\'
        ')
 3 SYSTEMPATH\Database\BaseConnection.php(646): CodeIgniter\Database\BaseConnection->simpleQuery('
            SELECT IFNULL(SUM(total_amount),0) AS today_sales
            FROM sales
            WHERE DATE(sales_date) = \'2026-07-30\'
        ')
 4 APPPATH\Controllers\DashboardController.php(33): CodeIgniter\Database\BaseConnection->query('
            SELECT IFNULL(SUM(total_amount),0) AS today_sales
            FROM sales
            WHERE DATE(sales_date) = ?
        ', [...])
 5 SYSTEMPATH\CodeIgniter.php(933): App\Controllers\DashboardController->index()
 6 SYSTEMPATH\CodeIgniter.php(507): CodeIgniter\CodeIgniter->runController(Object(App\Controllers\DashboardController))
 7 SYSTEMPATH\CodeIgniter.php(354): CodeIgniter\CodeIgniter->handleRequest(null, Object(Config\Cache), false)
 8 SYSTEMPATH\Boot.php(363): CodeIgniter\CodeIgniter->run()
 9 SYSTEMPATH\Boot.php(68): CodeIgniter\Boot::runCodeIgniter(Object(CodeIgniter\CodeIgniter))
10 FCPATH\index.php(59): CodeIgniter\Boot::bootWeb(Object(Config\Paths))
DEBUG - 2026-07-30 09:47:06 --> Session: Class initialized using 'CodeIgniter\Session\Handlers\FileHandler' driver.
ERROR - 2026-07-30 09:47:06 --> mysqli_sql_exception: Unknown column 'total_amount' in 'field list' in C:\laragon\www\pharmacy-project\system\Database\MySQLi\Connection.php:327
Stack trace:
#0 C:\laragon\www\pharmacy-project\system\Database\MySQLi\Connection.php(327): mysqli->query('\r\n            S...', 0)
#1 C:\laragon\www\pharmacy-project\system\Database\BaseConnection.php(729): CodeIgniter\Database\MySQLi\Connection->execute('\r\n            S...')
#2 C:\laragon\www\pharmacy-project\system\Database\BaseConnection.php(646): CodeIgniter\Database\BaseConnection->simpleQuery('\r\n            S...')
#3 C:\laragon\www\pharmacy-project\app\Controllers\DashboardController.php(33): CodeIgniter\Database\BaseConnection->query('\r\n            S...', Array)
#4 C:\laragon\www\pharmacy-project\system\CodeIgniter.php(933): App\Controllers\DashboardController->index()
#5 C:\laragon\www\pharmacy-project\system\CodeIgniter.php(507): CodeIgniter\CodeIgniter->runController(Object(App\Controllers\DashboardController))
#6 C:\laragon\www\pharmacy-project\system\CodeIgniter.php(354): CodeIgniter\CodeIgniter->handleRequest(NULL, Object(Config\Cache), false)
#7 C:\laragon\www\pharmacy-project\system\Boot.php(363): CodeIgniter\CodeIgniter->run()
#8 C:\laragon\www\pharmacy-project\system\Boot.php(68): CodeIgniter\Boot::runCodeIgniter(Object(CodeIgniter\CodeIgniter))
#9 C:\laragon\www\pharmacy-project\index.php(59): CodeIgniter\Boot::bootWeb(Object(Config\Paths))
#10 {main}
CRITICAL - 2026-07-30 09:47:06 --> CodeIgniter\Database\Exceptions\DatabaseException: Unknown column 'total_amount' in 'field list'
[Method: GET, Route: dashboard]
in SYSTEMPATH\Database\BaseConnection.php on line 684.
 1 APPPATH\Controllers\DashboardController.php(33): CodeIgniter\Database\BaseConnection->query('
            SELECT IFNULL(SUM(total_amount),0) AS today_sales
            FROM sales
            WHERE DATE(sales_date) = ?
        ', [...])
 2 SYSTEMPATH\CodeIgniter.php(933): App\Controllers\DashboardController->index()
 3 SYSTEMPATH\CodeIgniter.php(507): CodeIgniter\CodeIgniter->runController(Object(App\Controllers\DashboardController))
 4 SYSTEMPATH\CodeIgniter.php(354): CodeIgniter\CodeIgniter->handleRequest(null, Object(Config\Cache), false)
 5 SYSTEMPATH\Boot.php(363): CodeIgniter\CodeIgniter->run()
 6 SYSTEMPATH\Boot.php(68): CodeIgniter\Boot::runCodeIgniter(Object(CodeIgniter\CodeIgniter))
 7 FCPATH\index.php(59): CodeIgniter\Boot::bootWeb(Object(Config\Paths))
CRITICAL - 2026-07-30 09:47:06 --> [Caused by] CodeIgniter\Database\Exceptions\DatabaseException: Unknown column 'total_amount' in 'field list'
in SYSTEMPATH\Database\MySQLi\Connection.php on line 332.
 1 SYSTEMPATH\Database\BaseConnection.php(729): CodeIgniter\Database\MySQLi\Connection->execute('
            SELECT IFNULL(SUM(total_amount),0) AS today_sales
            FROM sales
            WHERE DATE(sales_date) = \'2026-07-30\'
        ')
 2 SYSTEMPATH\Database\BaseConnection.php(646): CodeIgniter\Database\BaseConnection->simpleQuery('
            SELECT IFNULL(SUM(total_amount),0) AS today_sales
            FROM sales
            WHERE DATE(sales_date) = \'2026-07-30\'
        ')
 3 APPPATH\Controllers\DashboardController.php(33): CodeIgniter\Database\BaseConnection->query('
            SELECT IFNULL(SUM(total_amount),0) AS today_sales
            FROM sales
            WHERE DATE(sales_date) = ?
        ', [...])
 4 SYSTEMPATH\CodeIgniter.php(933): App\Controllers\DashboardController->index()
 5 SYSTEMPATH\CodeIgniter.php(507): CodeIgniter\CodeIgniter->runController(Object(App\Controllers\DashboardController))
 6 SYSTEMPATH\CodeIgniter.php(354): CodeIgniter\CodeIgniter->handleRequest(null, Object(Config\Cache), false)
 7 SYSTEMPATH\Boot.php(363): CodeIgniter\CodeIgniter->run()
 8 SYSTEMPATH\Boot.php(68): CodeIgniter\Boot::runCodeIgniter(Object(CodeIgniter\CodeIgniter))
 9 FCPATH\index.php(59): CodeIgniter\Boot::bootWeb(Object(Config\Paths))
CRITICAL - 2026-07-30 09:47:06 --> [Caused by] mysqli_sql_exception: Unknown column 'total_amount' in 'field list'
in SYSTEMPATH\Database\MySQLi\Connection.php on line 327.
 1 SYSTEMPATH\Database\MySQLi\Connection.php(327): mysqli->query('
            SELECT IFNULL(SUM(total_amount),0) AS today_sales
            FROM sales
            WHERE DATE(sales_date) = \'2026-07-30\'
        ', 0)
 2 SYSTEMPATH\Database\BaseConnection.php(729): CodeIgniter\Database\MySQLi\Connection->execute('
            SELECT IFNULL(SUM(total_amount),0) AS today_sales
            FROM sales
            WHERE DATE(sales_date) = \'2026-07-30\'
        ')
 3 SYSTEMPATH\Database\BaseConnection.php(646): CodeIgniter\Database\BaseConnection->simpleQuery('
            SELECT IFNULL(SUM(total_amount),0) AS today_sales
            FROM sales
            WHERE DATE(sales_date) = \'2026-07-30\'
        ')
 4 APPPATH\Controllers\DashboardController.php(33): CodeIgniter\Database\BaseConnection->query('
            SELECT IFNULL(SUM(total_amount),0) AS today_sales
            FROM sales
            WHERE DATE(sales_date) = ?
        ', [...])
 5 SYSTEMPATH\CodeIgniter.php(933): App\Controllers\DashboardController->index()
 6 SYSTEMPATH\CodeIgniter.php(507): CodeIgniter\CodeIgniter->runController(Object(App\Controllers\DashboardController))
 7 SYSTEMPATH\CodeIgniter.php(354): CodeIgniter\CodeIgniter->handleRequest(null, Object(Config\Cache), false)
 8 SYSTEMPATH\Boot.php(363): CodeIgniter\CodeIgniter->run()
 9 SYSTEMPATH\Boot.php(68): CodeIgniter\Boot::runCodeIgniter(Object(CodeIgniter\CodeIgniter))
10 FCPATH\index.php(59): CodeIgniter\Boot::bootWeb(Object(Config\Paths))
DEBUG - 2026-07-30 09:48:14 --> Session: Class initialized using 'CodeIgniter\Session\Handlers\FileHandler' driver.
DEBUG - 2026-07-30 09:48:20 --> Session: Class initialized using 'CodeIgniter\Session\Handlers\FileHandler' driver.
DEBUG - 2026-07-30 09:49:01 --> Session: Class initialized using 'CodeIgniter\Session\Handlers\FileHandler' driver.
CRITICAL - 2026-07-30 09:49:01 --> Error: Class "App\Controllers\ProductModel" not found
[Method: GET, Route: opening-stock]
in APPPATH\Controllers\OpeningStockController.php on line 10.
 1 SYSTEMPATH\CodeIgniter.php(933): App\Controllers\OpeningStockController->index()
 2 SYSTEMPATH\CodeIgniter.php(507): CodeIgniter\CodeIgniter->runController(Object(App\Controllers\OpeningStockController))
 3 SYSTEMPATH\CodeIgniter.php(354): CodeIgniter\CodeIgniter->handleRequest(null, Object(Config\Cache), false)
 4 SYSTEMPATH\Boot.php(363): CodeIgniter\CodeIgniter->run()
 5 SYSTEMPATH\Boot.php(68): CodeIgniter\Boot::runCodeIgniter(Object(CodeIgniter\CodeIgniter))
 6 FCPATH\index.php(59): CodeIgniter\Boot::bootWeb(Object(Config\Paths))
DEBUG - 2026-07-30 09:49:57 --> Session: Class initialized using 'CodeIgniter\Session\Handlers\FileHandler' driver.
CRITICAL - 2026-07-30 09:49:57 --> ErrorException: Undefined variable $products
[Method: GET, Route: opening-stock]
in APPPATH\Views\opening_stock\create.php on line 28.
 1 APPPATH\Views\opening_stock\create.php(28): CodeIgniter\Debug\Exceptions->errorHandler(2, 'Undefined variable $products', 'C:\\laragon\\www\\pharmacy-project\\app\\Views\\opening_stock\\create.php', 28)
 2 SYSTEMPATH\View\View.php(226): include('C:\\laragon\\www\\pharmacy-project\\app\\Views\\opening_stock\\create.php')
 3 SYSTEMPATH\View\View.php(229): CodeIgniter\View\View->CodeIgniter\View\{closure}()
 4 SYSTEMPATH\Common.php(1167): CodeIgniter\View\View->render('opening_stock/create', [], true)
 5 APPPATH\Controllers\OpeningStockController.php(16): view('opening_stock/create')
 6 SYSTEMPATH\CodeIgniter.php(933): App\Controllers\OpeningStockController->index()
 7 SYSTEMPATH\CodeIgniter.php(507): CodeIgniter\CodeIgniter->runController(Object(App\Controllers\OpeningStockController))
 8 SYSTEMPATH\CodeIgniter.php(354): CodeIgniter\CodeIgniter->handleRequest(null, Object(Config\Cache), false)
 9 SYSTEMPATH\Boot.php(363): CodeIgniter\CodeIgniter->run()
10 SYSTEMPATH\Boot.php(68): CodeIgniter\Boot::runCodeIgniter(Object(CodeIgniter\CodeIgniter))
11 FCPATH\index.php(59): CodeIgniter\Boot::bootWeb(Object(Config\Paths))
DEBUG - 2026-07-30 10:03:00 --> Session: Class initialized using 'CodeIgniter\Session\Handlers\FileHandler' driver.
DEBUG - 2026-07-30 10:03:11 --> Session: Class initialized using 'CodeIgniter\Session\Handlers\FileHandler' driver.
DEBUG - 2026-07-30 10:05:19 --> Session: Class initialized using 'CodeIgniter\Session\Handlers\FileHandler' driver.
DEBUG - 2026-07-30 10:05:29 --> Session: Class initialized using 'CodeIgniter\Session\Handlers\FileHandler' driver.
DEBUG - 2026-07-30 10:05:34 --> Session: Class initialized using 'CodeIgniter\Session\Handlers\FileHandler' driver.
DEBUG - 2026-07-30 10:06:02 --> Session: Class initialized using 'CodeIgniter\Session\Handlers\FileHandler' driver.
DEBUG - 2026-07-30 10:07:14 --> Session: Class initialized using 'CodeIgniter\Session\Handlers\FileHandler' driver.
CRITICAL - 2026-07-30 10:07:14 --> Error: Class "App\Models\ProductModel" not found
[Method: GET, Route: opening-stock]
in APPPATH\Controllers\OpeningStockController.php on line 12.
 1 SYSTEMPATH\CodeIgniter.php(933): App\Controllers\OpeningStockController->index()
 2 SYSTEMPATH\CodeIgniter.php(507): CodeIgniter\CodeIgniter->runController(Object(App\Controllers\OpeningStockController))
 3 SYSTEMPATH\CodeIgniter.php(354): CodeIgniter\CodeIgniter->handleRequest(null, Object(Config\Cache), false)
 4 SYSTEMPATH\Boot.php(363): CodeIgniter\CodeIgniter->run()
 5 SYSTEMPATH\Boot.php(68): CodeIgniter\Boot::runCodeIgniter(Object(CodeIgniter\CodeIgniter))
 6 FCPATH\index.php(59): CodeIgniter\Boot::bootWeb(Object(Config\Paths))
DEBUG - 2026-07-30 10:12:27 --> Session: Class initialized using 'CodeIgniter\Session\Handlers\FileHandler' driver.
CRITICAL - 2026-07-30 10:12:27 --> Error: Class "App\Models\ProductModel" not found
[Method: GET, Route: opening-stock]
in APPPATH\Controllers\OpeningStockController.php on line 12.
 1 SYSTEMPATH\CodeIgniter.php(933): App\Controllers\OpeningStockController->index()
 2 SYSTEMPATH\CodeIgniter.php(507): CodeIgniter\CodeIgniter->runController(Object(App\Controllers\OpeningStockController))
 3 SYSTEMPATH\CodeIgniter.php(354): CodeIgniter\CodeIgniter->handleRequest(null, Object(Config\Cache), false)
 4 SYSTEMPATH\Boot.php(363): CodeIgniter\CodeIgniter->run()
 5 SYSTEMPATH\Boot.php(68): CodeIgniter\Boot::runCodeIgniter(Object(CodeIgniter\CodeIgniter))
 6 FCPATH\index.php(59): CodeIgniter\Boot::bootWeb(Object(Config\Paths))
DEBUG - 2026-07-30 10:12:29 --> Session: Class initialized using 'CodeIgniter\Session\Handlers\FileHandler' driver.
DEBUG - 2026-07-30 10:12:30 --> Session: Class initialized using 'CodeIgniter\Session\Handlers\FileHandler' driver.
DEBUG - 2026-07-30 10:12:57 --> Session: Class initialized using 'CodeIgniter\Session\Handlers\FileHandler' driver.
DEBUG - 2026-07-30 10:12:57 --> Session: Class initialized using 'CodeIgniter\Session\Handlers\FileHandler' driver.
DEBUG - 2026-07-30 10:12:59 --> Session: Class initialized using 'CodeIgniter\Session\Handlers\FileHandler' driver.
DEBUG - 2026-07-30 10:12:59 --> Session: Class initialized using 'CodeIgniter\Session\Handlers\FileHandler' driver.
DEBUG - 2026-07-30 10:13:17 --> Session: Class initialized using 'CodeIgniter\Session\Handlers\FileHandler' driver.
CRITICAL - 2026-07-30 10:13:17 --> Error: Class "App\Models\ProductModel" not found
[Method: GET, Route: opening-stock]
in APPPATH\Controllers\OpeningStockController.php on line 12.
 1 SYSTEMPATH\CodeIgniter.php(933): App\Controllers\OpeningStockController->index()
 2 SYSTEMPATH\CodeIgniter.php(507): CodeIgniter\CodeIgniter->runController(Object(App\Controllers\OpeningStockController))
 3 SYSTEMPATH\CodeIgniter.php(354): CodeIgniter\CodeIgniter->handleRequest(null, Object(Config\Cache), false)
 4 SYSTEMPATH\Boot.php(363): CodeIgniter\CodeIgniter->run()
 5 SYSTEMPATH\Boot.php(68): CodeIgniter\Boot::runCodeIgniter(Object(CodeIgniter\CodeIgniter))
 6 FCPATH\index.php(59): CodeIgniter\Boot::bootWeb(Object(Config\Paths))
DEBUG - 2026-07-30 10:13:23 --> Session: Class initialized using 'CodeIgniter\Session\Handlers\FileHandler' driver.
DEBUG - 2026-07-30 10:14:01 --> Session: Class initialized using 'CodeIgniter\Session\Handlers\FileHandler' driver.
DEBUG - 2026-07-30 10:14:40 --> Session: Class initialized using 'CodeIgniter\Session\Handlers\FileHandler' driver.
DEBUG - 2026-07-30 10:14:41 --> Session: Class initialized using 'CodeIgniter\Session\Handlers\FileHandler' driver.
DEBUG - 2026-07-30 10:15:38 --> Session: Class initialized using 'CodeIgniter\Session\Handlers\FileHandler' driver.
DEBUG - 2026-07-30 10:15:47 --> Session: Class initialized using 'CodeIgniter\Session\Handlers\FileHandler' driver.
DEBUG - 2026-07-30 10:15:48 --> Session: Class initialized using 'CodeIgniter\Session\Handlers\FileHandler' driver.
DEBUG - 2026-07-30 10:15:49 --> Session: Class initialized using 'CodeIgniter\Session\Handlers\FileHandler' driver.
DEBUG - 2026-07-30 10:15:49 --> Session: Class initialized using 'CodeIgniter\Session\Handlers\FileHandler' driver.
DEBUG - 2026-07-30 10:15:53 --> Session: Class initialized using 'CodeIgniter\Session\Handlers\FileHandler' driver.
ERROR - 2026-07-30 10:15:53 --> mysqli_sql_exception: Table 'pharmacy_db.product_inital_stock' doesn't exist in C:\laragon\www\pharmacy-project\system\Database\MySQLi\Connection.php:327
Stack trace:
#0 C:\laragon\www\pharmacy-project\system\Database\MySQLi\Connection.php(327): mysqli->query('SELECT `pr`.*, ...', 0)
#1 C:\laragon\www\pharmacy-project\system\Database\BaseConnection.php(729): CodeIgniter\Database\MySQLi\Connection->execute('SELECT `pr`.*, ...')
#2 C:\laragon\www\pharmacy-project\system\Database\BaseConnection.php(646): CodeIgniter\Database\BaseConnection->simpleQuery('SELECT `pr`.*, ...')
#3 C:\laragon\www\pharmacy-project\system\Database\BaseBuilder.php(1649): CodeIgniter\Database\BaseConnection->query('SELECT `pr`.*, ...', Array, false)
#4 C:\laragon\www\pharmacy-project\app\Models\NewProductAddModel.php(152): CodeIgniter\Database\BaseBuilder->get()
#5 C:\laragon\www\pharmacy-project\app\Controllers\ProductController.php(46): App\Models\NewProductAddModel->getProductList()
#6 C:\laragon\www\pharmacy-project\system\CodeIgniter.php(933): App\Controllers\ProductController->index()
#7 C:\laragon\www\pharmacy-project\system\CodeIgniter.php(507): CodeIgniter\CodeIgniter->runController(Object(App\Controllers\ProductController))
#8 C:\laragon\www\pharmacy-project\system\CodeIgniter.php(354): CodeIgniter\CodeIgniter->handleRequest(NULL, Object(Config\Cache), false)
#9 C:\laragon\www\pharmacy-project\system\Boot.php(363): CodeIgniter\CodeIgniter->run()
#10 C:\laragon\www\pharmacy-project\system\Boot.php(68): CodeIgniter\Boot::runCodeIgniter(Object(CodeIgniter\CodeIgniter))
#11 C:\laragon\www\pharmacy-project\index.php(59): CodeIgniter\Boot::bootWeb(Object(Config\Paths))
#12 {main}
CRITICAL - 2026-07-30 10:15:53 --> CodeIgniter\Database\Exceptions\DatabaseException: Table 'pharmacy_db.product_inital_stock' doesn't exist
[Method: GET, Route: products]
in SYSTEMPATH\Database\BaseConnection.php on line 684.
 1 SYSTEMPATH\Database\BaseBuilder.php(1649): CodeIgniter\Database\BaseConnection->query('SELECT `pr`.*, `pc`.`category_name`, `pg`.`group_name`, `pb`.`product_brand_name`, `pu`.`product_unit_name`, `ps`.`strength_name`, `tx`.`tax_name`, `tx`.`tax_percentage`
FROM `product_inital_stock` AS `pr`
LEFT JOIN `product_category` AS `pc` ON `pr`.`product_category` = `pc`.`product_category_id`
LEFT JOIN `product_group` AS `pg` ON `pr`.`product_group` = `pg`.`product_group_id`
LEFT JOIN `product_brand` AS `pb` ON `pr`.`product_brand` = `pb`.`brand_id`
LEFT JOIN `product_unit` AS `pu` ON `pr`.`product_unit` = `pu`.`product_unit_id`
LEFT JOIN `product_strength` AS `ps` ON `pr`.`product_strength` = `ps`.`strength_id`
LEFT JOIN `tax` AS `tx` ON `pr`.`tax_id` = `tx`.`tax_id`
ORDER BY `pr`.`product_id` DESC', [], false)
 2 APPPATH\Models\NewProductAddModel.php(152): CodeIgniter\Database\BaseBuilder->get()
 3 APPPATH\Controllers\ProductController.php(46): App\Models\NewProductAddModel->getProductList()
 4 SYSTEMPATH\CodeIgniter.php(933): App\Controllers\ProductController->index()
 5 SYSTEMPATH\CodeIgniter.php(507): CodeIgniter\CodeIgniter->runController(Object(App\Controllers\ProductController))
 6 SYSTEMPATH\CodeIgniter.php(354): CodeIgniter\CodeIgniter->handleRequest(null, Object(Config\Cache), false)
 7 SYSTEMPATH\Boot.php(363): CodeIgniter\CodeIgniter->run()
 8 SYSTEMPATH\Boot.php(68): CodeIgniter\Boot::runCodeIgniter(Object(CodeIgniter\CodeIgniter))
 9 FCPATH\index.php(59): CodeIgniter\Boot::bootWeb(Object(Config\Paths))
CRITICAL - 2026-07-30 10:15:53 --> [Caused by] CodeIgniter\Database\Exceptions\DatabaseException: Table 'pharmacy_db.product_inital_stock' doesn't exist
in SYSTEMPATH\Database\MySQLi\Connection.php on line 332.
 1 SYSTEMPATH\Database\BaseConnection.php(729): CodeIgniter\Database\MySQLi\Connection->execute('SELECT `pr`.*, `pc`.`category_name`, `pg`.`group_name`, `pb`.`product_brand_name`, `pu`.`product_unit_name`, `ps`.`strength_name`, `tx`.`tax_name`, `tx`.`tax_percentage`
FROM `product_inital_stock` AS `pr`
LEFT JOIN `product_category` AS `pc` ON `pr`.`product_category` = `pc`.`product_category_id`
LEFT JOIN `product_group` AS `pg` ON `pr`.`product_group` = `pg`.`product_group_id`
LEFT JOIN `product_brand` AS `pb` ON `pr`.`product_brand` = `pb`.`brand_id`
LEFT JOIN `product_unit` AS `pu` ON `pr`.`product_unit` = `pu`.`product_unit_id`
LEFT JOIN `product_strength` AS `ps` ON `pr`.`product_strength` = `ps`.`strength_id`
LEFT JOIN `tax` AS `tx` ON `pr`.`tax_id` = `tx`.`tax_id`
ORDER BY `pr`.`product_id` DESC')
 2 SYSTEMPATH\Database\BaseConnection.php(646): CodeIgniter\Database\BaseConnection->simpleQuery('SELECT `pr`.*, `pc`.`category_name`, `pg`.`group_name`, `pb`.`product_brand_name`, `pu`.`product_unit_name`, `ps`.`strength_name`, `tx`.`tax_name`, `tx`.`tax_percentage`
FROM `product_inital_stock` AS `pr`
LEFT JOIN `product_category` AS `pc` ON `pr`.`product_category` = `pc`.`product_category_id`
LEFT JOIN `product_group` AS `pg` ON `pr`.`product_group` = `pg`.`product_group_id`
LEFT JOIN `product_brand` AS `pb` ON `pr`.`product_brand` = `pb`.`brand_id`
LEFT JOIN `product_unit` AS `pu` ON `pr`.`product_unit` = `pu`.`product_unit_id`
LEFT JOIN `product_strength` AS `ps` ON `pr`.`product_strength` = `ps`.`strength_id`
LEFT JOIN `tax` AS `tx` ON `pr`.`tax_id` = `tx`.`tax_id`
ORDER BY `pr`.`product_id` DESC')
 3 SYSTEMPATH\Database\BaseBuilder.php(1649): CodeIgniter\Database\BaseConnection->query('SELECT `pr`.*, `pc`.`category_name`, `pg`.`group_name`, `pb`.`product_brand_name`, `pu`.`product_unit_name`, `ps`.`strength_name`, `tx`.`tax_name`, `tx`.`tax_percentage`
FROM `product_inital_stock` AS `pr`
LEFT JOIN `product_category` AS `pc` ON `pr`.`product_category` = `pc`.`product_category_id`
LEFT JOIN `product_group` AS `pg` ON `pr`.`product_group` = `pg`.`product_group_id`
LEFT JOIN `product_brand` AS `pb` ON `pr`.`product_brand` = `pb`.`brand_id`
LEFT JOIN `product_unit` AS `pu` ON `pr`.`product_unit` = `pu`.`product_unit_id`
LEFT JOIN `product_strength` AS `ps` ON `pr`.`product_strength` = `ps`.`strength_id`
LEFT JOIN `tax` AS `tx` ON `pr`.`tax_id` = `tx`.`tax_id`
ORDER BY `pr`.`product_id` DESC', [], false)
 4 APPPATH\Models\NewProductAddModel.php(152): CodeIgniter\Database\BaseBuilder->get()
 5 APPPATH\Controllers\ProductController.php(46): App\Models\NewProductAddModel->getProductList()
 6 SYSTEMPATH\CodeIgniter.php(933): App\Controllers\ProductController->index()
 7 SYSTEMPATH\CodeIgniter.php(507): CodeIgniter\CodeIgniter->runController(Object(App\Controllers\ProductController))
 8 SYSTEMPATH\CodeIgniter.php(354): CodeIgniter\CodeIgniter->handleRequest(null, Object(Config\Cache), false)
 9 SYSTEMPATH\Boot.php(363): CodeIgniter\CodeIgniter->run()
10 SYSTEMPATH\Boot.php(68): CodeIgniter\Boot::runCodeIgniter(Object(CodeIgniter\CodeIgniter))
11 FCPATH\index.php(59): CodeIgniter\Boot::bootWeb(Object(Config\Paths))
CRITICAL - 2026-07-30 10:15:53 --> [Caused by] mysqli_sql_exception: Table 'pharmacy_db.product_inital_stock' doesn't exist
in SYSTEMPATH\Database\MySQLi\Connection.php on line 327.
 1 SYSTEMPATH\Database\MySQLi\Connection.php(327): mysqli->query('SELECT `pr`.*, `pc`.`category_name`, `pg`.`group_name`, `pb`.`product_brand_name`, `pu`.`product_unit_name`, `ps`.`strength_name`, `tx`.`tax_name`, `tx`.`tax_percentage`
FROM `product_inital_stock` AS `pr`
LEFT JOIN `product_category` AS `pc` ON `pr`.`product_category` = `pc`.`product_category_id`
LEFT JOIN `product_group` AS `pg` ON `pr`.`product_group` = `pg`.`product_group_id`
LEFT JOIN `product_brand` AS `pb` ON `pr`.`product_brand` = `pb`.`brand_id`
LEFT JOIN `product_unit` AS `pu` ON `pr`.`product_unit` = `pu`.`product_unit_id`
LEFT JOIN `product_strength` AS `ps` ON `pr`.`product_strength` = `ps`.`strength_id`
LEFT JOIN `tax` AS `tx` ON `pr`.`tax_id` = `tx`.`tax_id`
ORDER BY `pr`.`product_id` DESC', 0)
 2 SYSTEMPATH\Database\BaseConnection.php(729): CodeIgniter\Database\MySQLi\Connection->execute('SELECT `pr`.*, `pc`.`category_name`, `pg`.`group_name`, `pb`.`product_brand_name`, `pu`.`product_unit_name`, `ps`.`strength_name`, `tx`.`tax_name`, `tx`.`tax_percentage`
FROM `product_inital_stock` AS `pr`
LEFT JOIN `product_category` AS `pc` ON `pr`.`product_category` = `pc`.`product_category_id`
LEFT JOIN `product_group` AS `pg` ON `pr`.`product_group` = `pg`.`product_group_id`
LEFT JOIN `product_brand` AS `pb` ON `pr`.`product_brand` = `pb`.`brand_id`
LEFT JOIN `product_unit` AS `pu` ON `pr`.`product_unit` = `pu`.`product_unit_id`
LEFT JOIN `product_strength` AS `ps` ON `pr`.`product_strength` = `ps`.`strength_id`
LEFT JOIN `tax` AS `tx` ON `pr`.`tax_id` = `tx`.`tax_id`
ORDER BY `pr`.`product_id` DESC')
 3 SYSTEMPATH\Database\BaseConnection.php(646): CodeIgniter\Database\BaseConnection->simpleQuery('SELECT `pr`.*, `pc`.`category_name`, `pg`.`group_name`, `pb`.`product_brand_name`, `pu`.`product_unit_name`, `ps`.`strength_name`, `tx`.`tax_name`, `tx`.`tax_percentage`
FROM `product_inital_stock` AS `pr`
LEFT JOIN `product_category` AS `pc` ON `pr`.`product_category` = `pc`.`product_category_id`
LEFT JOIN `product_group` AS `pg` ON `pr`.`product_group` = `pg`.`product_group_id`
LEFT JOIN `product_brand` AS `pb` ON `pr`.`product_brand` = `pb`.`brand_id`
LEFT JOIN `product_unit` AS `pu` ON `pr`.`product_unit` = `pu`.`product_unit_id`
LEFT JOIN `product_strength` AS `ps` ON `pr`.`product_strength` = `ps`.`strength_id`
LEFT JOIN `tax` AS `tx` ON `pr`.`tax_id` = `tx`.`tax_id`
ORDER BY `pr`.`product_id` DESC')
 4 SYSTEMPATH\Database\BaseBuilder.php(1649): CodeIgniter\Database\BaseConnection->query('SELECT `pr`.*, `pc`.`category_name`, `pg`.`group_name`, `pb`.`product_brand_name`, `pu`.`product_unit_name`, `ps`.`strength_name`, `tx`.`tax_name`, `tx`.`tax_percentage`
FROM `product_inital_stock` AS `pr`
LEFT JOIN `product_category` AS `pc` ON `pr`.`product_category` = `pc`.`product_category_id`
LEFT JOIN `product_group` AS `pg` ON `pr`.`product_group` = `pg`.`product_group_id`
LEFT JOIN `product_brand` AS `pb` ON `pr`.`product_brand` = `pb`.`brand_id`
LEFT JOIN `product_unit` AS `pu` ON `pr`.`product_unit` = `pu`.`product_unit_id`
LEFT JOIN `product_strength` AS `ps` ON `pr`.`product_strength` = `ps`.`strength_id`
LEFT JOIN `tax` AS `tx` ON `pr`.`tax_id` = `tx`.`tax_id`
ORDER BY `pr`.`product_id` DESC', [], false)
 5 APPPATH\Models\NewProductAddModel.php(152): CodeIgniter\Database\BaseBuilder->get()
 6 APPPATH\Controllers\ProductController.php(46): App\Models\NewProductAddModel->getProductList()
 7 SYSTEMPATH\CodeIgniter.php(933): App\Controllers\ProductController->index()
 8 SYSTEMPATH\CodeIgniter.php(507): CodeIgniter\CodeIgniter->runController(Object(App\Controllers\ProductController))
 9 SYSTEMPATH\CodeIgniter.php(354): CodeIgniter\CodeIgniter->handleRequest(null, Object(Config\Cache), false)
10 SYSTEMPATH\Boot.php(363): CodeIgniter\CodeIgniter->run()
11 SYSTEMPATH\Boot.php(68): CodeIgniter\Boot::runCodeIgniter(Object(CodeIgniter\CodeIgniter))
12 FCPATH\index.php(59): CodeIgniter\Boot::bootWeb(Object(Config\Paths))
DEBUG - 2026-07-30 10:21:39 --> Session: Class initialized using 'CodeIgniter\Session\Handlers\FileHandler' driver.
DEBUG - 2026-07-30 10:21:41 --> Session: Class initialized using 'CodeIgniter\Session\Handlers\FileHandler' driver.
DEBUG - 2026-07-30 10:21:46 --> Session: Class initialized using 'CodeIgniter\Session\Handlers\FileHandler' driver.
CRITICAL - 2026-07-30 10:21:46 --> Error: Class "App\Models\ProductModel" not found
[Method: GET, Route: products]
in APPPATH\Controllers\ProductController.php on line 26.
 1 SYSTEMPATH\CodeIgniter.php(903): App\Controllers\ProductController->__construct()
 2 SYSTEMPATH\CodeIgniter.php(498): CodeIgniter\CodeIgniter->createController()
 3 SYSTEMPATH\CodeIgniter.php(354): CodeIgniter\CodeIgniter->handleRequest(null, Object(Config\Cache), false)
 4 SYSTEMPATH\Boot.php(363): CodeIgniter\CodeIgniter->run()
 5 SYSTEMPATH\Boot.php(68): CodeIgniter\Boot::runCodeIgniter(Object(CodeIgniter\CodeIgniter))
 6 FCPATH\index.php(59): CodeIgniter\Boot::bootWeb(Object(Config\Paths))
DEBUG - 2026-07-30 10:25:38 --> Session: Class initialized using 'CodeIgniter\Session\Handlers\FileHandler' driver.
ERROR - 2026-07-30 10:25:38 --> mysqli_sql_exception: Table 'pharmacy_db.product_inital_stock' doesn't exist in C:\laragon\www\pharmacy-project\system\Database\MySQLi\Connection.php:327
Stack trace:
#0 C:\laragon\www\pharmacy-project\system\Database\MySQLi\Connection.php(327): mysqli->query('SELECT `pr`.*, ...', 0)
#1 C:\laragon\www\pharmacy-project\system\Database\BaseConnection.php(729): CodeIgniter\Database\MySQLi\Connection->execute('SELECT `pr`.*, ...')
#2 C:\laragon\www\pharmacy-project\system\Database\BaseConnection.php(646): CodeIgniter\Database\BaseConnection->simpleQuery('SELECT `pr`.*, ...')
#3 C:\laragon\www\pharmacy-project\system\Database\BaseBuilder.php(1649): CodeIgniter\Database\BaseConnection->query('SELECT `pr`.*, ...', Array, false)
#4 C:\laragon\www\pharmacy-project\app\Models\ProductModel.php(147): CodeIgniter\Database\BaseBuilder->get()
#5 C:\laragon\www\pharmacy-project\app\Controllers\ProductController.php(46): App\Models\ProductModel->getProductList()
#6 C:\laragon\www\pharmacy-project\system\CodeIgniter.php(933): App\Controllers\ProductController->index()
#7 C:\laragon\www\pharmacy-project\system\CodeIgniter.php(507): CodeIgniter\CodeIgniter->runController(Object(App\Controllers\ProductController))
#8 C:\laragon\www\pharmacy-project\system\CodeIgniter.php(354): CodeIgniter\CodeIgniter->handleRequest(NULL, Object(Config\Cache), false)
#9 C:\laragon\www\pharmacy-project\system\Boot.php(363): CodeIgniter\CodeIgniter->run()
#10 C:\laragon\www\pharmacy-project\system\Boot.php(68): CodeIgniter\Boot::runCodeIgniter(Object(CodeIgniter\CodeIgniter))
#11 C:\laragon\www\pharmacy-project\index.php(59): CodeIgniter\Boot::bootWeb(Object(Config\Paths))
#12 {main}
CRITICAL - 2026-07-30 10:25:38 --> CodeIgniter\Database\Exceptions\DatabaseException: Table 'pharmacy_db.product_inital_stock' doesn't exist
[Method: GET, Route: products]
in SYSTEMPATH\Database\BaseConnection.php on line 684.
 1 SYSTEMPATH\Database\BaseBuilder.php(1649): CodeIgniter\Database\BaseConnection->query('SELECT `pr`.*, `pc`.`category_name`, `pg`.`group_name`, `pb`.`product_brand_name`, `pu`.`product_unit_name`, `ps`.`strength_name`, `tx`.`tax_name`, `tx`.`tax_percentage`
FROM `product_inital_stock` AS `pr`
LEFT JOIN `product_category` AS `pc` ON `pr`.`product_category` = `pc`.`product_category_id`
LEFT JOIN `product_group` AS `pg` ON `pr`.`product_group` = `pg`.`product_group_id`
LEFT JOIN `product_brand` AS `pb` ON `pr`.`product_brand` = `pb`.`brand_id`
LEFT JOIN `product_unit` AS `pu` ON `pr`.`product_unit` = `pu`.`product_unit_id`
LEFT JOIN `product_strength` AS `ps` ON `pr`.`product_strength` = `ps`.`strength_id`
LEFT JOIN `tax` AS `tx` ON `pr`.`tax_id` = `tx`.`tax_id`
ORDER BY `pr`.`product_id` DESC', [], false)
 2 APPPATH\Models\ProductModel.php(147): CodeIgniter\Database\BaseBuilder->get()
 3 APPPATH\Controllers\ProductController.php(46): App\Models\ProductModel->getProductList()
 4 SYSTEMPATH\CodeIgniter.php(933): App\Controllers\ProductController->index()
 5 SYSTEMPATH\CodeIgniter.php(507): CodeIgniter\CodeIgniter->runController(Object(App\Controllers\ProductController))
 6 SYSTEMPATH\CodeIgniter.php(354): CodeIgniter\CodeIgniter->handleRequest(null, Object(Config\Cache), false)
 7 SYSTEMPATH\Boot.php(363): CodeIgniter\CodeIgniter->run()
 8 SYSTEMPATH\Boot.php(68): CodeIgniter\Boot::runCodeIgniter(Object(CodeIgniter\CodeIgniter))
 9 FCPATH\index.php(59): CodeIgniter\Boot::bootWeb(Object(Config\Paths))
CRITICAL - 2026-07-30 10:25:38 --> [Caused by] CodeIgniter\Database\Exceptions\DatabaseException: Table 'pharmacy_db.product_inital_stock' doesn't exist
in SYSTEMPATH\Database\MySQLi\Connection.php on line 332.
 1 SYSTEMPATH\Database\BaseConnection.php(729): CodeIgniter\Database\MySQLi\Connection->execute('SELECT `pr`.*, `pc`.`category_name`, `pg`.`group_name`, `pb`.`product_brand_name`, `pu`.`product_unit_name`, `ps`.`strength_name`, `tx`.`tax_name`, `tx`.`tax_percentage`
FROM `product_inital_stock` AS `pr`
LEFT JOIN `product_category` AS `pc` ON `pr`.`product_category` = `pc`.`product_category_id`
LEFT JOIN `product_group` AS `pg` ON `pr`.`product_group` = `pg`.`product_group_id`
LEFT JOIN `product_brand` AS `pb` ON `pr`.`product_brand` = `pb`.`brand_id`
LEFT JOIN `product_unit` AS `pu` ON `pr`.`product_unit` = `pu`.`product_unit_id`
LEFT JOIN `product_strength` AS `ps` ON `pr`.`product_strength` = `ps`.`strength_id`
LEFT JOIN `tax` AS `tx` ON `pr`.`tax_id` = `tx`.`tax_id`
ORDER BY `pr`.`product_id` DESC')
 2 SYSTEMPATH\Database\BaseConnection.php(646): CodeIgniter\Database\BaseConnection->simpleQuery('SELECT `pr`.*, `pc`.`category_name`, `pg`.`group_name`, `pb`.`product_brand_name`, `pu`.`product_unit_name`, `ps`.`strength_name`, `tx`.`tax_name`, `tx`.`tax_percentage`
FROM `product_inital_stock` AS `pr`
LEFT JOIN `product_category` AS `pc` ON `pr`.`product_category` = `pc`.`product_category_id`
LEFT JOIN `product_group` AS `pg` ON `pr`.`product_group` = `pg`.`product_group_id`
LEFT JOIN `product_brand` AS `pb` ON `pr`.`product_brand` = `pb`.`brand_id`
LEFT JOIN `product_unit` AS `pu` ON `pr`.`product_unit` = `pu`.`product_unit_id`
LEFT JOIN `product_strength` AS `ps` ON `pr`.`product_strength` = `ps`.`strength_id`
LEFT JOIN `tax` AS `tx` ON `pr`.`tax_id` = `tx`.`tax_id`
ORDER BY `pr`.`product_id` DESC')
 3 SYSTEMPATH\Database\BaseBuilder.php(1649): CodeIgniter\Database\BaseConnection->query('SELECT `pr`.*, `pc`.`category_name`, `pg`.`group_name`, `pb`.`product_brand_name`, `pu`.`product_unit_name`, `ps`.`strength_name`, `tx`.`tax_name`, `tx`.`tax_percentage`
FROM `product_inital_stock` AS `pr`
LEFT JOIN `product_category` AS `pc` ON `pr`.`product_category` = `pc`.`product_category_id`
LEFT JOIN `product_group` AS `pg` ON `pr`.`product_group` = `pg`.`product_group_id`
LEFT JOIN `product_brand` AS `pb` ON `pr`.`product_brand` = `pb`.`brand_id`
LEFT JOIN `product_unit` AS `pu` ON `pr`.`product_unit` = `pu`.`product_unit_id`
LEFT JOIN `product_strength` AS `ps` ON `pr`.`product_strength` = `ps`.`strength_id`
LEFT JOIN `tax` AS `tx` ON `pr`.`tax_id` = `tx`.`tax_id`
ORDER BY `pr`.`product_id` DESC', [], false)
 4 APPPATH\Models\ProductModel.php(147): CodeIgniter\Database\BaseBuilder->get()
 5 APPPATH\Controllers\ProductController.php(46): App\Models\ProductModel->getProductList()
 6 SYSTEMPATH\CodeIgniter.php(933): App\Controllers\ProductController->index()
 7 SYSTEMPATH\CodeIgniter.php(507): CodeIgniter\CodeIgniter->runController(Object(App\Controllers\ProductController))
 8 SYSTEMPATH\CodeIgniter.php(354): CodeIgniter\CodeIgniter->handleRequest(null, Object(Config\Cache), false)
 9 SYSTEMPATH\Boot.php(363): CodeIgniter\CodeIgniter->run()
10 SYSTEMPATH\Boot.php(68): CodeIgniter\Boot::runCodeIgniter(Object(CodeIgniter\CodeIgniter))
11 FCPATH\index.php(59): CodeIgniter\Boot::bootWeb(Object(Config\Paths))
CRITICAL - 2026-07-30 10:25:38 --> [Caused by] mysqli_sql_exception: Table 'pharmacy_db.product_inital_stock' doesn't exist
in SYSTEMPATH\Database\MySQLi\Connection.php on line 327.
 1 SYSTEMPATH\Database\MySQLi\Connection.php(327): mysqli->query('SELECT `pr`.*, `pc`.`category_name`, `pg`.`group_name`, `pb`.`product_brand_name`, `pu`.`product_unit_name`, `ps`.`strength_name`, `tx`.`tax_name`, `tx`.`tax_percentage`
FROM `product_inital_stock` AS `pr`
LEFT JOIN `product_category` AS `pc` ON `pr`.`product_category` = `pc`.`product_category_id`
LEFT JOIN `product_group` AS `pg` ON `pr`.`product_group` = `pg`.`product_group_id`
LEFT JOIN `product_brand` AS `pb` ON `pr`.`product_brand` = `pb`.`brand_id`
LEFT JOIN `product_unit` AS `pu` ON `pr`.`product_unit` = `pu`.`product_unit_id`
LEFT JOIN `product_strength` AS `ps` ON `pr`.`product_strength` = `ps`.`strength_id`
LEFT JOIN `tax` AS `tx` ON `pr`.`tax_id` = `tx`.`tax_id`
ORDER BY `pr`.`product_id` DESC', 0)
 2 SYSTEMPATH\Database\BaseConnection.php(729): CodeIgniter\Database\MySQLi\Connection->execute('SELECT `pr`.*, `pc`.`category_name`, `pg`.`group_name`, `pb`.`product_brand_name`, `pu`.`product_unit_name`, `ps`.`strength_name`, `tx`.`tax_name`, `tx`.`tax_percentage`
FROM `product_inital_stock` AS `pr`
LEFT JOIN `product_category` AS `pc` ON `pr`.`product_category` = `pc`.`product_category_id`
LEFT JOIN `product_group` AS `pg` ON `pr`.`product_group` = `pg`.`product_group_id`
LEFT JOIN `product_brand` AS `pb` ON `pr`.`product_brand` = `pb`.`brand_id`
LEFT JOIN `product_unit` AS `pu` ON `pr`.`product_unit` = `pu`.`product_unit_id`
LEFT JOIN `product_strength` AS `ps` ON `pr`.`product_strength` = `ps`.`strength_id`
LEFT JOIN `tax` AS `tx` ON `pr`.`tax_id` = `tx`.`tax_id`
ORDER BY `pr`.`product_id` DESC')
 3 SYSTEMPATH\Database\BaseConnection.php(646): CodeIgniter\Database\BaseConnection->simpleQuery('SELECT `pr`.*, `pc`.`category_name`, `pg`.`group_name`, `pb`.`product_brand_name`, `pu`.`product_unit_name`, `ps`.`strength_name`, `tx`.`tax_name`, `tx`.`tax_percentage`
FROM `product_inital_stock` AS `pr`
LEFT JOIN `product_category` AS `pc` ON `pr`.`product_category` = `pc`.`product_category_id`
LEFT JOIN `product_group` AS `pg` ON `pr`.`product_group` = `pg`.`product_group_id`
LEFT JOIN `product_brand` AS `pb` ON `pr`.`product_brand` = `pb`.`brand_id`
LEFT JOIN `product_unit` AS `pu` ON `pr`.`product_unit` = `pu`.`product_unit_id`
LEFT JOIN `product_strength` AS `ps` ON `pr`.`product_strength` = `ps`.`strength_id`
LEFT JOIN `tax` AS `tx` ON `pr`.`tax_id` = `tx`.`tax_id`
ORDER BY `pr`.`product_id` DESC')
 4 SYSTEMPATH\Database\BaseBuilder.php(1649): CodeIgniter\Database\BaseConnection->query('SELECT `pr`.*, `pc`.`category_name`, `pg`.`group_name`, `pb`.`product_brand_name`, `pu`.`product_unit_name`, `ps`.`strength_name`, `tx`.`tax_name`, `tx`.`tax_percentage`
FROM `product_inital_stock` AS `pr`
LEFT JOIN `product_category` AS `pc` ON `pr`.`product_category` = `pc`.`product_category_id`
LEFT JOIN `product_group` AS `pg` ON `pr`.`product_group` = `pg`.`product_group_id`
LEFT JOIN `product_brand` AS `pb` ON `pr`.`product_brand` = `pb`.`brand_id`
LEFT JOIN `product_unit` AS `pu` ON `pr`.`product_unit` = `pu`.`product_unit_id`
LEFT JOIN `product_strength` AS `ps` ON `pr`.`product_strength` = `ps`.`strength_id`
LEFT JOIN `tax` AS `tx` ON `pr`.`tax_id` = `tx`.`tax_id`
ORDER BY `pr`.`product_id` DESC', [], false)
 5 APPPATH\Models\ProductModel.php(147): CodeIgniter\Database\BaseBuilder->get()
 6 APPPATH\Controllers\ProductController.php(46): App\Models\ProductModel->getProductList()
 7 SYSTEMPATH\CodeIgniter.php(933): App\Controllers\ProductController->index()
 8 SYSTEMPATH\CodeIgniter.php(507): CodeIgniter\CodeIgniter->runController(Object(App\Controllers\ProductController))
 9 SYSTEMPATH\CodeIgniter.php(354): CodeIgniter\CodeIgniter->handleRequest(null, Object(Config\Cache), false)
10 SYSTEMPATH\Boot.php(363): CodeIgniter\CodeIgniter->run()
11 SYSTEMPATH\Boot.php(68): CodeIgniter\Boot::runCodeIgniter(Object(CodeIgniter\CodeIgniter))
12 FCPATH\index.php(59): CodeIgniter\Boot::bootWeb(Object(Config\Paths))
DEBUG - 2026-07-30 10:25:46 --> Session: Class initialized using 'CodeIgniter\Session\Handlers\FileHandler' driver.
ERROR - 2026-07-30 10:25:46 --> mysqli_sql_exception: Table 'pharmacy_db.product_inital_stock' doesn't exist in C:\laragon\www\pharmacy-project\system\Database\MySQLi\Connection.php:327
Stack trace:
#0 C:\laragon\www\pharmacy-project\system\Database\MySQLi\Connection.php(327): mysqli->query('SELECT `pr`.*, ...', 0)
#1 C:\laragon\www\pharmacy-project\system\Database\BaseConnection.php(729): CodeIgniter\Database\MySQLi\Connection->execute('SELECT `pr`.*, ...')
#2 C:\laragon\www\pharmacy-project\system\Database\BaseConnection.php(646): CodeIgniter\Database\BaseConnection->simpleQuery('SELECT `pr`.*, ...')
#3 C:\laragon\www\pharmacy-project\system\Database\BaseBuilder.php(1649): CodeIgniter\Database\BaseConnection->query('SELECT `pr`.*, ...', Array, false)
#4 C:\laragon\www\pharmacy-project\app\Models\ProductModel.php(147): CodeIgniter\Database\BaseBuilder->get()
#5 C:\laragon\www\pharmacy-project\app\Controllers\ProductController.php(46): App\Models\ProductModel->getProductList()
#6 C:\laragon\www\pharmacy-project\system\CodeIgniter.php(933): App\Controllers\ProductController->index()
#7 C:\laragon\www\pharmacy-project\system\CodeIgniter.php(507): CodeIgniter\CodeIgniter->runController(Object(App\Controllers\ProductController))
#8 C:\laragon\www\pharmacy-project\system\CodeIgniter.php(354): CodeIgniter\CodeIgniter->handleRequest(NULL, Object(Config\Cache), false)
#9 C:\laragon\www\pharmacy-project\system\Boot.php(363): CodeIgniter\CodeIgniter->run()
#10 C:\laragon\www\pharmacy-project\system\Boot.php(68): CodeIgniter\Boot::runCodeIgniter(Object(CodeIgniter\CodeIgniter))
#11 C:\laragon\www\pharmacy-project\index.php(59): CodeIgniter\Boot::bootWeb(Object(Config\Paths))
#12 {main}
CRITICAL - 2026-07-30 10:25:46 --> CodeIgniter\Database\Exceptions\DatabaseException: Table 'pharmacy_db.product_inital_stock' doesn't exist
[Method: GET, Route: products]
in SYSTEMPATH\Database\BaseConnection.php on line 684.
 1 SYSTEMPATH\Database\BaseBuilder.php(1649): CodeIgniter\Database\BaseConnection->query('SELECT `pr`.*, `pc`.`category_name`, `pg`.`group_name`, `pb`.`product_brand_name`, `pu`.`product_unit_name`, `ps`.`strength_name`, `tx`.`tax_name`, `tx`.`tax_percentage`
FROM `product_inital_stock` AS `pr`
LEFT JOIN `product_category` AS `pc` ON `pr`.`product_category` = `pc`.`product_category_id`
LEFT JOIN `product_group` AS `pg` ON `pr`.`product_group` = `pg`.`product_group_id`
LEFT JOIN `product_brand` AS `pb` ON `pr`.`product_brand` = `pb`.`brand_id`
LEFT JOIN `product_unit` AS `pu` ON `pr`.`product_unit` = `pu`.`product_unit_id`
LEFT JOIN `product_strength` AS `ps` ON `pr`.`product_strength` = `ps`.`strength_id`
LEFT JOIN `tax` AS `tx` ON `pr`.`tax_id` = `tx`.`tax_id`
ORDER BY `pr`.`product_id` DESC', [], false)
 2 APPPATH\Models\ProductModel.php(147): CodeIgniter\Database\BaseBuilder->get()
 3 APPPATH\Controllers\ProductController.php(46): App\Models\ProductModel->getProductList()
 4 SYSTEMPATH\CodeIgniter.php(933): App\Controllers\ProductController->index()
 5 SYSTEMPATH\CodeIgniter.php(507): CodeIgniter\CodeIgniter->runController(Object(App\Controllers\ProductController))
 6 SYSTEMPATH\CodeIgniter.php(354): CodeIgniter\CodeIgniter->handleRequest(null, Object(Config\Cache), false)
 7 SYSTEMPATH\Boot.php(363): CodeIgniter\CodeIgniter->run()
 8 SYSTEMPATH\Boot.php(68): CodeIgniter\Boot::runCodeIgniter(Object(CodeIgniter\CodeIgniter))
 9 FCPATH\index.php(59): CodeIgniter\Boot::bootWeb(Object(Config\Paths))
CRITICAL - 2026-07-30 10:25:46 --> [Caused by] CodeIgniter\Database\Exceptions\DatabaseException: Table 'pharmacy_db.product_inital_stock' doesn't exist
in SYSTEMPATH\Database\MySQLi\Connection.php on line 332.
 1 SYSTEMPATH\Database\BaseConnection.php(729): CodeIgniter\Database\MySQLi\Connection->execute('SELECT `pr`.*, `pc`.`category_name`, `pg`.`group_name`, `pb`.`product_brand_name`, `pu`.`product_unit_name`, `ps`.`strength_name`, `tx`.`tax_name`, `tx`.`tax_percentage`
FROM `product_inital_stock` AS `pr`
LEFT JOIN `product_category` AS `pc` ON `pr`.`product_category` = `pc`.`product_category_id`
LEFT JOIN `product_group` AS `pg` ON `pr`.`product_group` = `pg`.`product_group_id`
LEFT JOIN `product_brand` AS `pb` ON `pr`.`product_brand` = `pb`.`brand_id`
LEFT JOIN `product_unit` AS `pu` ON `pr`.`product_unit` = `pu`.`product_unit_id`
LEFT JOIN `product_strength` AS `ps` ON `pr`.`product_strength` = `ps`.`strength_id`
LEFT JOIN `tax` AS `tx` ON `pr`.`tax_id` = `tx`.`tax_id`
ORDER BY `pr`.`product_id` DESC')
 2 SYSTEMPATH\Database\BaseConnection.php(646): CodeIgniter\Database\BaseConnection->simpleQuery('SELECT `pr`.*, `pc`.`category_name`, `pg`.`group_name`, `pb`.`product_brand_name`, `pu`.`product_unit_name`, `ps`.`strength_name`, `tx`.`tax_name`, `tx`.`tax_percentage`
FROM `product_inital_stock` AS `pr`
LEFT JOIN `product_category` AS `pc` ON `pr`.`product_category` = `pc`.`product_category_id`
LEFT JOIN `product_group` AS `pg` ON `pr`.`product_group` = `pg`.`product_group_id`
LEFT JOIN `product_brand` AS `pb` ON `pr`.`product_brand` = `pb`.`brand_id`
LEFT JOIN `product_unit` AS `pu` ON `pr`.`product_unit` = `pu`.`product_unit_id`
LEFT JOIN `product_strength` AS `ps` ON `pr`.`product_strength` = `ps`.`strength_id`
LEFT JOIN `tax` AS `tx` ON `pr`.`tax_id` = `tx`.`tax_id`
ORDER BY `pr`.`product_id` DESC')
 3 SYSTEMPATH\Database\BaseBuilder.php(1649): CodeIgniter\Database\BaseConnection->query('SELECT `pr`.*, `pc`.`category_name`, `pg`.`group_name`, `pb`.`product_brand_name`, `pu`.`product_unit_name`, `ps`.`strength_name`, `tx`.`tax_name`, `tx`.`tax_percentage`
FROM `product_inital_stock` AS `pr`
LEFT JOIN `product_category` AS `pc` ON `pr`.`product_category` = `pc`.`product_category_id`
LEFT JOIN `product_group` AS `pg` ON `pr`.`product_group` = `pg`.`product_group_id`
LEFT JOIN `product_brand` AS `pb` ON `pr`.`product_brand` = `pb`.`brand_id`
LEFT JOIN `product_unit` AS `pu` ON `pr`.`product_unit` = `pu`.`product_unit_id`
LEFT JOIN `product_strength` AS `ps` ON `pr`.`product_strength` = `ps`.`strength_id`
LEFT JOIN `tax` AS `tx` ON `pr`.`tax_id` = `tx`.`tax_id`
ORDER BY `pr`.`product_id` DESC', [], false)
 4 APPPATH\Models\ProductModel.php(147): CodeIgniter\Database\BaseBuilder->get()
 5 APPPATH\Controllers\ProductController.php(46): App\Models\ProductModel->getProductList()
 6 SYSTEMPATH\CodeIgniter.php(933): App\Controllers\ProductController->index()
 7 SYSTEMPATH\CodeIgniter.php(507): CodeIgniter\CodeIgniter->runController(Object(App\Controllers\ProductController))
 8 SYSTEMPATH\CodeIgniter.php(354): CodeIgniter\CodeIgniter->handleRequest(null, Object(Config\Cache), false)
 9 SYSTEMPATH\Boot.php(363): CodeIgniter\CodeIgniter->run()
10 SYSTEMPATH\Boot.php(68): CodeIgniter\Boot::runCodeIgniter(Object(CodeIgniter\CodeIgniter))
11 FCPATH\index.php(59): CodeIgniter\Boot::bootWeb(Object(Config\Paths))
CRITICAL - 2026-07-30 10:25:46 --> [Caused by] mysqli_sql_exception: Table 'pharmacy_db.product_inital_stock' doesn't exist
in SYSTEMPATH\Database\MySQLi\Connection.php on line 327.
 1 SYSTEMPATH\Database\MySQLi\Connection.php(327): mysqli->query('SELECT `pr`.*, `pc`.`category_name`, `pg`.`group_name`, `pb`.`product_brand_name`, `pu`.`product_unit_name`, `ps`.`strength_name`, `tx`.`tax_name`, `tx`.`tax_percentage`
FROM `product_inital_stock` AS `pr`
LEFT JOIN `product_category` AS `pc` ON `pr`.`product_category` = `pc`.`product_category_id`
LEFT JOIN `product_group` AS `pg` ON `pr`.`product_group` = `pg`.`product_group_id`
LEFT JOIN `product_brand` AS `pb` ON `pr`.`product_brand` = `pb`.`brand_id`
LEFT JOIN `product_unit` AS `pu` ON `pr`.`product_unit` = `pu`.`product_unit_id`
LEFT JOIN `product_strength` AS `ps` ON `pr`.`product_strength` = `ps`.`strength_id`
LEFT JOIN `tax` AS `tx` ON `pr`.`tax_id` = `tx`.`tax_id`
ORDER BY `pr`.`product_id` DESC', 0)
 2 SYSTEMPATH\Database\BaseConnection.php(729): CodeIgniter\Database\MySQLi\Connection->execute('SELECT `pr`.*, `pc`.`category_name`, `pg`.`group_name`, `pb`.`product_brand_name`, `pu`.`product_unit_name`, `ps`.`strength_name`, `tx`.`tax_name`, `tx`.`tax_percentage`
FROM `product_inital_stock` AS `pr`
LEFT JOIN `product_category` AS `pc` ON `pr`.`product_category` = `pc`.`product_category_id`
LEFT JOIN `product_group` AS `pg` ON `pr`.`product_group` = `pg`.`product_group_id`
LEFT JOIN `product_brand` AS `pb` ON `pr`.`product_brand` = `pb`.`brand_id`
LEFT JOIN `product_unit` AS `pu` ON `pr`.`product_unit` = `pu`.`product_unit_id`
LEFT JOIN `product_strength` AS `ps` ON `pr`.`product_strength` = `ps`.`strength_id`
LEFT JOIN `tax` AS `tx` ON `pr`.`tax_id` = `tx`.`tax_id`
ORDER BY `pr`.`product_id` DESC')
 3 SYSTEMPATH\Database\BaseConnection.php(646): CodeIgniter\Database\BaseConnection->simpleQuery('SELECT `pr`.*, `pc`.`category_name`, `pg`.`group_name`, `pb`.`product_brand_name`, `pu`.`product_unit_name`, `ps`.`strength_name`, `tx`.`tax_name`, `tx`.`tax_percentage`
FROM `product_inital_stock` AS `pr`
LEFT JOIN `product_category` AS `pc` ON `pr`.`product_category` = `pc`.`product_category_id`
LEFT JOIN `product_group` AS `pg` ON `pr`.`product_group` = `pg`.`product_group_id`
LEFT JOIN `product_brand` AS `pb` ON `pr`.`product_brand` = `pb`.`brand_id`
LEFT JOIN `product_unit` AS `pu` ON `pr`.`product_unit` = `pu`.`product_unit_id`
LEFT JOIN `product_strength` AS `ps` ON `pr`.`product_strength` = `ps`.`strength_id`
LEFT JOIN `tax` AS `tx` ON `pr`.`tax_id` = `tx`.`tax_id`
ORDER BY `pr`.`product_id` DESC')
 4 SYSTEMPATH\Database\BaseBuilder.php(1649): CodeIgniter\Database\BaseConnection->query('SELECT `pr`.*, `pc`.`category_name`, `pg`.`group_name`, `pb`.`product_brand_name`, `pu`.`product_unit_name`, `ps`.`strength_name`, `tx`.`tax_name`, `tx`.`tax_percentage`
FROM `product_inital_stock` AS `pr`
LEFT JOIN `product_category` AS `pc` ON `pr`.`product_category` = `pc`.`product_category_id`
LEFT JOIN `product_group` AS `pg` ON `pr`.`product_group` = `pg`.`product_group_id`
LEFT JOIN `product_brand` AS `pb` ON `pr`.`product_brand` = `pb`.`brand_id`
LEFT JOIN `product_unit` AS `pu` ON `pr`.`product_unit` = `pu`.`product_unit_id`
LEFT JOIN `product_strength` AS `ps` ON `pr`.`product_strength` = `ps`.`strength_id`
LEFT JOIN `tax` AS `tx` ON `pr`.`tax_id` = `tx`.`tax_id`
ORDER BY `pr`.`product_id` DESC', [], false)
 5 APPPATH\Models\ProductModel.php(147): CodeIgniter\Database\BaseBuilder->get()
 6 APPPATH\Controllers\ProductController.php(46): App\Models\ProductModel->getProductList()
 7 SYSTEMPATH\CodeIgniter.php(933): App\Controllers\ProductController->index()
 8 SYSTEMPATH\CodeIgniter.php(507): CodeIgniter\CodeIgniter->runController(Object(App\Controllers\ProductController))
 9 SYSTEMPATH\CodeIgniter.php(354): CodeIgniter\CodeIgniter->handleRequest(null, Object(Config\Cache), false)
10 SYSTEMPATH\Boot.php(363): CodeIgniter\CodeIgniter->run()
11 SYSTEMPATH\Boot.php(68): CodeIgniter\Boot::runCodeIgniter(Object(CodeIgniter\CodeIgniter))
12 FCPATH\index.php(59): CodeIgniter\Boot::bootWeb(Object(Config\Paths))
DEBUG - 2026-07-30 10:27:11 --> Session: Class initialized using 'CodeIgniter\Session\Handlers\FileHandler' driver.
ERROR - 2026-07-30 10:27:11 --> mysqli_sql_exception: Table 'pharmacy_db.product_inital_stock' doesn't exist in C:\laragon\www\pharmacy-project\system\Database\MySQLi\Connection.php:327
Stack trace:
#0 C:\laragon\www\pharmacy-project\system\Database\MySQLi\Connection.php(327): mysqli->query('SELECT `pr`.*, ...', 0)
#1 C:\laragon\www\pharmacy-project\system\Database\BaseConnection.php(729): CodeIgniter\Database\MySQLi\Connection->execute('SELECT `pr`.*, ...')
#2 C:\laragon\www\pharmacy-project\system\Database\BaseConnection.php(646): CodeIgniter\Database\BaseConnection->simpleQuery('SELECT `pr`.*, ...')
#3 C:\laragon\www\pharmacy-project\system\Database\BaseBuilder.php(1649): CodeIgniter\Database\BaseConnection->query('SELECT `pr`.*, ...', Array, false)
#4 C:\laragon\www\pharmacy-project\app\Models\ProductModel.php(147): CodeIgniter\Database\BaseBuilder->get()
#5 C:\laragon\www\pharmacy-project\app\Controllers\ProductController.php(46): App\Models\ProductModel->getProductList()
#6 C:\laragon\www\pharmacy-project\system\CodeIgniter.php(933): App\Controllers\ProductController->index()
#7 C:\laragon\www\pharmacy-project\system\CodeIgniter.php(507): CodeIgniter\CodeIgniter->runController(Object(App\Controllers\ProductController))
#8 C:\laragon\www\pharmacy-project\system\CodeIgniter.php(354): CodeIgniter\CodeIgniter->handleRequest(NULL, Object(Config\Cache), false)
#9 C:\laragon\www\pharmacy-project\system\Boot.php(363): CodeIgniter\CodeIgniter->run()
#10 C:\laragon\www\pharmacy-project\system\Boot.php(68): CodeIgniter\Boot::runCodeIgniter(Object(CodeIgniter\CodeIgniter))
#11 C:\laragon\www\pharmacy-project\index.php(59): CodeIgniter\Boot::bootWeb(Object(Config\Paths))
#12 {main}
CRITICAL - 2026-07-30 10:27:11 --> CodeIgniter\Database\Exceptions\DatabaseException: Table 'pharmacy_db.product_inital_stock' doesn't exist
[Method: GET, Route: products]
in SYSTEMPATH\Database\BaseConnection.php on line 684.
 1 SYSTEMPATH\Database\BaseBuilder.php(1649): CodeIgniter\Database\BaseConnection->query('SELECT `pr`.*, `pc`.`category_name`, `pg`.`group_name`, `pb`.`product_brand_name`, `pu`.`product_unit_name`, `ps`.`strength_name`, `tx`.`tax_name`, `tx`.`tax_percentage`
FROM `product_inital_stock` AS `pr`
LEFT JOIN `product_category` AS `pc` ON `pr`.`product_category` = `pc`.`product_category_id`
LEFT JOIN `product_group` AS `pg` ON `pr`.`product_group` = `pg`.`product_group_id`
LEFT JOIN `product_brand` AS `pb` ON `pr`.`product_brand` = `pb`.`brand_id`
LEFT JOIN `product_unit` AS `pu` ON `pr`.`product_unit` = `pu`.`product_unit_id`
LEFT JOIN `product_strength` AS `ps` ON `pr`.`product_strength` = `ps`.`strength_id`
LEFT JOIN `tax` AS `tx` ON `pr`.`tax_id` = `tx`.`tax_id`
ORDER BY `pr`.`product_id` DESC', [], false)
 2 APPPATH\Models\ProductModel.php(147): CodeIgniter\Database\BaseBuilder->get()
 3 APPPATH\Controllers\ProductController.php(46): App\Models\ProductModel->getProductList()
 4 SYSTEMPATH\CodeIgniter.php(933): App\Controllers\ProductController->index()
 5 SYSTEMPATH\CodeIgniter.php(507): CodeIgniter\CodeIgniter->runController(Object(App\Controllers\ProductController))
 6 SYSTEMPATH\CodeIgniter.php(354): CodeIgniter\CodeIgniter->handleRequest(null, Object(Config\Cache), false)
 7 SYSTEMPATH\Boot.php(363): CodeIgniter\CodeIgniter->run()
 8 SYSTEMPATH\Boot.php(68): CodeIgniter\Boot::runCodeIgniter(Object(CodeIgniter\CodeIgniter))
 9 FCPATH\index.php(59): CodeIgniter\Boot::bootWeb(Object(Config\Paths))
CRITICAL - 2026-07-30 10:27:11 --> [Caused by] CodeIgniter\Database\Exceptions\DatabaseException: Table 'pharmacy_db.product_inital_stock' doesn't exist
in SYSTEMPATH\Database\MySQLi\Connection.php on line 332.
 1 SYSTEMPATH\Database\BaseConnection.php(729): CodeIgniter\Database\MySQLi\Connection->execute('SELECT `pr`.*, `pc`.`category_name`, `pg`.`group_name`, `pb`.`product_brand_name`, `pu`.`product_unit_name`, `ps`.`strength_name`, `tx`.`tax_name`, `tx`.`tax_percentage`
FROM `product_inital_stock` AS `pr`
LEFT JOIN `product_category` AS `pc` ON `pr`.`product_category` = `pc`.`product_category_id`
LEFT JOIN `product_group` AS `pg` ON `pr`.`product_group` = `pg`.`product_group_id`
LEFT JOIN `product_brand` AS `pb` ON `pr`.`product_brand` = `pb`.`brand_id`
LEFT JOIN `product_unit` AS `pu` ON `pr`.`product_unit` = `pu`.`product_unit_id`
LEFT JOIN `product_strength` AS `ps` ON `pr`.`product_strength` = `ps`.`strength_id`
LEFT JOIN `tax` AS `tx` ON `pr`.`tax_id` = `tx`.`tax_id`
ORDER BY `pr`.`product_id` DESC')
 2 SYSTEMPATH\Database\BaseConnection.php(646): CodeIgniter\Database\BaseConnection->simpleQuery('SELECT `pr`.*, `pc`.`category_name`, `pg`.`group_name`, `pb`.`product_brand_name`, `pu`.`product_unit_name`, `ps`.`strength_name`, `tx`.`tax_name`, `tx`.`tax_percentage`
FROM `product_inital_stock` AS `pr`
LEFT JOIN `product_category` AS `pc` ON `pr`.`product_category` = `pc`.`product_category_id`
LEFT JOIN `product_group` AS `pg` ON `pr`.`product_group` = `pg`.`product_group_id`
LEFT JOIN `product_brand` AS `pb` ON `pr`.`product_brand` = `pb`.`brand_id`
LEFT JOIN `product_unit` AS `pu` ON `pr`.`product_unit` = `pu`.`product_unit_id`
LEFT JOIN `product_strength` AS `ps` ON `pr`.`product_strength` = `ps`.`strength_id`
LEFT JOIN `tax` AS `tx` ON `pr`.`tax_id` = `tx`.`tax_id`
ORDER BY `pr`.`product_id` DESC')
 3 SYSTEMPATH\Database\BaseBuilder.php(1649): CodeIgniter\Database\BaseConnection->query('SELECT `pr`.*, `pc`.`category_name`, `pg`.`group_name`, `pb`.`product_brand_name`, `pu`.`product_unit_name`, `ps`.`strength_name`, `tx`.`tax_name`, `tx`.`tax_percentage`
FROM `product_inital_stock` AS `pr`
LEFT JOIN `product_category` AS `pc` ON `pr`.`product_category` = `pc`.`product_category_id`
LEFT JOIN `product_group` AS `pg` ON `pr`.`product_group` = `pg`.`product_group_id`
LEFT JOIN `product_brand` AS `pb` ON `pr`.`product_brand` = `pb`.`brand_id`
LEFT JOIN `product_unit` AS `pu` ON `pr`.`product_unit` = `pu`.`product_unit_id`
LEFT JOIN `product_strength` AS `ps` ON `pr`.`product_strength` = `ps`.`strength_id`
LEFT JOIN `tax` AS `tx` ON `pr`.`tax_id` = `tx`.`tax_id`
ORDER BY `pr`.`product_id` DESC', [], false)
 4 APPPATH\Models\ProductModel.php(147): CodeIgniter\Database\BaseBuilder->get()
 5 APPPATH\Controllers\ProductController.php(46): App\Models\ProductModel->getProductList()
 6 SYSTEMPATH\CodeIgniter.php(933): App\Controllers\ProductController->index()
 7 SYSTEMPATH\CodeIgniter.php(507): CodeIgniter\CodeIgniter->runController(Object(App\Controllers\ProductController))
 8 SYSTEMPATH\CodeIgniter.php(354): CodeIgniter\CodeIgniter->handleRequest(null, Object(Config\Cache), false)
 9 SYSTEMPATH\Boot.php(363): CodeIgniter\CodeIgniter->run()
10 SYSTEMPATH\Boot.php(68): CodeIgniter\Boot::runCodeIgniter(Object(CodeIgniter\CodeIgniter))
11 FCPATH\index.php(59): CodeIgniter\Boot::bootWeb(Object(Config\Paths))
CRITICAL - 2026-07-30 10:27:11 --> [Caused by] mysqli_sql_exception: Table 'pharmacy_db.product_inital_stock' doesn't exist
in SYSTEMPATH\Database\MySQLi\Connection.php on line 327.
 1 SYSTEMPATH\Database\MySQLi\Connection.php(327): mysqli->query('SELECT `pr`.*, `pc`.`category_name`, `pg`.`group_name`, `pb`.`product_brand_name`, `pu`.`product_unit_name`, `ps`.`strength_name`, `tx`.`tax_name`, `tx`.`tax_percentage`
FROM `product_inital_stock` AS `pr`
LEFT JOIN `product_category` AS `pc` ON `pr`.`product_category` = `pc`.`product_category_id`
LEFT JOIN `product_group` AS `pg` ON `pr`.`product_group` = `pg`.`product_group_id`
LEFT JOIN `product_brand` AS `pb` ON `pr`.`product_brand` = `pb`.`brand_id`
LEFT JOIN `product_unit` AS `pu` ON `pr`.`product_unit` = `pu`.`product_unit_id`
LEFT JOIN `product_strength` AS `ps` ON `pr`.`product_strength` = `ps`.`strength_id`
LEFT JOIN `tax` AS `tx` ON `pr`.`tax_id` = `tx`.`tax_id`
ORDER BY `pr`.`product_id` DESC', 0)
 2 SYSTEMPATH\Database\BaseConnection.php(729): CodeIgniter\Database\MySQLi\Connection->execute('SELECT `pr`.*, `pc`.`category_name`, `pg`.`group_name`, `pb`.`product_brand_name`, `pu`.`product_unit_name`, `ps`.`strength_name`, `tx`.`tax_name`, `tx`.`tax_percentage`
FROM `product_inital_stock` AS `pr`
LEFT JOIN `product_category` AS `pc` ON `pr`.`product_category` = `pc`.`product_category_id`
LEFT JOIN `product_group` AS `pg` ON `pr`.`product_group` = `pg`.`product_group_id`
LEFT JOIN `product_brand` AS `pb` ON `pr`.`product_brand` = `pb`.`brand_id`
LEFT JOIN `product_unit` AS `pu` ON `pr`.`product_unit` = `pu`.`product_unit_id`
LEFT JOIN `product_strength` AS `ps` ON `pr`.`product_strength` = `ps`.`strength_id`
LEFT JOIN `tax` AS `tx` ON `pr`.`tax_id` = `tx`.`tax_id`
ORDER BY `pr`.`product_id` DESC')
 3 SYSTEMPATH\Database\BaseConnection.php(646): CodeIgniter\Database\BaseConnection->simpleQuery('SELECT `pr`.*, `pc`.`category_name`, `pg`.`group_name`, `pb`.`product_brand_name`, `pu`.`product_unit_name`, `ps`.`strength_name`, `tx`.`tax_name`, `tx`.`tax_percentage`
FROM `product_inital_stock` AS `pr`
LEFT JOIN `product_category` AS `pc` ON `pr`.`product_category` = `pc`.`product_category_id`
LEFT JOIN `product_group` AS `pg` ON `pr`.`product_group` = `pg`.`product_group_id`
LEFT JOIN `product_brand` AS `pb` ON `pr`.`product_brand` = `pb`.`brand_id`
LEFT JOIN `product_unit` AS `pu` ON `pr`.`product_unit` = `pu`.`product_unit_id`
LEFT JOIN `product_strength` AS `ps` ON `pr`.`product_strength` = `ps`.`strength_id`
LEFT JOIN `tax` AS `tx` ON `pr`.`tax_id` = `tx`.`tax_id`
ORDER BY `pr`.`product_id` DESC')
 4 SYSTEMPATH\Database\BaseBuilder.php(1649): CodeIgniter\Database\BaseConnection->query('SELECT `pr`.*, `pc`.`category_name`, `pg`.`group_name`, `pb`.`product_brand_name`, `pu`.`product_unit_name`, `ps`.`strength_name`, `tx`.`tax_name`, `tx`.`tax_percentage`
FROM `product_inital_stock` AS `pr`
LEFT JOIN `product_category` AS `pc` ON `pr`.`product_category` = `pc`.`product_category_id`
LEFT JOIN `product_group` AS `pg` ON `pr`.`product_group` = `pg`.`product_group_id`
LEFT JOIN `product_brand` AS `pb` ON `pr`.`product_brand` = `pb`.`brand_id`
LEFT JOIN `product_unit` AS `pu` ON `pr`.`product_unit` = `pu`.`product_unit_id`
LEFT JOIN `product_strength` AS `ps` ON `pr`.`product_strength` = `ps`.`strength_id`
LEFT JOIN `tax` AS `tx` ON `pr`.`tax_id` = `tx`.`tax_id`
ORDER BY `pr`.`product_id` DESC', [], false)
 5 APPPATH\Models\ProductModel.php(147): CodeIgniter\Database\BaseBuilder->get()
 6 APPPATH\Controllers\ProductController.php(46): App\Models\ProductModel->getProductList()
 7 SYSTEMPATH\CodeIgniter.php(933): App\Controllers\ProductController->index()
 8 SYSTEMPATH\CodeIgniter.php(507): CodeIgniter\CodeIgniter->runController(Object(App\Controllers\ProductController))
 9 SYSTEMPATH\CodeIgniter.php(354): CodeIgniter\CodeIgniter->handleRequest(null, Object(Config\Cache), false)
10 SYSTEMPATH\Boot.php(363): CodeIgniter\CodeIgniter->run()
11 SYSTEMPATH\Boot.php(68): CodeIgniter\Boot::runCodeIgniter(Object(CodeIgniter\CodeIgniter))
12 FCPATH\index.php(59): CodeIgniter\Boot::bootWeb(Object(Config\Paths))
DEBUG - 2026-07-30 10:27:12 --> Session: Class initialized using 'CodeIgniter\Session\Handlers\FileHandler' driver.
ERROR - 2026-07-30 10:27:12 --> mysqli_sql_exception: Table 'pharmacy_db.product_inital_stock' doesn't exist in C:\laragon\www\pharmacy-project\system\Database\MySQLi\Connection.php:327
Stack trace:
#0 C:\laragon\www\pharmacy-project\system\Database\MySQLi\Connection.php(327): mysqli->query('SELECT `pr`.*, ...', 0)
#1 C:\laragon\www\pharmacy-project\system\Database\BaseConnection.php(729): CodeIgniter\Database\MySQLi\Connection->execute('SELECT `pr`.*, ...')
#2 C:\laragon\www\pharmacy-project\system\Database\BaseConnection.php(646): CodeIgniter\Database\BaseConnection->simpleQuery('SELECT `pr`.*, ...')
#3 C:\laragon\www\pharmacy-project\system\Database\BaseBuilder.php(1649): CodeIgniter\Database\BaseConnection->query('SELECT `pr`.*, ...', Array, false)
#4 C:\laragon\www\pharmacy-project\app\Models\ProductModel.php(147): CodeIgniter\Database\BaseBuilder->get()
#5 C:\laragon\www\pharmacy-project\app\Controllers\ProductController.php(46): App\Models\ProductModel->getProductList()
#6 C:\laragon\www\pharmacy-project\system\CodeIgniter.php(933): App\Controllers\ProductController->index()
#7 C:\laragon\www\pharmacy-project\system\CodeIgniter.php(507): CodeIgniter\CodeIgniter->runController(Object(App\Controllers\ProductController))
#8 C:\laragon\www\pharmacy-project\system\CodeIgniter.php(354): CodeIgniter\CodeIgniter->handleRequest(NULL, Object(Config\Cache), false)
#9 C:\laragon\www\pharmacy-project\system\Boot.php(363): CodeIgniter\CodeIgniter->run()
#10 C:\laragon\www\pharmacy-project\system\Boot.php(68): CodeIgniter\Boot::runCodeIgniter(Object(CodeIgniter\CodeIgniter))
#11 C:\laragon\www\pharmacy-project\index.php(59): CodeIgniter\Boot::bootWeb(Object(Config\Paths))
#12 {main}
CRITICAL - 2026-07-30 10:27:12 --> CodeIgniter\Database\Exceptions\DatabaseException: Table 'pharmacy_db.product_inital_stock' doesn't exist
[Method: GET, Route: products]
in SYSTEMPATH\Database\BaseConnection.php on line 684.
 1 SYSTEMPATH\Database\BaseBuilder.php(1649): CodeIgniter\Database\BaseConnection->query('SELECT `pr`.*, `pc`.`category_name`, `pg`.`group_name`, `pb`.`product_brand_name`, `pu`.`product_unit_name`, `ps`.`strength_name`, `tx`.`tax_name`, `tx`.`tax_percentage`
FROM `product_inital_stock` AS `pr`
LEFT JOIN `product_category` AS `pc` ON `pr`.`product_category` = `pc`.`product_category_id`
LEFT JOIN `product_group` AS `pg` ON `pr`.`product_group` = `pg`.`product_group_id`
LEFT JOIN `product_brand` AS `pb` ON `pr`.`product_brand` = `pb`.`brand_id`
LEFT JOIN `product_unit` AS `pu` ON `pr`.`product_unit` = `pu`.`product_unit_id`
LEFT JOIN `product_strength` AS `ps` ON `pr`.`product_strength` = `ps`.`strength_id`
LEFT JOIN `tax` AS `tx` ON `pr`.`tax_id` = `tx`.`tax_id`
ORDER BY `pr`.`product_id` DESC', [], false)
 2 APPPATH\Models\ProductModel.php(147): CodeIgniter\Database\BaseBuilder->get()
 3 APPPATH\Controllers\ProductController.php(46): App\Models\ProductModel->getProductList()
 4 SYSTEMPATH\CodeIgniter.php(933): App\Controllers\ProductController->index()
 5 SYSTEMPATH\CodeIgniter.php(507): CodeIgniter\CodeIgniter->runController(Object(App\Controllers\ProductController))
 6 SYSTEMPATH\CodeIgniter.php(354): CodeIgniter\CodeIgniter->handleRequest(null, Object(Config\Cache), false)
 7 SYSTEMPATH\Boot.php(363): CodeIgniter\CodeIgniter->run()
 8 SYSTEMPATH\Boot.php(68): CodeIgniter\Boot::runCodeIgniter(Object(CodeIgniter\CodeIgniter))
 9 FCPATH\index.php(59): CodeIgniter\Boot::bootWeb(Object(Config\Paths))
CRITICAL - 2026-07-30 10:27:12 --> [Caused by] CodeIgniter\Database\Exceptions\DatabaseException: Table 'pharmacy_db.product_inital_stock' doesn't exist
in SYSTEMPATH\Database\MySQLi\Connection.php on line 332.
 1 SYSTEMPATH\Database\BaseConnection.php(729): CodeIgniter\Database\MySQLi\Connection->execute('SELECT `pr`.*, `pc`.`category_name`, `pg`.`group_name`, `pb`.`product_brand_name`, `pu`.`product_unit_name`, `ps`.`strength_name`, `tx`.`tax_name`, `tx`.`tax_percentage`
FROM `product_inital_stock` AS `pr`
LEFT JOIN `product_category` AS `pc` ON `pr`.`product_category` = `pc`.`product_category_id`
LEFT JOIN `product_group` AS `pg` ON `pr`.`product_group` = `pg`.`product_group_id`
LEFT JOIN `product_brand` AS `pb` ON `pr`.`product_brand` = `pb`.`brand_id`
LEFT JOIN `product_unit` AS `pu` ON `pr`.`product_unit` = `pu`.`product_unit_id`
LEFT JOIN `product_strength` AS `ps` ON `pr`.`product_strength` = `ps`.`strength_id`
LEFT JOIN `tax` AS `tx` ON `pr`.`tax_id` = `tx`.`tax_id`
ORDER BY `pr`.`product_id` DESC')
 2 SYSTEMPATH\Database\BaseConnection.php(646): CodeIgniter\Database\BaseConnection->simpleQuery('SELECT `pr`.*, `pc`.`category_name`, `pg`.`group_name`, `pb`.`product_brand_name`, `pu`.`product_unit_name`, `ps`.`strength_name`, `tx`.`tax_name`, `tx`.`tax_percentage`
FROM `product_inital_stock` AS `pr`
LEFT JOIN `product_category` AS `pc` ON `pr`.`product_category` = `pc`.`product_category_id`
LEFT JOIN `product_group` AS `pg` ON `pr`.`product_group` = `pg`.`product_group_id`
LEFT JOIN `product_brand` AS `pb` ON `pr`.`product_brand` = `pb`.`brand_id`
LEFT JOIN `product_unit` AS `pu` ON `pr`.`product_unit` = `pu`.`product_unit_id`
LEFT JOIN `product_strength` AS `ps` ON `pr`.`product_strength` = `ps`.`strength_id`
LEFT JOIN `tax` AS `tx` ON `pr`.`tax_id` = `tx`.`tax_id`
ORDER BY `pr`.`product_id` DESC')
 3 SYSTEMPATH\Database\BaseBuilder.php(1649): CodeIgniter\Database\BaseConnection->query('SELECT `pr`.*, `pc`.`category_name`, `pg`.`group_name`, `pb`.`product_brand_name`, `pu`.`product_unit_name`, `ps`.`strength_name`, `tx`.`tax_name`, `tx`.`tax_percentage`
FROM `product_inital_stock` AS `pr`
LEFT JOIN `product_category` AS `pc` ON `pr`.`product_category` = `pc`.`product_category_id`
LEFT JOIN `product_group` AS `pg` ON `pr`.`product_group` = `pg`.`product_group_id`
LEFT JOIN `product_brand` AS `pb` ON `pr`.`product_brand` = `pb`.`brand_id`
LEFT JOIN `product_unit` AS `pu` ON `pr`.`product_unit` = `pu`.`product_unit_id`
LEFT JOIN `product_strength` AS `ps` ON `pr`.`product_strength` = `ps`.`strength_id`
LEFT JOIN `tax` AS `tx` ON `pr`.`tax_id` = `tx`.`tax_id`
ORDER BY `pr`.`product_id` DESC', [], false)
 4 APPPATH\Models\ProductModel.php(147): CodeIgniter\Database\BaseBuilder->get()
 5 APPPATH\Controllers\ProductController.php(46): App\Models\ProductModel->getProductList()
 6 SYSTEMPATH\CodeIgniter.php(933): App\Controllers\ProductController->index()
 7 SYSTEMPATH\CodeIgniter.php(507): CodeIgniter\CodeIgniter->runController(Object(App\Controllers\ProductController))
 8 SYSTEMPATH\CodeIgniter.php(354): CodeIgniter\CodeIgniter->handleRequest(null, Object(Config\Cache), false)
 9 SYSTEMPATH\Boot.php(363): CodeIgniter\CodeIgniter->run()
10 SYSTEMPATH\Boot.php(68): CodeIgniter\Boot::runCodeIgniter(Object(CodeIgniter\CodeIgniter))
11 FCPATH\index.php(59): CodeIgniter\Boot::bootWeb(Object(Config\Paths))
CRITICAL - 2026-07-30 10:27:12 --> [Caused by] mysqli_sql_exception: Table 'pharmacy_db.product_inital_stock' doesn't exist
in SYSTEMPATH\Database\MySQLi\Connection.php on line 327.
 1 SYSTEMPATH\Database\MySQLi\Connection.php(327): mysqli->query('SELECT `pr`.*, `pc`.`category_name`, `pg`.`group_name`, `pb`.`product_brand_name`, `pu`.`product_unit_name`, `ps`.`strength_name`, `tx`.`tax_name`, `tx`.`tax_percentage`
FROM `product_inital_stock` AS `pr`
LEFT JOIN `product_category` AS `pc` ON `pr`.`product_category` = `pc`.`product_category_id`
LEFT JOIN `product_group` AS `pg` ON `pr`.`product_group` = `pg`.`product_group_id`
LEFT JOIN `product_brand` AS `pb` ON `pr`.`product_brand` = `pb`.`brand_id`
LEFT JOIN `product_unit` AS `pu` ON `pr`.`product_unit` = `pu`.`product_unit_id`
LEFT JOIN `product_strength` AS `ps` ON `pr`.`product_strength` = `ps`.`strength_id`
LEFT JOIN `tax` AS `tx` ON `pr`.`tax_id` = `tx`.`tax_id`
ORDER BY `pr`.`product_id` DESC', 0)
 2 SYSTEMPATH\Database\BaseConnection.php(729): CodeIgniter\Database\MySQLi\Connection->execute('SELECT `pr`.*, `pc`.`category_name`, `pg`.`group_name`, `pb`.`product_brand_name`, `pu`.`product_unit_name`, `ps`.`strength_name`, `tx`.`tax_name`, `tx`.`tax_percentage`
FROM `product_inital_stock` AS `pr`
LEFT JOIN `product_category` AS `pc` ON `pr`.`product_category` = `pc`.`product_category_id`
LEFT JOIN `product_group` AS `pg` ON `pr`.`product_group` = `pg`.`product_group_id`
LEFT JOIN `product_brand` AS `pb` ON `pr`.`product_brand` = `pb`.`brand_id`
LEFT JOIN `product_unit` AS `pu` ON `pr`.`product_unit` = `pu`.`product_unit_id`
LEFT JOIN `product_strength` AS `ps` ON `pr`.`product_strength` = `ps`.`strength_id`
LEFT JOIN `tax` AS `tx` ON `pr`.`tax_id` = `tx`.`tax_id`
ORDER BY `pr`.`product_id` DESC')
 3 SYSTEMPATH\Database\BaseConnection.php(646): CodeIgniter\Database\BaseConnection->simpleQuery('SELECT `pr`.*, `pc`.`category_name`, `pg`.`group_name`, `pb`.`product_brand_name`, `pu`.`product_unit_name`, `ps`.`strength_name`, `tx`.`tax_name`, `tx`.`tax_percentage`
FROM `product_inital_stock` AS `pr`
LEFT JOIN `product_category` AS `pc` ON `pr`.`product_category` = `pc`.`product_category_id`
LEFT JOIN `product_group` AS `pg` ON `pr`.`product_group` = `pg`.`product_group_id`
LEFT JOIN `product_brand` AS `pb` ON `pr`.`product_brand` = `pb`.`brand_id`
LEFT JOIN `product_unit` AS `pu` ON `pr`.`product_unit` = `pu`.`product_unit_id`
LEFT JOIN `product_strength` AS `ps` ON `pr`.`product_strength` = `ps`.`strength_id`
LEFT JOIN `tax` AS `tx` ON `pr`.`tax_id` = `tx`.`tax_id`
ORDER BY `pr`.`product_id` DESC')
 4 SYSTEMPATH\Database\BaseBuilder.php(1649): CodeIgniter\Database\BaseConnection->query('SELECT `pr`.*, `pc`.`category_name`, `pg`.`group_name`, `pb`.`product_brand_name`, `pu`.`product_unit_name`, `ps`.`strength_name`, `tx`.`tax_name`, `tx`.`tax_percentage`
FROM `product_inital_stock` AS `pr`
LEFT JOIN `product_category` AS `pc` ON `pr`.`product_category` = `pc`.`product_category_id`
LEFT JOIN `product_group` AS `pg` ON `pr`.`product_group` = `pg`.`product_group_id`
LEFT JOIN `product_brand` AS `pb` ON `pr`.`product_brand` = `pb`.`brand_id`
LEFT JOIN `product_unit` AS `pu` ON `pr`.`product_unit` = `pu`.`product_unit_id`
LEFT JOIN `product_strength` AS `ps` ON `pr`.`product_strength` = `ps`.`strength_id`
LEFT JOIN `tax` AS `tx` ON `pr`.`tax_id` = `tx`.`tax_id`
ORDER BY `pr`.`product_id` DESC', [], false)
 5 APPPATH\Models\ProductModel.php(147): CodeIgniter\Database\BaseBuilder->get()
 6 APPPATH\Controllers\ProductController.php(46): App\Models\ProductModel->getProductList()
 7 SYSTEMPATH\CodeIgniter.php(933): App\Controllers\ProductController->index()
 8 SYSTEMPATH\CodeIgniter.php(507): CodeIgniter\CodeIgniter->runController(Object(App\Controllers\ProductController))
 9 SYSTEMPATH\CodeIgniter.php(354): CodeIgniter\CodeIgniter->handleRequest(null, Object(Config\Cache), false)
10 SYSTEMPATH\Boot.php(363): CodeIgniter\CodeIgniter->run()
11 SYSTEMPATH\Boot.php(68): CodeIgniter\Boot::runCodeIgniter(Object(CodeIgniter\CodeIgniter))
12 FCPATH\index.php(59): CodeIgniter\Boot::bootWeb(Object(Config\Paths))
DEBUG - 2026-07-30 10:31:47 --> Session: Class initialized using 'CodeIgniter\Session\Handlers\FileHandler' driver.
DEBUG - 2026-07-30 10:31:50 --> Session: Class initialized using 'CodeIgniter\Session\Handlers\FileHandler' driver.
DEBUG - 2026-07-30 10:33:06 --> Session: Class initialized using 'CodeIgniter\Session\Handlers\FileHandler' driver.
DEBUG - 2026-07-30 10:33:08 --> Session: Class initialized using 'CodeIgniter\Session\Handlers\FileHandler' driver.
DEBUG - 2026-07-30 10:33:09 --> Session: Class initialized using 'CodeIgniter\Session\Handlers\FileHandler' driver.
DEBUG - 2026-07-30 10:33:10 --> Session: Class initialized using 'CodeIgniter\Session\Handlers\FileHandler' driver.
DEBUG - 2026-07-30 10:33:12 --> Session: Class initialized using 'CodeIgniter\Session\Handlers\FileHandler' driver.
DEBUG - 2026-07-30 10:33:13 --> Session: Class initialized using 'CodeIgniter\Session\Handlers\FileHandler' driver.
DEBUG - 2026-07-30 10:33:54 --> Session: Class initialized using 'CodeIgniter\Session\Handlers\FileHandler' driver.
DEBUG - 2026-07-30 10:33:57 --> Session: Class initialized using 'CodeIgniter\Session\Handlers\FileHandler' driver.
DEBUG - 2026-07-30 10:34:04 --> Session: Class initialized using 'CodeIgniter\Session\Handlers\FileHandler' driver.
DEBUG - 2026-07-30 10:34:17 --> Session: Class initialized using 'CodeIgniter\Session\Handlers\FileHandler' driver.
DEBUG - 2026-07-30 10:34:54 --> Session: Class initialized using 'CodeIgniter\Session\Handlers\FileHandler' driver.
DEBUG - 2026-07-30 10:34:57 --> Session: Class initialized using 'CodeIgniter\Session\Handlers\FileHandler' driver.
DEBUG - 2026-07-30 10:35:16 --> Session: Class initialized using 'CodeIgniter\Session\Handlers\FileHandler' driver.
CRITICAL - 2026-07-30 10:35:16 --> Error: Class "App\Models\NewProductAddModel" not found
[Method: GET, Route: pos]
in APPPATH\Controllers\PosController.php on line 27.
 1 SYSTEMPATH\CodeIgniter.php(903): App\Controllers\PosController->__construct()
 2 SYSTEMPATH\CodeIgniter.php(498): CodeIgniter\CodeIgniter->createController()
 3 SYSTEMPATH\CodeIgniter.php(354): CodeIgniter\CodeIgniter->handleRequest(null, Object(Config\Cache), false)
 4 SYSTEMPATH\Boot.php(363): CodeIgniter\CodeIgniter->run()
 5 SYSTEMPATH\Boot.php(68): CodeIgniter\Boot::runCodeIgniter(Object(CodeIgniter\CodeIgniter))
 6 FCPATH\index.php(59): CodeIgniter\Boot::bootWeb(Object(Config\Paths))
DEBUG - 2026-07-30 10:36:34 --> Session: Class initialized using 'CodeIgniter\Session\Handlers\FileHandler' driver.
ERROR - 2026-07-30 10:36:34 --> mysqli_sql_exception: Table 'pharmacy_db.product_inital_stock' doesn't exist in C:\laragon\www\pharmacy-project\system\Database\MySQLi\Connection.php:327
Stack trace:
#0 C:\laragon\www\pharmacy-project\system\Database\MySQLi\Connection.php(327): mysqli->query('SELECT\r\n       ...', 0)
#1 C:\laragon\www\pharmacy-project\system\Database\BaseConnection.php(729): CodeIgniter\Database\MySQLi\Connection->execute('SELECT\r\n       ...')
#2 C:\laragon\www\pharmacy-project\system\Database\BaseConnection.php(646): CodeIgniter\Database\BaseConnection->simpleQuery('SELECT\r\n       ...')
#3 C:\laragon\www\pharmacy-project\app\Models\ProductModel.php(121): CodeIgniter\Database\BaseConnection->query('SELECT\r\n       ...')
#4 C:\laragon\www\pharmacy-project\app\Controllers\PosController.php(43): App\Models\ProductModel->getProducts(NULL)
#5 C:\laragon\www\pharmacy-project\system\CodeIgniter.php(933): App\Controllers\PosController->index()
#6 C:\laragon\www\pharmacy-project\system\CodeIgniter.php(507): CodeIgniter\CodeIgniter->runController(Object(App\Controllers\PosController))
#7 C:\laragon\www\pharmacy-project\system\CodeIgniter.php(354): CodeIgniter\CodeIgniter->handleRequest(NULL, Object(Config\Cache), false)
#8 C:\laragon\www\pharmacy-project\system\Boot.php(363): CodeIgniter\CodeIgniter->run()
#9 C:\laragon\www\pharmacy-project\system\Boot.php(68): CodeIgniter\Boot::runCodeIgniter(Object(CodeIgniter\CodeIgniter))
#10 C:\laragon\www\pharmacy-project\index.php(59): CodeIgniter\Boot::bootWeb(Object(Config\Paths))
#11 {main}
CRITICAL - 2026-07-30 10:36:34 --> CodeIgniter\Database\Exceptions\DatabaseException: Table 'pharmacy_db.product_inital_stock' doesn't exist
[Method: GET, Route: pos]
in SYSTEMPATH\Database\BaseConnection.php on line 684.
 1 APPPATH\Models\ProductModel.php(121): CodeIgniter\Database\BaseConnection->query('SELECT
                    pis.product_id,
                    pis.product_name,
                    pis.product_image,
                    pis.sales_price_for_customer,
                    pis.purchase_price,

                    GREATEST(
                        COALESCE(pis.productinitial_quantity,0)
                        + COALESCE(ppd.total_purchase_qty,0)
                        + COALESCE(rs.total_return,0)
                        + COALESCE(adj.total_stock_in,0)
                        - COALESCE(sd.total_sale,0)
                        - COALESCE(adj.total_stock_out,0)
                    ,0) AS total_stock

                FROM product_inital_stock pis

                LEFT JOIN (
                    SELECT
                        product_id,
                        SUM((IFNULL(quantity_per_pack,0)*IFNULL(box_quantity,0))+IFNULL(free_qty,0)) total_purchase_qty
                    FROM product_purchase_details
                    GROUP BY product_id
                ) ppd
                ON ppd.product_id=pis.product_id

                LEFT JOIN (
                    SELECT
                        product_id,
                        SUM(product_quantity_sold) total_sale
                    FROM sales_details
                    GROUP BY product_id
                ) sd
                ON sd.product_id=pis.product_id

                LEFT JOIN (
                    SELECT
                        product_id,
                        SUM(return_qty) total_return
                    FROM return_sales_details
                    GROUP BY product_id
                ) rs
                ON rs.product_id=pis.product_id

                LEFT JOIN (
                    SELECT
                        sad.product_id,

                        SUM(
                            CASE
                                WHEN sa.adjustment_type=\'stock_in\'
                                THEN sad.adjustment_qty
                                ELSE 0
                            END
                        ) total_stock_in,

                        SUM(
                            CASE
                                WHEN sa.adjustment_type=\'stock_out\'
                                THEN sad.adjustment_qty
                                ELSE 0
                            END
                        ) total_stock_out

                    FROM stock_adjustment_details sad
                    INNER JOIN stock_adjustment sa
                    ON sa.adjustment_id=sad.adjustment_id

                    GROUP BY sad.product_id

                ) adj
                ON adj.product_id=pis.product_id

                ')
 2 APPPATH\Controllers\PosController.php(43): App\Models\ProductModel->getProducts(null)
 3 SYSTEMPATH\CodeIgniter.php(933): App\Controllers\PosController->index()
 4 SYSTEMPATH\CodeIgniter.php(507): CodeIgniter\CodeIgniter->runController(Object(App\Controllers\PosController))
 5 SYSTEMPATH\CodeIgniter.php(354): CodeIgniter\CodeIgniter->handleRequest(null, Object(Config\Cache), false)
 6 SYSTEMPATH\Boot.php(363): CodeIgniter\CodeIgniter->run()
 7 SYSTEMPATH\Boot.php(68): CodeIgniter\Boot::runCodeIgniter(Object(CodeIgniter\CodeIgniter))
 8 FCPATH\index.php(59): CodeIgniter\Boot::bootWeb(Object(Config\Paths))
CRITICAL - 2026-07-30 10:36:34 --> [Caused by] CodeIgniter\Database\Exceptions\DatabaseException: Table 'pharmacy_db.product_inital_stock' doesn't exist
in SYSTEMPATH\Database\MySQLi\Connection.php on line 332.
 1 SYSTEMPATH\Database\BaseConnection.php(729): CodeIgniter\Database\MySQLi\Connection->execute('SELECT
                    pis.product_id,
                    pis.product_name,
                    pis.product_image,
                    pis.sales_price_for_customer,
                    pis.purchase_price,

                    GREATEST(
                        COALESCE(pis.productinitial_quantity,0)
                        + COALESCE(ppd.total_purchase_qty,0)
                        + COALESCE(rs.total_return,0)
                        + COALESCE(adj.total_stock_in,0)
                        - COALESCE(sd.total_sale,0)
                        - COALESCE(adj.total_stock_out,0)
                    ,0) AS total_stock

                FROM product_inital_stock pis

                LEFT JOIN (
                    SELECT
                        product_id,
                        SUM((IFNULL(quantity_per_pack,0)*IFNULL(box_quantity,0))+IFNULL(free_qty,0)) total_purchase_qty
                    FROM product_purchase_details
                    GROUP BY product_id
                ) ppd
                ON ppd.product_id=pis.product_id

                LEFT JOIN (
                    SELECT
                        product_id,
                        SUM(product_quantity_sold) total_sale
                    FROM sales_details
                    GROUP BY product_id
                ) sd
                ON sd.product_id=pis.product_id

                LEFT JOIN (
                    SELECT
                        product_id,
                        SUM(return_qty) total_return
                    FROM return_sales_details
                    GROUP BY product_id
                ) rs
                ON rs.product_id=pis.product_id

                LEFT JOIN (
                    SELECT
                        sad.product_id,

                        SUM(
                            CASE
                                WHEN sa.adjustment_type=\'stock_in\'
                                THEN sad.adjustment_qty
                                ELSE 0
                            END
                        ) total_stock_in,

                        SUM(
                            CASE
                                WHEN sa.adjustment_type=\'stock_out\'
                                THEN sad.adjustment_qty
                                ELSE 0
                            END
                        ) total_stock_out

                    FROM stock_adjustment_details sad
                    INNER JOIN stock_adjustment sa
                    ON sa.adjustment_id=sad.adjustment_id

                    GROUP BY sad.product_id

                ) adj
                ON adj.product_id=pis.product_id

                ')
 2 SYSTEMPATH\Database\BaseConnection.php(646): CodeIgniter\Database\BaseConnection->simpleQuery('SELECT
                    pis.product_id,
                    pis.product_name,
                    pis.product_image,
                    pis.sales_price_for_customer,
                    pis.purchase_price,

                    GREATEST(
                        COALESCE(pis.productinitial_quantity,0)
                        + COALESCE(ppd.total_purchase_qty,0)
                        + COALESCE(rs.total_return,0)
                        + COALESCE(adj.total_stock_in,0)
                        - COALESCE(sd.total_sale,0)
                        - COALESCE(adj.total_stock_out,0)
                    ,0) AS total_stock

                FROM product_inital_stock pis

                LEFT JOIN (
                    SELECT
                        product_id,
                        SUM((IFNULL(quantity_per_pack,0)*IFNULL(box_quantity,0))+IFNULL(free_qty,0)) total_purchase_qty
                    FROM product_purchase_details
                    GROUP BY product_id
                ) ppd
                ON ppd.product_id=pis.product_id

                LEFT JOIN (
                    SELECT
                        product_id,
                        SUM(product_quantity_sold) total_sale
                    FROM sales_details
                    GROUP BY product_id
                ) sd
                ON sd.product_id=pis.product_id

                LEFT JOIN (
                    SELECT
                        product_id,
                        SUM(return_qty) total_return
                    FROM return_sales_details
                    GROUP BY product_id
                ) rs
                ON rs.product_id=pis.product_id

                LEFT JOIN (
                    SELECT
                        sad.product_id,

                        SUM(
                            CASE
                                WHEN sa.adjustment_type=\'stock_in\'
                                THEN sad.adjustment_qty
                                ELSE 0
                            END
                        ) total_stock_in,

                        SUM(
                            CASE
                                WHEN sa.adjustment_type=\'stock_out\'
                                THEN sad.adjustment_qty
                                ELSE 0
                            END
                        ) total_stock_out

                    FROM stock_adjustment_details sad
                    INNER JOIN stock_adjustment sa
                    ON sa.adjustment_id=sad.adjustment_id

                    GROUP BY sad.product_id

                ) adj
                ON adj.product_id=pis.product_id

                ')
 3 APPPATH\Models\ProductModel.php(121): CodeIgniter\Database\BaseConnection->query('SELECT
                    pis.product_id,
                    pis.product_name,
                    pis.product_image,
                    pis.sales_price_for_customer,
                    pis.purchase_price,

                    GREATEST(
                        COALESCE(pis.productinitial_quantity,0)
                        + COALESCE(ppd.total_purchase_qty,0)
                        + COALESCE(rs.total_return,0)
                        + COALESCE(adj.total_stock_in,0)
                        - COALESCE(sd.total_sale,0)
                        - COALESCE(adj.total_stock_out,0)
                    ,0) AS total_stock

                FROM product_inital_stock pis

                LEFT JOIN (
                    SELECT
                        product_id,
                        SUM((IFNULL(quantity_per_pack,0)*IFNULL(box_quantity,0))+IFNULL(free_qty,0)) total_purchase_qty
                    FROM product_purchase_details
                    GROUP BY product_id
                ) ppd
                ON ppd.product_id=pis.product_id

                LEFT JOIN (
                    SELECT
                        product_id,
                        SUM(product_quantity_sold) total_sale
                    FROM sales_details
                    GROUP BY product_id
                ) sd
                ON sd.product_id=pis.product_id

                LEFT JOIN (
                    SELECT
                        product_id,
                        SUM(return_qty) total_return
                    FROM return_sales_details
                    GROUP BY product_id
                ) rs
                ON rs.product_id=pis.product_id

                LEFT JOIN (
                    SELECT
                        sad.product_id,

                        SUM(
                            CASE
                                WHEN sa.adjustment_type=\'stock_in\'
                                THEN sad.adjustment_qty
                                ELSE 0
                            END
                        ) total_stock_in,

                        SUM(
                            CASE
                                WHEN sa.adjustment_type=\'stock_out\'
                                THEN sad.adjustment_qty
                                ELSE 0
                            END
                        ) total_stock_out

                    FROM stock_adjustment_details sad
                    INNER JOIN stock_adjustment sa
                    ON sa.adjustment_id=sad.adjustment_id

                    GROUP BY sad.product_id

                ) adj
                ON adj.product_id=pis.product_id

                ')
 4 APPPATH\Controllers\PosController.php(43): App\Models\ProductModel->getProducts(null)
 5 SYSTEMPATH\CodeIgniter.php(933): App\Controllers\PosController->index()
 6 SYSTEMPATH\CodeIgniter.php(507): CodeIgniter\CodeIgniter->runController(Object(App\Controllers\PosController))
 7 SYSTEMPATH\CodeIgniter.php(354): CodeIgniter\CodeIgniter->handleRequest(null, Object(Config\Cache), false)
 8 SYSTEMPATH\Boot.php(363): CodeIgniter\CodeIgniter->run()
 9 SYSTEMPATH\Boot.php(68): CodeIgniter\Boot::runCodeIgniter(Object(CodeIgniter\CodeIgniter))
10 FCPATH\index.php(59): CodeIgniter\Boot::bootWeb(Object(Config\Paths))
CRITICAL - 2026-07-30 10:36:34 --> [Caused by] mysqli_sql_exception: Table 'pharmacy_db.product_inital_stock' doesn't exist
in SYSTEMPATH\Database\MySQLi\Connection.php on line 327.
 1 SYSTEMPATH\Database\MySQLi\Connection.php(327): mysqli->query('SELECT
                    pis.product_id,
                    pis.product_name,
                    pis.product_image,
                    pis.sales_price_for_customer,
                    pis.purchase_price,

                    GREATEST(
                        COALESCE(pis.productinitial_quantity,0)
                        + COALESCE(ppd.total_purchase_qty,0)
                        + COALESCE(rs.total_return,0)
                        + COALESCE(adj.total_stock_in,0)
                        - COALESCE(sd.total_sale,0)
                        - COALESCE(adj.total_stock_out,0)
                    ,0) AS total_stock

                FROM product_inital_stock pis

                LEFT JOIN (
                    SELECT
                        product_id,
                        SUM((IFNULL(quantity_per_pack,0)*IFNULL(box_quantity,0))+IFNULL(free_qty,0)) total_purchase_qty
                    FROM product_purchase_details
                    GROUP BY product_id
                ) ppd
                ON ppd.product_id=pis.product_id

                LEFT JOIN (
                    SELECT
                        product_id,
                        SUM(product_quantity_sold) total_sale
                    FROM sales_details
                    GROUP BY product_id
                ) sd
                ON sd.product_id=pis.product_id

                LEFT JOIN (
                    SELECT
                        product_id,
                        SUM(return_qty) total_return
                    FROM return_sales_details
                    GROUP BY product_id
                ) rs
                ON rs.product_id=pis.product_id

                LEFT JOIN (
                    SELECT
                        sad.product_id,

                        SUM(
                            CASE
                                WHEN sa.adjustment_type=\'stock_in\'
                                THEN sad.adjustment_qty
                                ELSE 0
                            END
                        ) total_stock_in,

                        SUM(
                            CASE
                                WHEN sa.adjustment_type=\'stock_out\'
                                THEN sad.adjustment_qty
                                ELSE 0
                            END
                        ) total_stock_out

                    FROM stock_adjustment_details sad
                    INNER JOIN stock_adjustment sa
                    ON sa.adjustment_id=sad.adjustment_id

                    GROUP BY sad.product_id

                ) adj
                ON adj.product_id=pis.product_id

                ', 0)
 2 SYSTEMPATH\Database\BaseConnection.php(729): CodeIgniter\Database\MySQLi\Connection->execute('SELECT
                    pis.product_id,
                    pis.product_name,
                    pis.product_image,
                    pis.sales_price_for_customer,
                    pis.purchase_price,

                    GREATEST(
                        COALESCE(pis.productinitial_quantity,0)
                        + COALESCE(ppd.total_purchase_qty,0)
                        + COALESCE(rs.total_return,0)
                        + COALESCE(adj.total_stock_in,0)
                        - COALESCE(sd.total_sale,0)
                        - COALESCE(adj.total_stock_out,0)
                    ,0) AS total_stock

                FROM product_inital_stock pis

                LEFT JOIN (
                    SELECT
                        product_id,
                        SUM((IFNULL(quantity_per_pack,0)*IFNULL(box_quantity,0))+IFNULL(free_qty,0)) total_purchase_qty
                    FROM product_purchase_details
                    GROUP BY product_id
                ) ppd
                ON ppd.product_id=pis.product_id

                LEFT JOIN (
                    SELECT
                        product_id,
                        SUM(product_quantity_sold) total_sale
                    FROM sales_details
                    GROUP BY product_id
                ) sd
                ON sd.product_id=pis.product_id

                LEFT JOIN (
                    SELECT
                        product_id,
                        SUM(return_qty) total_return
                    FROM return_sales_details
                    GROUP BY product_id
                ) rs
                ON rs.product_id=pis.product_id

                LEFT JOIN (
                    SELECT
                        sad.product_id,

                        SUM(
                            CASE
                                WHEN sa.adjustment_type=\'stock_in\'
                                THEN sad.adjustment_qty
                                ELSE 0
                            END
                        ) total_stock_in,

                        SUM(
                            CASE
                                WHEN sa.adjustment_type=\'stock_out\'
                                THEN sad.adjustment_qty
                                ELSE 0
                            END
                        ) total_stock_out

                    FROM stock_adjustment_details sad
                    INNER JOIN stock_adjustment sa
                    ON sa.adjustment_id=sad.adjustment_id

                    GROUP BY sad.product_id

                ) adj
                ON adj.product_id=pis.product_id

                ')
 3 SYSTEMPATH\Database\BaseConnection.php(646): CodeIgniter\Database\BaseConnection->simpleQuery('SELECT
                    pis.product_id,
                    pis.product_name,
                    pis.product_image,
                    pis.sales_price_for_customer,
                    pis.purchase_price,

                    GREATEST(
                        COALESCE(pis.productinitial_quantity,0)
                        + COALESCE(ppd.total_purchase_qty,0)
                        + COALESCE(rs.total_return,0)
                        + COALESCE(adj.total_stock_in,0)
                        - COALESCE(sd.total_sale,0)
                        - COALESCE(adj.total_stock_out,0)
                    ,0) AS total_stock

                FROM product_inital_stock pis

                LEFT JOIN (
                    SELECT
                        product_id,
                        SUM((IFNULL(quantity_per_pack,0)*IFNULL(box_quantity,0))+IFNULL(free_qty,0)) total_purchase_qty
                    FROM product_purchase_details
                    GROUP BY product_id
                ) ppd
                ON ppd.product_id=pis.product_id

                LEFT JOIN (
                    SELECT
                        product_id,
                        SUM(product_quantity_sold) total_sale
                    FROM sales_details
                    GROUP BY product_id
                ) sd
                ON sd.product_id=pis.product_id

                LEFT JOIN (
                    SELECT
                        product_id,
                        SUM(return_qty) total_return
                    FROM return_sales_details
                    GROUP BY product_id
                ) rs
                ON rs.product_id=pis.product_id

                LEFT JOIN (
                    SELECT
                        sad.product_id,

                        SUM(
                            CASE
                                WHEN sa.adjustment_type=\'stock_in\'
                                THEN sad.adjustment_qty
                                ELSE 0
                            END
                        ) total_stock_in,

                        SUM(
                            CASE
                                WHEN sa.adjustment_type=\'stock_out\'
                                THEN sad.adjustment_qty
                                ELSE 0
                            END
                        ) total_stock_out

                    FROM stock_adjustment_details sad
                    INNER JOIN stock_adjustment sa
                    ON sa.adjustment_id=sad.adjustment_id

                    GROUP BY sad.product_id

                ) adj
                ON adj.product_id=pis.product_id

                ')
 4 APPPATH\Models\ProductModel.php(121): CodeIgniter\Database\BaseConnection->query('SELECT
                    pis.product_id,
                    pis.product_name,
                    pis.product_image,
                    pis.sales_price_for_customer,
                    pis.purchase_price,

                    GREATEST(
                        COALESCE(pis.productinitial_quantity,0)
                        + COALESCE(ppd.total_purchase_qty,0)
                        + COALESCE(rs.total_return,0)
                        + COALESCE(adj.total_stock_in,0)
                        - COALESCE(sd.total_sale,0)
                        - COALESCE(adj.total_stock_out,0)
                    ,0) AS total_stock

                FROM product_inital_stock pis

                LEFT JOIN (
                    SELECT
                        product_id,
                        SUM((IFNULL(quantity_per_pack,0)*IFNULL(box_quantity,0))+IFNULL(free_qty,0)) total_purchase_qty
                    FROM product_purchase_details
                    GROUP BY product_id
                ) ppd
                ON ppd.product_id=pis.product_id

                LEFT JOIN (
                    SELECT
                        product_id,
                        SUM(product_quantity_sold) total_sale
                    FROM sales_details
                    GROUP BY product_id
                ) sd
                ON sd.product_id=pis.product_id

                LEFT JOIN (
                    SELECT
                        product_id,
                        SUM(return_qty) total_return
                    FROM return_sales_details
                    GROUP BY product_id
                ) rs
                ON rs.product_id=pis.product_id

                LEFT JOIN (
                    SELECT
                        sad.product_id,

                        SUM(
                            CASE
                                WHEN sa.adjustment_type=\'stock_in\'
                                THEN sad.adjustment_qty
                                ELSE 0
                            END
                        ) total_stock_in,

                        SUM(
                            CASE
                                WHEN sa.adjustment_type=\'stock_out\'
                                THEN sad.adjustment_qty
                                ELSE 0
                            END
                        ) total_stock_out

                    FROM stock_adjustment_details sad
                    INNER JOIN stock_adjustment sa
                    ON sa.adjustment_id=sad.adjustment_id

                    GROUP BY sad.product_id

                ) adj
                ON adj.product_id=pis.product_id

                ')
 5 APPPATH\Controllers\PosController.php(43): App\Models\ProductModel->getProducts(null)
 6 SYSTEMPATH\CodeIgniter.php(933): App\Controllers\PosController->index()
 7 SYSTEMPATH\CodeIgniter.php(507): CodeIgniter\CodeIgniter->runController(Object(App\Controllers\PosController))
 8 SYSTEMPATH\CodeIgniter.php(354): CodeIgniter\CodeIgniter->handleRequest(null, Object(Config\Cache), false)
 9 SYSTEMPATH\Boot.php(363): CodeIgniter\CodeIgniter->run()
10 SYSTEMPATH\Boot.php(68): CodeIgniter\Boot::runCodeIgniter(Object(CodeIgniter\CodeIgniter))
11 FCPATH\index.php(59): CodeIgniter\Boot::bootWeb(Object(Config\Paths))
DEBUG - 2026-07-30 10:40:41 --> Session: Class initialized using 'CodeIgniter\Session\Handlers\FileHandler' driver.
DEBUG - 2026-07-30 10:40:44 --> Session: Class initialized using 'CodeIgniter\Session\Handlers\FileHandler' driver.
DEBUG - 2026-07-30 10:40:48 --> Session: Class initialized using 'CodeIgniter\Session\Handlers\FileHandler' driver.
DEBUG - 2026-07-30 10:40:51 --> Session: Class initialized using 'CodeIgniter\Session\Handlers\FileHandler' driver.
DEBUG - 2026-07-30 10:53:44 --> Session: Class initialized using 'CodeIgniter\Session\Handlers\FileHandler' driver.
DEBUG - 2026-07-30 10:54:33 --> Session: Class initialized using 'CodeIgniter\Session\Handlers\FileHandler' driver.
DEBUG - 2026-07-30 10:55:49 --> Session: Class initialized using 'CodeIgniter\Session\Handlers\FileHandler' driver.
DEBUG - 2026-07-30 10:55:51 --> Session: Class initialized using 'CodeIgniter\Session\Handlers\FileHandler' driver.
DEBUG - 2026-07-30 10:58:17 --> Session: Class initialized using 'CodeIgniter\Session\Handlers\FileHandler' driver.
DEBUG - 2026-07-30 11:05:25 --> Session: Class initialized using 'CodeIgniter\Session\Handlers\FileHandler' driver.
ERROR - 2026-07-30 11:05:25 --> mysqli_sql_exception: Unknown column 'batch_no' in 'field list' in C:\laragon\www\pharmacy-project\system\Database\MySQLi\Connection.php:327
Stack trace:
#0 C:\laragon\www\pharmacy-project\system\Database\MySQLi\Connection.php(327): mysqli->query('INSERT INTO `st...', 0)
#1 C:\laragon\www\pharmacy-project\system\Database\BaseConnection.php(729): CodeIgniter\Database\MySQLi\Connection->execute('INSERT INTO `st...')
#2 C:\laragon\www\pharmacy-project\system\Database\BaseConnection.php(646): CodeIgniter\Database\BaseConnection->simpleQuery('INSERT INTO `st...')
#3 C:\laragon\www\pharmacy-project\system\Database\BaseBuilder.php(2345): CodeIgniter\Database\BaseConnection->query('INSERT INTO `st...', Array, false)
#4 C:\laragon\www\pharmacy-project\app\Controllers\OpeningStockController.php(112): CodeIgniter\Database\BaseBuilder->insert(Array)
#5 C:\laragon\www\pharmacy-project\system\CodeIgniter.php(933): App\Controllers\OpeningStockController->store()
#6 C:\laragon\www\pharmacy-project\system\CodeIgniter.php(507): CodeIgniter\CodeIgniter->runController(Object(App\Controllers\OpeningStockController))
#7 C:\laragon\www\pharmacy-project\system\CodeIgniter.php(354): CodeIgniter\CodeIgniter->handleRequest(NULL, Object(Config\Cache), false)
#8 C:\laragon\www\pharmacy-project\system\Boot.php(363): CodeIgniter\CodeIgniter->run()
#9 C:\laragon\www\pharmacy-project\system\Boot.php(68): CodeIgniter\Boot::runCodeIgniter(Object(CodeIgniter\CodeIgniter))
#10 C:\laragon\www\pharmacy-project\index.php(59): CodeIgniter\Boot::bootWeb(Object(Config\Paths))
#11 {main}
DEBUG - 2026-07-30 15:40:44 --> Session: Class initialized using 'CodeIgniter\Session\Handlers\FileHandler' driver.
DEBUG - 2026-07-30 15:40:56 --> Session: Class initialized using 'CodeIgniter\Session\Handlers\FileHandler' driver.
DEBUG - 2026-07-30 15:40:56 --> Session: Class initialized using 'CodeIgniter\Session\Handlers\FileHandler' driver.
DEBUG - 2026-07-30 15:41:24 --> Session: Class initialized using 'CodeIgniter\Session\Handlers\FileHandler' driver.
CRITICAL - 2026-07-30 15:41:24 --> ErrorException: Undefined array key "sales_price_for_customer"
[Method: GET, Route: pos]
in APPPATH\Views\pos\pos_add.php on line 264.
 1 APPPATH\Views\pos\pos_add.php(264): CodeIgniter\Debug\Exceptions->errorHandler(2, 'Undefined array key "sales_price_for_customer"', 'C:\\laragon\\www\\pharmacy-project\\app\\Views\\pos\\pos_add.php', 264)
 2 SYSTEMPATH\View\View.php(226): include('C:\\laragon\\www\\pharmacy-project\\app\\Views\\pos\\pos_add.php')
 3 SYSTEMPATH\View\View.php(229): CodeIgniter\View\View->CodeIgniter\View\{closure}()
 4 SYSTEMPATH\Common.php(1167): CodeIgniter\View\View->render('pos/pos_add', [], true)
 5 APPPATH\Controllers\PosController.php(71): view('pos/pos_add', [...])
 6 SYSTEMPATH\CodeIgniter.php(933): App\Controllers\PosController->index()
 7 SYSTEMPATH\CodeIgniter.php(507): CodeIgniter\CodeIgniter->runController(Object(App\Controllers\PosController))
 8 SYSTEMPATH\CodeIgniter.php(354): CodeIgniter\CodeIgniter->handleRequest(null, Object(Config\Cache), false)
 9 SYSTEMPATH\Boot.php(363): CodeIgniter\CodeIgniter->run()
10 SYSTEMPATH\Boot.php(68): CodeIgniter\Boot::runCodeIgniter(Object(CodeIgniter\CodeIgniter))
11 FCPATH\index.php(59): CodeIgniter\Boot::bootWeb(Object(Config\Paths))
DEBUG - 2026-07-30 15:46:48 --> Session: Class initialized using 'CodeIgniter\Session\Handlers\FileHandler' driver.
DEBUG - 2026-07-30 15:46:52 --> Session: Class initialized using 'CodeIgniter\Session\Handlers\FileHandler' driver.
DEBUG - 2026-07-30 15:55:02 --> Session: Class initialized using 'CodeIgniter\Session\Handlers\FileHandler' driver.
DEBUG - 2026-07-30 15:57:54 --> Session: Class initialized using 'CodeIgniter\Session\Handlers\FileHandler' driver.
DEBUG - 2026-07-30 15:58:27 --> Session: Class initialized using 'CodeIgniter\Session\Handlers\FileHandler' driver.
CRITICAL - 2026-07-30 15:58:27 --> ErrorException: Undefined array key "sales_price_for_customer"
[Method: POST, Route: pos/sale]
in APPPATH\Controllers\PosController.php on line 120.
 1 APPPATH\Controllers\PosController.php(120): CodeIgniter\Debug\Exceptions->errorHandler(2, 'Undefined array key "sales_price_for_customer"', 'C:\\laragon\\www\\pharmacy-project\\app\\Controllers\\PosController.php', 120)
 2 SYSTEMPATH\CodeIgniter.php(933): App\Controllers\PosController->sale()
 3 SYSTEMPATH\CodeIgniter.php(507): CodeIgniter\CodeIgniter->runController(Object(App\Controllers\PosController))
 4 SYSTEMPATH\CodeIgniter.php(354): CodeIgniter\CodeIgniter->handleRequest(null, Object(Config\Cache), false)
 5 SYSTEMPATH\Boot.php(363): CodeIgniter\CodeIgniter->run()
 6 SYSTEMPATH\Boot.php(68): CodeIgniter\Boot::runCodeIgniter(Object(CodeIgniter\CodeIgniter))
 7 FCPATH\index.php(59): CodeIgniter\Boot::bootWeb(Object(Config\Paths))
DEBUG - 2026-07-30 16:07:48 --> Session: Class initialized using 'CodeIgniter\Session\Handlers\FileHandler' driver.
DEBUG - 2026-07-30 16:11:01 --> Session: Class initialized using 'CodeIgniter\Session\Handlers\FileHandler' driver.
DEBUG - 2026-07-30 16:11:55 --> Session: Class initialized using 'CodeIgniter\Session\Handlers\FileHandler' driver.
DEBUG - 2026-07-30 16:13:40 --> Session: Class initialized using 'CodeIgniter\Session\Handlers\FileHandler' driver.
ERROR - 2026-07-30 16:13:40 --> mysqli_sql_exception: Table 'pharmacy_db.product_inital_stock' doesn't exist in C:\laragon\www\pharmacy-project\system\Database\MySQLi\Connection.php:327
Stack trace:
#0 C:\laragon\www\pharmacy-project\system\Database\MySQLi\Connection.php(327): mysqli->query('SELECT `pis`.`p...', 0)
#1 C:\laragon\www\pharmacy-project\system\Database\BaseConnection.php(729): CodeIgniter\Database\MySQLi\Connection->execute('SELECT `pis`.`p...')
#2 C:\laragon\www\pharmacy-project\system\Database\BaseConnection.php(646): CodeIgniter\Database\BaseConnection->simpleQuery('SELECT `pis`.`p...')
#3 C:\laragon\www\pharmacy-project\system\Database\BaseBuilder.php(1649): CodeIgniter\Database\BaseConnection->query('SELECT `pis`.`p...', Array, false)
#4 C:\laragon\www\pharmacy-project\app\Models\ProductModel.php(301): CodeIgniter\Database\BaseBuilder->get()
#5 C:\laragon\www\pharmacy-project\app\Controllers\PosController.php(270): App\Models\ProductModel->searchProducts('m')
#6 C:\laragon\www\pharmacy-project\system\CodeIgniter.php(933): App\Controllers\PosController->productSearch()
#7 C:\laragon\www\pharmacy-project\system\CodeIgniter.php(507): CodeIgniter\CodeIgniter->runController(Object(App\Controllers\PosController))
#8 C:\laragon\www\pharmacy-project\system\CodeIgniter.php(354): CodeIgniter\CodeIgniter->handleRequest(NULL, Object(Config\Cache), false)
#9 C:\laragon\www\pharmacy-project\system\Boot.php(363): CodeIgniter\CodeIgniter->run()
#10 C:\laragon\www\pharmacy-project\system\Boot.php(68): CodeIgniter\Boot::runCodeIgniter(Object(CodeIgniter\CodeIgniter))
#11 C:\laragon\www\pharmacy-project\index.php(59): CodeIgniter\Boot::bootWeb(Object(Config\Paths))
#12 {main}
CRITICAL - 2026-07-30 16:13:40 --> CodeIgniter\Database\Exceptions\DatabaseException: Table 'pharmacy_db.product_inital_stock' doesn't exist
[Method: GET, Route: pos/product-search]
in SYSTEMPATH\Database\BaseConnection.php on line 684.
 1 SYSTEMPATH\Database\BaseBuilder.php(1649): CodeIgniter\Database\BaseConnection->query('SELECT `pis`.`product_id` AS `id`, `pis`.`product_name` AS `name`, CONCAT(
            pis.product_name, \' | \', `pb`.`product_brand_name`, \' | \', `pc`.`category_name`, \' | \', `pg`.`group_name`, \' | Stock: \', (
                COALESCE(pis.productinitial_quantity, 0)
                + COALESCE(ppd.new_purchased, 0)
                - COALESCE(sd.total_sale, 0)
            )
        ) AS label, (
            COALESCE(pis.productinitial_quantity, 0)
            + COALESCE(ppd.new_purchased, 0)
            - COALESCE(sd.total_sale, 0)
        ) AS total_stock
FROM `product_inital_stock` `pis`
LEFT JOIN 
        (
            SELECT product_id,
                   SUM(product_quantity_sold) total_sale
            FROM sales_details
            GROUP BY product_id
        ) sd
     ON `pis`.`product_id`=`sd`.`product_id`
LEFT JOIN 
        (
            SELECT product_id,
                   SUM(quantity_per_pack*box_quantity) new_purchased
            FROM product_purchase_details
            GROUP BY product_id
        ) ppd
     ON `pis`.`product_id`=`ppd`.`product_id`
LEFT JOIN `product_brand` `pb` ON `pb`.`brand_id`=`pis`.`product_brand`
LEFT JOIN `product_category` `pc` ON `pc`.`product_category_id`=`pis`.`product_category`
LEFT JOIN `product_group` `pg` ON `pg`.`product_group_id`=`pis`.`product_group`
WHERE   (

        LOWER(CONCAT(
            pis.product_name,\' \',
            IFNULL(pb.product_brand_name,\'\'),\' \',
            IFNULL(pc.category_name,\'\'),\' \',
            IFNULL(pg.group_name,\'\'),\' \',
            IFNULL(pis.codefor_barcode,\'\')
        )) LIKE \'%m%\'
    
 )
HAVING `total_stock` >= :total_stock:
ORDER BY CASE
            WHEN pis.codefor_barcode=\'m\' THEN 1
            WHEN pis.product_name=\'m\' THEN 2
            WHEN pis.product_name LIKE \'%m%\' THEN 3
            WHEN pb.product_brand_name LIKE \'m%\'
                THEN 4
            WHEN pc.category_name LIKE \'m%\'
                THEN 5
            WHEN pg.group_name LIKE \'m%\'
                THEN 6
            ELSE 7
        END
 LIMIT 20', [...], false)
 2 APPPATH\Models\ProductModel.php(301): CodeIgniter\Database\BaseBuilder->get()
 3 APPPATH\Controllers\PosController.php(270): App\Models\ProductModel->searchProducts('m')
 4 SYSTEMPATH\CodeIgniter.php(933): App\Controllers\PosController->productSearch()
 5 SYSTEMPATH\CodeIgniter.php(507): CodeIgniter\CodeIgniter->runController(Object(App\Controllers\PosController))
 6 SYSTEMPATH\CodeIgniter.php(354): CodeIgniter\CodeIgniter->handleRequest(null, Object(Config\Cache), false)
 7 SYSTEMPATH\Boot.php(363): CodeIgniter\CodeIgniter->run()
 8 SYSTEMPATH\Boot.php(68): CodeIgniter\Boot::runCodeIgniter(Object(CodeIgniter\CodeIgniter))
 9 FCPATH\index.php(59): CodeIgniter\Boot::bootWeb(Object(Config\Paths))
CRITICAL - 2026-07-30 16:13:40 --> [Caused by] CodeIgniter\Database\Exceptions\DatabaseException: Table 'pharmacy_db.product_inital_stock' doesn't exist
in SYSTEMPATH\Database\MySQLi\Connection.php on line 332.
 1 SYSTEMPATH\Database\BaseConnection.php(729): CodeIgniter\Database\MySQLi\Connection->execute('SELECT `pis`.`product_id` AS `id`, `pis`.`product_name` AS `name`, CONCAT(
            pis.product_name, \' | \', `pb`.`product_brand_name`, \' | \', `pc`.`category_name`, \' | \', `pg`.`group_name`, \' | Stock: \', (
                COALESCE(pis.productinitial_quantity, 0)
                + COALESCE(ppd.new_purchased, 0)
                - COALESCE(sd.total_sale, 0)
            )
        ) AS label, (
            COALESCE(pis.productinitial_quantity, 0)
            + COALESCE(ppd.new_purchased, 0)
            - COALESCE(sd.total_sale, 0)
        ) AS total_stock
FROM `product_inital_stock` `pis`
LEFT JOIN 
        (
            SELECT product_id,
                   SUM(product_quantity_sold) total_sale
            FROM sales_details
            GROUP BY product_id
        ) sd
     ON `pis`.`product_id`=`sd`.`product_id`
LEFT JOIN 
        (
            SELECT product_id,
                   SUM(quantity_per_pack*box_quantity) new_purchased
            FROM product_purchase_details
            GROUP BY product_id
        ) ppd
     ON `pis`.`product_id`=`ppd`.`product_id`
LEFT JOIN `product_brand` `pb` ON `pb`.`brand_id`=`pis`.`product_brand`
LEFT JOIN `product_category` `pc` ON `pc`.`product_category_id`=`pis`.`product_category`
LEFT JOIN `product_group` `pg` ON `pg`.`product_group_id`=`pis`.`product_group`
WHERE   (

        LOWER(CONCAT(
            pis.product_name,\' \',
            IFNULL(pb.product_brand_name,\'\'),\' \',
            IFNULL(pc.category_name,\'\'),\' \',
            IFNULL(pg.group_name,\'\'),\' \',
            IFNULL(pis.codefor_barcode,\'\')
        )) LIKE \'%m%\'
    
 )
HAVING `total_stock` >= 0
ORDER BY CASE
            WHEN pis.codefor_barcode=\'m\' THEN 1
            WHEN pis.product_name=\'m\' THEN 2
            WHEN pis.product_name LIKE \'%m%\' THEN 3
            WHEN pb.product_brand_name LIKE \'m%\'
                THEN 4
            WHEN pc.category_name LIKE \'m%\'
                THEN 5
            WHEN pg.group_name LIKE \'m%\'
                THEN 6
            ELSE 7
        END
 LIMIT 20')
 2 SYSTEMPATH\Database\BaseConnection.php(646): CodeIgniter\Database\BaseConnection->simpleQuery('SELECT `pis`.`product_id` AS `id`, `pis`.`product_name` AS `name`, CONCAT(
            pis.product_name, \' | \', `pb`.`product_brand_name`, \' | \', `pc`.`category_name`, \' | \', `pg`.`group_name`, \' | Stock: \', (
                COALESCE(pis.productinitial_quantity, 0)
                + COALESCE(ppd.new_purchased, 0)
                - COALESCE(sd.total_sale, 0)
            )
        ) AS label, (
            COALESCE(pis.productinitial_quantity, 0)
            + COALESCE(ppd.new_purchased, 0)
            - COALESCE(sd.total_sale, 0)
        ) AS total_stock
FROM `product_inital_stock` `pis`
LEFT JOIN 
        (
            SELECT product_id,
                   SUM(product_quantity_sold) total_sale
            FROM sales_details
            GROUP BY product_id
        ) sd
     ON `pis`.`product_id`=`sd`.`product_id`
LEFT JOIN 
        (
            SELECT product_id,
                   SUM(quantity_per_pack*box_quantity) new_purchased
            FROM product_purchase_details
            GROUP BY product_id
        ) ppd
     ON `pis`.`product_id`=`ppd`.`product_id`
LEFT JOIN `product_brand` `pb` ON `pb`.`brand_id`=`pis`.`product_brand`
LEFT JOIN `product_category` `pc` ON `pc`.`product_category_id`=`pis`.`product_category`
LEFT JOIN `product_group` `pg` ON `pg`.`product_group_id`=`pis`.`product_group`
WHERE   (

        LOWER(CONCAT(
            pis.product_name,\' \',
            IFNULL(pb.product_brand_name,\'\'),\' \',
            IFNULL(pc.category_name,\'\'),\' \',
            IFNULL(pg.group_name,\'\'),\' \',
            IFNULL(pis.codefor_barcode,\'\')
        )) LIKE \'%m%\'
    
 )
HAVING `total_stock` >= 0
ORDER BY CASE
            WHEN pis.codefor_barcode=\'m\' THEN 1
            WHEN pis.product_name=\'m\' THEN 2
            WHEN pis.product_name LIKE \'%m%\' THEN 3
            WHEN pb.product_brand_name LIKE \'m%\'
                THEN 4
            WHEN pc.category_name LIKE \'m%\'
                THEN 5
            WHEN pg.group_name LIKE \'m%\'
                THEN 6
            ELSE 7
        END
 LIMIT 20')
 3 SYSTEMPATH\Database\BaseBuilder.php(1649): CodeIgniter\Database\BaseConnection->query('SELECT `pis`.`product_id` AS `id`, `pis`.`product_name` AS `name`, CONCAT(
            pis.product_name, \' | \', `pb`.`product_brand_name`, \' | \', `pc`.`category_name`, \' | \', `pg`.`group_name`, \' | Stock: \', (
                COALESCE(pis.productinitial_quantity, 0)
                + COALESCE(ppd.new_purchased, 0)
                - COALESCE(sd.total_sale, 0)
            )
        ) AS label, (
            COALESCE(pis.productinitial_quantity, 0)
            + COALESCE(ppd.new_purchased, 0)
            - COALESCE(sd.total_sale, 0)
        ) AS total_stock
FROM `product_inital_stock` `pis`
LEFT JOIN 
        (
            SELECT product_id,
                   SUM(product_quantity_sold) total_sale
            FROM sales_details
            GROUP BY product_id
        ) sd
     ON `pis`.`product_id`=`sd`.`product_id`
LEFT JOIN 
        (
            SELECT product_id,
                   SUM(quantity_per_pack*box_quantity) new_purchased
            FROM product_purchase_details
            GROUP BY product_id
        ) ppd
     ON `pis`.`product_id`=`ppd`.`product_id`
LEFT JOIN `product_brand` `pb` ON `pb`.`brand_id`=`pis`.`product_brand`
LEFT JOIN `product_category` `pc` ON `pc`.`product_category_id`=`pis`.`product_category`
LEFT JOIN `product_group` `pg` ON `pg`.`product_group_id`=`pis`.`product_group`
WHERE   (

        LOWER(CONCAT(
            pis.product_name,\' \',
            IFNULL(pb.product_brand_name,\'\'),\' \',
            IFNULL(pc.category_name,\'\'),\' \',
            IFNULL(pg.group_name,\'\'),\' \',
            IFNULL(pis.codefor_barcode,\'\')
        )) LIKE \'%m%\'
    
 )
HAVING `total_stock` >= :total_stock:
ORDER BY CASE
            WHEN pis.codefor_barcode=\'m\' THEN 1
            WHEN pis.product_name=\'m\' THEN 2
            WHEN pis.product_name LIKE \'%m%\' THEN 3
            WHEN pb.product_brand_name LIKE \'m%\'
                THEN 4
            WHEN pc.category_name LIKE \'m%\'
                THEN 5
            WHEN pg.group_name LIKE \'m%\'
                THEN 6
            ELSE 7
        END
 LIMIT 20', [...], false)
 4 APPPATH\Models\ProductModel.php(301): CodeIgniter\Database\BaseBuilder->get()
 5 APPPATH\Controllers\PosController.php(270): App\Models\ProductModel->searchProducts('m')
 6 SYSTEMPATH\CodeIgniter.php(933): App\Controllers\PosController->productSearch()
 7 SYSTEMPATH\CodeIgniter.php(507): CodeIgniter\CodeIgniter->runController(Object(App\Controllers\PosController))
 8 SYSTEMPATH\CodeIgniter.php(354): CodeIgniter\CodeIgniter->handleRequest(null, Object(Config\Cache), false)
 9 SYSTEMPATH\Boot.php(363): CodeIgniter\CodeIgniter->run()
10 SYSTEMPATH\Boot.php(68): CodeIgniter\Boot::runCodeIgniter(Object(CodeIgniter\CodeIgniter))
11 FCPATH\index.php(59): CodeIgniter\Boot::bootWeb(Object(Config\Paths))
CRITICAL - 2026-07-30 16:13:40 --> [Caused by] mysqli_sql_exception: Table 'pharmacy_db.product_inital_stock' doesn't exist
in SYSTEMPATH\Database\MySQLi\Connection.php on line 327.
 1 SYSTEMPATH\Database\MySQLi\Connection.php(327): mysqli->query('SELECT `pis`.`product_id` AS `id`, `pis`.`product_name` AS `name`, CONCAT(
            pis.product_name, \' | \', `pb`.`product_brand_name`, \' | \', `pc`.`category_name`, \' | \', `pg`.`group_name`, \' | Stock: \', (
                COALESCE(pis.productinitial_quantity, 0)
                + COALESCE(ppd.new_purchased, 0)
                - COALESCE(sd.total_sale, 0)
            )
        ) AS label, (
            COALESCE(pis.productinitial_quantity, 0)
            + COALESCE(ppd.new_purchased, 0)
            - COALESCE(sd.total_sale, 0)
        ) AS total_stock
FROM `product_inital_stock` `pis`
LEFT JOIN 
        (
            SELECT product_id,
                   SUM(product_quantity_sold) total_sale
            FROM sales_details
            GROUP BY product_id
        ) sd
     ON `pis`.`product_id`=`sd`.`product_id`
LEFT JOIN 
        (
            SELECT product_id,
                   SUM(quantity_per_pack*box_quantity) new_purchased
            FROM product_purchase_details
            GROUP BY product_id
        ) ppd
     ON `pis`.`product_id`=`ppd`.`product_id`
LEFT JOIN `product_brand` `pb` ON `pb`.`brand_id`=`pis`.`product_brand`
LEFT JOIN `product_category` `pc` ON `pc`.`product_category_id`=`pis`.`product_category`
LEFT JOIN `product_group` `pg` ON `pg`.`product_group_id`=`pis`.`product_group`
WHERE   (

        LOWER(CONCAT(
            pis.product_name,\' \',
            IFNULL(pb.product_brand_name,\'\'),\' \',
            IFNULL(pc.category_name,\'\'),\' \',
            IFNULL(pg.group_name,\'\'),\' \',
            IFNULL(pis.codefor_barcode,\'\')
        )) LIKE \'%m%\'
    
 )
HAVING `total_stock` >= 0
ORDER BY CASE
            WHEN pis.codefor_barcode=\'m\' THEN 1
            WHEN pis.product_name=\'m\' THEN 2
            WHEN pis.product_name LIKE \'%m%\' THEN 3
            WHEN pb.product_brand_name LIKE \'m%\'
                THEN 4
            WHEN pc.category_name LIKE \'m%\'
                THEN 5
            WHEN pg.group_name LIKE \'m%\'
                THEN 6
            ELSE 7
        END
 LIMIT 20', 0)
 2 SYSTEMPATH\Database\BaseConnection.php(729): CodeIgniter\Database\MySQLi\Connection->execute('SELECT `pis`.`product_id` AS `id`, `pis`.`product_name` AS `name`, CONCAT(
            pis.product_name, \' | \', `pb`.`product_brand_name`, \' | \', `pc`.`category_name`, \' | \', `pg`.`group_name`, \' | Stock: \', (
                COALESCE(pis.productinitial_quantity, 0)
                + COALESCE(ppd.new_purchased, 0)
                - COALESCE(sd.total_sale, 0)
            )
        ) AS label, (
            COALESCE(pis.productinitial_quantity, 0)
            + COALESCE(ppd.new_purchased, 0)
            - COALESCE(sd.total_sale, 0)
        ) AS total_stock
FROM `product_inital_stock` `pis`
LEFT JOIN 
        (
            SELECT product_id,
                   SUM(product_quantity_sold) total_sale
            FROM sales_details
            GROUP BY product_id
        ) sd
     ON `pis`.`product_id`=`sd`.`product_id`
LEFT JOIN 
        (
            SELECT product_id,
                   SUM(quantity_per_pack*box_quantity) new_purchased
            FROM product_purchase_details
            GROUP BY product_id
        ) ppd
     ON `pis`.`product_id`=`ppd`.`product_id`
LEFT JOIN `product_brand` `pb` ON `pb`.`brand_id`=`pis`.`product_brand`
LEFT JOIN `product_category` `pc` ON `pc`.`product_category_id`=`pis`.`product_category`
LEFT JOIN `product_group` `pg` ON `pg`.`product_group_id`=`pis`.`product_group`
WHERE   (

        LOWER(CONCAT(
            pis.product_name,\' \',
            IFNULL(pb.product_brand_name,\'\'),\' \',
            IFNULL(pc.category_name,\'\'),\' \',
            IFNULL(pg.group_name,\'\'),\' \',
            IFNULL(pis.codefor_barcode,\'\')
        )) LIKE \'%m%\'
    
 )
HAVING `total_stock` >= 0
ORDER BY CASE
            WHEN pis.codefor_barcode=\'m\' THEN 1
            WHEN pis.product_name=\'m\' THEN 2
            WHEN pis.product_name LIKE \'%m%\' THEN 3
            WHEN pb.product_brand_name LIKE \'m%\'
                THEN 4
            WHEN pc.category_name LIKE \'m%\'
                THEN 5
            WHEN pg.group_name LIKE \'m%\'
                THEN 6
            ELSE 7
        END
 LIMIT 20')
 3 SYSTEMPATH\Database\BaseConnection.php(646): CodeIgniter\Database\BaseConnection->simpleQuery('SELECT `pis`.`product_id` AS `id`, `pis`.`product_name` AS `name`, CONCAT(
            pis.product_name, \' | \', `pb`.`product_brand_name`, \' | \', `pc`.`category_name`, \' | \', `pg`.`group_name`, \' | Stock: \', (
                COALESCE(pis.productinitial_quantity, 0)
                + COALESCE(ppd.new_purchased, 0)
                - COALESCE(sd.total_sale, 0)
            )
        ) AS label, (
            COALESCE(pis.productinitial_quantity, 0)
            + COALESCE(ppd.new_purchased, 0)
            - COALESCE(sd.total_sale, 0)
        ) AS total_stock
FROM `product_inital_stock` `pis`
LEFT JOIN 
        (
            SELECT product_id,
                   SUM(product_quantity_sold) total_sale
            FROM sales_details
            GROUP BY product_id
        ) sd
     ON `pis`.`product_id`=`sd`.`product_id`
LEFT JOIN 
        (
            SELECT product_id,
                   SUM(quantity_per_pack*box_quantity) new_purchased
            FROM product_purchase_details
            GROUP BY product_id
        ) ppd
     ON `pis`.`product_id`=`ppd`.`product_id`
LEFT JOIN `product_brand` `pb` ON `pb`.`brand_id`=`pis`.`product_brand`
LEFT JOIN `product_category` `pc` ON `pc`.`product_category_id`=`pis`.`product_category`
LEFT JOIN `product_group` `pg` ON `pg`.`product_group_id`=`pis`.`product_group`
WHERE   (

        LOWER(CONCAT(
            pis.product_name,\' \',
            IFNULL(pb.product_brand_name,\'\'),\' \',
            IFNULL(pc.category_name,\'\'),\' \',
            IFNULL(pg.group_name,\'\'),\' \',
            IFNULL(pis.codefor_barcode,\'\')
        )) LIKE \'%m%\'
    
 )
HAVING `total_stock` >= 0
ORDER BY CASE
            WHEN pis.codefor_barcode=\'m\' THEN 1
            WHEN pis.product_name=\'m\' THEN 2
            WHEN pis.product_name LIKE \'%m%\' THEN 3
            WHEN pb.product_brand_name LIKE \'m%\'
                THEN 4
            WHEN pc.category_name LIKE \'m%\'
                THEN 5
            WHEN pg.group_name LIKE \'m%\'
                THEN 6
            ELSE 7
        END
 LIMIT 20')
 4 SYSTEMPATH\Database\BaseBuilder.php(1649): CodeIgniter\Database\BaseConnection->query('SELECT `pis`.`product_id` AS `id`, `pis`.`product_name` AS `name`, CONCAT(
            pis.product_name, \' | \', `pb`.`product_brand_name`, \' | \', `pc`.`category_name`, \' | \', `pg`.`group_name`, \' | Stock: \', (
                COALESCE(pis.productinitial_quantity, 0)
                + COALESCE(ppd.new_purchased, 0)
                - COALESCE(sd.total_sale, 0)
            )
        ) AS label, (
            COALESCE(pis.productinitial_quantity, 0)
            + COALESCE(ppd.new_purchased, 0)
            - COALESCE(sd.total_sale, 0)
        ) AS total_stock
FROM `product_inital_stock` `pis`
LEFT JOIN 
        (
            SELECT product_id,
                   SUM(product_quantity_sold) total_sale
            FROM sales_details
            GROUP BY product_id
        ) sd
     ON `pis`.`product_id`=`sd`.`product_id`
LEFT JOIN 
        (
            SELECT product_id,
                   SUM(quantity_per_pack*box_quantity) new_purchased
            FROM product_purchase_details
            GROUP BY product_id
        ) ppd
     ON `pis`.`product_id`=`ppd`.`product_id`
LEFT JOIN `product_brand` `pb` ON `pb`.`brand_id`=`pis`.`product_brand`
LEFT JOIN `product_category` `pc` ON `pc`.`product_category_id`=`pis`.`product_category`
LEFT JOIN `product_group` `pg` ON `pg`.`product_group_id`=`pis`.`product_group`
WHERE   (

        LOWER(CONCAT(
            pis.product_name,\' \',
            IFNULL(pb.product_brand_name,\'\'),\' \',
            IFNULL(pc.category_name,\'\'),\' \',
            IFNULL(pg.group_name,\'\'),\' \',
            IFNULL(pis.codefor_barcode,\'\')
        )) LIKE \'%m%\'
    
 )
HAVING `total_stock` >= :total_stock:
ORDER BY CASE
            WHEN pis.codefor_barcode=\'m\' THEN 1
            WHEN pis.product_name=\'m\' THEN 2
            WHEN pis.product_name LIKE \'%m%\' THEN 3
            WHEN pb.product_brand_name LIKE \'m%\'
                THEN 4
            WHEN pc.category_name LIKE \'m%\'
                THEN 5
            WHEN pg.group_name LIKE \'m%\'
                THEN 6
            ELSE 7
        END
 LIMIT 20', [...], false)
 5 APPPATH\Models\ProductModel.php(301): CodeIgniter\Database\BaseBuilder->get()
 6 APPPATH\Controllers\PosController.php(270): App\Models\ProductModel->searchProducts('m')
 7 SYSTEMPATH\CodeIgniter.php(933): App\Controllers\PosController->productSearch()
 8 SYSTEMPATH\CodeIgniter.php(507): CodeIgniter\CodeIgniter->runController(Object(App\Controllers\PosController))
 9 SYSTEMPATH\CodeIgniter.php(354): CodeIgniter\CodeIgniter->handleRequest(null, Object(Config\Cache), false)
10 SYSTEMPATH\Boot.php(363): CodeIgniter\CodeIgniter->run()
11 SYSTEMPATH\Boot.php(68): CodeIgniter\Boot::runCodeIgniter(Object(CodeIgniter\CodeIgniter))
12 FCPATH\index.php(59): CodeIgniter\Boot::bootWeb(Object(Config\Paths))
DEBUG - 2026-07-30 16:13:43 --> Session: Class initialized using 'CodeIgniter\Session\Handlers\FileHandler' driver.
ERROR - 2026-07-30 16:13:43 --> mysqli_sql_exception: Table 'pharmacy_db.product_inital_stock' doesn't exist in C:\laragon\www\pharmacy-project\system\Database\MySQLi\Connection.php:327
Stack trace:
#0 C:\laragon\www\pharmacy-project\system\Database\MySQLi\Connection.php(327): mysqli->query('SELECT `pis`.`p...', 0)
#1 C:\laragon\www\pharmacy-project\system\Database\BaseConnection.php(729): CodeIgniter\Database\MySQLi\Connection->execute('SELECT `pis`.`p...')
#2 C:\laragon\www\pharmacy-project\system\Database\BaseConnection.php(646): CodeIgniter\Database\BaseConnection->simpleQuery('SELECT `pis`.`p...')
#3 C:\laragon\www\pharmacy-project\system\Database\BaseBuilder.php(1649): CodeIgniter\Database\BaseConnection->query('SELECT `pis`.`p...', Array, false)
#4 C:\laragon\www\pharmacy-project\app\Models\ProductModel.php(301): CodeIgniter\Database\BaseBuilder->get()
#5 C:\laragon\www\pharmacy-project\app\Controllers\PosController.php(270): App\Models\ProductModel->searchProducts('mo')
#6 C:\laragon\www\pharmacy-project\system\CodeIgniter.php(933): App\Controllers\PosController->productSearch()
#7 C:\laragon\www\pharmacy-project\system\CodeIgniter.php(507): CodeIgniter\CodeIgniter->runController(Object(App\Controllers\PosController))
#8 C:\laragon\www\pharmacy-project\system\CodeIgniter.php(354): CodeIgniter\CodeIgniter->handleRequest(NULL, Object(Config\Cache), false)
#9 C:\laragon\www\pharmacy-project\system\Boot.php(363): CodeIgniter\CodeIgniter->run()
#10 C:\laragon\www\pharmacy-project\system\Boot.php(68): CodeIgniter\Boot::runCodeIgniter(Object(CodeIgniter\CodeIgniter))
#11 C:\laragon\www\pharmacy-project\index.php(59): CodeIgniter\Boot::bootWeb(Object(Config\Paths))
#12 {main}
CRITICAL - 2026-07-30 16:13:43 --> CodeIgniter\Database\Exceptions\DatabaseException: Table 'pharmacy_db.product_inital_stock' doesn't exist
[Method: GET, Route: pos/product-search]
in SYSTEMPATH\Database\BaseConnection.php on line 684.
 1 SYSTEMPATH\Database\BaseBuilder.php(1649): CodeIgniter\Database\BaseConnection->query('SELECT `pis`.`product_id` AS `id`, `pis`.`product_name` AS `name`, CONCAT(
            pis.product_name, \' | \', `pb`.`product_brand_name`, \' | \', `pc`.`category_name`, \' | \', `pg`.`group_name`, \' | Stock: \', (
                COALESCE(pis.productinitial_quantity, 0)
                + COALESCE(ppd.new_purchased, 0)
                - COALESCE(sd.total_sale, 0)
            )
        ) AS label, (
            COALESCE(pis.productinitial_quantity, 0)
            + COALESCE(ppd.new_purchased, 0)
            - COALESCE(sd.total_sale, 0)
        ) AS total_stock
FROM `product_inital_stock` `pis`
LEFT JOIN 
        (
            SELECT product_id,
                   SUM(product_quantity_sold) total_sale
            FROM sales_details
            GROUP BY product_id
        ) sd
     ON `pis`.`product_id`=`sd`.`product_id`
LEFT JOIN 
        (
            SELECT product_id,
                   SUM(quantity_per_pack*box_quantity) new_purchased
            FROM product_purchase_details
            GROUP BY product_id
        ) ppd
     ON `pis`.`product_id`=`ppd`.`product_id`
LEFT JOIN `product_brand` `pb` ON `pb`.`brand_id`=`pis`.`product_brand`
LEFT JOIN `product_category` `pc` ON `pc`.`product_category_id`=`pis`.`product_category`
LEFT JOIN `product_group` `pg` ON `pg`.`product_group_id`=`pis`.`product_group`
WHERE   (

        LOWER(CONCAT(
            pis.product_name,\' \',
            IFNULL(pb.product_brand_name,\'\'),\' \',
            IFNULL(pc.category_name,\'\'),\' \',
            IFNULL(pg.group_name,\'\'),\' \',
            IFNULL(pis.codefor_barcode,\'\')
        )) LIKE \'%mo%\'
    
 )
HAVING `total_stock` >= :total_stock:
ORDER BY CASE
            WHEN pis.codefor_barcode=\'mo\' THEN 1
            WHEN pis.product_name=\'mo\' THEN 2
            WHEN pis.product_name LIKE \'%mo%\' THEN 3
            WHEN pb.product_brand_name LIKE \'mo%\'
                THEN 4
            WHEN pc.category_name LIKE \'mo%\'
                THEN 5
            WHEN pg.group_name LIKE \'mo%\'
                THEN 6
            ELSE 7
        END
 LIMIT 20', [...], false)
 2 APPPATH\Models\ProductModel.php(301): CodeIgniter\Database\BaseBuilder->get()
 3 APPPATH\Controllers\PosController.php(270): App\Models\ProductModel->searchProducts('mo')
 4 SYSTEMPATH\CodeIgniter.php(933): App\Controllers\PosController->productSearch()
 5 SYSTEMPATH\CodeIgniter.php(507): CodeIgniter\CodeIgniter->runController(Object(App\Controllers\PosController))
 6 SYSTEMPATH\CodeIgniter.php(354): CodeIgniter\CodeIgniter->handleRequest(null, Object(Config\Cache), false)
 7 SYSTEMPATH\Boot.php(363): CodeIgniter\CodeIgniter->run()
 8 SYSTEMPATH\Boot.php(68): CodeIgniter\Boot::runCodeIgniter(Object(CodeIgniter\CodeIgniter))
 9 FCPATH\index.php(59): CodeIgniter\Boot::bootWeb(Object(Config\Paths))
CRITICAL - 2026-07-30 16:13:43 --> [Caused by] CodeIgniter\Database\Exceptions\DatabaseException: Table 'pharmacy_db.product_inital_stock' doesn't exist
in SYSTEMPATH\Database\MySQLi\Connection.php on line 332.
 1 SYSTEMPATH\Database\BaseConnection.php(729): CodeIgniter\Database\MySQLi\Connection->execute('SELECT `pis`.`product_id` AS `id`, `pis`.`product_name` AS `name`, CONCAT(
            pis.product_name, \' | \', `pb`.`product_brand_name`, \' | \', `pc`.`category_name`, \' | \', `pg`.`group_name`, \' | Stock: \', (
                COALESCE(pis.productinitial_quantity, 0)
                + COALESCE(ppd.new_purchased, 0)
                - COALESCE(sd.total_sale, 0)
            )
        ) AS label, (
            COALESCE(pis.productinitial_quantity, 0)
            + COALESCE(ppd.new_purchased, 0)
            - COALESCE(sd.total_sale, 0)
        ) AS total_stock
FROM `product_inital_stock` `pis`
LEFT JOIN 
        (
            SELECT product_id,
                   SUM(product_quantity_sold) total_sale
            FROM sales_details
            GROUP BY product_id
        ) sd
     ON `pis`.`product_id`=`sd`.`product_id`
LEFT JOIN 
        (
            SELECT product_id,
                   SUM(quantity_per_pack*box_quantity) new_purchased
            FROM product_purchase_details
            GROUP BY product_id
        ) ppd
     ON `pis`.`product_id`=`ppd`.`product_id`
LEFT JOIN `product_brand` `pb` ON `pb`.`brand_id`=`pis`.`product_brand`
LEFT JOIN `product_category` `pc` ON `pc`.`product_category_id`=`pis`.`product_category`
LEFT JOIN `product_group` `pg` ON `pg`.`product_group_id`=`pis`.`product_group`
WHERE   (

        LOWER(CONCAT(
            pis.product_name,\' \',
            IFNULL(pb.product_brand_name,\'\'),\' \',
            IFNULL(pc.category_name,\'\'),\' \',
            IFNULL(pg.group_name,\'\'),\' \',
            IFNULL(pis.codefor_barcode,\'\')
        )) LIKE \'%mo%\'
    
 )
HAVING `total_stock` >= 0
ORDER BY CASE
            WHEN pis.codefor_barcode=\'mo\' THEN 1
            WHEN pis.product_name=\'mo\' THEN 2
            WHEN pis.product_name LIKE \'%mo%\' THEN 3
            WHEN pb.product_brand_name LIKE \'mo%\'
                THEN 4
            WHEN pc.category_name LIKE \'mo%\'
                THEN 5
            WHEN pg.group_name LIKE \'mo%\'
                THEN 6
            ELSE 7
        END
 LIMIT 20')
 2 SYSTEMPATH\Database\BaseConnection.php(646): CodeIgniter\Database\BaseConnection->simpleQuery('SELECT `pis`.`product_id` AS `id`, `pis`.`product_name` AS `name`, CONCAT(
            pis.product_name, \' | \', `pb`.`product_brand_name`, \' | \', `pc`.`category_name`, \' | \', `pg`.`group_name`, \' | Stock: \', (
                COALESCE(pis.productinitial_quantity, 0)
                + COALESCE(ppd.new_purchased, 0)
                - COALESCE(sd.total_sale, 0)
            )
        ) AS label, (
            COALESCE(pis.productinitial_quantity, 0)
            + COALESCE(ppd.new_purchased, 0)
            - COALESCE(sd.total_sale, 0)
        ) AS total_stock
FROM `product_inital_stock` `pis`
LEFT JOIN 
        (
            SELECT product_id,
                   SUM(product_quantity_sold) total_sale
            FROM sales_details
            GROUP BY product_id
        ) sd
     ON `pis`.`product_id`=`sd`.`product_id`
LEFT JOIN 
        (
            SELECT product_id,
                   SUM(quantity_per_pack*box_quantity) new_purchased
            FROM product_purchase_details
            GROUP BY product_id
        ) ppd
     ON `pis`.`product_id`=`ppd`.`product_id`
LEFT JOIN `product_brand` `pb` ON `pb`.`brand_id`=`pis`.`product_brand`
LEFT JOIN `product_category` `pc` ON `pc`.`product_category_id`=`pis`.`product_category`
LEFT JOIN `product_group` `pg` ON `pg`.`product_group_id`=`pis`.`product_group`
WHERE   (

        LOWER(CONCAT(
            pis.product_name,\' \',
            IFNULL(pb.product_brand_name,\'\'),\' \',
            IFNULL(pc.category_name,\'\'),\' \',
            IFNULL(pg.group_name,\'\'),\' \',
            IFNULL(pis.codefor_barcode,\'\')
        )) LIKE \'%mo%\'
    
 )
HAVING `total_stock` >= 0
ORDER BY CASE
            WHEN pis.codefor_barcode=\'mo\' THEN 1
            WHEN pis.product_name=\'mo\' THEN 2
            WHEN pis.product_name LIKE \'%mo%\' THEN 3
            WHEN pb.product_brand_name LIKE \'mo%\'
                THEN 4
            WHEN pc.category_name LIKE \'mo%\'
                THEN 5
            WHEN pg.group_name LIKE \'mo%\'
                THEN 6
            ELSE 7
        END
 LIMIT 20')
 3 SYSTEMPATH\Database\BaseBuilder.php(1649): CodeIgniter\Database\BaseConnection->query('SELECT `pis`.`product_id` AS `id`, `pis`.`product_name` AS `name`, CONCAT(
            pis.product_name, \' | \', `pb`.`product_brand_name`, \' | \', `pc`.`category_name`, \' | \', `pg`.`group_name`, \' | Stock: \', (
                COALESCE(pis.productinitial_quantity, 0)
                + COALESCE(ppd.new_purchased, 0)
                - COALESCE(sd.total_sale, 0)
            )
        ) AS label, (
            COALESCE(pis.productinitial_quantity, 0)
            + COALESCE(ppd.new_purchased, 0)
            - COALESCE(sd.total_sale, 0)
        ) AS total_stock
FROM `product_inital_stock` `pis`
LEFT JOIN 
        (
            SELECT product_id,
                   SUM(product_quantity_sold) total_sale
            FROM sales_details
            GROUP BY product_id
        ) sd
     ON `pis`.`product_id`=`sd`.`product_id`
LEFT JOIN 
        (
            SELECT product_id,
                   SUM(quantity_per_pack*box_quantity) new_purchased
            FROM product_purchase_details
            GROUP BY product_id
        ) ppd
     ON `pis`.`product_id`=`ppd`.`product_id`
LEFT JOIN `product_brand` `pb` ON `pb`.`brand_id`=`pis`.`product_brand`
LEFT JOIN `product_category` `pc` ON `pc`.`product_category_id`=`pis`.`product_category`
LEFT JOIN `product_group` `pg` ON `pg`.`product_group_id`=`pis`.`product_group`
WHERE   (

        LOWER(CONCAT(
            pis.product_name,\' \',
            IFNULL(pb.product_brand_name,\'\'),\' \',
            IFNULL(pc.category_name,\'\'),\' \',
            IFNULL(pg.group_name,\'\'),\' \',
            IFNULL(pis.codefor_barcode,\'\')
        )) LIKE \'%mo%\'
    
 )
HAVING `total_stock` >= :total_stock:
ORDER BY CASE
            WHEN pis.codefor_barcode=\'mo\' THEN 1
            WHEN pis.product_name=\'mo\' THEN 2
            WHEN pis.product_name LIKE \'%mo%\' THEN 3
            WHEN pb.product_brand_name LIKE \'mo%\'
                THEN 4
            WHEN pc.category_name LIKE \'mo%\'
                THEN 5
            WHEN pg.group_name LIKE \'mo%\'
                THEN 6
            ELSE 7
        END
 LIMIT 20', [...], false)
 4 APPPATH\Models\ProductModel.php(301): CodeIgniter\Database\BaseBuilder->get()
 5 APPPATH\Controllers\PosController.php(270): App\Models\ProductModel->searchProducts('mo')
 6 SYSTEMPATH\CodeIgniter.php(933): App\Controllers\PosController->productSearch()
 7 SYSTEMPATH\CodeIgniter.php(507): CodeIgniter\CodeIgniter->runController(Object(App\Controllers\PosController))
 8 SYSTEMPATH\CodeIgniter.php(354): CodeIgniter\CodeIgniter->handleRequest(null, Object(Config\Cache), false)
 9 SYSTEMPATH\Boot.php(363): CodeIgniter\CodeIgniter->run()
10 SYSTEMPATH\Boot.php(68): CodeIgniter\Boot::runCodeIgniter(Object(CodeIgniter\CodeIgniter))
11 FCPATH\index.php(59): CodeIgniter\Boot::bootWeb(Object(Config\Paths))
CRITICAL - 2026-07-30 16:13:43 --> [Caused by] mysqli_sql_exception: Table 'pharmacy_db.product_inital_stock' doesn't exist
in SYSTEMPATH\Database\MySQLi\Connection.php on line 327.
 1 SYSTEMPATH\Database\MySQLi\Connection.php(327): mysqli->query('SELECT `pis`.`product_id` AS `id`, `pis`.`product_name` AS `name`, CONCAT(
            pis.product_name, \' | \', `pb`.`product_brand_name`, \' | \', `pc`.`category_name`, \' | \', `pg`.`group_name`, \' | Stock: \', (
                COALESCE(pis.productinitial_quantity, 0)
                + COALESCE(ppd.new_purchased, 0)
                - COALESCE(sd.total_sale, 0)
            )
        ) AS label, (
            COALESCE(pis.productinitial_quantity, 0)
            + COALESCE(ppd.new_purchased, 0)
            - COALESCE(sd.total_sale, 0)
        ) AS total_stock
FROM `product_inital_stock` `pis`
LEFT JOIN 
        (
            SELECT product_id,
                   SUM(product_quantity_sold) total_sale
            FROM sales_details
            GROUP BY product_id
        ) sd
     ON `pis`.`product_id`=`sd`.`product_id`
LEFT JOIN 
        (
            SELECT product_id,
                   SUM(quantity_per_pack*box_quantity) new_purchased
            FROM product_purchase_details
            GROUP BY product_id
        ) ppd
     ON `pis`.`product_id`=`ppd`.`product_id`
LEFT JOIN `product_brand` `pb` ON `pb`.`brand_id`=`pis`.`product_brand`
LEFT JOIN `product_category` `pc` ON `pc`.`product_category_id`=`pis`.`product_category`
LEFT JOIN `product_group` `pg` ON `pg`.`product_group_id`=`pis`.`product_group`
WHERE   (

        LOWER(CONCAT(
            pis.product_name,\' \',
            IFNULL(pb.product_brand_name,\'\'),\' \',
            IFNULL(pc.category_name,\'\'),\' \',
            IFNULL(pg.group_name,\'\'),\' \',
            IFNULL(pis.codefor_barcode,\'\')
        )) LIKE \'%mo%\'
    
 )
HAVING `total_stock` >= 0
ORDER BY CASE
            WHEN pis.codefor_barcode=\'mo\' THEN 1
            WHEN pis.product_name=\'mo\' THEN 2
            WHEN pis.product_name LIKE \'%mo%\' THEN 3
            WHEN pb.product_brand_name LIKE \'mo%\'
                THEN 4
            WHEN pc.category_name LIKE \'mo%\'
                THEN 5
            WHEN pg.group_name LIKE \'mo%\'
                THEN 6
            ELSE 7
        END
 LIMIT 20', 0)
 2 SYSTEMPATH\Database\BaseConnection.php(729): CodeIgniter\Database\MySQLi\Connection->execute('SELECT `pis`.`product_id` AS `id`, `pis`.`product_name` AS `name`, CONCAT(
            pis.product_name, \' | \', `pb`.`product_brand_name`, \' | \', `pc`.`category_name`, \' | \', `pg`.`group_name`, \' | Stock: \', (
                COALESCE(pis.productinitial_quantity, 0)
                + COALESCE(ppd.new_purchased, 0)
                - COALESCE(sd.total_sale, 0)
            )
        ) AS label, (
            COALESCE(pis.productinitial_quantity, 0)
            + COALESCE(ppd.new_purchased, 0)
            - COALESCE(sd.total_sale, 0)
        ) AS total_stock
FROM `product_inital_stock` `pis`
LEFT JOIN 
        (
            SELECT product_id,
                   SUM(product_quantity_sold) total_sale
            FROM sales_details
            GROUP BY product_id
        ) sd
     ON `pis`.`product_id`=`sd`.`product_id`
LEFT JOIN 
        (
            SELECT product_id,
                   SUM(quantity_per_pack*box_quantity) new_purchased
            FROM product_purchase_details
            GROUP BY product_id
        ) ppd
     ON `pis`.`product_id`=`ppd`.`product_id`
LEFT JOIN `product_brand` `pb` ON `pb`.`brand_id`=`pis`.`product_brand`
LEFT JOIN `product_category` `pc` ON `pc`.`product_category_id`=`pis`.`product_category`
LEFT JOIN `product_group` `pg` ON `pg`.`product_group_id`=`pis`.`product_group`
WHERE   (

        LOWER(CONCAT(
            pis.product_name,\' \',
            IFNULL(pb.product_brand_name,\'\'),\' \',
            IFNULL(pc.category_name,\'\'),\' \',
            IFNULL(pg.group_name,\'\'),\' \',
            IFNULL(pis.codefor_barcode,\'\')
        )) LIKE \'%mo%\'
    
 )
HAVING `total_stock` >= 0
ORDER BY CASE
            WHEN pis.codefor_barcode=\'mo\' THEN 1
            WHEN pis.product_name=\'mo\' THEN 2
            WHEN pis.product_name LIKE \'%mo%\' THEN 3
            WHEN pb.product_brand_name LIKE \'mo%\'
                THEN 4
            WHEN pc.category_name LIKE \'mo%\'
                THEN 5
            WHEN pg.group_name LIKE \'mo%\'
                THEN 6
            ELSE 7
        END
 LIMIT 20')
 3 SYSTEMPATH\Database\BaseConnection.php(646): CodeIgniter\Database\BaseConnection->simpleQuery('SELECT `pis`.`product_id` AS `id`, `pis`.`product_name` AS `name`, CONCAT(
            pis.product_name, \' | \', `pb`.`product_brand_name`, \' | \', `pc`.`category_name`, \' | \', `pg`.`group_name`, \' | Stock: \', (
                COALESCE(pis.productinitial_quantity, 0)
                + COALESCE(ppd.new_purchased, 0)
                - COALESCE(sd.total_sale, 0)
            )
        ) AS label, (
            COALESCE(pis.productinitial_quantity, 0)
            + COALESCE(ppd.new_purchased, 0)
            - COALESCE(sd.total_sale, 0)
        ) AS total_stock
FROM `product_inital_stock` `pis`
LEFT JOIN 
        (
            SELECT product_id,
                   SUM(product_quantity_sold) total_sale
            FROM sales_details
            GROUP BY product_id
        ) sd
     ON `pis`.`product_id`=`sd`.`product_id`
LEFT JOIN 
        (
            SELECT product_id,
                   SUM(quantity_per_pack*box_quantity) new_purchased
            FROM product_purchase_details
            GROUP BY product_id
        ) ppd
     ON `pis`.`product_id`=`ppd`.`product_id`
LEFT JOIN `product_brand` `pb` ON `pb`.`brand_id`=`pis`.`product_brand`
LEFT JOIN `product_category` `pc` ON `pc`.`product_category_id`=`pis`.`product_category`
LEFT JOIN `product_group` `pg` ON `pg`.`product_group_id`=`pis`.`product_group`
WHERE   (

        LOWER(CONCAT(
            pis.product_name,\' \',
            IFNULL(pb.product_brand_name,\'\'),\' \',
            IFNULL(pc.category_name,\'\'),\' \',
            IFNULL(pg.group_name,\'\'),\' \',
            IFNULL(pis.codefor_barcode,\'\')
        )) LIKE \'%mo%\'
    
 )
HAVING `total_stock` >= 0
ORDER BY CASE
            WHEN pis.codefor_barcode=\'mo\' THEN 1
            WHEN pis.product_name=\'mo\' THEN 2
            WHEN pis.product_name LIKE \'%mo%\' THEN 3
            WHEN pb.product_brand_name LIKE \'mo%\'
                THEN 4
            WHEN pc.category_name LIKE \'mo%\'
                THEN 5
            WHEN pg.group_name LIKE \'mo%\'
                THEN 6
            ELSE 7
        END
 LIMIT 20')
 4 SYSTEMPATH\Database\BaseBuilder.php(1649): CodeIgniter\Database\BaseConnection->query('SELECT `pis`.`product_id` AS `id`, `pis`.`product_name` AS `name`, CONCAT(
            pis.product_name, \' | \', `pb`.`product_brand_name`, \' | \', `pc`.`category_name`, \' | \', `pg`.`group_name`, \' | Stock: \', (
                COALESCE(pis.productinitial_quantity, 0)
                + COALESCE(ppd.new_purchased, 0)
                - COALESCE(sd.total_sale, 0)
            )
        ) AS label, (
            COALESCE(pis.productinitial_quantity, 0)
            + COALESCE(ppd.new_purchased, 0)
            - COALESCE(sd.total_sale, 0)
        ) AS total_stock
FROM `product_inital_stock` `pis`
LEFT JOIN 
        (
            SELECT product_id,
                   SUM(product_quantity_sold) total_sale
            FROM sales_details
            GROUP BY product_id
        ) sd
     ON `pis`.`product_id`=`sd`.`product_id`
LEFT JOIN 
        (
            SELECT product_id,
                   SUM(quantity_per_pack*box_quantity) new_purchased
            FROM product_purchase_details
            GROUP BY product_id
        ) ppd
     ON `pis`.`product_id`=`ppd`.`product_id`
LEFT JOIN `product_brand` `pb` ON `pb`.`brand_id`=`pis`.`product_brand`
LEFT JOIN `product_category` `pc` ON `pc`.`product_category_id`=`pis`.`product_category`
LEFT JOIN `product_group` `pg` ON `pg`.`product_group_id`=`pis`.`product_group`
WHERE   (

        LOWER(CONCAT(
            pis.product_name,\' \',
            IFNULL(pb.product_brand_name,\'\'),\' \',
            IFNULL(pc.category_name,\'\'),\' \',
            IFNULL(pg.group_name,\'\'),\' \',
            IFNULL(pis.codefor_barcode,\'\')
        )) LIKE \'%mo%\'
    
 )
HAVING `total_stock` >= :total_stock:
ORDER BY CASE
            WHEN pis.codefor_barcode=\'mo\' THEN 1
            WHEN pis.product_name=\'mo\' THEN 2
            WHEN pis.product_name LIKE \'%mo%\' THEN 3
            WHEN pb.product_brand_name LIKE \'mo%\'
                THEN 4
            WHEN pc.category_name LIKE \'mo%\'
                THEN 5
            WHEN pg.group_name LIKE \'mo%\'
                THEN 6
            ELSE 7
        END
 LIMIT 20', [...], false)
 5 APPPATH\Models\ProductModel.php(301): CodeIgniter\Database\BaseBuilder->get()
 6 APPPATH\Controllers\PosController.php(270): App\Models\ProductModel->searchProducts('mo')
 7 SYSTEMPATH\CodeIgniter.php(933): App\Controllers\PosController->productSearch()
 8 SYSTEMPATH\CodeIgniter.php(507): CodeIgniter\CodeIgniter->runController(Object(App\Controllers\PosController))
 9 SYSTEMPATH\CodeIgniter.php(354): CodeIgniter\CodeIgniter->handleRequest(null, Object(Config\Cache), false)
10 SYSTEMPATH\Boot.php(363): CodeIgniter\CodeIgniter->run()
11 SYSTEMPATH\Boot.php(68): CodeIgniter\Boot::runCodeIgniter(Object(CodeIgniter\CodeIgniter))
12 FCPATH\index.php(59): CodeIgniter\Boot::bootWeb(Object(Config\Paths))
DEBUG - 2026-07-30 16:14:40 --> Session: Class initialized using 'CodeIgniter\Session\Handlers\FileHandler' driver.
DEBUG - 2026-07-30 16:14:47 --> Session: Class initialized using 'CodeIgniter\Session\Handlers\FileHandler' driver.
DEBUG - 2026-07-30 16:14:52 --> Session: Class initialized using 'CodeIgniter\Session\Handlers\FileHandler' driver.
DEBUG - 2026-07-30 16:14:58 --> Session: Class initialized using 'CodeIgniter\Session\Handlers\FileHandler' driver.
DEBUG - 2026-07-30 16:15:00 --> Session: Class initialized using 'CodeIgniter\Session\Handlers\FileHandler' driver.
DEBUG - 2026-07-30 16:15:02 --> Session: Class initialized using 'CodeIgniter\Session\Handlers\FileHandler' driver.
DEBUG - 2026-07-30 16:28:39 --> Session: Class initialized using 'CodeIgniter\Session\Handlers\FileHandler' driver.
DEBUG - 2026-07-30 16:28:43 --> Session: Class initialized using 'CodeIgniter\Session\Handlers\FileHandler' driver.
DEBUG - 2026-07-30 16:28:45 --> Session: Class initialized using 'CodeIgniter\Session\Handlers\FileHandler' driver.
DEBUG - 2026-07-30 16:28:45 --> Session: Class initialized using 'CodeIgniter\Session\Handlers\FileHandler' driver.
DEBUG - 2026-07-30 16:29:44 --> Session: Class initialized using 'CodeIgniter\Session\Handlers\FileHandler' driver.
DEBUG - 2026-07-30 16:29:55 --> Session: Class initialized using 'CodeIgniter\Session\Handlers\FileHandler' driver.
DEBUG - 2026-07-30 16:29:55 --> Session: Class initialized using 'CodeIgniter\Session\Handlers\FileHandler' driver.
DEBUG - 2026-07-30 16:35:06 --> Session: Class initialized using 'CodeIgniter\Session\Handlers\FileHandler' driver.
DEBUG - 2026-07-30 16:35:08 --> Session: Class initialized using 'CodeIgniter\Session\Handlers\FileHandler' driver.
DEBUG - 2026-07-30 16:35:14 --> Session: Class initialized using 'CodeIgniter\Session\Handlers\FileHandler' driver.
DEBUG - 2026-07-30 16:35:14 --> Session: Class initialized using 'CodeIgniter\Session\Handlers\FileHandler' driver.
DEBUG - 2026-07-30 16:40:21 --> Session: Class initialized using 'CodeIgniter\Session\Handlers\FileHandler' driver.
DEBUG - 2026-07-30 16:40:38 --> Session: Class initialized using 'CodeIgniter\Session\Handlers\FileHandler' driver.
DEBUG - 2026-07-30 16:40:38 --> Session: Class initialized using 'CodeIgniter\Session\Handlers\FileHandler' driver.
DEBUG - 2026-07-30 16:44:53 --> Session: Class initialized using 'CodeIgniter\Session\Handlers\FileHandler' driver.
DEBUG - 2026-07-30 16:47:35 --> Session: Class initialized using 'CodeIgniter\Session\Handlers\FileHandler' driver.
DEBUG - 2026-07-30 16:47:36 --> Session: Class initialized using 'CodeIgniter\Session\Handlers\FileHandler' driver.
DEBUG - 2026-07-30 16:47:39 --> Session: Class initialized using 'CodeIgniter\Session\Handlers\FileHandler' driver.
DEBUG - 2026-07-30 16:47:42 --> Session: Class initialized using 'CodeIgniter\Session\Handlers\FileHandler' driver.
DEBUG - 2026-07-30 16:47:43 --> Session: Class initialized using 'CodeIgniter\Session\Handlers\FileHandler' driver.
DEBUG - 2026-07-30 16:55:30 --> Session: Class initialized using 'CodeIgniter\Session\Handlers\FileHandler' driver.
DEBUG - 2026-07-30 16:55:33 --> Session: Class initialized using 'CodeIgniter\Session\Handlers\FileHandler' driver.
DEBUG - 2026-07-30 16:55:34 --> Session: Class initialized using 'CodeIgniter\Session\Handlers\FileHandler' driver.
DEBUG - 2026-07-30 16:55:35 --> Session: Class initialized using 'CodeIgniter\Session\Handlers\FileHandler' driver.
DEBUG - 2026-07-30 17:07:42 --> Session: Class initialized using 'CodeIgniter\Session\Handlers\FileHandler' driver.
DEBUG - 2026-07-30 17:17:24 --> Session: Class initialized using 'CodeIgniter\Session\Handlers\FileHandler' driver.
WARNING - 2026-07-30 17:17:24 --> [DEPRECATED] number_format(): Passing null to parameter #1 ($num) of type float is deprecated in APPPATH\Views\product\productAdd.php on line 109.
 1 APPPATH\Views\product\productAdd.php(109): number_format(null, 2)
 2 SYSTEMPATH\View\View.php(226): include('C:\\laragon\\www\\pharmacy-project\\app\\Views\\product\\productAdd.php')
 3 SYSTEMPATH\View\View.php(229): CodeIgniter\View\View->CodeIgniter\View\{closure}()
 4 SYSTEMPATH\Common.php(1167): CodeIgniter\View\View->render('product/productAdd', [], true)
 5 APPPATH\Controllers\ProductController.php(49): view('product/productAdd', [...])
 6 SYSTEMPATH\CodeIgniter.php(933): App\Controllers\ProductController->index()
 7 SYSTEMPATH\CodeIgniter.php(507): CodeIgniter\CodeIgniter->runController(Object(App\Controllers\ProductController))
 8 SYSTEMPATH\CodeIgniter.php(354): CodeIgniter\CodeIgniter->handleRequest(null, Object(Config\Cache), false)
 9 SYSTEMPATH\Boot.php(363): CodeIgniter\CodeIgniter->run()
10 SYSTEMPATH\Boot.php(68): CodeIgniter\Boot::runCodeIgniter(Object(CodeIgniter\CodeIgniter))
11 FCPATH\index.php(59): CodeIgniter\Boot::bootWeb(Object(Config\Paths))
WARNING - 2026-07-30 17:17:24 --> [DEPRECATED] number_format(): Passing null to parameter #1 ($num) of type float is deprecated in APPPATH\Views\product\productAdd.php on line 109.
 1 APPPATH\Views\product\productAdd.php(109): number_format(null, 2)
 2 SYSTEMPATH\View\View.php(226): include('C:\\laragon\\www\\pharmacy-project\\app\\Views\\product\\productAdd.php')
 3 SYSTEMPATH\View\View.php(229): CodeIgniter\View\View->CodeIgniter\View\{closure}()
 4 SYSTEMPATH\Common.php(1167): CodeIgniter\View\View->render('product/productAdd', [], true)
 5 APPPATH\Controllers\ProductController.php(49): view('product/productAdd', [...])
 6 SYSTEMPATH\CodeIgniter.php(933): App\Controllers\ProductController->index()
 7 SYSTEMPATH\CodeIgniter.php(507): CodeIgniter\CodeIgniter->runController(Object(App\Controllers\ProductController))
 8 SYSTEMPATH\CodeIgniter.php(354): CodeIgniter\CodeIgniter->handleRequest(null, Object(Config\Cache), false)
 9 SYSTEMPATH\Boot.php(363): CodeIgniter\CodeIgniter->run()
10 SYSTEMPATH\Boot.php(68): CodeIgniter\Boot::runCodeIgniter(Object(CodeIgniter\CodeIgniter))
11 FCPATH\index.php(59): CodeIgniter\Boot::bootWeb(Object(Config\Paths))
WARNING - 2026-07-30 17:17:24 --> [DEPRECATED] number_format(): Passing null to parameter #1 ($num) of type float is deprecated in APPPATH\Views\product\productAdd.php on line 109.
 1 APPPATH\Views\product\productAdd.php(109): number_format(null, 2)
 2 SYSTEMPATH\View\View.php(226): include('C:\\laragon\\www\\pharmacy-project\\app\\Views\\product\\productAdd.php')
 3 SYSTEMPATH\View\View.php(229): CodeIgniter\View\View->CodeIgniter\View\{closure}()
 4 SYSTEMPATH\Common.php(1167): CodeIgniter\View\View->render('product/productAdd', [], true)
 5 APPPATH\Controllers\ProductController.php(49): view('product/productAdd', [...])
 6 SYSTEMPATH\CodeIgniter.php(933): App\Controllers\ProductController->index()
 7 SYSTEMPATH\CodeIgniter.php(507): CodeIgniter\CodeIgniter->runController(Object(App\Controllers\ProductController))
 8 SYSTEMPATH\CodeIgniter.php(354): CodeIgniter\CodeIgniter->handleRequest(null, Object(Config\Cache), false)
 9 SYSTEMPATH\Boot.php(363): CodeIgniter\CodeIgniter->run()
10 SYSTEMPATH\Boot.php(68): CodeIgniter\Boot::runCodeIgniter(Object(CodeIgniter\CodeIgniter))
11 FCPATH\index.php(59): CodeIgniter\Boot::bootWeb(Object(Config\Paths))
WARNING - 2026-07-30 17:17:24 --> [DEPRECATED] number_format(): Passing null to parameter #1 ($num) of type float is deprecated in APPPATH\Views\product\productAdd.php on line 109.
 1 APPPATH\Views\product\productAdd.php(109): number_format(null, 2)
 2 SYSTEMPATH\View\View.php(226): include('C:\\laragon\\www\\pharmacy-project\\app\\Views\\product\\productAdd.php')
 3 SYSTEMPATH\View\View.php(229): CodeIgniter\View\View->CodeIgniter\View\{closure}()
 4 SYSTEMPATH\Common.php(1167): CodeIgniter\View\View->render('product/productAdd', [], true)
 5 APPPATH\Controllers\ProductController.php(49): view('product/productAdd', [...])
 6 SYSTEMPATH\CodeIgniter.php(933): App\Controllers\ProductController->index()
 7 SYSTEMPATH\CodeIgniter.php(507): CodeIgniter\CodeIgniter->runController(Object(App\Controllers\ProductController))
 8 SYSTEMPATH\CodeIgniter.php(354): CodeIgniter\CodeIgniter->handleRequest(null, Object(Config\Cache), false)
 9 SYSTEMPATH\Boot.php(363): CodeIgniter\CodeIgniter->run()
10 SYSTEMPATH\Boot.php(68): CodeIgniter\Boot::runCodeIgniter(Object(CodeIgniter\CodeIgniter))
11 FCPATH\index.php(59): CodeIgniter\Boot::bootWeb(Object(Config\Paths))
WARNING - 2026-07-30 17:17:24 --> [DEPRECATED] number_format(): Passing null to parameter #1 ($num) of type float is deprecated in APPPATH\Views\product\productAdd.php on line 109.
 1 APPPATH\Views\product\productAdd.php(109): number_format(null, 2)
 2 SYSTEMPATH\View\View.php(226): include('C:\\laragon\\www\\pharmacy-project\\app\\Views\\product\\productAdd.php')
 3 SYSTEMPATH\View\View.php(229): CodeIgniter\View\View->CodeIgniter\View\{closure}()
 4 SYSTEMPATH\Common.php(1167): CodeIgniter\View\View->render('product/productAdd', [], true)
 5 APPPATH\Controllers\ProductController.php(49): view('product/productAdd', [...])
 6 SYSTEMPATH\CodeIgniter.php(933): App\Controllers\ProductController->index()
 7 SYSTEMPATH\CodeIgniter.php(507): CodeIgniter\CodeIgniter->runController(Object(App\Controllers\ProductController))
 8 SYSTEMPATH\CodeIgniter.php(354): CodeIgniter\CodeIgniter->handleRequest(null, Object(Config\Cache), false)
 9 SYSTEMPATH\Boot.php(363): CodeIgniter\CodeIgniter->run()
10 SYSTEMPATH\Boot.php(68): CodeIgniter\Boot::runCodeIgniter(Object(CodeIgniter\CodeIgniter))
11 FCPATH\index.php(59): CodeIgniter\Boot::bootWeb(Object(Config\Paths))
WARNING - 2026-07-30 17:17:24 --> [DEPRECATED] number_format(): Passing null to parameter #1 ($num) of type float is deprecated in APPPATH\Views\product\productAdd.php on line 109.
 1 APPPATH\Views\product\productAdd.php(109): number_format(null, 2)
 2 SYSTEMPATH\View\View.php(226): include('C:\\laragon\\www\\pharmacy-project\\app\\Views\\product\\productAdd.php')
 3 SYSTEMPATH\View\View.php(229): CodeIgniter\View\View->CodeIgniter\View\{closure}()
 4 SYSTEMPATH\Common.php(1167): CodeIgniter\View\View->render('product/productAdd', [], true)
 5 APPPATH\Controllers\ProductController.php(49): view('product/productAdd', [...])
 6 SYSTEMPATH\CodeIgniter.php(933): App\Controllers\ProductController->index()
 7 SYSTEMPATH\CodeIgniter.php(507): CodeIgniter\CodeIgniter->runController(Object(App\Controllers\ProductController))
 8 SYSTEMPATH\CodeIgniter.php(354): CodeIgniter\CodeIgniter->handleRequest(null, Object(Config\Cache), false)
 9 SYSTEMPATH\Boot.php(363): CodeIgniter\CodeIgniter->run()
10 SYSTEMPATH\Boot.php(68): CodeIgniter\Boot::runCodeIgniter(Object(CodeIgniter\CodeIgniter))
11 FCPATH\index.php(59): CodeIgniter\Boot::bootWeb(Object(Config\Paths))
WARNING - 2026-07-30 17:17:24 --> [DEPRECATED] number_format(): Passing null to parameter #1 ($num) of type float is deprecated in APPPATH\Views\product\productAdd.php on line 109.
 1 APPPATH\Views\product\productAdd.php(109): number_format(null, 2)
 2 SYSTEMPATH\View\View.php(226): include('C:\\laragon\\www\\pharmacy-project\\app\\Views\\product\\productAdd.php')
 3 SYSTEMPATH\View\View.php(229): CodeIgniter\View\View->CodeIgniter\View\{closure}()
 4 SYSTEMPATH\Common.php(1167): CodeIgniter\View\View->render('product/productAdd', [], true)
 5 APPPATH\Controllers\ProductController.php(49): view('product/productAdd', [...])
 6 SYSTEMPATH\CodeIgniter.php(933): App\Controllers\ProductController->index()
 7 SYSTEMPATH\CodeIgniter.php(507): CodeIgniter\CodeIgniter->runController(Object(App\Controllers\ProductController))
 8 SYSTEMPATH\CodeIgniter.php(354): CodeIgniter\CodeIgniter->handleRequest(null, Object(Config\Cache), false)
 9 SYSTEMPATH\Boot.php(363): CodeIgniter\CodeIgniter->run()
10 SYSTEMPATH\Boot.php(68): CodeIgniter\Boot::runCodeIgniter(Object(CodeIgniter\CodeIgniter))
11 FCPATH\index.php(59): CodeIgniter\Boot::bootWeb(Object(Config\Paths))
WARNING - 2026-07-30 17:17:24 --> [DEPRECATED] number_format(): Passing null to parameter #1 ($num) of type float is deprecated in APPPATH\Views\product\productAdd.php on line 109.
 1 APPPATH\Views\product\productAdd.php(109): number_format(null, 2)
 2 SYSTEMPATH\View\View.php(226): include('C:\\laragon\\www\\pharmacy-project\\app\\Views\\product\\productAdd.php')
 3 SYSTEMPATH\View\View.php(229): CodeIgniter\View\View->CodeIgniter\View\{closure}()
 4 SYSTEMPATH\Common.php(1167): CodeIgniter\View\View->render('product/productAdd', [], true)
 5 APPPATH\Controllers\ProductController.php(49): view('product/productAdd', [...])
 6 SYSTEMPATH\CodeIgniter.php(933): App\Controllers\ProductController->index()
 7 SYSTEMPATH\CodeIgniter.php(507): CodeIgniter\CodeIgniter->runController(Object(App\Controllers\ProductController))
 8 SYSTEMPATH\CodeIgniter.php(354): CodeIgniter\CodeIgniter->handleRequest(null, Object(Config\Cache), false)
 9 SYSTEMPATH\Boot.php(363): CodeIgniter\CodeIgniter->run()
10 SYSTEMPATH\Boot.php(68): CodeIgniter\Boot::runCodeIgniter(Object(CodeIgniter\CodeIgniter))
11 FCPATH\index.php(59): CodeIgniter\Boot::bootWeb(Object(Config\Paths))
WARNING - 2026-07-30 17:17:24 --> [DEPRECATED] number_format(): Passing null to parameter #1 ($num) of type float is deprecated in APPPATH\Views\product\productAdd.php on line 109.
 1 APPPATH\Views\product\productAdd.php(109): number_format(null, 2)
 2 SYSTEMPATH\View\View.php(226): include('C:\\laragon\\www\\pharmacy-project\\app\\Views\\product\\productAdd.php')
 3 SYSTEMPATH\View\View.php(229): CodeIgniter\View\View->CodeIgniter\View\{closure}()
 4 SYSTEMPATH\Common.php(1167): CodeIgniter\View\View->render('product/productAdd', [], true)
 5 APPPATH\Controllers\ProductController.php(49): view('product/productAdd', [...])
 6 SYSTEMPATH\CodeIgniter.php(933): App\Controllers\ProductController->index()
 7 SYSTEMPATH\CodeIgniter.php(507): CodeIgniter\CodeIgniter->runController(Object(App\Controllers\ProductController))
 8 SYSTEMPATH\CodeIgniter.php(354): CodeIgniter\CodeIgniter->handleRequest(null, Object(Config\Cache), false)
 9 SYSTEMPATH\Boot.php(363): CodeIgniter\CodeIgniter->run()
10 SYSTEMPATH\Boot.php(68): CodeIgniter\Boot::runCodeIgniter(Object(CodeIgniter\CodeIgniter))
11 FCPATH\index.php(59): CodeIgniter\Boot::bootWeb(Object(Config\Paths))
WARNING - 2026-07-30 17:17:24 --> [DEPRECATED] number_format(): Passing null to parameter #1 ($num) of type float is deprecated in APPPATH\Views\product\productAdd.php on line 109.
 1 APPPATH\Views\product\productAdd.php(109): number_format(null, 2)
 2 SYSTEMPATH\View\View.php(226): include('C:\\laragon\\www\\pharmacy-project\\app\\Views\\product\\productAdd.php')
 3 SYSTEMPATH\View\View.php(229): CodeIgniter\View\View->CodeIgniter\View\{closure}()
 4 SYSTEMPATH\Common.php(1167): CodeIgniter\View\View->render('product/productAdd', [], true)
 5 APPPATH\Controllers\ProductController.php(49): view('product/productAdd', [...])
 6 SYSTEMPATH\CodeIgniter.php(933): App\Controllers\ProductController->index()
 7 SYSTEMPATH\CodeIgniter.php(507): CodeIgniter\CodeIgniter->runController(Object(App\Controllers\ProductController))
 8 SYSTEMPATH\CodeIgniter.php(354): CodeIgniter\CodeIgniter->handleRequest(null, Object(Config\Cache), false)
 9 SYSTEMPATH\Boot.php(363): CodeIgniter\CodeIgniter->run()
10 SYSTEMPATH\Boot.php(68): CodeIgniter\Boot::runCodeIgniter(Object(CodeIgniter\CodeIgniter))
11 FCPATH\index.php(59): CodeIgniter\Boot::bootWeb(Object(Config\Paths))
DEBUG - 2026-07-30 17:19:42 --> Session: Class initialized using 'CodeIgniter\Session\Handlers\FileHandler' driver.
DEBUG - 2026-07-30 17:21:21 --> Session: Class initialized using 'CodeIgniter\Session\Handlers\FileHandler' driver.
DEBUG - 2026-07-30 17:21:21 --> Session: Class initialized using 'CodeIgniter\Session\Handlers\FileHandler' driver.
DEBUG - 2026-07-30 17:28:50 --> Session: Class initialized using 'CodeIgniter\Session\Handlers\FileHandler' driver.
DEBUG - 2026-07-30 17:28:55 --> Session: Class initialized using 'CodeIgniter\Session\Handlers\FileHandler' driver.
WARNING - 2026-07-30 17:28:55 --> [DEPRECATED] number_format(): Passing null to parameter #1 ($num) of type float is deprecated in APPPATH\Views\product\productAdd.php on line 109.
 1 APPPATH\Views\product\productAdd.php(109): number_format(null, 2)
 2 SYSTEMPATH\View\View.php(226): include('C:\\laragon\\www\\pharmacy-project\\app\\Views\\product\\productAdd.php')
 3 SYSTEMPATH\View\View.php(229): CodeIgniter\View\View->CodeIgniter\View\{closure}()
 4 SYSTEMPATH\Common.php(1167): CodeIgniter\View\View->render('product/productAdd', [], true)
 5 APPPATH\Controllers\ProductController.php(49): view('product/productAdd', [...])
 6 SYSTEMPATH\CodeIgniter.php(933): App\Controllers\ProductController->index()
 7 SYSTEMPATH\CodeIgniter.php(507): CodeIgniter\CodeIgniter->runController(Object(App\Controllers\ProductController))
 8 SYSTEMPATH\CodeIgniter.php(354): CodeIgniter\CodeIgniter->handleRequest(null, Object(Config\Cache), false)
 9 SYSTEMPATH\Boot.php(363): CodeIgniter\CodeIgniter->run()
10 SYSTEMPATH\Boot.php(68): CodeIgniter\Boot::runCodeIgniter(Object(CodeIgniter\CodeIgniter))
11 FCPATH\index.php(59): CodeIgniter\Boot::bootWeb(Object(Config\Paths))
WARNING - 2026-07-30 17:28:55 --> [DEPRECATED] number_format(): Passing null to parameter #1 ($num) of type float is deprecated in APPPATH\Views\product\productAdd.php on line 109.
 1 APPPATH\Views\product\productAdd.php(109): number_format(null, 2)
 2 SYSTEMPATH\View\View.php(226): include('C:\\laragon\\www\\pharmacy-project\\app\\Views\\product\\productAdd.php')
 3 SYSTEMPATH\View\View.php(229): CodeIgniter\View\View->CodeIgniter\View\{closure}()
 4 SYSTEMPATH\Common.php(1167): CodeIgniter\View\View->render('product/productAdd', [], true)
 5 APPPATH\Controllers\ProductController.php(49): view('product/productAdd', [...])
 6 SYSTEMPATH\CodeIgniter.php(933): App\Controllers\ProductController->index()
 7 SYSTEMPATH\CodeIgniter.php(507): CodeIgniter\CodeIgniter->runController(Object(App\Controllers\ProductController))
 8 SYSTEMPATH\CodeIgniter.php(354): CodeIgniter\CodeIgniter->handleRequest(null, Object(Config\Cache), false)
 9 SYSTEMPATH\Boot.php(363): CodeIgniter\CodeIgniter->run()
10 SYSTEMPATH\Boot.php(68): CodeIgniter\Boot::runCodeIgniter(Object(CodeIgniter\CodeIgniter))
11 FCPATH\index.php(59): CodeIgniter\Boot::bootWeb(Object(Config\Paths))
WARNING - 2026-07-30 17:28:55 --> [DEPRECATED] number_format(): Passing null to parameter #1 ($num) of type float is deprecated in APPPATH\Views\product\productAdd.php on line 109.
 1 APPPATH\Views\product\productAdd.php(109): number_format(null, 2)
 2 SYSTEMPATH\View\View.php(226): include('C:\\laragon\\www\\pharmacy-project\\app\\Views\\product\\productAdd.php')
 3 SYSTEMPATH\View\View.php(229): CodeIgniter\View\View->CodeIgniter\View\{closure}()
 4 SYSTEMPATH\Common.php(1167): CodeIgniter\View\View->render('product/productAdd', [], true)
 5 APPPATH\Controllers\ProductController.php(49): view('product/productAdd', [...])
 6 SYSTEMPATH\CodeIgniter.php(933): App\Controllers\ProductController->index()
 7 SYSTEMPATH\CodeIgniter.php(507): CodeIgniter\CodeIgniter->runController(Object(App\Controllers\ProductController))
 8 SYSTEMPATH\CodeIgniter.php(354): CodeIgniter\CodeIgniter->handleRequest(null, Object(Config\Cache), false)
 9 SYSTEMPATH\Boot.php(363): CodeIgniter\CodeIgniter->run()
10 SYSTEMPATH\Boot.php(68): CodeIgniter\Boot::runCodeIgniter(Object(CodeIgniter\CodeIgniter))
11 FCPATH\index.php(59): CodeIgniter\Boot::bootWeb(Object(Config\Paths))
WARNING - 2026-07-30 17:28:55 --> [DEPRECATED] number_format(): Passing null to parameter #1 ($num) of type float is deprecated in APPPATH\Views\product\productAdd.php on line 109.
 1 APPPATH\Views\product\productAdd.php(109): number_format(null, 2)
 2 SYSTEMPATH\View\View.php(226): include('C:\\laragon\\www\\pharmacy-project\\app\\Views\\product\\productAdd.php')
 3 SYSTEMPATH\View\View.php(229): CodeIgniter\View\View->CodeIgniter\View\{closure}()
 4 SYSTEMPATH\Common.php(1167): CodeIgniter\View\View->render('product/productAdd', [], true)
 5 APPPATH\Controllers\ProductController.php(49): view('product/productAdd', [...])
 6 SYSTEMPATH\CodeIgniter.php(933): App\Controllers\ProductController->index()
 7 SYSTEMPATH\CodeIgniter.php(507): CodeIgniter\CodeIgniter->runController(Object(App\Controllers\ProductController))
 8 SYSTEMPATH\CodeIgniter.php(354): CodeIgniter\CodeIgniter->handleRequest(null, Object(Config\Cache), false)
 9 SYSTEMPATH\Boot.php(363): CodeIgniter\CodeIgniter->run()
10 SYSTEMPATH\Boot.php(68): CodeIgniter\Boot::runCodeIgniter(Object(CodeIgniter\CodeIgniter))
11 FCPATH\index.php(59): CodeIgniter\Boot::bootWeb(Object(Config\Paths))
WARNING - 2026-07-30 17:28:55 --> [DEPRECATED] number_format(): Passing null to parameter #1 ($num) of type float is deprecated in APPPATH\Views\product\productAdd.php on line 109.
 1 APPPATH\Views\product\productAdd.php(109): number_format(null, 2)
 2 SYSTEMPATH\View\View.php(226): include('C:\\laragon\\www\\pharmacy-project\\app\\Views\\product\\productAdd.php')
 3 SYSTEMPATH\View\View.php(229): CodeIgniter\View\View->CodeIgniter\View\{closure}()
 4 SYSTEMPATH\Common.php(1167): CodeIgniter\View\View->render('product/productAdd', [], true)
 5 APPPATH\Controllers\ProductController.php(49): view('product/productAdd', [...])
 6 SYSTEMPATH\CodeIgniter.php(933): App\Controllers\ProductController->index()
 7 SYSTEMPATH\CodeIgniter.php(507): CodeIgniter\CodeIgniter->runController(Object(App\Controllers\ProductController))
 8 SYSTEMPATH\CodeIgniter.php(354): CodeIgniter\CodeIgniter->handleRequest(null, Object(Config\Cache), false)
 9 SYSTEMPATH\Boot.php(363): CodeIgniter\CodeIgniter->run()
10 SYSTEMPATH\Boot.php(68): CodeIgniter\Boot::runCodeIgniter(Object(CodeIgniter\CodeIgniter))
11 FCPATH\index.php(59): CodeIgniter\Boot::bootWeb(Object(Config\Paths))
WARNING - 2026-07-30 17:28:55 --> [DEPRECATED] number_format(): Passing null to parameter #1 ($num) of type float is deprecated in APPPATH\Views\product\productAdd.php on line 109.
 1 APPPATH\Views\product\productAdd.php(109): number_format(null, 2)
 2 SYSTEMPATH\View\View.php(226): include('C:\\laragon\\www\\pharmacy-project\\app\\Views\\product\\productAdd.php')
 3 SYSTEMPATH\View\View.php(229): CodeIgniter\View\View->CodeIgniter\View\{closure}()
 4 SYSTEMPATH\Common.php(1167): CodeIgniter\View\View->render('product/productAdd', [], true)
 5 APPPATH\Controllers\ProductController.php(49): view('product/productAdd', [...])
 6 SYSTEMPATH\CodeIgniter.php(933): App\Controllers\ProductController->index()
 7 SYSTEMPATH\CodeIgniter.php(507): CodeIgniter\CodeIgniter->runController(Object(App\Controllers\ProductController))
 8 SYSTEMPATH\CodeIgniter.php(354): CodeIgniter\CodeIgniter->handleRequest(null, Object(Config\Cache), false)
 9 SYSTEMPATH\Boot.php(363): CodeIgniter\CodeIgniter->run()
10 SYSTEMPATH\Boot.php(68): CodeIgniter\Boot::runCodeIgniter(Object(CodeIgniter\CodeIgniter))
11 FCPATH\index.php(59): CodeIgniter\Boot::bootWeb(Object(Config\Paths))
WARNING - 2026-07-30 17:28:55 --> [DEPRECATED] number_format(): Passing null to parameter #1 ($num) of type float is deprecated in APPPATH\Views\product\productAdd.php on line 109.
 1 APPPATH\Views\product\productAdd.php(109): number_format(null, 2)
 2 SYSTEMPATH\View\View.php(226): include('C:\\laragon\\www\\pharmacy-project\\app\\Views\\product\\productAdd.php')
 3 SYSTEMPATH\View\View.php(229): CodeIgniter\View\View->CodeIgniter\View\{closure}()
 4 SYSTEMPATH\Common.php(1167): CodeIgniter\View\View->render('product/productAdd', [], true)
 5 APPPATH\Controllers\ProductController.php(49): view('product/productAdd', [...])
 6 SYSTEMPATH\CodeIgniter.php(933): App\Controllers\ProductController->index()
 7 SYSTEMPATH\CodeIgniter.php(507): CodeIgniter\CodeIgniter->runController(Object(App\Controllers\ProductController))
 8 SYSTEMPATH\CodeIgniter.php(354): CodeIgniter\CodeIgniter->handleRequest(null, Object(Config\Cache), false)
 9 SYSTEMPATH\Boot.php(363): CodeIgniter\CodeIgniter->run()
10 SYSTEMPATH\Boot.php(68): CodeIgniter\Boot::runCodeIgniter(Object(CodeIgniter\CodeIgniter))
11 FCPATH\index.php(59): CodeIgniter\Boot::bootWeb(Object(Config\Paths))
WARNING - 2026-07-30 17:28:55 --> [DEPRECATED] number_format(): Passing null to parameter #1 ($num) of type float is deprecated in APPPATH\Views\product\productAdd.php on line 109.
 1 APPPATH\Views\product\productAdd.php(109): number_format(null, 2)
 2 SYSTEMPATH\View\View.php(226): include('C:\\laragon\\www\\pharmacy-project\\app\\Views\\product\\productAdd.php')
 3 SYSTEMPATH\View\View.php(229): CodeIgniter\View\View->CodeIgniter\View\{closure}()
 4 SYSTEMPATH\Common.php(1167): CodeIgniter\View\View->render('product/productAdd', [], true)
 5 APPPATH\Controllers\ProductController.php(49): view('product/productAdd', [...])
 6 SYSTEMPATH\CodeIgniter.php(933): App\Controllers\ProductController->index()
 7 SYSTEMPATH\CodeIgniter.php(507): CodeIgniter\CodeIgniter->runController(Object(App\Controllers\ProductController))
 8 SYSTEMPATH\CodeIgniter.php(354): CodeIgniter\CodeIgniter->handleRequest(null, Object(Config\Cache), false)
 9 SYSTEMPATH\Boot.php(363): CodeIgniter\CodeIgniter->run()
10 SYSTEMPATH\Boot.php(68): CodeIgniter\Boot::runCodeIgniter(Object(CodeIgniter\CodeIgniter))
11 FCPATH\index.php(59): CodeIgniter\Boot::bootWeb(Object(Config\Paths))
WARNING - 2026-07-30 17:28:55 --> [DEPRECATED] number_format(): Passing null to parameter #1 ($num) of type float is deprecated in APPPATH\Views\product\productAdd.php on line 109.
 1 APPPATH\Views\product\productAdd.php(109): number_format(null, 2)
 2 SYSTEMPATH\View\View.php(226): include('C:\\laragon\\www\\pharmacy-project\\app\\Views\\product\\productAdd.php')
 3 SYSTEMPATH\View\View.php(229): CodeIgniter\View\View->CodeIgniter\View\{closure}()
 4 SYSTEMPATH\Common.php(1167): CodeIgniter\View\View->render('product/productAdd', [], true)
 5 APPPATH\Controllers\ProductController.php(49): view('product/productAdd', [...])
 6 SYSTEMPATH\CodeIgniter.php(933): App\Controllers\ProductController->index()
 7 SYSTEMPATH\CodeIgniter.php(507): CodeIgniter\CodeIgniter->runController(Object(App\Controllers\ProductController))
 8 SYSTEMPATH\CodeIgniter.php(354): CodeIgniter\CodeIgniter->handleRequest(null, Object(Config\Cache), false)
 9 SYSTEMPATH\Boot.php(363): CodeIgniter\CodeIgniter->run()
10 SYSTEMPATH\Boot.php(68): CodeIgniter\Boot::runCodeIgniter(Object(CodeIgniter\CodeIgniter))
11 FCPATH\index.php(59): CodeIgniter\Boot::bootWeb(Object(Config\Paths))
WARNING - 2026-07-30 17:28:55 --> [DEPRECATED] number_format(): Passing null to parameter #1 ($num) of type float is deprecated in APPPATH\Views\product\productAdd.php on line 109.
 1 APPPATH\Views\product\productAdd.php(109): number_format(null, 2)
 2 SYSTEMPATH\View\View.php(226): include('C:\\laragon\\www\\pharmacy-project\\app\\Views\\product\\productAdd.php')
 3 SYSTEMPATH\View\View.php(229): CodeIgniter\View\View->CodeIgniter\View\{closure}()
 4 SYSTEMPATH\Common.php(1167): CodeIgniter\View\View->render('product/productAdd', [], true)
 5 APPPATH\Controllers\ProductController.php(49): view('product/productAdd', [...])
 6 SYSTEMPATH\CodeIgniter.php(933): App\Controllers\ProductController->index()
 7 SYSTEMPATH\CodeIgniter.php(507): CodeIgniter\CodeIgniter->runController(Object(App\Controllers\ProductController))
 8 SYSTEMPATH\CodeIgniter.php(354): CodeIgniter\CodeIgniter->handleRequest(null, Object(Config\Cache), false)
 9 SYSTEMPATH\Boot.php(363): CodeIgniter\CodeIgniter->run()
10 SYSTEMPATH\Boot.php(68): CodeIgniter\Boot::runCodeIgniter(Object(CodeIgniter\CodeIgniter))
11 FCPATH\index.php(59): CodeIgniter\Boot::bootWeb(Object(Config\Paths))
DEBUG - 2026-07-30 17:55:08 --> Session: Class initialized using 'CodeIgniter\Session\Handlers\FileHandler' driver.
WARNING - 2026-07-30 17:55:08 --> [DEPRECATED] number_format(): Passing null to parameter #1 ($num) of type float is deprecated in APPPATH\Views\product\productAdd.php on line 109.
 1 APPPATH\Views\product\productAdd.php(109): number_format(null, 2)
 2 SYSTEMPATH\View\View.php(226): include('C:\\laragon\\www\\pharmacy-project\\app\\Views\\product\\productAdd.php')
 3 SYSTEMPATH\View\View.php(229): CodeIgniter\View\View->CodeIgniter\View\{closure}()
 4 SYSTEMPATH\Common.php(1167): CodeIgniter\View\View->render('product/productAdd', [], true)
 5 APPPATH\Controllers\ProductController.php(49): view('product/productAdd', [...])
 6 SYSTEMPATH\CodeIgniter.php(933): App\Controllers\ProductController->index()
 7 SYSTEMPATH\CodeIgniter.php(507): CodeIgniter\CodeIgniter->runController(Object(App\Controllers\ProductController))
 8 SYSTEMPATH\CodeIgniter.php(354): CodeIgniter\CodeIgniter->handleRequest(null, Object(Config\Cache), false)
 9 SYSTEMPATH\Boot.php(363): CodeIgniter\CodeIgniter->run()
10 SYSTEMPATH\Boot.php(68): CodeIgniter\Boot::runCodeIgniter(Object(CodeIgniter\CodeIgniter))
11 FCPATH\index.php(59): CodeIgniter\Boot::bootWeb(Object(Config\Paths))
WARNING - 2026-07-30 17:55:08 --> [DEPRECATED] number_format(): Passing null to parameter #1 ($num) of type float is deprecated in APPPATH\Views\product\productAdd.php on line 109.
 1 APPPATH\Views\product\productAdd.php(109): number_format(null, 2)
 2 SYSTEMPATH\View\View.php(226): include('C:\\laragon\\www\\pharmacy-project\\app\\Views\\product\\productAdd.php')
 3 SYSTEMPATH\View\View.php(229): CodeIgniter\View\View->CodeIgniter\View\{closure}()
 4 SYSTEMPATH\Common.php(1167): CodeIgniter\View\View->render('product/productAdd', [], true)
 5 APPPATH\Controllers\ProductController.php(49): view('product/productAdd', [...])
 6 SYSTEMPATH\CodeIgniter.php(933): App\Controllers\ProductController->index()
 7 SYSTEMPATH\CodeIgniter.php(507): CodeIgniter\CodeIgniter->runController(Object(App\Controllers\ProductController))
 8 SYSTEMPATH\CodeIgniter.php(354): CodeIgniter\CodeIgniter->handleRequest(null, Object(Config\Cache), false)
 9 SYSTEMPATH\Boot.php(363): CodeIgniter\CodeIgniter->run()
10 SYSTEMPATH\Boot.php(68): CodeIgniter\Boot::runCodeIgniter(Object(CodeIgniter\CodeIgniter))
11 FCPATH\index.php(59): CodeIgniter\Boot::bootWeb(Object(Config\Paths))
WARNING - 2026-07-30 17:55:08 --> [DEPRECATED] number_format(): Passing null to parameter #1 ($num) of type float is deprecated in APPPATH\Views\product\productAdd.php on line 109.
 1 APPPATH\Views\product\productAdd.php(109): number_format(null, 2)
 2 SYSTEMPATH\View\View.php(226): include('C:\\laragon\\www\\pharmacy-project\\app\\Views\\product\\productAdd.php')
 3 SYSTEMPATH\View\View.php(229): CodeIgniter\View\View->CodeIgniter\View\{closure}()
 4 SYSTEMPATH\Common.php(1167): CodeIgniter\View\View->render('product/productAdd', [], true)
 5 APPPATH\Controllers\ProductController.php(49): view('product/productAdd', [...])
 6 SYSTEMPATH\CodeIgniter.php(933): App\Controllers\ProductController->index()
 7 SYSTEMPATH\CodeIgniter.php(507): CodeIgniter\CodeIgniter->runController(Object(App\Controllers\ProductController))
 8 SYSTEMPATH\CodeIgniter.php(354): CodeIgniter\CodeIgniter->handleRequest(null, Object(Config\Cache), false)
 9 SYSTEMPATH\Boot.php(363): CodeIgniter\CodeIgniter->run()
10 SYSTEMPATH\Boot.php(68): CodeIgniter\Boot::runCodeIgniter(Object(CodeIgniter\CodeIgniter))
11 FCPATH\index.php(59): CodeIgniter\Boot::bootWeb(Object(Config\Paths))
WARNING - 2026-07-30 17:55:08 --> [DEPRECATED] number_format(): Passing null to parameter #1 ($num) of type float is deprecated in APPPATH\Views\product\productAdd.php on line 109.
 1 APPPATH\Views\product\productAdd.php(109): number_format(null, 2)
 2 SYSTEMPATH\View\View.php(226): include('C:\\laragon\\www\\pharmacy-project\\app\\Views\\product\\productAdd.php')
 3 SYSTEMPATH\View\View.php(229): CodeIgniter\View\View->CodeIgniter\View\{closure}()
 4 SYSTEMPATH\Common.php(1167): CodeIgniter\View\View->render('product/productAdd', [], true)
 5 APPPATH\Controllers\ProductController.php(49): view('product/productAdd', [...])
 6 SYSTEMPATH\CodeIgniter.php(933): App\Controllers\ProductController->index()
 7 SYSTEMPATH\CodeIgniter.php(507): CodeIgniter\CodeIgniter->runController(Object(App\Controllers\ProductController))
 8 SYSTEMPATH\CodeIgniter.php(354): CodeIgniter\CodeIgniter->handleRequest(null, Object(Config\Cache), false)
 9 SYSTEMPATH\Boot.php(363): CodeIgniter\CodeIgniter->run()
10 SYSTEMPATH\Boot.php(68): CodeIgniter\Boot::runCodeIgniter(Object(CodeIgniter\CodeIgniter))
11 FCPATH\index.php(59): CodeIgniter\Boot::bootWeb(Object(Config\Paths))
WARNING - 2026-07-30 17:55:08 --> [DEPRECATED] number_format(): Passing null to parameter #1 ($num) of type float is deprecated in APPPATH\Views\product\productAdd.php on line 109.
 1 APPPATH\Views\product\productAdd.php(109): number_format(null, 2)
 2 SYSTEMPATH\View\View.php(226): include('C:\\laragon\\www\\pharmacy-project\\app\\Views\\product\\productAdd.php')
 3 SYSTEMPATH\View\View.php(229): CodeIgniter\View\View->CodeIgniter\View\{closure}()
 4 SYSTEMPATH\Common.php(1167): CodeIgniter\View\View->render('product/productAdd', [], true)
 5 APPPATH\Controllers\ProductController.php(49): view('product/productAdd', [...])
 6 SYSTEMPATH\CodeIgniter.php(933): App\Controllers\ProductController->index()
 7 SYSTEMPATH\CodeIgniter.php(507): CodeIgniter\CodeIgniter->runController(Object(App\Controllers\ProductController))
 8 SYSTEMPATH\CodeIgniter.php(354): CodeIgniter\CodeIgniter->handleRequest(null, Object(Config\Cache), false)
 9 SYSTEMPATH\Boot.php(363): CodeIgniter\CodeIgniter->run()
10 SYSTEMPATH\Boot.php(68): CodeIgniter\Boot::runCodeIgniter(Object(CodeIgniter\CodeIgniter))
11 FCPATH\index.php(59): CodeIgniter\Boot::bootWeb(Object(Config\Paths))
WARNING - 2026-07-30 17:55:08 --> [DEPRECATED] number_format(): Passing null to parameter #1 ($num) of type float is deprecated in APPPATH\Views\product\productAdd.php on line 109.
 1 APPPATH\Views\product\productAdd.php(109): number_format(null, 2)
 2 SYSTEMPATH\View\View.php(226): include('C:\\laragon\\www\\pharmacy-project\\app\\Views\\product\\productAdd.php')
 3 SYSTEMPATH\View\View.php(229): CodeIgniter\View\View->CodeIgniter\View\{closure}()
 4 SYSTEMPATH\Common.php(1167): CodeIgniter\View\View->render('product/productAdd', [], true)
 5 APPPATH\Controllers\ProductController.php(49): view('product/productAdd', [...])
 6 SYSTEMPATH\CodeIgniter.php(933): App\Controllers\ProductController->index()
 7 SYSTEMPATH\CodeIgniter.php(507): CodeIgniter\CodeIgniter->runController(Object(App\Controllers\ProductController))
 8 SYSTEMPATH\CodeIgniter.php(354): CodeIgniter\CodeIgniter->handleRequest(null, Object(Config\Cache), false)
 9 SYSTEMPATH\Boot.php(363): CodeIgniter\CodeIgniter->run()
10 SYSTEMPATH\Boot.php(68): CodeIgniter\Boot::runCodeIgniter(Object(CodeIgniter\CodeIgniter))
11 FCPATH\index.php(59): CodeIgniter\Boot::bootWeb(Object(Config\Paths))
WARNING - 2026-07-30 17:55:08 --> [DEPRECATED] number_format(): Passing null to parameter #1 ($num) of type float is deprecated in APPPATH\Views\product\productAdd.php on line 109.
 1 APPPATH\Views\product\productAdd.php(109): number_format(null, 2)
 2 SYSTEMPATH\View\View.php(226): include('C:\\laragon\\www\\pharmacy-project\\app\\Views\\product\\productAdd.php')
 3 SYSTEMPATH\View\View.php(229): CodeIgniter\View\View->CodeIgniter\View\{closure}()
 4 SYSTEMPATH\Common.php(1167): CodeIgniter\View\View->render('product/productAdd', [], true)
 5 APPPATH\Controllers\ProductController.php(49): view('product/productAdd', [...])
 6 SYSTEMPATH\CodeIgniter.php(933): App\Controllers\ProductController->index()
 7 SYSTEMPATH\CodeIgniter.php(507): CodeIgniter\CodeIgniter->runController(Object(App\Controllers\ProductController))
 8 SYSTEMPATH\CodeIgniter.php(354): CodeIgniter\CodeIgniter->handleRequest(null, Object(Config\Cache), false)
 9 SYSTEMPATH\Boot.php(363): CodeIgniter\CodeIgniter->run()
10 SYSTEMPATH\Boot.php(68): CodeIgniter\Boot::runCodeIgniter(Object(CodeIgniter\CodeIgniter))
11 FCPATH\index.php(59): CodeIgniter\Boot::bootWeb(Object(Config\Paths))
WARNING - 2026-07-30 17:55:08 --> [DEPRECATED] number_format(): Passing null to parameter #1 ($num) of type float is deprecated in APPPATH\Views\product\productAdd.php on line 109.
 1 APPPATH\Views\product\productAdd.php(109): number_format(null, 2)
 2 SYSTEMPATH\View\View.php(226): include('C:\\laragon\\www\\pharmacy-project\\app\\Views\\product\\productAdd.php')
 3 SYSTEMPATH\View\View.php(229): CodeIgniter\View\View->CodeIgniter\View\{closure}()
 4 SYSTEMPATH\Common.php(1167): CodeIgniter\View\View->render('product/productAdd', [], true)
 5 APPPATH\Controllers\ProductController.php(49): view('product/productAdd', [...])
 6 SYSTEMPATH\CodeIgniter.php(933): App\Controllers\ProductController->index()
 7 SYSTEMPATH\CodeIgniter.php(507): CodeIgniter\CodeIgniter->runController(Object(App\Controllers\ProductController))
 8 SYSTEMPATH\CodeIgniter.php(354): CodeIgniter\CodeIgniter->handleRequest(null, Object(Config\Cache), false)
 9 SYSTEMPATH\Boot.php(363): CodeIgniter\CodeIgniter->run()
10 SYSTEMPATH\Boot.php(68): CodeIgniter\Boot::runCodeIgniter(Object(CodeIgniter\CodeIgniter))
11 FCPATH\index.php(59): CodeIgniter\Boot::bootWeb(Object(Config\Paths))
WARNING - 2026-07-30 17:55:08 --> [DEPRECATED] number_format(): Passing null to parameter #1 ($num) of type float is deprecated in APPPATH\Views\product\productAdd.php on line 109.
 1 APPPATH\Views\product\productAdd.php(109): number_format(null, 2)
 2 SYSTEMPATH\View\View.php(226): include('C:\\laragon\\www\\pharmacy-project\\app\\Views\\product\\productAdd.php')
 3 SYSTEMPATH\View\View.php(229): CodeIgniter\View\View->CodeIgniter\View\{closure}()
 4 SYSTEMPATH\Common.php(1167): CodeIgniter\View\View->render('product/productAdd', [], true)
 5 APPPATH\Controllers\ProductController.php(49): view('product/productAdd', [...])
 6 SYSTEMPATH\CodeIgniter.php(933): App\Controllers\ProductController->index()
 7 SYSTEMPATH\CodeIgniter.php(507): CodeIgniter\CodeIgniter->runController(Object(App\Controllers\ProductController))
 8 SYSTEMPATH\CodeIgniter.php(354): CodeIgniter\CodeIgniter->handleRequest(null, Object(Config\Cache), false)
 9 SYSTEMPATH\Boot.php(363): CodeIgniter\CodeIgniter->run()
10 SYSTEMPATH\Boot.php(68): CodeIgniter\Boot::runCodeIgniter(Object(CodeIgniter\CodeIgniter))
11 FCPATH\index.php(59): CodeIgniter\Boot::bootWeb(Object(Config\Paths))
WARNING - 2026-07-30 17:55:08 --> [DEPRECATED] number_format(): Passing null to parameter #1 ($num) of type float is deprecated in APPPATH\Views\product\productAdd.php on line 109.
 1 APPPATH\Views\product\productAdd.php(109): number_format(null, 2)
 2 SYSTEMPATH\View\View.php(226): include('C:\\laragon\\www\\pharmacy-project\\app\\Views\\product\\productAdd.php')
 3 SYSTEMPATH\View\View.php(229): CodeIgniter\View\View->CodeIgniter\View\{closure}()
 4 SYSTEMPATH\Common.php(1167): CodeIgniter\View\View->render('product/productAdd', [], true)
 5 APPPATH\Controllers\ProductController.php(49): view('product/productAdd', [...])
 6 SYSTEMPATH\CodeIgniter.php(933): App\Controllers\ProductController->index()
 7 SYSTEMPATH\CodeIgniter.php(507): CodeIgniter\CodeIgniter->runController(Object(App\Controllers\ProductController))
 8 SYSTEMPATH\CodeIgniter.php(354): CodeIgniter\CodeIgniter->handleRequest(null, Object(Config\Cache), false)
 9 SYSTEMPATH\Boot.php(363): CodeIgniter\CodeIgniter->run()
10 SYSTEMPATH\Boot.php(68): CodeIgniter\Boot::runCodeIgniter(Object(CodeIgniter\CodeIgniter))
11 FCPATH\index.php(59): CodeIgniter\Boot::bootWeb(Object(Config\Paths))
DEBUG - 2026-07-30 17:55:19 --> Session: Class initialized using 'CodeIgniter\Session\Handlers\FileHandler' driver.
DEBUG - 2026-07-30 17:56:44 --> Session: Class initialized using 'CodeIgniter\Session\Handlers\FileHandler' driver.
WARNING - 2026-07-30 17:56:44 --> [DEPRECATED] number_format(): Passing null to parameter #1 ($num) of type float is deprecated in APPPATH\Views\product\productAdd.php on line 109.
 1 APPPATH\Views\product\productAdd.php(109): number_format(null, 2)
 2 SYSTEMPATH\View\View.php(226): include('C:\\laragon\\www\\pharmacy-project\\app\\Views\\product\\productAdd.php')
 3 SYSTEMPATH\View\View.php(229): CodeIgniter\View\View->CodeIgniter\View\{closure}()
 4 SYSTEMPATH\Common.php(1167): CodeIgniter\View\View->render('product/productAdd', [], true)
 5 APPPATH\Controllers\ProductController.php(49): view('product/productAdd', [...])
 6 SYSTEMPATH\CodeIgniter.php(933): App\Controllers\ProductController->index()
 7 SYSTEMPATH\CodeIgniter.php(507): CodeIgniter\CodeIgniter->runController(Object(App\Controllers\ProductController))
 8 SYSTEMPATH\CodeIgniter.php(354): CodeIgniter\CodeIgniter->handleRequest(null, Object(Config\Cache), false)
 9 SYSTEMPATH\Boot.php(363): CodeIgniter\CodeIgniter->run()
10 SYSTEMPATH\Boot.php(68): CodeIgniter\Boot::runCodeIgniter(Object(CodeIgniter\CodeIgniter))
11 FCPATH\index.php(59): CodeIgniter\Boot::bootWeb(Object(Config\Paths))
WARNING - 2026-07-30 17:56:44 --> [DEPRECATED] number_format(): Passing null to parameter #1 ($num) of type float is deprecated in APPPATH\Views\product\productAdd.php on line 109.
 1 APPPATH\Views\product\productAdd.php(109): number_format(null, 2)
 2 SYSTEMPATH\View\View.php(226): include('C:\\laragon\\www\\pharmacy-project\\app\\Views\\product\\productAdd.php')
 3 SYSTEMPATH\View\View.php(229): CodeIgniter\View\View->CodeIgniter\View\{closure}()
 4 SYSTEMPATH\Common.php(1167): CodeIgniter\View\View->render('product/productAdd', [], true)
 5 APPPATH\Controllers\ProductController.php(49): view('product/productAdd', [...])
 6 SYSTEMPATH\CodeIgniter.php(933): App\Controllers\ProductController->index()
 7 SYSTEMPATH\CodeIgniter.php(507): CodeIgniter\CodeIgniter->runController(Object(App\Controllers\ProductController))
 8 SYSTEMPATH\CodeIgniter.php(354): CodeIgniter\CodeIgniter->handleRequest(null, Object(Config\Cache), false)
 9 SYSTEMPATH\Boot.php(363): CodeIgniter\CodeIgniter->run()
10 SYSTEMPATH\Boot.php(68): CodeIgniter\Boot::runCodeIgniter(Object(CodeIgniter\CodeIgniter))
11 FCPATH\index.php(59): CodeIgniter\Boot::bootWeb(Object(Config\Paths))
WARNING - 2026-07-30 17:56:44 --> [DEPRECATED] number_format(): Passing null to parameter #1 ($num) of type float is deprecated in APPPATH\Views\product\productAdd.php on line 109.
 1 APPPATH\Views\product\productAdd.php(109): number_format(null, 2)
 2 SYSTEMPATH\View\View.php(226): include('C:\\laragon\\www\\pharmacy-project\\app\\Views\\product\\productAdd.php')
 3 SYSTEMPATH\View\View.php(229): CodeIgniter\View\View->CodeIgniter\View\{closure}()
 4 SYSTEMPATH\Common.php(1167): CodeIgniter\View\View->render('product/productAdd', [], true)
 5 APPPATH\Controllers\ProductController.php(49): view('product/productAdd', [...])
 6 SYSTEMPATH\CodeIgniter.php(933): App\Controllers\ProductController->index()
 7 SYSTEMPATH\CodeIgniter.php(507): CodeIgniter\CodeIgniter->runController(Object(App\Controllers\ProductController))
 8 SYSTEMPATH\CodeIgniter.php(354): CodeIgniter\CodeIgniter->handleRequest(null, Object(Config\Cache), false)
 9 SYSTEMPATH\Boot.php(363): CodeIgniter\CodeIgniter->run()
10 SYSTEMPATH\Boot.php(68): CodeIgniter\Boot::runCodeIgniter(Object(CodeIgniter\CodeIgniter))
11 FCPATH\index.php(59): CodeIgniter\Boot::bootWeb(Object(Config\Paths))
WARNING - 2026-07-30 17:56:44 --> [DEPRECATED] number_format(): Passing null to parameter #1 ($num) of type float is deprecated in APPPATH\Views\product\productAdd.php on line 109.
 1 APPPATH\Views\product\productAdd.php(109): number_format(null, 2)
 2 SYSTEMPATH\View\View.php(226): include('C:\\laragon\\www\\pharmacy-project\\app\\Views\\product\\productAdd.php')
 3 SYSTEMPATH\View\View.php(229): CodeIgniter\View\View->CodeIgniter\View\{closure}()
 4 SYSTEMPATH\Common.php(1167): CodeIgniter\View\View->render('product/productAdd', [], true)
 5 APPPATH\Controllers\ProductController.php(49): view('product/productAdd', [...])
 6 SYSTEMPATH\CodeIgniter.php(933): App\Controllers\ProductController->index()
 7 SYSTEMPATH\CodeIgniter.php(507): CodeIgniter\CodeIgniter->runController(Object(App\Controllers\ProductController))
 8 SYSTEMPATH\CodeIgniter.php(354): CodeIgniter\CodeIgniter->handleRequest(null, Object(Config\Cache), false)
 9 SYSTEMPATH\Boot.php(363): CodeIgniter\CodeIgniter->run()
10 SYSTEMPATH\Boot.php(68): CodeIgniter\Boot::runCodeIgniter(Object(CodeIgniter\CodeIgniter))
11 FCPATH\index.php(59): CodeIgniter\Boot::bootWeb(Object(Config\Paths))
WARNING - 2026-07-30 17:56:44 --> [DEPRECATED] number_format(): Passing null to parameter #1 ($num) of type float is deprecated in APPPATH\Views\product\productAdd.php on line 109.
 1 APPPATH\Views\product\productAdd.php(109): number_format(null, 2)
 2 SYSTEMPATH\View\View.php(226): include('C:\\laragon\\www\\pharmacy-project\\app\\Views\\product\\productAdd.php')
 3 SYSTEMPATH\View\View.php(229): CodeIgniter\View\View->CodeIgniter\View\{closure}()
 4 SYSTEMPATH\Common.php(1167): CodeIgniter\View\View->render('product/productAdd', [], true)
 5 APPPATH\Controllers\ProductController.php(49): view('product/productAdd', [...])
 6 SYSTEMPATH\CodeIgniter.php(933): App\Controllers\ProductController->index()
 7 SYSTEMPATH\CodeIgniter.php(507): CodeIgniter\CodeIgniter->runController(Object(App\Controllers\ProductController))
 8 SYSTEMPATH\CodeIgniter.php(354): CodeIgniter\CodeIgniter->handleRequest(null, Object(Config\Cache), false)
 9 SYSTEMPATH\Boot.php(363): CodeIgniter\CodeIgniter->run()
10 SYSTEMPATH\Boot.php(68): CodeIgniter\Boot::runCodeIgniter(Object(CodeIgniter\CodeIgniter))
11 FCPATH\index.php(59): CodeIgniter\Boot::bootWeb(Object(Config\Paths))
WARNING - 2026-07-30 17:56:44 --> [DEPRECATED] number_format(): Passing null to parameter #1 ($num) of type float is deprecated in APPPATH\Views\product\productAdd.php on line 109.
 1 APPPATH\Views\product\productAdd.php(109): number_format(null, 2)
 2 SYSTEMPATH\View\View.php(226): include('C:\\laragon\\www\\pharmacy-project\\app\\Views\\product\\productAdd.php')
 3 SYSTEMPATH\View\View.php(229): CodeIgniter\View\View->CodeIgniter\View\{closure}()
 4 SYSTEMPATH\Common.php(1167): CodeIgniter\View\View->render('product/productAdd', [], true)
 5 APPPATH\Controllers\ProductController.php(49): view('product/productAdd', [...])
 6 SYSTEMPATH\CodeIgniter.php(933): App\Controllers\ProductController->index()
 7 SYSTEMPATH\CodeIgniter.php(507): CodeIgniter\CodeIgniter->runController(Object(App\Controllers\ProductController))
 8 SYSTEMPATH\CodeIgniter.php(354): CodeIgniter\CodeIgniter->handleRequest(null, Object(Config\Cache), false)
 9 SYSTEMPATH\Boot.php(363): CodeIgniter\CodeIgniter->run()
10 SYSTEMPATH\Boot.php(68): CodeIgniter\Boot::runCodeIgniter(Object(CodeIgniter\CodeIgniter))
11 FCPATH\index.php(59): CodeIgniter\Boot::bootWeb(Object(Config\Paths))
WARNING - 2026-07-30 17:56:44 --> [DEPRECATED] number_format(): Passing null to parameter #1 ($num) of type float is deprecated in APPPATH\Views\product\productAdd.php on line 109.
 1 APPPATH\Views\product\productAdd.php(109): number_format(null, 2)
 2 SYSTEMPATH\View\View.php(226): include('C:\\laragon\\www\\pharmacy-project\\app\\Views\\product\\productAdd.php')
 3 SYSTEMPATH\View\View.php(229): CodeIgniter\View\View->CodeIgniter\View\{closure}()
 4 SYSTEMPATH\Common.php(1167): CodeIgniter\View\View->render('product/productAdd', [], true)
 5 APPPATH\Controllers\ProductController.php(49): view('product/productAdd', [...])
 6 SYSTEMPATH\CodeIgniter.php(933): App\Controllers\ProductController->index()
 7 SYSTEMPATH\CodeIgniter.php(507): CodeIgniter\CodeIgniter->runController(Object(App\Controllers\ProductController))
 8 SYSTEMPATH\CodeIgniter.php(354): CodeIgniter\CodeIgniter->handleRequest(null, Object(Config\Cache), false)
 9 SYSTEMPATH\Boot.php(363): CodeIgniter\CodeIgniter->run()
10 SYSTEMPATH\Boot.php(68): CodeIgniter\Boot::runCodeIgniter(Object(CodeIgniter\CodeIgniter))
11 FCPATH\index.php(59): CodeIgniter\Boot::bootWeb(Object(Config\Paths))
WARNING - 2026-07-30 17:56:44 --> [DEPRECATED] number_format(): Passing null to parameter #1 ($num) of type float is deprecated in APPPATH\Views\product\productAdd.php on line 109.
 1 APPPATH\Views\product\productAdd.php(109): number_format(null, 2)
 2 SYSTEMPATH\View\View.php(226): include('C:\\laragon\\www\\pharmacy-project\\app\\Views\\product\\productAdd.php')
 3 SYSTEMPATH\View\View.php(229): CodeIgniter\View\View->CodeIgniter\View\{closure}()
 4 SYSTEMPATH\Common.php(1167): CodeIgniter\View\View->render('product/productAdd', [], true)
 5 APPPATH\Controllers\ProductController.php(49): view('product/productAdd', [...])
 6 SYSTEMPATH\CodeIgniter.php(933): App\Controllers\ProductController->index()
 7 SYSTEMPATH\CodeIgniter.php(507): CodeIgniter\CodeIgniter->runController(Object(App\Controllers\ProductController))
 8 SYSTEMPATH\CodeIgniter.php(354): CodeIgniter\CodeIgniter->handleRequest(null, Object(Config\Cache), false)
 9 SYSTEMPATH\Boot.php(363): CodeIgniter\CodeIgniter->run()
10 SYSTEMPATH\Boot.php(68): CodeIgniter\Boot::runCodeIgniter(Object(CodeIgniter\CodeIgniter))
11 FCPATH\index.php(59): CodeIgniter\Boot::bootWeb(Object(Config\Paths))
WARNING - 2026-07-30 17:56:44 --> [DEPRECATED] number_format(): Passing null to parameter #1 ($num) of type float is deprecated in APPPATH\Views\product\productAdd.php on line 109.
 1 APPPATH\Views\product\productAdd.php(109): number_format(null, 2)
 2 SYSTEMPATH\View\View.php(226): include('C:\\laragon\\www\\pharmacy-project\\app\\Views\\product\\productAdd.php')
 3 SYSTEMPATH\View\View.php(229): CodeIgniter\View\View->CodeIgniter\View\{closure}()
 4 SYSTEMPATH\Common.php(1167): CodeIgniter\View\View->render('product/productAdd', [], true)
 5 APPPATH\Controllers\ProductController.php(49): view('product/productAdd', [...])
 6 SYSTEMPATH\CodeIgniter.php(933): App\Controllers\ProductController->index()
 7 SYSTEMPATH\CodeIgniter.php(507): CodeIgniter\CodeIgniter->runController(Object(App\Controllers\ProductController))
 8 SYSTEMPATH\CodeIgniter.php(354): CodeIgniter\CodeIgniter->handleRequest(null, Object(Config\Cache), false)
 9 SYSTEMPATH\Boot.php(363): CodeIgniter\CodeIgniter->run()
10 SYSTEMPATH\Boot.php(68): CodeIgniter\Boot::runCodeIgniter(Object(CodeIgniter\CodeIgniter))
11 FCPATH\index.php(59): CodeIgniter\Boot::bootWeb(Object(Config\Paths))
DEBUG - 2026-07-30 17:56:51 --> Session: Class initialized using 'CodeIgniter\Session\Handlers\FileHandler' driver.
DEBUG - 2026-07-30 17:56:51 --> Session: Class initialized using 'CodeIgniter\Session\Handlers\FileHandler' driver.
WARNING - 2026-07-30 17:56:51 --> [DEPRECATED] number_format(): Passing null to parameter #1 ($num) of type float is deprecated in APPPATH\Views\product\productAdd.php on line 109.
 1 APPPATH\Views\product\productAdd.php(109): number_format(null, 2)
 2 SYSTEMPATH\View\View.php(226): include('C:\\laragon\\www\\pharmacy-project\\app\\Views\\product\\productAdd.php')
 3 SYSTEMPATH\View\View.php(229): CodeIgniter\View\View->CodeIgniter\View\{closure}()
 4 SYSTEMPATH\Common.php(1167): CodeIgniter\View\View->render('product/productAdd', [], true)
 5 APPPATH\Controllers\ProductController.php(49): view('product/productAdd', [...])
 6 SYSTEMPATH\CodeIgniter.php(933): App\Controllers\ProductController->index()
 7 SYSTEMPATH\CodeIgniter.php(507): CodeIgniter\CodeIgniter->runController(Object(App\Controllers\ProductController))
 8 SYSTEMPATH\CodeIgniter.php(354): CodeIgniter\CodeIgniter->handleRequest(null, Object(Config\Cache), false)
 9 SYSTEMPATH\Boot.php(363): CodeIgniter\CodeIgniter->run()
10 SYSTEMPATH\Boot.php(68): CodeIgniter\Boot::runCodeIgniter(Object(CodeIgniter\CodeIgniter))
11 FCPATH\index.php(59): CodeIgniter\Boot::bootWeb(Object(Config\Paths))
WARNING - 2026-07-30 17:56:51 --> [DEPRECATED] number_format(): Passing null to parameter #1 ($num) of type float is deprecated in APPPATH\Views\product\productAdd.php on line 109.
 1 APPPATH\Views\product\productAdd.php(109): number_format(null, 2)
 2 SYSTEMPATH\View\View.php(226): include('C:\\laragon\\www\\pharmacy-project\\app\\Views\\product\\productAdd.php')
 3 SYSTEMPATH\View\View.php(229): CodeIgniter\View\View->CodeIgniter\View\{closure}()
 4 SYSTEMPATH\Common.php(1167): CodeIgniter\View\View->render('product/productAdd', [], true)
 5 APPPATH\Controllers\ProductController.php(49): view('product/productAdd', [...])
 6 SYSTEMPATH\CodeIgniter.php(933): App\Controllers\ProductController->index()
 7 SYSTEMPATH\CodeIgniter.php(507): CodeIgniter\CodeIgniter->runController(Object(App\Controllers\ProductController))
 8 SYSTEMPATH\CodeIgniter.php(354): CodeIgniter\CodeIgniter->handleRequest(null, Object(Config\Cache), false)
 9 SYSTEMPATH\Boot.php(363): CodeIgniter\CodeIgniter->run()
10 SYSTEMPATH\Boot.php(68): CodeIgniter\Boot::runCodeIgniter(Object(CodeIgniter\CodeIgniter))
11 FCPATH\index.php(59): CodeIgniter\Boot::bootWeb(Object(Config\Paths))
WARNING - 2026-07-30 17:56:51 --> [DEPRECATED] number_format(): Passing null to parameter #1 ($num) of type float is deprecated in APPPATH\Views\product\productAdd.php on line 109.
 1 APPPATH\Views\product\productAdd.php(109): number_format(null, 2)
 2 SYSTEMPATH\View\View.php(226): include('C:\\laragon\\www\\pharmacy-project\\app\\Views\\product\\productAdd.php')
 3 SYSTEMPATH\View\View.php(229): CodeIgniter\View\View->CodeIgniter\View\{closure}()
 4 SYSTEMPATH\Common.php(1167): CodeIgniter\View\View->render('product/productAdd', [], true)
 5 APPPATH\Controllers\ProductController.php(49): view('product/productAdd', [...])
 6 SYSTEMPATH\CodeIgniter.php(933): App\Controllers\ProductController->index()
 7 SYSTEMPATH\CodeIgniter.php(507): CodeIgniter\CodeIgniter->runController(Object(App\Controllers\ProductController))
 8 SYSTEMPATH\CodeIgniter.php(354): CodeIgniter\CodeIgniter->handleRequest(null, Object(Config\Cache), false)
 9 SYSTEMPATH\Boot.php(363): CodeIgniter\CodeIgniter->run()
10 SYSTEMPATH\Boot.php(68): CodeIgniter\Boot::runCodeIgniter(Object(CodeIgniter\CodeIgniter))
11 FCPATH\index.php(59): CodeIgniter\Boot::bootWeb(Object(Config\Paths))
WARNING - 2026-07-30 17:56:51 --> [DEPRECATED] number_format(): Passing null to parameter #1 ($num) of type float is deprecated in APPPATH\Views\product\productAdd.php on line 109.
 1 APPPATH\Views\product\productAdd.php(109): number_format(null, 2)
 2 SYSTEMPATH\View\View.php(226): include('C:\\laragon\\www\\pharmacy-project\\app\\Views\\product\\productAdd.php')
 3 SYSTEMPATH\View\View.php(229): CodeIgniter\View\View->CodeIgniter\View\{closure}()
 4 SYSTEMPATH\Common.php(1167): CodeIgniter\View\View->render('product/productAdd', [], true)
 5 APPPATH\Controllers\ProductController.php(49): view('product/productAdd', [...])
 6 SYSTEMPATH\CodeIgniter.php(933): App\Controllers\ProductController->index()
 7 SYSTEMPATH\CodeIgniter.php(507): CodeIgniter\CodeIgniter->runController(Object(App\Controllers\ProductController))
 8 SYSTEMPATH\CodeIgniter.php(354): CodeIgniter\CodeIgniter->handleRequest(null, Object(Config\Cache), false)
 9 SYSTEMPATH\Boot.php(363): CodeIgniter\CodeIgniter->run()
10 SYSTEMPATH\Boot.php(68): CodeIgniter\Boot::runCodeIgniter(Object(CodeIgniter\CodeIgniter))
11 FCPATH\index.php(59): CodeIgniter\Boot::bootWeb(Object(Config\Paths))
WARNING - 2026-07-30 17:56:51 --> [DEPRECATED] number_format(): Passing null to parameter #1 ($num) of type float is deprecated in APPPATH\Views\product\productAdd.php on line 109.
 1 APPPATH\Views\product\productAdd.php(109): number_format(null, 2)
 2 SYSTEMPATH\View\View.php(226): include('C:\\laragon\\www\\pharmacy-project\\app\\Views\\product\\productAdd.php')
 3 SYSTEMPATH\View\View.php(229): CodeIgniter\View\View->CodeIgniter\View\{closure}()
 4 SYSTEMPATH\Common.php(1167): CodeIgniter\View\View->render('product/productAdd', [], true)
 5 APPPATH\Controllers\ProductController.php(49): view('product/productAdd', [...])
 6 SYSTEMPATH\CodeIgniter.php(933): App\Controllers\ProductController->index()
 7 SYSTEMPATH\CodeIgniter.php(507): CodeIgniter\CodeIgniter->runController(Object(App\Controllers\ProductController))
 8 SYSTEMPATH\CodeIgniter.php(354): CodeIgniter\CodeIgniter->handleRequest(null, Object(Config\Cache), false)
 9 SYSTEMPATH\Boot.php(363): CodeIgniter\CodeIgniter->run()
10 SYSTEMPATH\Boot.php(68): CodeIgniter\Boot::runCodeIgniter(Object(CodeIgniter\CodeIgniter))
11 FCPATH\index.php(59): CodeIgniter\Boot::bootWeb(Object(Config\Paths))
WARNING - 2026-07-30 17:56:51 --> [DEPRECATED] number_format(): Passing null to parameter #1 ($num) of type float is deprecated in APPPATH\Views\product\productAdd.php on line 109.
 1 APPPATH\Views\product\productAdd.php(109): number_format(null, 2)
 2 SYSTEMPATH\View\View.php(226): include('C:\\laragon\\www\\pharmacy-project\\app\\Views\\product\\productAdd.php')
 3 SYSTEMPATH\View\View.php(229): CodeIgniter\View\View->CodeIgniter\View\{closure}()
 4 SYSTEMPATH\Common.php(1167): CodeIgniter\View\View->render('product/productAdd', [], true)
 5 APPPATH\Controllers\ProductController.php(49): view('product/productAdd', [...])
 6 SYSTEMPATH\CodeIgniter.php(933): App\Controllers\ProductController->index()
 7 SYSTEMPATH\CodeIgniter.php(507): CodeIgniter\CodeIgniter->runController(Object(App\Controllers\ProductController))
 8 SYSTEMPATH\CodeIgniter.php(354): CodeIgniter\CodeIgniter->handleRequest(null, Object(Config\Cache), false)
 9 SYSTEMPATH\Boot.php(363): CodeIgniter\CodeIgniter->run()
10 SYSTEMPATH\Boot.php(68): CodeIgniter\Boot::runCodeIgniter(Object(CodeIgniter\CodeIgniter))
11 FCPATH\index.php(59): CodeIgniter\Boot::bootWeb(Object(Config\Paths))
WARNING - 2026-07-30 17:56:51 --> [DEPRECATED] number_format(): Passing null to parameter #1 ($num) of type float is deprecated in APPPATH\Views\product\productAdd.php on line 109.
 1 APPPATH\Views\product\productAdd.php(109): number_format(null, 2)
 2 SYSTEMPATH\View\View.php(226): include('C:\\laragon\\www\\pharmacy-project\\app\\Views\\product\\productAdd.php')
 3 SYSTEMPATH\View\View.php(229): CodeIgniter\View\View->CodeIgniter\View\{closure}()
 4 SYSTEMPATH\Common.php(1167): CodeIgniter\View\View->render('product/productAdd', [], true)
 5 APPPATH\Controllers\ProductController.php(49): view('product/productAdd', [...])
 6 SYSTEMPATH\CodeIgniter.php(933): App\Controllers\ProductController->index()
 7 SYSTEMPATH\CodeIgniter.php(507): CodeIgniter\CodeIgniter->runController(Object(App\Controllers\ProductController))
 8 SYSTEMPATH\CodeIgniter.php(354): CodeIgniter\CodeIgniter->handleRequest(null, Object(Config\Cache), false)
 9 SYSTEMPATH\Boot.php(363): CodeIgniter\CodeIgniter->run()
10 SYSTEMPATH\Boot.php(68): CodeIgniter\Boot::runCodeIgniter(Object(CodeIgniter\CodeIgniter))
11 FCPATH\index.php(59): CodeIgniter\Boot::bootWeb(Object(Config\Paths))
WARNING - 2026-07-30 17:56:51 --> [DEPRECATED] number_format(): Passing null to parameter #1 ($num) of type float is deprecated in APPPATH\Views\product\productAdd.php on line 109.
 1 APPPATH\Views\product\productAdd.php(109): number_format(null, 2)
 2 SYSTEMPATH\View\View.php(226): include('C:\\laragon\\www\\pharmacy-project\\app\\Views\\product\\productAdd.php')
 3 SYSTEMPATH\View\View.php(229): CodeIgniter\View\View->CodeIgniter\View\{closure}()
 4 SYSTEMPATH\Common.php(1167): CodeIgniter\View\View->render('product/productAdd', [], true)
 5 APPPATH\Controllers\ProductController.php(49): view('product/productAdd', [...])
 6 SYSTEMPATH\CodeIgniter.php(933): App\Controllers\ProductController->index()
 7 SYSTEMPATH\CodeIgniter.php(507): CodeIgniter\CodeIgniter->runController(Object(App\Controllers\ProductController))
 8 SYSTEMPATH\CodeIgniter.php(354): CodeIgniter\CodeIgniter->handleRequest(null, Object(Config\Cache), false)
 9 SYSTEMPATH\Boot.php(363): CodeIgniter\CodeIgniter->run()
10 SYSTEMPATH\Boot.php(68): CodeIgniter\Boot::runCodeIgniter(Object(CodeIgniter\CodeIgniter))
11 FCPATH\index.php(59): CodeIgniter\Boot::bootWeb(Object(Config\Paths))
