DEBUG - 2026-01-25 04:59:32 --> Session: Class initialized using 'CodeIgniter\Session\Handlers\FileHandler' driver.
DEBUG - 2026-01-25 05:00:51 --> Session: Class initialized using 'CodeIgniter\Session\Handlers\FileHandler' driver.
DEBUG - 2026-01-25 05:00:52 --> Session: Class initialized using 'CodeIgniter\Session\Handlers\FileHandler' driver.
DEBUG - 2026-01-25 05:01:19 --> Session: Class initialized using 'CodeIgniter\Session\Handlers\FileHandler' driver.
DEBUG - 2026-01-25 05:01:35 --> Session: Class initialized using 'CodeIgniter\Session\Handlers\FileHandler' driver.
DEBUG - 2026-01-25 05:01:36 --> Session: Class initialized using 'CodeIgniter\Session\Handlers\FileHandler' driver.
DEBUG - 2026-01-25 05:03:16 --> Session: Class initialized using 'CodeIgniter\Session\Handlers\FileHandler' driver.
DEBUG - 2026-01-25 05:03:17 --> Session: Class initialized using 'CodeIgniter\Session\Handlers\FileHandler' driver.
DEBUG - 2026-01-25 05:03:49 --> Session: Class initialized using 'CodeIgniter\Session\Handlers\FileHandler' driver.
ERROR - 2026-01-25 05:04:15 --> mysqli_sql_exception: Unknown column 'productwiseVatPercnt' in 'field list' in C:\laragon\www\pharmacy-project\system\Database\MySQLi\Connection.php:327
Stack trace:
#0 C:\laragon\www\pharmacy-project\system\Database\MySQLi\Connection.php(327): mysqli->query(' SELECT \r\n     ...', 0)
#1 C:\laragon\www\pharmacy-project\system\Database\BaseConnection.php(729): CodeIgniter\Database\MySQLi\Connection->execute(' SELECT \r\n     ...')
#2 C:\laragon\www\pharmacy-project\system\Database\BaseConnection.php(646): CodeIgniter\Database\BaseConnection->simpleQuery(' SELECT \r\n     ...')
#3 C:\laragon\www\pharmacy-project\app\Controllers\salereturnlist.php(111): CodeIgniter\Database\BaseConnection->query(' SELECT \r\n     ...')
#4 C:\laragon\www\pharmacy-project\system\CodeIgniter.php(933): App\Controllers\salereturnlist->saleReturnListShow()
#5 C:\laragon\www\pharmacy-project\system\CodeIgniter.php(507): CodeIgniter\CodeIgniter->runController(Object(App\Controllers\salereturnlist))
#6 C:\laragon\www\pharmacy-project\system\CodeIgniter.php(354): CodeIgniter\CodeIgniter->handleRequest(NULL, Object(Config\Cache), false)
#7 C:\laragon\www\pharmacy-project\system\Boot.php(363): CodeIgniter\CodeIgniter->run()
#8 C:\laragon\www\pharmacy-project\system\Boot.php(68): CodeIgniter\Boot::runCodeIgniter(Object(CodeIgniter\CodeIgniter))
#9 C:\laragon\www\pharmacy-project\index.php(59): CodeIgniter\Boot::bootWeb(Object(Config\Paths))
#10 {main}
CRITICAL - 2026-01-25 05:04:15 --> CodeIgniter\Database\Exceptions\DatabaseException: Unknown column 'productwiseVatPercnt' in 'field list'
[Method: GET, Route: salereturnlistshow]
in SYSTEMPATH\Database\BaseConnection.php on line 684.
 1 APPPATH\Controllers\salereturnlist.php(111): CodeIgniter\Database\BaseConnection->query(' SELECT 
                    rs.sales_invoice,
                    rs.sales_date,
                    rsd.total_sale,
                    rsd.productwiseVatPercnt,
                    rs.discountOnTotalPrice,
                    rs.vatOnTotalPrice,
                    rs.paid_amount,
                    IFNULL(rcd.customer_due, 0) AS customer_due,
                    IFNULL(rcd.total_due_paid, 0) AS due_paid_amount,
                    (rs.paid_amount + IFNULL(rcd.total_due_paid, 0)) AS total_paid,
                    rs.due_amount,
                    CASE 
                        WHEN rs.customer_type REGEXP \'^[0-9]+$\' THEN c.cus_first_name
                        ELSE rs.customer_type
                    END AS customer_name,
                    CASE
                        WHEN rs.customer_type = \'Walk-In-Customer\' THEN \'Fully Paid\'
                        WHEN IFNULL(rcd.customer_due, 0) = 0 THEN \'Fully Paid\'
                        ELSE \'Partially Paid\'
                    END AS payment_status
                FROM return_sales rs
                JOIN (
                    SELECT 
                        sales_details_invoice, 
                        SUM(total_sale_price) AS total_sale, 
                        SUM(productwiseVatPercnt) AS productwiseVatPercnt
                    FROM return_sales_details
                    GROUP BY sales_details_invoice
                ) rsd ON rs.sales_invoice = rsd.sales_details_invoice
                LEFT JOIN (
                    SELECT 
                        due_invoice_no, 
                        SUM(due_amount - due_paid_amount) AS customer_due,
                        SUM(due_paid_amount) AS total_due_paid
                    FROM return_customer_due
                    GROUP BY due_invoice_no
                ) rcd ON rs.sales_invoice = rcd.due_invoice_no
                LEFT JOIN customer c ON c.customer_id = rs.customer_type AND rs.customer_type REGEXP \'^[0-9]+\'
            ')
 2 SYSTEMPATH\CodeIgniter.php(933): App\Controllers\salereturnlist->saleReturnListShow()
 3 SYSTEMPATH\CodeIgniter.php(507): CodeIgniter\CodeIgniter->runController(Object(App\Controllers\salereturnlist))
 4 SYSTEMPATH\CodeIgniter.php(354): CodeIgniter\CodeIgniter->handleRequest(null, Object(Config\Cache), false)
 5 SYSTEMPATH\Boot.php(363): CodeIgniter\CodeIgniter->run()
 6 SYSTEMPATH\Boot.php(68): CodeIgniter\Boot::runCodeIgniter(Object(CodeIgniter\CodeIgniter))
 7 FCPATH\index.php(59): CodeIgniter\Boot::bootWeb(Object(Config\Paths))
CRITICAL - 2026-01-25 05:04:15 --> [Caused by] CodeIgniter\Database\Exceptions\DatabaseException: Unknown column 'productwiseVatPercnt' in 'field list'
in SYSTEMPATH\Database\MySQLi\Connection.php on line 332.
 1 SYSTEMPATH\Database\BaseConnection.php(729): CodeIgniter\Database\MySQLi\Connection->execute(' SELECT 
                    rs.sales_invoice,
                    rs.sales_date,
                    rsd.total_sale,
                    rsd.productwiseVatPercnt,
                    rs.discountOnTotalPrice,
                    rs.vatOnTotalPrice,
                    rs.paid_amount,
                    IFNULL(rcd.customer_due, 0) AS customer_due,
                    IFNULL(rcd.total_due_paid, 0) AS due_paid_amount,
                    (rs.paid_amount + IFNULL(rcd.total_due_paid, 0)) AS total_paid,
                    rs.due_amount,
                    CASE 
                        WHEN rs.customer_type REGEXP \'^[0-9]+$\' THEN c.cus_first_name
                        ELSE rs.customer_type
                    END AS customer_name,
                    CASE
                        WHEN rs.customer_type = \'Walk-In-Customer\' THEN \'Fully Paid\'
                        WHEN IFNULL(rcd.customer_due, 0) = 0 THEN \'Fully Paid\'
                        ELSE \'Partially Paid\'
                    END AS payment_status
                FROM return_sales rs
                JOIN (
                    SELECT 
                        sales_details_invoice, 
                        SUM(total_sale_price) AS total_sale, 
                        SUM(productwiseVatPercnt) AS productwiseVatPercnt
                    FROM return_sales_details
                    GROUP BY sales_details_invoice
                ) rsd ON rs.sales_invoice = rsd.sales_details_invoice
                LEFT JOIN (
                    SELECT 
                        due_invoice_no, 
                        SUM(due_amount - due_paid_amount) AS customer_due,
                        SUM(due_paid_amount) AS total_due_paid
                    FROM return_customer_due
                    GROUP BY due_invoice_no
                ) rcd ON rs.sales_invoice = rcd.due_invoice_no
                LEFT JOIN customer c ON c.customer_id = rs.customer_type AND rs.customer_type REGEXP \'^[0-9]+\'
            ')
 2 SYSTEMPATH\Database\BaseConnection.php(646): CodeIgniter\Database\BaseConnection->simpleQuery(' SELECT 
                    rs.sales_invoice,
                    rs.sales_date,
                    rsd.total_sale,
                    rsd.productwiseVatPercnt,
                    rs.discountOnTotalPrice,
                    rs.vatOnTotalPrice,
                    rs.paid_amount,
                    IFNULL(rcd.customer_due, 0) AS customer_due,
                    IFNULL(rcd.total_due_paid, 0) AS due_paid_amount,
                    (rs.paid_amount + IFNULL(rcd.total_due_paid, 0)) AS total_paid,
                    rs.due_amount,
                    CASE 
                        WHEN rs.customer_type REGEXP \'^[0-9]+$\' THEN c.cus_first_name
                        ELSE rs.customer_type
                    END AS customer_name,
                    CASE
                        WHEN rs.customer_type = \'Walk-In-Customer\' THEN \'Fully Paid\'
                        WHEN IFNULL(rcd.customer_due, 0) = 0 THEN \'Fully Paid\'
                        ELSE \'Partially Paid\'
                    END AS payment_status
                FROM return_sales rs
                JOIN (
                    SELECT 
                        sales_details_invoice, 
                        SUM(total_sale_price) AS total_sale, 
                        SUM(productwiseVatPercnt) AS productwiseVatPercnt
                    FROM return_sales_details
                    GROUP BY sales_details_invoice
                ) rsd ON rs.sales_invoice = rsd.sales_details_invoice
                LEFT JOIN (
                    SELECT 
                        due_invoice_no, 
                        SUM(due_amount - due_paid_amount) AS customer_due,
                        SUM(due_paid_amount) AS total_due_paid
                    FROM return_customer_due
                    GROUP BY due_invoice_no
                ) rcd ON rs.sales_invoice = rcd.due_invoice_no
                LEFT JOIN customer c ON c.customer_id = rs.customer_type AND rs.customer_type REGEXP \'^[0-9]+\'
            ')
 3 APPPATH\Controllers\salereturnlist.php(111): CodeIgniter\Database\BaseConnection->query(' SELECT 
                    rs.sales_invoice,
                    rs.sales_date,
                    rsd.total_sale,
                    rsd.productwiseVatPercnt,
                    rs.discountOnTotalPrice,
                    rs.vatOnTotalPrice,
                    rs.paid_amount,
                    IFNULL(rcd.customer_due, 0) AS customer_due,
                    IFNULL(rcd.total_due_paid, 0) AS due_paid_amount,
                    (rs.paid_amount + IFNULL(rcd.total_due_paid, 0)) AS total_paid,
                    rs.due_amount,
                    CASE 
                        WHEN rs.customer_type REGEXP \'^[0-9]+$\' THEN c.cus_first_name
                        ELSE rs.customer_type
                    END AS customer_name,
                    CASE
                        WHEN rs.customer_type = \'Walk-In-Customer\' THEN \'Fully Paid\'
                        WHEN IFNULL(rcd.customer_due, 0) = 0 THEN \'Fully Paid\'
                        ELSE \'Partially Paid\'
                    END AS payment_status
                FROM return_sales rs
                JOIN (
                    SELECT 
                        sales_details_invoice, 
                        SUM(total_sale_price) AS total_sale, 
                        SUM(productwiseVatPercnt) AS productwiseVatPercnt
                    FROM return_sales_details
                    GROUP BY sales_details_invoice
                ) rsd ON rs.sales_invoice = rsd.sales_details_invoice
                LEFT JOIN (
                    SELECT 
                        due_invoice_no, 
                        SUM(due_amount - due_paid_amount) AS customer_due,
                        SUM(due_paid_amount) AS total_due_paid
                    FROM return_customer_due
                    GROUP BY due_invoice_no
                ) rcd ON rs.sales_invoice = rcd.due_invoice_no
                LEFT JOIN customer c ON c.customer_id = rs.customer_type AND rs.customer_type REGEXP \'^[0-9]+\'
            ')
 4 SYSTEMPATH\CodeIgniter.php(933): App\Controllers\salereturnlist->saleReturnListShow()
 5 SYSTEMPATH\CodeIgniter.php(507): CodeIgniter\CodeIgniter->runController(Object(App\Controllers\salereturnlist))
 6 SYSTEMPATH\CodeIgniter.php(354): CodeIgniter\CodeIgniter->handleRequest(null, Object(Config\Cache), false)
 7 SYSTEMPATH\Boot.php(363): CodeIgniter\CodeIgniter->run()
 8 SYSTEMPATH\Boot.php(68): CodeIgniter\Boot::runCodeIgniter(Object(CodeIgniter\CodeIgniter))
 9 FCPATH\index.php(59): CodeIgniter\Boot::bootWeb(Object(Config\Paths))
CRITICAL - 2026-01-25 05:04:15 --> [Caused by] mysqli_sql_exception: Unknown column 'productwiseVatPercnt' in 'field list'
in SYSTEMPATH\Database\MySQLi\Connection.php on line 327.
 1 SYSTEMPATH\Database\MySQLi\Connection.php(327): mysqli->query(' SELECT 
                    rs.sales_invoice,
                    rs.sales_date,
                    rsd.total_sale,
                    rsd.productwiseVatPercnt,
                    rs.discountOnTotalPrice,
                    rs.vatOnTotalPrice,
                    rs.paid_amount,
                    IFNULL(rcd.customer_due, 0) AS customer_due,
                    IFNULL(rcd.total_due_paid, 0) AS due_paid_amount,
                    (rs.paid_amount + IFNULL(rcd.total_due_paid, 0)) AS total_paid,
                    rs.due_amount,
                    CASE 
                        WHEN rs.customer_type REGEXP \'^[0-9]+$\' THEN c.cus_first_name
                        ELSE rs.customer_type
                    END AS customer_name,
                    CASE
                        WHEN rs.customer_type = \'Walk-In-Customer\' THEN \'Fully Paid\'
                        WHEN IFNULL(rcd.customer_due, 0) = 0 THEN \'Fully Paid\'
                        ELSE \'Partially Paid\'
                    END AS payment_status
                FROM return_sales rs
                JOIN (
                    SELECT 
                        sales_details_invoice, 
                        SUM(total_sale_price) AS total_sale, 
                        SUM(productwiseVatPercnt) AS productwiseVatPercnt
                    FROM return_sales_details
                    GROUP BY sales_details_invoice
                ) rsd ON rs.sales_invoice = rsd.sales_details_invoice
                LEFT JOIN (
                    SELECT 
                        due_invoice_no, 
                        SUM(due_amount - due_paid_amount) AS customer_due,
                        SUM(due_paid_amount) AS total_due_paid
                    FROM return_customer_due
                    GROUP BY due_invoice_no
                ) rcd ON rs.sales_invoice = rcd.due_invoice_no
                LEFT JOIN customer c ON c.customer_id = rs.customer_type AND rs.customer_type REGEXP \'^[0-9]+\'
            ', 0)
 2 SYSTEMPATH\Database\BaseConnection.php(729): CodeIgniter\Database\MySQLi\Connection->execute(' SELECT 
                    rs.sales_invoice,
                    rs.sales_date,
                    rsd.total_sale,
                    rsd.productwiseVatPercnt,
                    rs.discountOnTotalPrice,
                    rs.vatOnTotalPrice,
                    rs.paid_amount,
                    IFNULL(rcd.customer_due, 0) AS customer_due,
                    IFNULL(rcd.total_due_paid, 0) AS due_paid_amount,
                    (rs.paid_amount + IFNULL(rcd.total_due_paid, 0)) AS total_paid,
                    rs.due_amount,
                    CASE 
                        WHEN rs.customer_type REGEXP \'^[0-9]+$\' THEN c.cus_first_name
                        ELSE rs.customer_type
                    END AS customer_name,
                    CASE
                        WHEN rs.customer_type = \'Walk-In-Customer\' THEN \'Fully Paid\'
                        WHEN IFNULL(rcd.customer_due, 0) = 0 THEN \'Fully Paid\'
                        ELSE \'Partially Paid\'
                    END AS payment_status
                FROM return_sales rs
                JOIN (
                    SELECT 
                        sales_details_invoice, 
                        SUM(total_sale_price) AS total_sale, 
                        SUM(productwiseVatPercnt) AS productwiseVatPercnt
                    FROM return_sales_details
                    GROUP BY sales_details_invoice
                ) rsd ON rs.sales_invoice = rsd.sales_details_invoice
                LEFT JOIN (
                    SELECT 
                        due_invoice_no, 
                        SUM(due_amount - due_paid_amount) AS customer_due,
                        SUM(due_paid_amount) AS total_due_paid
                    FROM return_customer_due
                    GROUP BY due_invoice_no
                ) rcd ON rs.sales_invoice = rcd.due_invoice_no
                LEFT JOIN customer c ON c.customer_id = rs.customer_type AND rs.customer_type REGEXP \'^[0-9]+\'
            ')
 3 SYSTEMPATH\Database\BaseConnection.php(646): CodeIgniter\Database\BaseConnection->simpleQuery(' SELECT 
                    rs.sales_invoice,
                    rs.sales_date,
                    rsd.total_sale,
                    rsd.productwiseVatPercnt,
                    rs.discountOnTotalPrice,
                    rs.vatOnTotalPrice,
                    rs.paid_amount,
                    IFNULL(rcd.customer_due, 0) AS customer_due,
                    IFNULL(rcd.total_due_paid, 0) AS due_paid_amount,
                    (rs.paid_amount + IFNULL(rcd.total_due_paid, 0)) AS total_paid,
                    rs.due_amount,
                    CASE 
                        WHEN rs.customer_type REGEXP \'^[0-9]+$\' THEN c.cus_first_name
                        ELSE rs.customer_type
                    END AS customer_name,
                    CASE
                        WHEN rs.customer_type = \'Walk-In-Customer\' THEN \'Fully Paid\'
                        WHEN IFNULL(rcd.customer_due, 0) = 0 THEN \'Fully Paid\'
                        ELSE \'Partially Paid\'
                    END AS payment_status
                FROM return_sales rs
                JOIN (
                    SELECT 
                        sales_details_invoice, 
                        SUM(total_sale_price) AS total_sale, 
                        SUM(productwiseVatPercnt) AS productwiseVatPercnt
                    FROM return_sales_details
                    GROUP BY sales_details_invoice
                ) rsd ON rs.sales_invoice = rsd.sales_details_invoice
                LEFT JOIN (
                    SELECT 
                        due_invoice_no, 
                        SUM(due_amount - due_paid_amount) AS customer_due,
                        SUM(due_paid_amount) AS total_due_paid
                    FROM return_customer_due
                    GROUP BY due_invoice_no
                ) rcd ON rs.sales_invoice = rcd.due_invoice_no
                LEFT JOIN customer c ON c.customer_id = rs.customer_type AND rs.customer_type REGEXP \'^[0-9]+\'
            ')
 4 APPPATH\Controllers\salereturnlist.php(111): CodeIgniter\Database\BaseConnection->query(' SELECT 
                    rs.sales_invoice,
                    rs.sales_date,
                    rsd.total_sale,
                    rsd.productwiseVatPercnt,
                    rs.discountOnTotalPrice,
                    rs.vatOnTotalPrice,
                    rs.paid_amount,
                    IFNULL(rcd.customer_due, 0) AS customer_due,
                    IFNULL(rcd.total_due_paid, 0) AS due_paid_amount,
                    (rs.paid_amount + IFNULL(rcd.total_due_paid, 0)) AS total_paid,
                    rs.due_amount,
                    CASE 
                        WHEN rs.customer_type REGEXP \'^[0-9]+$\' THEN c.cus_first_name
                        ELSE rs.customer_type
                    END AS customer_name,
                    CASE
                        WHEN rs.customer_type = \'Walk-In-Customer\' THEN \'Fully Paid\'
                        WHEN IFNULL(rcd.customer_due, 0) = 0 THEN \'Fully Paid\'
                        ELSE \'Partially Paid\'
                    END AS payment_status
                FROM return_sales rs
                JOIN (
                    SELECT 
                        sales_details_invoice, 
                        SUM(total_sale_price) AS total_sale, 
                        SUM(productwiseVatPercnt) AS productwiseVatPercnt
                    FROM return_sales_details
                    GROUP BY sales_details_invoice
                ) rsd ON rs.sales_invoice = rsd.sales_details_invoice
                LEFT JOIN (
                    SELECT 
                        due_invoice_no, 
                        SUM(due_amount - due_paid_amount) AS customer_due,
                        SUM(due_paid_amount) AS total_due_paid
                    FROM return_customer_due
                    GROUP BY due_invoice_no
                ) rcd ON rs.sales_invoice = rcd.due_invoice_no
                LEFT JOIN customer c ON c.customer_id = rs.customer_type AND rs.customer_type REGEXP \'^[0-9]+\'
            ')
 5 SYSTEMPATH\CodeIgniter.php(933): App\Controllers\salereturnlist->saleReturnListShow()
 6 SYSTEMPATH\CodeIgniter.php(507): CodeIgniter\CodeIgniter->runController(Object(App\Controllers\salereturnlist))
 7 SYSTEMPATH\CodeIgniter.php(354): CodeIgniter\CodeIgniter->handleRequest(null, Object(Config\Cache), false)
 8 SYSTEMPATH\Boot.php(363): CodeIgniter\CodeIgniter->run()
 9 SYSTEMPATH\Boot.php(68): CodeIgniter\Boot::runCodeIgniter(Object(CodeIgniter\CodeIgniter))
10 FCPATH\index.php(59): CodeIgniter\Boot::bootWeb(Object(Config\Paths))
DEBUG - 2026-01-25 05:04:35 --> Session: Class initialized using 'CodeIgniter\Session\Handlers\FileHandler' driver.
ERROR - 2026-01-25 05:04:38 --> mysqli_sql_exception: Unknown column 'productwiseVatPercnt' in 'field list' in C:\laragon\www\pharmacy-project\system\Database\MySQLi\Connection.php:327
Stack trace:
#0 C:\laragon\www\pharmacy-project\system\Database\MySQLi\Connection.php(327): mysqli->query(' SELECT \r\n     ...', 0)
#1 C:\laragon\www\pharmacy-project\system\Database\BaseConnection.php(729): CodeIgniter\Database\MySQLi\Connection->execute(' SELECT \r\n     ...')
#2 C:\laragon\www\pharmacy-project\system\Database\BaseConnection.php(646): CodeIgniter\Database\BaseConnection->simpleQuery(' SELECT \r\n     ...')
#3 C:\laragon\www\pharmacy-project\app\Controllers\salereturnlist.php(111): CodeIgniter\Database\BaseConnection->query(' SELECT \r\n     ...')
#4 C:\laragon\www\pharmacy-project\system\CodeIgniter.php(933): App\Controllers\salereturnlist->saleReturnListShow()
#5 C:\laragon\www\pharmacy-project\system\CodeIgniter.php(507): CodeIgniter\CodeIgniter->runController(Object(App\Controllers\salereturnlist))
#6 C:\laragon\www\pharmacy-project\system\CodeIgniter.php(354): CodeIgniter\CodeIgniter->handleRequest(NULL, Object(Config\Cache), false)
#7 C:\laragon\www\pharmacy-project\system\Boot.php(363): CodeIgniter\CodeIgniter->run()
#8 C:\laragon\www\pharmacy-project\system\Boot.php(68): CodeIgniter\Boot::runCodeIgniter(Object(CodeIgniter\CodeIgniter))
#9 C:\laragon\www\pharmacy-project\index.php(59): CodeIgniter\Boot::bootWeb(Object(Config\Paths))
#10 {main}
CRITICAL - 2026-01-25 05:04:38 --> CodeIgniter\Database\Exceptions\DatabaseException: Unknown column 'productwiseVatPercnt' in 'field list'
[Method: GET, Route: salereturnlistshow]
in SYSTEMPATH\Database\BaseConnection.php on line 684.
 1 APPPATH\Controllers\salereturnlist.php(111): CodeIgniter\Database\BaseConnection->query(' SELECT 
                    rs.sales_invoice,
                    rs.sales_date,
                    rsd.total_sale,
                    rsd.productwiseVatPercnt,
                    rs.discountOnTotalPrice,
                    rs.vatOnTotalPrice,
                    rs.paid_amount,
                    IFNULL(rcd.customer_due, 0) AS customer_due,
                    IFNULL(rcd.total_due_paid, 0) AS due_paid_amount,
                    (rs.paid_amount + IFNULL(rcd.total_due_paid, 0)) AS total_paid,
                    rs.due_amount,
                    CASE 
                        WHEN rs.customer_type REGEXP \'^[0-9]+$\' THEN c.cus_first_name
                        ELSE rs.customer_type
                    END AS customer_name,
                    CASE
                        WHEN rs.customer_type = \'Walk-In-Customer\' THEN \'Fully Paid\'
                        WHEN IFNULL(rcd.customer_due, 0) = 0 THEN \'Fully Paid\'
                        ELSE \'Partially Paid\'
                    END AS payment_status
                FROM return_sales rs
                JOIN (
                    SELECT 
                        sales_details_invoice, 
                        SUM(total_sale_price) AS total_sale, 
                        SUM(productwiseVatPercnt) AS productwiseVatPercnt
                    FROM return_sales_details
                    GROUP BY sales_details_invoice
                ) rsd ON rs.sales_invoice = rsd.sales_details_invoice
                LEFT JOIN (
                    SELECT 
                        due_invoice_no, 
                        SUM(due_amount - due_paid_amount) AS customer_due,
                        SUM(due_paid_amount) AS total_due_paid
                    FROM return_customer_due
                    GROUP BY due_invoice_no
                ) rcd ON rs.sales_invoice = rcd.due_invoice_no
                LEFT JOIN customer c ON c.customer_id = rs.customer_type AND rs.customer_type REGEXP \'^[0-9]+\'
            ')
 2 SYSTEMPATH\CodeIgniter.php(933): App\Controllers\salereturnlist->saleReturnListShow()
 3 SYSTEMPATH\CodeIgniter.php(507): CodeIgniter\CodeIgniter->runController(Object(App\Controllers\salereturnlist))
 4 SYSTEMPATH\CodeIgniter.php(354): CodeIgniter\CodeIgniter->handleRequest(null, Object(Config\Cache), false)
 5 SYSTEMPATH\Boot.php(363): CodeIgniter\CodeIgniter->run()
 6 SYSTEMPATH\Boot.php(68): CodeIgniter\Boot::runCodeIgniter(Object(CodeIgniter\CodeIgniter))
 7 FCPATH\index.php(59): CodeIgniter\Boot::bootWeb(Object(Config\Paths))
CRITICAL - 2026-01-25 05:04:38 --> [Caused by] CodeIgniter\Database\Exceptions\DatabaseException: Unknown column 'productwiseVatPercnt' in 'field list'
in SYSTEMPATH\Database\MySQLi\Connection.php on line 332.
 1 SYSTEMPATH\Database\BaseConnection.php(729): CodeIgniter\Database\MySQLi\Connection->execute(' SELECT 
                    rs.sales_invoice,
                    rs.sales_date,
                    rsd.total_sale,
                    rsd.productwiseVatPercnt,
                    rs.discountOnTotalPrice,
                    rs.vatOnTotalPrice,
                    rs.paid_amount,
                    IFNULL(rcd.customer_due, 0) AS customer_due,
                    IFNULL(rcd.total_due_paid, 0) AS due_paid_amount,
                    (rs.paid_amount + IFNULL(rcd.total_due_paid, 0)) AS total_paid,
                    rs.due_amount,
                    CASE 
                        WHEN rs.customer_type REGEXP \'^[0-9]+$\' THEN c.cus_first_name
                        ELSE rs.customer_type
                    END AS customer_name,
                    CASE
                        WHEN rs.customer_type = \'Walk-In-Customer\' THEN \'Fully Paid\'
                        WHEN IFNULL(rcd.customer_due, 0) = 0 THEN \'Fully Paid\'
                        ELSE \'Partially Paid\'
                    END AS payment_status
                FROM return_sales rs
                JOIN (
                    SELECT 
                        sales_details_invoice, 
                        SUM(total_sale_price) AS total_sale, 
                        SUM(productwiseVatPercnt) AS productwiseVatPercnt
                    FROM return_sales_details
                    GROUP BY sales_details_invoice
                ) rsd ON rs.sales_invoice = rsd.sales_details_invoice
                LEFT JOIN (
                    SELECT 
                        due_invoice_no, 
                        SUM(due_amount - due_paid_amount) AS customer_due,
                        SUM(due_paid_amount) AS total_due_paid
                    FROM return_customer_due
                    GROUP BY due_invoice_no
                ) rcd ON rs.sales_invoice = rcd.due_invoice_no
                LEFT JOIN customer c ON c.customer_id = rs.customer_type AND rs.customer_type REGEXP \'^[0-9]+\'
            ')
 2 SYSTEMPATH\Database\BaseConnection.php(646): CodeIgniter\Database\BaseConnection->simpleQuery(' SELECT 
                    rs.sales_invoice,
                    rs.sales_date,
                    rsd.total_sale,
                    rsd.productwiseVatPercnt,
                    rs.discountOnTotalPrice,
                    rs.vatOnTotalPrice,
                    rs.paid_amount,
                    IFNULL(rcd.customer_due, 0) AS customer_due,
                    IFNULL(rcd.total_due_paid, 0) AS due_paid_amount,
                    (rs.paid_amount + IFNULL(rcd.total_due_paid, 0)) AS total_paid,
                    rs.due_amount,
                    CASE 
                        WHEN rs.customer_type REGEXP \'^[0-9]+$\' THEN c.cus_first_name
                        ELSE rs.customer_type
                    END AS customer_name,
                    CASE
                        WHEN rs.customer_type = \'Walk-In-Customer\' THEN \'Fully Paid\'
                        WHEN IFNULL(rcd.customer_due, 0) = 0 THEN \'Fully Paid\'
                        ELSE \'Partially Paid\'
                    END AS payment_status
                FROM return_sales rs
                JOIN (
                    SELECT 
                        sales_details_invoice, 
                        SUM(total_sale_price) AS total_sale, 
                        SUM(productwiseVatPercnt) AS productwiseVatPercnt
                    FROM return_sales_details
                    GROUP BY sales_details_invoice
                ) rsd ON rs.sales_invoice = rsd.sales_details_invoice
                LEFT JOIN (
                    SELECT 
                        due_invoice_no, 
                        SUM(due_amount - due_paid_amount) AS customer_due,
                        SUM(due_paid_amount) AS total_due_paid
                    FROM return_customer_due
                    GROUP BY due_invoice_no
                ) rcd ON rs.sales_invoice = rcd.due_invoice_no
                LEFT JOIN customer c ON c.customer_id = rs.customer_type AND rs.customer_type REGEXP \'^[0-9]+\'
            ')
 3 APPPATH\Controllers\salereturnlist.php(111): CodeIgniter\Database\BaseConnection->query(' SELECT 
                    rs.sales_invoice,
                    rs.sales_date,
                    rsd.total_sale,
                    rsd.productwiseVatPercnt,
                    rs.discountOnTotalPrice,
                    rs.vatOnTotalPrice,
                    rs.paid_amount,
                    IFNULL(rcd.customer_due, 0) AS customer_due,
                    IFNULL(rcd.total_due_paid, 0) AS due_paid_amount,
                    (rs.paid_amount + IFNULL(rcd.total_due_paid, 0)) AS total_paid,
                    rs.due_amount,
                    CASE 
                        WHEN rs.customer_type REGEXP \'^[0-9]+$\' THEN c.cus_first_name
                        ELSE rs.customer_type
                    END AS customer_name,
                    CASE
                        WHEN rs.customer_type = \'Walk-In-Customer\' THEN \'Fully Paid\'
                        WHEN IFNULL(rcd.customer_due, 0) = 0 THEN \'Fully Paid\'
                        ELSE \'Partially Paid\'
                    END AS payment_status
                FROM return_sales rs
                JOIN (
                    SELECT 
                        sales_details_invoice, 
                        SUM(total_sale_price) AS total_sale, 
                        SUM(productwiseVatPercnt) AS productwiseVatPercnt
                    FROM return_sales_details
                    GROUP BY sales_details_invoice
                ) rsd ON rs.sales_invoice = rsd.sales_details_invoice
                LEFT JOIN (
                    SELECT 
                        due_invoice_no, 
                        SUM(due_amount - due_paid_amount) AS customer_due,
                        SUM(due_paid_amount) AS total_due_paid
                    FROM return_customer_due
                    GROUP BY due_invoice_no
                ) rcd ON rs.sales_invoice = rcd.due_invoice_no
                LEFT JOIN customer c ON c.customer_id = rs.customer_type AND rs.customer_type REGEXP \'^[0-9]+\'
            ')
 4 SYSTEMPATH\CodeIgniter.php(933): App\Controllers\salereturnlist->saleReturnListShow()
 5 SYSTEMPATH\CodeIgniter.php(507): CodeIgniter\CodeIgniter->runController(Object(App\Controllers\salereturnlist))
 6 SYSTEMPATH\CodeIgniter.php(354): CodeIgniter\CodeIgniter->handleRequest(null, Object(Config\Cache), false)
 7 SYSTEMPATH\Boot.php(363): CodeIgniter\CodeIgniter->run()
 8 SYSTEMPATH\Boot.php(68): CodeIgniter\Boot::runCodeIgniter(Object(CodeIgniter\CodeIgniter))
 9 FCPATH\index.php(59): CodeIgniter\Boot::bootWeb(Object(Config\Paths))
CRITICAL - 2026-01-25 05:04:38 --> [Caused by] mysqli_sql_exception: Unknown column 'productwiseVatPercnt' in 'field list'
in SYSTEMPATH\Database\MySQLi\Connection.php on line 327.
 1 SYSTEMPATH\Database\MySQLi\Connection.php(327): mysqli->query(' SELECT 
                    rs.sales_invoice,
                    rs.sales_date,
                    rsd.total_sale,
                    rsd.productwiseVatPercnt,
                    rs.discountOnTotalPrice,
                    rs.vatOnTotalPrice,
                    rs.paid_amount,
                    IFNULL(rcd.customer_due, 0) AS customer_due,
                    IFNULL(rcd.total_due_paid, 0) AS due_paid_amount,
                    (rs.paid_amount + IFNULL(rcd.total_due_paid, 0)) AS total_paid,
                    rs.due_amount,
                    CASE 
                        WHEN rs.customer_type REGEXP \'^[0-9]+$\' THEN c.cus_first_name
                        ELSE rs.customer_type
                    END AS customer_name,
                    CASE
                        WHEN rs.customer_type = \'Walk-In-Customer\' THEN \'Fully Paid\'
                        WHEN IFNULL(rcd.customer_due, 0) = 0 THEN \'Fully Paid\'
                        ELSE \'Partially Paid\'
                    END AS payment_status
                FROM return_sales rs
                JOIN (
                    SELECT 
                        sales_details_invoice, 
                        SUM(total_sale_price) AS total_sale, 
                        SUM(productwiseVatPercnt) AS productwiseVatPercnt
                    FROM return_sales_details
                    GROUP BY sales_details_invoice
                ) rsd ON rs.sales_invoice = rsd.sales_details_invoice
                LEFT JOIN (
                    SELECT 
                        due_invoice_no, 
                        SUM(due_amount - due_paid_amount) AS customer_due,
                        SUM(due_paid_amount) AS total_due_paid
                    FROM return_customer_due
                    GROUP BY due_invoice_no
                ) rcd ON rs.sales_invoice = rcd.due_invoice_no
                LEFT JOIN customer c ON c.customer_id = rs.customer_type AND rs.customer_type REGEXP \'^[0-9]+\'
            ', 0)
 2 SYSTEMPATH\Database\BaseConnection.php(729): CodeIgniter\Database\MySQLi\Connection->execute(' SELECT 
                    rs.sales_invoice,
                    rs.sales_date,
                    rsd.total_sale,
                    rsd.productwiseVatPercnt,
                    rs.discountOnTotalPrice,
                    rs.vatOnTotalPrice,
                    rs.paid_amount,
                    IFNULL(rcd.customer_due, 0) AS customer_due,
                    IFNULL(rcd.total_due_paid, 0) AS due_paid_amount,
                    (rs.paid_amount + IFNULL(rcd.total_due_paid, 0)) AS total_paid,
                    rs.due_amount,
                    CASE 
                        WHEN rs.customer_type REGEXP \'^[0-9]+$\' THEN c.cus_first_name
                        ELSE rs.customer_type
                    END AS customer_name,
                    CASE
                        WHEN rs.customer_type = \'Walk-In-Customer\' THEN \'Fully Paid\'
                        WHEN IFNULL(rcd.customer_due, 0) = 0 THEN \'Fully Paid\'
                        ELSE \'Partially Paid\'
                    END AS payment_status
                FROM return_sales rs
                JOIN (
                    SELECT 
                        sales_details_invoice, 
                        SUM(total_sale_price) AS total_sale, 
                        SUM(productwiseVatPercnt) AS productwiseVatPercnt
                    FROM return_sales_details
                    GROUP BY sales_details_invoice
                ) rsd ON rs.sales_invoice = rsd.sales_details_invoice
                LEFT JOIN (
                    SELECT 
                        due_invoice_no, 
                        SUM(due_amount - due_paid_amount) AS customer_due,
                        SUM(due_paid_amount) AS total_due_paid
                    FROM return_customer_due
                    GROUP BY due_invoice_no
                ) rcd ON rs.sales_invoice = rcd.due_invoice_no
                LEFT JOIN customer c ON c.customer_id = rs.customer_type AND rs.customer_type REGEXP \'^[0-9]+\'
            ')
 3 SYSTEMPATH\Database\BaseConnection.php(646): CodeIgniter\Database\BaseConnection->simpleQuery(' SELECT 
                    rs.sales_invoice,
                    rs.sales_date,
                    rsd.total_sale,
                    rsd.productwiseVatPercnt,
                    rs.discountOnTotalPrice,
                    rs.vatOnTotalPrice,
                    rs.paid_amount,
                    IFNULL(rcd.customer_due, 0) AS customer_due,
                    IFNULL(rcd.total_due_paid, 0) AS due_paid_amount,
                    (rs.paid_amount + IFNULL(rcd.total_due_paid, 0)) AS total_paid,
                    rs.due_amount,
                    CASE 
                        WHEN rs.customer_type REGEXP \'^[0-9]+$\' THEN c.cus_first_name
                        ELSE rs.customer_type
                    END AS customer_name,
                    CASE
                        WHEN rs.customer_type = \'Walk-In-Customer\' THEN \'Fully Paid\'
                        WHEN IFNULL(rcd.customer_due, 0) = 0 THEN \'Fully Paid\'
                        ELSE \'Partially Paid\'
                    END AS payment_status
                FROM return_sales rs
                JOIN (
                    SELECT 
                        sales_details_invoice, 
                        SUM(total_sale_price) AS total_sale, 
                        SUM(productwiseVatPercnt) AS productwiseVatPercnt
                    FROM return_sales_details
                    GROUP BY sales_details_invoice
                ) rsd ON rs.sales_invoice = rsd.sales_details_invoice
                LEFT JOIN (
                    SELECT 
                        due_invoice_no, 
                        SUM(due_amount - due_paid_amount) AS customer_due,
                        SUM(due_paid_amount) AS total_due_paid
                    FROM return_customer_due
                    GROUP BY due_invoice_no
                ) rcd ON rs.sales_invoice = rcd.due_invoice_no
                LEFT JOIN customer c ON c.customer_id = rs.customer_type AND rs.customer_type REGEXP \'^[0-9]+\'
            ')
 4 APPPATH\Controllers\salereturnlist.php(111): CodeIgniter\Database\BaseConnection->query(' SELECT 
                    rs.sales_invoice,
                    rs.sales_date,
                    rsd.total_sale,
                    rsd.productwiseVatPercnt,
                    rs.discountOnTotalPrice,
                    rs.vatOnTotalPrice,
                    rs.paid_amount,
                    IFNULL(rcd.customer_due, 0) AS customer_due,
                    IFNULL(rcd.total_due_paid, 0) AS due_paid_amount,
                    (rs.paid_amount + IFNULL(rcd.total_due_paid, 0)) AS total_paid,
                    rs.due_amount,
                    CASE 
                        WHEN rs.customer_type REGEXP \'^[0-9]+$\' THEN c.cus_first_name
                        ELSE rs.customer_type
                    END AS customer_name,
                    CASE
                        WHEN rs.customer_type = \'Walk-In-Customer\' THEN \'Fully Paid\'
                        WHEN IFNULL(rcd.customer_due, 0) = 0 THEN \'Fully Paid\'
                        ELSE \'Partially Paid\'
                    END AS payment_status
                FROM return_sales rs
                JOIN (
                    SELECT 
                        sales_details_invoice, 
                        SUM(total_sale_price) AS total_sale, 
                        SUM(productwiseVatPercnt) AS productwiseVatPercnt
                    FROM return_sales_details
                    GROUP BY sales_details_invoice
                ) rsd ON rs.sales_invoice = rsd.sales_details_invoice
                LEFT JOIN (
                    SELECT 
                        due_invoice_no, 
                        SUM(due_amount - due_paid_amount) AS customer_due,
                        SUM(due_paid_amount) AS total_due_paid
                    FROM return_customer_due
                    GROUP BY due_invoice_no
                ) rcd ON rs.sales_invoice = rcd.due_invoice_no
                LEFT JOIN customer c ON c.customer_id = rs.customer_type AND rs.customer_type REGEXP \'^[0-9]+\'
            ')
 5 SYSTEMPATH\CodeIgniter.php(933): App\Controllers\salereturnlist->saleReturnListShow()
 6 SYSTEMPATH\CodeIgniter.php(507): CodeIgniter\CodeIgniter->runController(Object(App\Controllers\salereturnlist))
 7 SYSTEMPATH\CodeIgniter.php(354): CodeIgniter\CodeIgniter->handleRequest(null, Object(Config\Cache), false)
 8 SYSTEMPATH\Boot.php(363): CodeIgniter\CodeIgniter->run()
 9 SYSTEMPATH\Boot.php(68): CodeIgniter\Boot::runCodeIgniter(Object(CodeIgniter\CodeIgniter))
10 FCPATH\index.php(59): CodeIgniter\Boot::bootWeb(Object(Config\Paths))
ERROR - 2026-01-25 05:20:09 --> mysqli_sql_exception: Unknown column 'productwiseVatPercnt' in 'field list' in C:\laragon\www\pharmacy-project\system\Database\MySQLi\Connection.php:327
Stack trace:
#0 C:\laragon\www\pharmacy-project\system\Database\MySQLi\Connection.php(327): mysqli->query(' SELECT \r\n     ...', 0)
#1 C:\laragon\www\pharmacy-project\system\Database\BaseConnection.php(729): CodeIgniter\Database\MySQLi\Connection->execute(' SELECT \r\n     ...')
#2 C:\laragon\www\pharmacy-project\system\Database\BaseConnection.php(646): CodeIgniter\Database\BaseConnection->simpleQuery(' SELECT \r\n     ...')
#3 C:\laragon\www\pharmacy-project\app\Controllers\salereturnlist.php(111): CodeIgniter\Database\BaseConnection->query(' SELECT \r\n     ...')
#4 C:\laragon\www\pharmacy-project\system\CodeIgniter.php(933): App\Controllers\salereturnlist->saleReturnListShow()
#5 C:\laragon\www\pharmacy-project\system\CodeIgniter.php(507): CodeIgniter\CodeIgniter->runController(Object(App\Controllers\salereturnlist))
#6 C:\laragon\www\pharmacy-project\system\CodeIgniter.php(354): CodeIgniter\CodeIgniter->handleRequest(NULL, Object(Config\Cache), false)
#7 C:\laragon\www\pharmacy-project\system\Boot.php(363): CodeIgniter\CodeIgniter->run()
#8 C:\laragon\www\pharmacy-project\system\Boot.php(68): CodeIgniter\Boot::runCodeIgniter(Object(CodeIgniter\CodeIgniter))
#9 C:\laragon\www\pharmacy-project\index.php(59): CodeIgniter\Boot::bootWeb(Object(Config\Paths))
#10 {main}
CRITICAL - 2026-01-25 05:20:09 --> CodeIgniter\Database\Exceptions\DatabaseException: Unknown column 'productwiseVatPercnt' in 'field list'
[Method: GET, Route: salereturnlistshow]
in SYSTEMPATH\Database\BaseConnection.php on line 684.
 1 APPPATH\Controllers\salereturnlist.php(111): CodeIgniter\Database\BaseConnection->query(' SELECT 
                    rs.sales_invoice,
                    rs.sales_date,
                    rsd.total_sale,
                    rsd.productwiseVatPercnt,
                    rs.discountOnTotalPrice,
                    rs.vatOnTotalPrice,
                    rs.paid_amount,
                    IFNULL(rcd.customer_due, 0) AS customer_due,
                    IFNULL(rcd.total_due_paid, 0) AS due_paid_amount,
                    (rs.paid_amount + IFNULL(rcd.total_due_paid, 0)) AS total_paid,
                    rs.due_amount,
                    CASE 
                        WHEN rs.customer_type REGEXP \'^[0-9]+$\' THEN c.cus_first_name
                        ELSE rs.customer_type
                    END AS customer_name,
                    CASE
                        WHEN rs.customer_type = \'Walk-In-Customer\' THEN \'Fully Paid\'
                        WHEN IFNULL(rcd.customer_due, 0) = 0 THEN \'Fully Paid\'
                        ELSE \'Partially Paid\'
                    END AS payment_status
                FROM return_sales rs
                JOIN (
                    SELECT 
                        sales_details_invoice, 
                        SUM(total_sale_price) AS total_sale, 
                        SUM(productwiseVatPercnt) AS productwiseVatPercnt
                    FROM return_sales_details
                    GROUP BY sales_details_invoice
                ) rsd ON rs.sales_invoice = rsd.sales_details_invoice
                LEFT JOIN (
                    SELECT 
                        due_invoice_no, 
                        SUM(due_amount - due_paid_amount) AS customer_due,
                        SUM(due_paid_amount) AS total_due_paid
                    FROM return_customer_due
                    GROUP BY due_invoice_no
                ) rcd ON rs.sales_invoice = rcd.due_invoice_no
                LEFT JOIN customer c ON c.customer_id = rs.customer_type AND rs.customer_type REGEXP \'^[0-9]+\'
            ')
 2 SYSTEMPATH\CodeIgniter.php(933): App\Controllers\salereturnlist->saleReturnListShow()
 3 SYSTEMPATH\CodeIgniter.php(507): CodeIgniter\CodeIgniter->runController(Object(App\Controllers\salereturnlist))
 4 SYSTEMPATH\CodeIgniter.php(354): CodeIgniter\CodeIgniter->handleRequest(null, Object(Config\Cache), false)
 5 SYSTEMPATH\Boot.php(363): CodeIgniter\CodeIgniter->run()
 6 SYSTEMPATH\Boot.php(68): CodeIgniter\Boot::runCodeIgniter(Object(CodeIgniter\CodeIgniter))
 7 FCPATH\index.php(59): CodeIgniter\Boot::bootWeb(Object(Config\Paths))
CRITICAL - 2026-01-25 05:20:09 --> [Caused by] CodeIgniter\Database\Exceptions\DatabaseException: Unknown column 'productwiseVatPercnt' in 'field list'
in SYSTEMPATH\Database\MySQLi\Connection.php on line 332.
 1 SYSTEMPATH\Database\BaseConnection.php(729): CodeIgniter\Database\MySQLi\Connection->execute(' SELECT 
                    rs.sales_invoice,
                    rs.sales_date,
                    rsd.total_sale,
                    rsd.productwiseVatPercnt,
                    rs.discountOnTotalPrice,
                    rs.vatOnTotalPrice,
                    rs.paid_amount,
                    IFNULL(rcd.customer_due, 0) AS customer_due,
                    IFNULL(rcd.total_due_paid, 0) AS due_paid_amount,
                    (rs.paid_amount + IFNULL(rcd.total_due_paid, 0)) AS total_paid,
                    rs.due_amount,
                    CASE 
                        WHEN rs.customer_type REGEXP \'^[0-9]+$\' THEN c.cus_first_name
                        ELSE rs.customer_type
                    END AS customer_name,
                    CASE
                        WHEN rs.customer_type = \'Walk-In-Customer\' THEN \'Fully Paid\'
                        WHEN IFNULL(rcd.customer_due, 0) = 0 THEN \'Fully Paid\'
                        ELSE \'Partially Paid\'
                    END AS payment_status
                FROM return_sales rs
                JOIN (
                    SELECT 
                        sales_details_invoice, 
                        SUM(total_sale_price) AS total_sale, 
                        SUM(productwiseVatPercnt) AS productwiseVatPercnt
                    FROM return_sales_details
                    GROUP BY sales_details_invoice
                ) rsd ON rs.sales_invoice = rsd.sales_details_invoice
                LEFT JOIN (
                    SELECT 
                        due_invoice_no, 
                        SUM(due_amount - due_paid_amount) AS customer_due,
                        SUM(due_paid_amount) AS total_due_paid
                    FROM return_customer_due
                    GROUP BY due_invoice_no
                ) rcd ON rs.sales_invoice = rcd.due_invoice_no
                LEFT JOIN customer c ON c.customer_id = rs.customer_type AND rs.customer_type REGEXP \'^[0-9]+\'
            ')
 2 SYSTEMPATH\Database\BaseConnection.php(646): CodeIgniter\Database\BaseConnection->simpleQuery(' SELECT 
                    rs.sales_invoice,
                    rs.sales_date,
                    rsd.total_sale,
                    rsd.productwiseVatPercnt,
                    rs.discountOnTotalPrice,
                    rs.vatOnTotalPrice,
                    rs.paid_amount,
                    IFNULL(rcd.customer_due, 0) AS customer_due,
                    IFNULL(rcd.total_due_paid, 0) AS due_paid_amount,
                    (rs.paid_amount + IFNULL(rcd.total_due_paid, 0)) AS total_paid,
                    rs.due_amount,
                    CASE 
                        WHEN rs.customer_type REGEXP \'^[0-9]+$\' THEN c.cus_first_name
                        ELSE rs.customer_type
                    END AS customer_name,
                    CASE
                        WHEN rs.customer_type = \'Walk-In-Customer\' THEN \'Fully Paid\'
                        WHEN IFNULL(rcd.customer_due, 0) = 0 THEN \'Fully Paid\'
                        ELSE \'Partially Paid\'
                    END AS payment_status
                FROM return_sales rs
                JOIN (
                    SELECT 
                        sales_details_invoice, 
                        SUM(total_sale_price) AS total_sale, 
                        SUM(productwiseVatPercnt) AS productwiseVatPercnt
                    FROM return_sales_details
                    GROUP BY sales_details_invoice
                ) rsd ON rs.sales_invoice = rsd.sales_details_invoice
                LEFT JOIN (
                    SELECT 
                        due_invoice_no, 
                        SUM(due_amount - due_paid_amount) AS customer_due,
                        SUM(due_paid_amount) AS total_due_paid
                    FROM return_customer_due
                    GROUP BY due_invoice_no
                ) rcd ON rs.sales_invoice = rcd.due_invoice_no
                LEFT JOIN customer c ON c.customer_id = rs.customer_type AND rs.customer_type REGEXP \'^[0-9]+\'
            ')
 3 APPPATH\Controllers\salereturnlist.php(111): CodeIgniter\Database\BaseConnection->query(' SELECT 
                    rs.sales_invoice,
                    rs.sales_date,
                    rsd.total_sale,
                    rsd.productwiseVatPercnt,
                    rs.discountOnTotalPrice,
                    rs.vatOnTotalPrice,
                    rs.paid_amount,
                    IFNULL(rcd.customer_due, 0) AS customer_due,
                    IFNULL(rcd.total_due_paid, 0) AS due_paid_amount,
                    (rs.paid_amount + IFNULL(rcd.total_due_paid, 0)) AS total_paid,
                    rs.due_amount,
                    CASE 
                        WHEN rs.customer_type REGEXP \'^[0-9]+$\' THEN c.cus_first_name
                        ELSE rs.customer_type
                    END AS customer_name,
                    CASE
                        WHEN rs.customer_type = \'Walk-In-Customer\' THEN \'Fully Paid\'
                        WHEN IFNULL(rcd.customer_due, 0) = 0 THEN \'Fully Paid\'
                        ELSE \'Partially Paid\'
                    END AS payment_status
                FROM return_sales rs
                JOIN (
                    SELECT 
                        sales_details_invoice, 
                        SUM(total_sale_price) AS total_sale, 
                        SUM(productwiseVatPercnt) AS productwiseVatPercnt
                    FROM return_sales_details
                    GROUP BY sales_details_invoice
                ) rsd ON rs.sales_invoice = rsd.sales_details_invoice
                LEFT JOIN (
                    SELECT 
                        due_invoice_no, 
                        SUM(due_amount - due_paid_amount) AS customer_due,
                        SUM(due_paid_amount) AS total_due_paid
                    FROM return_customer_due
                    GROUP BY due_invoice_no
                ) rcd ON rs.sales_invoice = rcd.due_invoice_no
                LEFT JOIN customer c ON c.customer_id = rs.customer_type AND rs.customer_type REGEXP \'^[0-9]+\'
            ')
 4 SYSTEMPATH\CodeIgniter.php(933): App\Controllers\salereturnlist->saleReturnListShow()
 5 SYSTEMPATH\CodeIgniter.php(507): CodeIgniter\CodeIgniter->runController(Object(App\Controllers\salereturnlist))
 6 SYSTEMPATH\CodeIgniter.php(354): CodeIgniter\CodeIgniter->handleRequest(null, Object(Config\Cache), false)
 7 SYSTEMPATH\Boot.php(363): CodeIgniter\CodeIgniter->run()
 8 SYSTEMPATH\Boot.php(68): CodeIgniter\Boot::runCodeIgniter(Object(CodeIgniter\CodeIgniter))
 9 FCPATH\index.php(59): CodeIgniter\Boot::bootWeb(Object(Config\Paths))
CRITICAL - 2026-01-25 05:20:09 --> [Caused by] mysqli_sql_exception: Unknown column 'productwiseVatPercnt' in 'field list'
in SYSTEMPATH\Database\MySQLi\Connection.php on line 327.
 1 SYSTEMPATH\Database\MySQLi\Connection.php(327): mysqli->query(' SELECT 
                    rs.sales_invoice,
                    rs.sales_date,
                    rsd.total_sale,
                    rsd.productwiseVatPercnt,
                    rs.discountOnTotalPrice,
                    rs.vatOnTotalPrice,
                    rs.paid_amount,
                    IFNULL(rcd.customer_due, 0) AS customer_due,
                    IFNULL(rcd.total_due_paid, 0) AS due_paid_amount,
                    (rs.paid_amount + IFNULL(rcd.total_due_paid, 0)) AS total_paid,
                    rs.due_amount,
                    CASE 
                        WHEN rs.customer_type REGEXP \'^[0-9]+$\' THEN c.cus_first_name
                        ELSE rs.customer_type
                    END AS customer_name,
                    CASE
                        WHEN rs.customer_type = \'Walk-In-Customer\' THEN \'Fully Paid\'
                        WHEN IFNULL(rcd.customer_due, 0) = 0 THEN \'Fully Paid\'
                        ELSE \'Partially Paid\'
                    END AS payment_status
                FROM return_sales rs
                JOIN (
                    SELECT 
                        sales_details_invoice, 
                        SUM(total_sale_price) AS total_sale, 
                        SUM(productwiseVatPercnt) AS productwiseVatPercnt
                    FROM return_sales_details
                    GROUP BY sales_details_invoice
                ) rsd ON rs.sales_invoice = rsd.sales_details_invoice
                LEFT JOIN (
                    SELECT 
                        due_invoice_no, 
                        SUM(due_amount - due_paid_amount) AS customer_due,
                        SUM(due_paid_amount) AS total_due_paid
                    FROM return_customer_due
                    GROUP BY due_invoice_no
                ) rcd ON rs.sales_invoice = rcd.due_invoice_no
                LEFT JOIN customer c ON c.customer_id = rs.customer_type AND rs.customer_type REGEXP \'^[0-9]+\'
            ', 0)
 2 SYSTEMPATH\Database\BaseConnection.php(729): CodeIgniter\Database\MySQLi\Connection->execute(' SELECT 
                    rs.sales_invoice,
                    rs.sales_date,
                    rsd.total_sale,
                    rsd.productwiseVatPercnt,
                    rs.discountOnTotalPrice,
                    rs.vatOnTotalPrice,
                    rs.paid_amount,
                    IFNULL(rcd.customer_due, 0) AS customer_due,
                    IFNULL(rcd.total_due_paid, 0) AS due_paid_amount,
                    (rs.paid_amount + IFNULL(rcd.total_due_paid, 0)) AS total_paid,
                    rs.due_amount,
                    CASE 
                        WHEN rs.customer_type REGEXP \'^[0-9]+$\' THEN c.cus_first_name
                        ELSE rs.customer_type
                    END AS customer_name,
                    CASE
                        WHEN rs.customer_type = \'Walk-In-Customer\' THEN \'Fully Paid\'
                        WHEN IFNULL(rcd.customer_due, 0) = 0 THEN \'Fully Paid\'
                        ELSE \'Partially Paid\'
                    END AS payment_status
                FROM return_sales rs
                JOIN (
                    SELECT 
                        sales_details_invoice, 
                        SUM(total_sale_price) AS total_sale, 
                        SUM(productwiseVatPercnt) AS productwiseVatPercnt
                    FROM return_sales_details
                    GROUP BY sales_details_invoice
                ) rsd ON rs.sales_invoice = rsd.sales_details_invoice
                LEFT JOIN (
                    SELECT 
                        due_invoice_no, 
                        SUM(due_amount - due_paid_amount) AS customer_due,
                        SUM(due_paid_amount) AS total_due_paid
                    FROM return_customer_due
                    GROUP BY due_invoice_no
                ) rcd ON rs.sales_invoice = rcd.due_invoice_no
                LEFT JOIN customer c ON c.customer_id = rs.customer_type AND rs.customer_type REGEXP \'^[0-9]+\'
            ')
 3 SYSTEMPATH\Database\BaseConnection.php(646): CodeIgniter\Database\BaseConnection->simpleQuery(' SELECT 
                    rs.sales_invoice,
                    rs.sales_date,
                    rsd.total_sale,
                    rsd.productwiseVatPercnt,
                    rs.discountOnTotalPrice,
                    rs.vatOnTotalPrice,
                    rs.paid_amount,
                    IFNULL(rcd.customer_due, 0) AS customer_due,
                    IFNULL(rcd.total_due_paid, 0) AS due_paid_amount,
                    (rs.paid_amount + IFNULL(rcd.total_due_paid, 0)) AS total_paid,
                    rs.due_amount,
                    CASE 
                        WHEN rs.customer_type REGEXP \'^[0-9]+$\' THEN c.cus_first_name
                        ELSE rs.customer_type
                    END AS customer_name,
                    CASE
                        WHEN rs.customer_type = \'Walk-In-Customer\' THEN \'Fully Paid\'
                        WHEN IFNULL(rcd.customer_due, 0) = 0 THEN \'Fully Paid\'
                        ELSE \'Partially Paid\'
                    END AS payment_status
                FROM return_sales rs
                JOIN (
                    SELECT 
                        sales_details_invoice, 
                        SUM(total_sale_price) AS total_sale, 
                        SUM(productwiseVatPercnt) AS productwiseVatPercnt
                    FROM return_sales_details
                    GROUP BY sales_details_invoice
                ) rsd ON rs.sales_invoice = rsd.sales_details_invoice
                LEFT JOIN (
                    SELECT 
                        due_invoice_no, 
                        SUM(due_amount - due_paid_amount) AS customer_due,
                        SUM(due_paid_amount) AS total_due_paid
                    FROM return_customer_due
                    GROUP BY due_invoice_no
                ) rcd ON rs.sales_invoice = rcd.due_invoice_no
                LEFT JOIN customer c ON c.customer_id = rs.customer_type AND rs.customer_type REGEXP \'^[0-9]+\'
            ')
 4 APPPATH\Controllers\salereturnlist.php(111): CodeIgniter\Database\BaseConnection->query(' SELECT 
                    rs.sales_invoice,
                    rs.sales_date,
                    rsd.total_sale,
                    rsd.productwiseVatPercnt,
                    rs.discountOnTotalPrice,
                    rs.vatOnTotalPrice,
                    rs.paid_amount,
                    IFNULL(rcd.customer_due, 0) AS customer_due,
                    IFNULL(rcd.total_due_paid, 0) AS due_paid_amount,
                    (rs.paid_amount + IFNULL(rcd.total_due_paid, 0)) AS total_paid,
                    rs.due_amount,
                    CASE 
                        WHEN rs.customer_type REGEXP \'^[0-9]+$\' THEN c.cus_first_name
                        ELSE rs.customer_type
                    END AS customer_name,
                    CASE
                        WHEN rs.customer_type = \'Walk-In-Customer\' THEN \'Fully Paid\'
                        WHEN IFNULL(rcd.customer_due, 0) = 0 THEN \'Fully Paid\'
                        ELSE \'Partially Paid\'
                    END AS payment_status
                FROM return_sales rs
                JOIN (
                    SELECT 
                        sales_details_invoice, 
                        SUM(total_sale_price) AS total_sale, 
                        SUM(productwiseVatPercnt) AS productwiseVatPercnt
                    FROM return_sales_details
                    GROUP BY sales_details_invoice
                ) rsd ON rs.sales_invoice = rsd.sales_details_invoice
                LEFT JOIN (
                    SELECT 
                        due_invoice_no, 
                        SUM(due_amount - due_paid_amount) AS customer_due,
                        SUM(due_paid_amount) AS total_due_paid
                    FROM return_customer_due
                    GROUP BY due_invoice_no
                ) rcd ON rs.sales_invoice = rcd.due_invoice_no
                LEFT JOIN customer c ON c.customer_id = rs.customer_type AND rs.customer_type REGEXP \'^[0-9]+\'
            ')
 5 SYSTEMPATH\CodeIgniter.php(933): App\Controllers\salereturnlist->saleReturnListShow()
 6 SYSTEMPATH\CodeIgniter.php(507): CodeIgniter\CodeIgniter->runController(Object(App\Controllers\salereturnlist))
 7 SYSTEMPATH\CodeIgniter.php(354): CodeIgniter\CodeIgniter->handleRequest(null, Object(Config\Cache), false)
 8 SYSTEMPATH\Boot.php(363): CodeIgniter\CodeIgniter->run()
 9 SYSTEMPATH\Boot.php(68): CodeIgniter\Boot::runCodeIgniter(Object(CodeIgniter\CodeIgniter))
10 FCPATH\index.php(59): CodeIgniter\Boot::bootWeb(Object(Config\Paths))
ERROR - 2026-01-25 05:20:10 --> mysqli_sql_exception: Unknown column 'productwiseVatPercnt' in 'field list' in C:\laragon\www\pharmacy-project\system\Database\MySQLi\Connection.php:327
Stack trace:
#0 C:\laragon\www\pharmacy-project\system\Database\MySQLi\Connection.php(327): mysqli->query(' SELECT \r\n     ...', 0)
#1 C:\laragon\www\pharmacy-project\system\Database\BaseConnection.php(729): CodeIgniter\Database\MySQLi\Connection->execute(' SELECT \r\n     ...')
#2 C:\laragon\www\pharmacy-project\system\Database\BaseConnection.php(646): CodeIgniter\Database\BaseConnection->simpleQuery(' SELECT \r\n     ...')
#3 C:\laragon\www\pharmacy-project\app\Controllers\salereturnlist.php(111): CodeIgniter\Database\BaseConnection->query(' SELECT \r\n     ...')
#4 C:\laragon\www\pharmacy-project\system\CodeIgniter.php(933): App\Controllers\salereturnlist->saleReturnListShow()
#5 C:\laragon\www\pharmacy-project\system\CodeIgniter.php(507): CodeIgniter\CodeIgniter->runController(Object(App\Controllers\salereturnlist))
#6 C:\laragon\www\pharmacy-project\system\CodeIgniter.php(354): CodeIgniter\CodeIgniter->handleRequest(NULL, Object(Config\Cache), false)
#7 C:\laragon\www\pharmacy-project\system\Boot.php(363): CodeIgniter\CodeIgniter->run()
#8 C:\laragon\www\pharmacy-project\system\Boot.php(68): CodeIgniter\Boot::runCodeIgniter(Object(CodeIgniter\CodeIgniter))
#9 C:\laragon\www\pharmacy-project\index.php(59): CodeIgniter\Boot::bootWeb(Object(Config\Paths))
#10 {main}
CRITICAL - 2026-01-25 05:20:10 --> CodeIgniter\Database\Exceptions\DatabaseException: Unknown column 'productwiseVatPercnt' in 'field list'
[Method: GET, Route: salereturnlistshow]
in SYSTEMPATH\Database\BaseConnection.php on line 684.
 1 APPPATH\Controllers\salereturnlist.php(111): CodeIgniter\Database\BaseConnection->query(' SELECT 
                    rs.sales_invoice,
                    rs.sales_date,
                    rsd.total_sale,
                    rsd.productwiseVatPercnt,
                    rs.discountOnTotalPrice,
                    rs.vatOnTotalPrice,
                    rs.paid_amount,
                    IFNULL(rcd.customer_due, 0) AS customer_due,
                    IFNULL(rcd.total_due_paid, 0) AS due_paid_amount,
                    (rs.paid_amount + IFNULL(rcd.total_due_paid, 0)) AS total_paid,
                    rs.due_amount,
                    CASE 
                        WHEN rs.customer_type REGEXP \'^[0-9]+$\' THEN c.cus_first_name
                        ELSE rs.customer_type
                    END AS customer_name,
                    CASE
                        WHEN rs.customer_type = \'Walk-In-Customer\' THEN \'Fully Paid\'
                        WHEN IFNULL(rcd.customer_due, 0) = 0 THEN \'Fully Paid\'
                        ELSE \'Partially Paid\'
                    END AS payment_status
                FROM return_sales rs
                JOIN (
                    SELECT 
                        sales_details_invoice, 
                        SUM(total_sale_price) AS total_sale, 
                        SUM(productwiseVatPercnt) AS productwiseVatPercnt
                    FROM return_sales_details
                    GROUP BY sales_details_invoice
                ) rsd ON rs.sales_invoice = rsd.sales_details_invoice
                LEFT JOIN (
                    SELECT 
                        due_invoice_no, 
                        SUM(due_amount - due_paid_amount) AS customer_due,
                        SUM(due_paid_amount) AS total_due_paid
                    FROM return_customer_due
                    GROUP BY due_invoice_no
                ) rcd ON rs.sales_invoice = rcd.due_invoice_no
                LEFT JOIN customer c ON c.customer_id = rs.customer_type AND rs.customer_type REGEXP \'^[0-9]+\'
            ')
 2 SYSTEMPATH\CodeIgniter.php(933): App\Controllers\salereturnlist->saleReturnListShow()
 3 SYSTEMPATH\CodeIgniter.php(507): CodeIgniter\CodeIgniter->runController(Object(App\Controllers\salereturnlist))
 4 SYSTEMPATH\CodeIgniter.php(354): CodeIgniter\CodeIgniter->handleRequest(null, Object(Config\Cache), false)
 5 SYSTEMPATH\Boot.php(363): CodeIgniter\CodeIgniter->run()
 6 SYSTEMPATH\Boot.php(68): CodeIgniter\Boot::runCodeIgniter(Object(CodeIgniter\CodeIgniter))
 7 FCPATH\index.php(59): CodeIgniter\Boot::bootWeb(Object(Config\Paths))
CRITICAL - 2026-01-25 05:20:10 --> [Caused by] CodeIgniter\Database\Exceptions\DatabaseException: Unknown column 'productwiseVatPercnt' in 'field list'
in SYSTEMPATH\Database\MySQLi\Connection.php on line 332.
 1 SYSTEMPATH\Database\BaseConnection.php(729): CodeIgniter\Database\MySQLi\Connection->execute(' SELECT 
                    rs.sales_invoice,
                    rs.sales_date,
                    rsd.total_sale,
                    rsd.productwiseVatPercnt,
                    rs.discountOnTotalPrice,
                    rs.vatOnTotalPrice,
                    rs.paid_amount,
                    IFNULL(rcd.customer_due, 0) AS customer_due,
                    IFNULL(rcd.total_due_paid, 0) AS due_paid_amount,
                    (rs.paid_amount + IFNULL(rcd.total_due_paid, 0)) AS total_paid,
                    rs.due_amount,
                    CASE 
                        WHEN rs.customer_type REGEXP \'^[0-9]+$\' THEN c.cus_first_name
                        ELSE rs.customer_type
                    END AS customer_name,
                    CASE
                        WHEN rs.customer_type = \'Walk-In-Customer\' THEN \'Fully Paid\'
                        WHEN IFNULL(rcd.customer_due, 0) = 0 THEN \'Fully Paid\'
                        ELSE \'Partially Paid\'
                    END AS payment_status
                FROM return_sales rs
                JOIN (
                    SELECT 
                        sales_details_invoice, 
                        SUM(total_sale_price) AS total_sale, 
                        SUM(productwiseVatPercnt) AS productwiseVatPercnt
                    FROM return_sales_details
                    GROUP BY sales_details_invoice
                ) rsd ON rs.sales_invoice = rsd.sales_details_invoice
                LEFT JOIN (
                    SELECT 
                        due_invoice_no, 
                        SUM(due_amount - due_paid_amount) AS customer_due,
                        SUM(due_paid_amount) AS total_due_paid
                    FROM return_customer_due
                    GROUP BY due_invoice_no
                ) rcd ON rs.sales_invoice = rcd.due_invoice_no
                LEFT JOIN customer c ON c.customer_id = rs.customer_type AND rs.customer_type REGEXP \'^[0-9]+\'
            ')
 2 SYSTEMPATH\Database\BaseConnection.php(646): CodeIgniter\Database\BaseConnection->simpleQuery(' SELECT 
                    rs.sales_invoice,
                    rs.sales_date,
                    rsd.total_sale,
                    rsd.productwiseVatPercnt,
                    rs.discountOnTotalPrice,
                    rs.vatOnTotalPrice,
                    rs.paid_amount,
                    IFNULL(rcd.customer_due, 0) AS customer_due,
                    IFNULL(rcd.total_due_paid, 0) AS due_paid_amount,
                    (rs.paid_amount + IFNULL(rcd.total_due_paid, 0)) AS total_paid,
                    rs.due_amount,
                    CASE 
                        WHEN rs.customer_type REGEXP \'^[0-9]+$\' THEN c.cus_first_name
                        ELSE rs.customer_type
                    END AS customer_name,
                    CASE
                        WHEN rs.customer_type = \'Walk-In-Customer\' THEN \'Fully Paid\'
                        WHEN IFNULL(rcd.customer_due, 0) = 0 THEN \'Fully Paid\'
                        ELSE \'Partially Paid\'
                    END AS payment_status
                FROM return_sales rs
                JOIN (
                    SELECT 
                        sales_details_invoice, 
                        SUM(total_sale_price) AS total_sale, 
                        SUM(productwiseVatPercnt) AS productwiseVatPercnt
                    FROM return_sales_details
                    GROUP BY sales_details_invoice
                ) rsd ON rs.sales_invoice = rsd.sales_details_invoice
                LEFT JOIN (
                    SELECT 
                        due_invoice_no, 
                        SUM(due_amount - due_paid_amount) AS customer_due,
                        SUM(due_paid_amount) AS total_due_paid
                    FROM return_customer_due
                    GROUP BY due_invoice_no
                ) rcd ON rs.sales_invoice = rcd.due_invoice_no
                LEFT JOIN customer c ON c.customer_id = rs.customer_type AND rs.customer_type REGEXP \'^[0-9]+\'
            ')
 3 APPPATH\Controllers\salereturnlist.php(111): CodeIgniter\Database\BaseConnection->query(' SELECT 
                    rs.sales_invoice,
                    rs.sales_date,
                    rsd.total_sale,
                    rsd.productwiseVatPercnt,
                    rs.discountOnTotalPrice,
                    rs.vatOnTotalPrice,
                    rs.paid_amount,
                    IFNULL(rcd.customer_due, 0) AS customer_due,
                    IFNULL(rcd.total_due_paid, 0) AS due_paid_amount,
                    (rs.paid_amount + IFNULL(rcd.total_due_paid, 0)) AS total_paid,
                    rs.due_amount,
                    CASE 
                        WHEN rs.customer_type REGEXP \'^[0-9]+$\' THEN c.cus_first_name
                        ELSE rs.customer_type
                    END AS customer_name,
                    CASE
                        WHEN rs.customer_type = \'Walk-In-Customer\' THEN \'Fully Paid\'
                        WHEN IFNULL(rcd.customer_due, 0) = 0 THEN \'Fully Paid\'
                        ELSE \'Partially Paid\'
                    END AS payment_status
                FROM return_sales rs
                JOIN (
                    SELECT 
                        sales_details_invoice, 
                        SUM(total_sale_price) AS total_sale, 
                        SUM(productwiseVatPercnt) AS productwiseVatPercnt
                    FROM return_sales_details
                    GROUP BY sales_details_invoice
                ) rsd ON rs.sales_invoice = rsd.sales_details_invoice
                LEFT JOIN (
                    SELECT 
                        due_invoice_no, 
                        SUM(due_amount - due_paid_amount) AS customer_due,
                        SUM(due_paid_amount) AS total_due_paid
                    FROM return_customer_due
                    GROUP BY due_invoice_no
                ) rcd ON rs.sales_invoice = rcd.due_invoice_no
                LEFT JOIN customer c ON c.customer_id = rs.customer_type AND rs.customer_type REGEXP \'^[0-9]+\'
            ')
 4 SYSTEMPATH\CodeIgniter.php(933): App\Controllers\salereturnlist->saleReturnListShow()
 5 SYSTEMPATH\CodeIgniter.php(507): CodeIgniter\CodeIgniter->runController(Object(App\Controllers\salereturnlist))
 6 SYSTEMPATH\CodeIgniter.php(354): CodeIgniter\CodeIgniter->handleRequest(null, Object(Config\Cache), false)
 7 SYSTEMPATH\Boot.php(363): CodeIgniter\CodeIgniter->run()
 8 SYSTEMPATH\Boot.php(68): CodeIgniter\Boot::runCodeIgniter(Object(CodeIgniter\CodeIgniter))
 9 FCPATH\index.php(59): CodeIgniter\Boot::bootWeb(Object(Config\Paths))
CRITICAL - 2026-01-25 05:20:10 --> [Caused by] mysqli_sql_exception: Unknown column 'productwiseVatPercnt' in 'field list'
in SYSTEMPATH\Database\MySQLi\Connection.php on line 327.
 1 SYSTEMPATH\Database\MySQLi\Connection.php(327): mysqli->query(' SELECT 
                    rs.sales_invoice,
                    rs.sales_date,
                    rsd.total_sale,
                    rsd.productwiseVatPercnt,
                    rs.discountOnTotalPrice,
                    rs.vatOnTotalPrice,
                    rs.paid_amount,
                    IFNULL(rcd.customer_due, 0) AS customer_due,
                    IFNULL(rcd.total_due_paid, 0) AS due_paid_amount,
                    (rs.paid_amount + IFNULL(rcd.total_due_paid, 0)) AS total_paid,
                    rs.due_amount,
                    CASE 
                        WHEN rs.customer_type REGEXP \'^[0-9]+$\' THEN c.cus_first_name
                        ELSE rs.customer_type
                    END AS customer_name,
                    CASE
                        WHEN rs.customer_type = \'Walk-In-Customer\' THEN \'Fully Paid\'
                        WHEN IFNULL(rcd.customer_due, 0) = 0 THEN \'Fully Paid\'
                        ELSE \'Partially Paid\'
                    END AS payment_status
                FROM return_sales rs
                JOIN (
                    SELECT 
                        sales_details_invoice, 
                        SUM(total_sale_price) AS total_sale, 
                        SUM(productwiseVatPercnt) AS productwiseVatPercnt
                    FROM return_sales_details
                    GROUP BY sales_details_invoice
                ) rsd ON rs.sales_invoice = rsd.sales_details_invoice
                LEFT JOIN (
                    SELECT 
                        due_invoice_no, 
                        SUM(due_amount - due_paid_amount) AS customer_due,
                        SUM(due_paid_amount) AS total_due_paid
                    FROM return_customer_due
                    GROUP BY due_invoice_no
                ) rcd ON rs.sales_invoice = rcd.due_invoice_no
                LEFT JOIN customer c ON c.customer_id = rs.customer_type AND rs.customer_type REGEXP \'^[0-9]+\'
            ', 0)
 2 SYSTEMPATH\Database\BaseConnection.php(729): CodeIgniter\Database\MySQLi\Connection->execute(' SELECT 
                    rs.sales_invoice,
                    rs.sales_date,
                    rsd.total_sale,
                    rsd.productwiseVatPercnt,
                    rs.discountOnTotalPrice,
                    rs.vatOnTotalPrice,
                    rs.paid_amount,
                    IFNULL(rcd.customer_due, 0) AS customer_due,
                    IFNULL(rcd.total_due_paid, 0) AS due_paid_amount,
                    (rs.paid_amount + IFNULL(rcd.total_due_paid, 0)) AS total_paid,
                    rs.due_amount,
                    CASE 
                        WHEN rs.customer_type REGEXP \'^[0-9]+$\' THEN c.cus_first_name
                        ELSE rs.customer_type
                    END AS customer_name,
                    CASE
                        WHEN rs.customer_type = \'Walk-In-Customer\' THEN \'Fully Paid\'
                        WHEN IFNULL(rcd.customer_due, 0) = 0 THEN \'Fully Paid\'
                        ELSE \'Partially Paid\'
                    END AS payment_status
                FROM return_sales rs
                JOIN (
                    SELECT 
                        sales_details_invoice, 
                        SUM(total_sale_price) AS total_sale, 
                        SUM(productwiseVatPercnt) AS productwiseVatPercnt
                    FROM return_sales_details
                    GROUP BY sales_details_invoice
                ) rsd ON rs.sales_invoice = rsd.sales_details_invoice
                LEFT JOIN (
                    SELECT 
                        due_invoice_no, 
                        SUM(due_amount - due_paid_amount) AS customer_due,
                        SUM(due_paid_amount) AS total_due_paid
                    FROM return_customer_due
                    GROUP BY due_invoice_no
                ) rcd ON rs.sales_invoice = rcd.due_invoice_no
                LEFT JOIN customer c ON c.customer_id = rs.customer_type AND rs.customer_type REGEXP \'^[0-9]+\'
            ')
 3 SYSTEMPATH\Database\BaseConnection.php(646): CodeIgniter\Database\BaseConnection->simpleQuery(' SELECT 
                    rs.sales_invoice,
                    rs.sales_date,
                    rsd.total_sale,
                    rsd.productwiseVatPercnt,
                    rs.discountOnTotalPrice,
                    rs.vatOnTotalPrice,
                    rs.paid_amount,
                    IFNULL(rcd.customer_due, 0) AS customer_due,
                    IFNULL(rcd.total_due_paid, 0) AS due_paid_amount,
                    (rs.paid_amount + IFNULL(rcd.total_due_paid, 0)) AS total_paid,
                    rs.due_amount,
                    CASE 
                        WHEN rs.customer_type REGEXP \'^[0-9]+$\' THEN c.cus_first_name
                        ELSE rs.customer_type
                    END AS customer_name,
                    CASE
                        WHEN rs.customer_type = \'Walk-In-Customer\' THEN \'Fully Paid\'
                        WHEN IFNULL(rcd.customer_due, 0) = 0 THEN \'Fully Paid\'
                        ELSE \'Partially Paid\'
                    END AS payment_status
                FROM return_sales rs
                JOIN (
                    SELECT 
                        sales_details_invoice, 
                        SUM(total_sale_price) AS total_sale, 
                        SUM(productwiseVatPercnt) AS productwiseVatPercnt
                    FROM return_sales_details
                    GROUP BY sales_details_invoice
                ) rsd ON rs.sales_invoice = rsd.sales_details_invoice
                LEFT JOIN (
                    SELECT 
                        due_invoice_no, 
                        SUM(due_amount - due_paid_amount) AS customer_due,
                        SUM(due_paid_amount) AS total_due_paid
                    FROM return_customer_due
                    GROUP BY due_invoice_no
                ) rcd ON rs.sales_invoice = rcd.due_invoice_no
                LEFT JOIN customer c ON c.customer_id = rs.customer_type AND rs.customer_type REGEXP \'^[0-9]+\'
            ')
 4 APPPATH\Controllers\salereturnlist.php(111): CodeIgniter\Database\BaseConnection->query(' SELECT 
                    rs.sales_invoice,
                    rs.sales_date,
                    rsd.total_sale,
                    rsd.productwiseVatPercnt,
                    rs.discountOnTotalPrice,
                    rs.vatOnTotalPrice,
                    rs.paid_amount,
                    IFNULL(rcd.customer_due, 0) AS customer_due,
                    IFNULL(rcd.total_due_paid, 0) AS due_paid_amount,
                    (rs.paid_amount + IFNULL(rcd.total_due_paid, 0)) AS total_paid,
                    rs.due_amount,
                    CASE 
                        WHEN rs.customer_type REGEXP \'^[0-9]+$\' THEN c.cus_first_name
                        ELSE rs.customer_type
                    END AS customer_name,
                    CASE
                        WHEN rs.customer_type = \'Walk-In-Customer\' THEN \'Fully Paid\'
                        WHEN IFNULL(rcd.customer_due, 0) = 0 THEN \'Fully Paid\'
                        ELSE \'Partially Paid\'
                    END AS payment_status
                FROM return_sales rs
                JOIN (
                    SELECT 
                        sales_details_invoice, 
                        SUM(total_sale_price) AS total_sale, 
                        SUM(productwiseVatPercnt) AS productwiseVatPercnt
                    FROM return_sales_details
                    GROUP BY sales_details_invoice
                ) rsd ON rs.sales_invoice = rsd.sales_details_invoice
                LEFT JOIN (
                    SELECT 
                        due_invoice_no, 
                        SUM(due_amount - due_paid_amount) AS customer_due,
                        SUM(due_paid_amount) AS total_due_paid
                    FROM return_customer_due
                    GROUP BY due_invoice_no
                ) rcd ON rs.sales_invoice = rcd.due_invoice_no
                LEFT JOIN customer c ON c.customer_id = rs.customer_type AND rs.customer_type REGEXP \'^[0-9]+\'
            ')
 5 SYSTEMPATH\CodeIgniter.php(933): App\Controllers\salereturnlist->saleReturnListShow()
 6 SYSTEMPATH\CodeIgniter.php(507): CodeIgniter\CodeIgniter->runController(Object(App\Controllers\salereturnlist))
 7 SYSTEMPATH\CodeIgniter.php(354): CodeIgniter\CodeIgniter->handleRequest(null, Object(Config\Cache), false)
 8 SYSTEMPATH\Boot.php(363): CodeIgniter\CodeIgniter->run()
 9 SYSTEMPATH\Boot.php(68): CodeIgniter\Boot::runCodeIgniter(Object(CodeIgniter\CodeIgniter))
10 FCPATH\index.php(59): CodeIgniter\Boot::bootWeb(Object(Config\Paths))
ERROR - 2026-01-25 05:20:11 --> mysqli_sql_exception: Unknown column 'productwiseVatPercnt' in 'field list' in C:\laragon\www\pharmacy-project\system\Database\MySQLi\Connection.php:327
Stack trace:
#0 C:\laragon\www\pharmacy-project\system\Database\MySQLi\Connection.php(327): mysqli->query(' SELECT \r\n     ...', 0)
#1 C:\laragon\www\pharmacy-project\system\Database\BaseConnection.php(729): CodeIgniter\Database\MySQLi\Connection->execute(' SELECT \r\n     ...')
#2 C:\laragon\www\pharmacy-project\system\Database\BaseConnection.php(646): CodeIgniter\Database\BaseConnection->simpleQuery(' SELECT \r\n     ...')
#3 C:\laragon\www\pharmacy-project\app\Controllers\salereturnlist.php(111): CodeIgniter\Database\BaseConnection->query(' SELECT \r\n     ...')
#4 C:\laragon\www\pharmacy-project\system\CodeIgniter.php(933): App\Controllers\salereturnlist->saleReturnListShow()
#5 C:\laragon\www\pharmacy-project\system\CodeIgniter.php(507): CodeIgniter\CodeIgniter->runController(Object(App\Controllers\salereturnlist))
#6 C:\laragon\www\pharmacy-project\system\CodeIgniter.php(354): CodeIgniter\CodeIgniter->handleRequest(NULL, Object(Config\Cache), false)
#7 C:\laragon\www\pharmacy-project\system\Boot.php(363): CodeIgniter\CodeIgniter->run()
#8 C:\laragon\www\pharmacy-project\system\Boot.php(68): CodeIgniter\Boot::runCodeIgniter(Object(CodeIgniter\CodeIgniter))
#9 C:\laragon\www\pharmacy-project\index.php(59): CodeIgniter\Boot::bootWeb(Object(Config\Paths))
#10 {main}
CRITICAL - 2026-01-25 05:20:11 --> CodeIgniter\Database\Exceptions\DatabaseException: Unknown column 'productwiseVatPercnt' in 'field list'
[Method: GET, Route: salereturnlistshow]
in SYSTEMPATH\Database\BaseConnection.php on line 684.
 1 APPPATH\Controllers\salereturnlist.php(111): CodeIgniter\Database\BaseConnection->query(' SELECT 
                    rs.sales_invoice,
                    rs.sales_date,
                    rsd.total_sale,
                    rsd.productwiseVatPercnt,
                    rs.discountOnTotalPrice,
                    rs.vatOnTotalPrice,
                    rs.paid_amount,
                    IFNULL(rcd.customer_due, 0) AS customer_due,
                    IFNULL(rcd.total_due_paid, 0) AS due_paid_amount,
                    (rs.paid_amount + IFNULL(rcd.total_due_paid, 0)) AS total_paid,
                    rs.due_amount,
                    CASE 
                        WHEN rs.customer_type REGEXP \'^[0-9]+$\' THEN c.cus_first_name
                        ELSE rs.customer_type
                    END AS customer_name,
                    CASE
                        WHEN rs.customer_type = \'Walk-In-Customer\' THEN \'Fully Paid\'
                        WHEN IFNULL(rcd.customer_due, 0) = 0 THEN \'Fully Paid\'
                        ELSE \'Partially Paid\'
                    END AS payment_status
                FROM return_sales rs
                JOIN (
                    SELECT 
                        sales_details_invoice, 
                        SUM(total_sale_price) AS total_sale, 
                        SUM(productwiseVatPercnt) AS productwiseVatPercnt
                    FROM return_sales_details
                    GROUP BY sales_details_invoice
                ) rsd ON rs.sales_invoice = rsd.sales_details_invoice
                LEFT JOIN (
                    SELECT 
                        due_invoice_no, 
                        SUM(due_amount - due_paid_amount) AS customer_due,
                        SUM(due_paid_amount) AS total_due_paid
                    FROM return_customer_due
                    GROUP BY due_invoice_no
                ) rcd ON rs.sales_invoice = rcd.due_invoice_no
                LEFT JOIN customer c ON c.customer_id = rs.customer_type AND rs.customer_type REGEXP \'^[0-9]+\'
            ')
 2 SYSTEMPATH\CodeIgniter.php(933): App\Controllers\salereturnlist->saleReturnListShow()
 3 SYSTEMPATH\CodeIgniter.php(507): CodeIgniter\CodeIgniter->runController(Object(App\Controllers\salereturnlist))
 4 SYSTEMPATH\CodeIgniter.php(354): CodeIgniter\CodeIgniter->handleRequest(null, Object(Config\Cache), false)
 5 SYSTEMPATH\Boot.php(363): CodeIgniter\CodeIgniter->run()
 6 SYSTEMPATH\Boot.php(68): CodeIgniter\Boot::runCodeIgniter(Object(CodeIgniter\CodeIgniter))
 7 FCPATH\index.php(59): CodeIgniter\Boot::bootWeb(Object(Config\Paths))
CRITICAL - 2026-01-25 05:20:11 --> [Caused by] CodeIgniter\Database\Exceptions\DatabaseException: Unknown column 'productwiseVatPercnt' in 'field list'
in SYSTEMPATH\Database\MySQLi\Connection.php on line 332.
 1 SYSTEMPATH\Database\BaseConnection.php(729): CodeIgniter\Database\MySQLi\Connection->execute(' SELECT 
                    rs.sales_invoice,
                    rs.sales_date,
                    rsd.total_sale,
                    rsd.productwiseVatPercnt,
                    rs.discountOnTotalPrice,
                    rs.vatOnTotalPrice,
                    rs.paid_amount,
                    IFNULL(rcd.customer_due, 0) AS customer_due,
                    IFNULL(rcd.total_due_paid, 0) AS due_paid_amount,
                    (rs.paid_amount + IFNULL(rcd.total_due_paid, 0)) AS total_paid,
                    rs.due_amount,
                    CASE 
                        WHEN rs.customer_type REGEXP \'^[0-9]+$\' THEN c.cus_first_name
                        ELSE rs.customer_type
                    END AS customer_name,
                    CASE
                        WHEN rs.customer_type = \'Walk-In-Customer\' THEN \'Fully Paid\'
                        WHEN IFNULL(rcd.customer_due, 0) = 0 THEN \'Fully Paid\'
                        ELSE \'Partially Paid\'
                    END AS payment_status
                FROM return_sales rs
                JOIN (
                    SELECT 
                        sales_details_invoice, 
                        SUM(total_sale_price) AS total_sale, 
                        SUM(productwiseVatPercnt) AS productwiseVatPercnt
                    FROM return_sales_details
                    GROUP BY sales_details_invoice
                ) rsd ON rs.sales_invoice = rsd.sales_details_invoice
                LEFT JOIN (
                    SELECT 
                        due_invoice_no, 
                        SUM(due_amount - due_paid_amount) AS customer_due,
                        SUM(due_paid_amount) AS total_due_paid
                    FROM return_customer_due
                    GROUP BY due_invoice_no
                ) rcd ON rs.sales_invoice = rcd.due_invoice_no
                LEFT JOIN customer c ON c.customer_id = rs.customer_type AND rs.customer_type REGEXP \'^[0-9]+\'
            ')
 2 SYSTEMPATH\Database\BaseConnection.php(646): CodeIgniter\Database\BaseConnection->simpleQuery(' SELECT 
                    rs.sales_invoice,
                    rs.sales_date,
                    rsd.total_sale,
                    rsd.productwiseVatPercnt,
                    rs.discountOnTotalPrice,
                    rs.vatOnTotalPrice,
                    rs.paid_amount,
                    IFNULL(rcd.customer_due, 0) AS customer_due,
                    IFNULL(rcd.total_due_paid, 0) AS due_paid_amount,
                    (rs.paid_amount + IFNULL(rcd.total_due_paid, 0)) AS total_paid,
                    rs.due_amount,
                    CASE 
                        WHEN rs.customer_type REGEXP \'^[0-9]+$\' THEN c.cus_first_name
                        ELSE rs.customer_type
                    END AS customer_name,
                    CASE
                        WHEN rs.customer_type = \'Walk-In-Customer\' THEN \'Fully Paid\'
                        WHEN IFNULL(rcd.customer_due, 0) = 0 THEN \'Fully Paid\'
                        ELSE \'Partially Paid\'
                    END AS payment_status
                FROM return_sales rs
                JOIN (
                    SELECT 
                        sales_details_invoice, 
                        SUM(total_sale_price) AS total_sale, 
                        SUM(productwiseVatPercnt) AS productwiseVatPercnt
                    FROM return_sales_details
                    GROUP BY sales_details_invoice
                ) rsd ON rs.sales_invoice = rsd.sales_details_invoice
                LEFT JOIN (
                    SELECT 
                        due_invoice_no, 
                        SUM(due_amount - due_paid_amount) AS customer_due,
                        SUM(due_paid_amount) AS total_due_paid
                    FROM return_customer_due
                    GROUP BY due_invoice_no
                ) rcd ON rs.sales_invoice = rcd.due_invoice_no
                LEFT JOIN customer c ON c.customer_id = rs.customer_type AND rs.customer_type REGEXP \'^[0-9]+\'
            ')
 3 APPPATH\Controllers\salereturnlist.php(111): CodeIgniter\Database\BaseConnection->query(' SELECT 
                    rs.sales_invoice,
                    rs.sales_date,
                    rsd.total_sale,
                    rsd.productwiseVatPercnt,
                    rs.discountOnTotalPrice,
                    rs.vatOnTotalPrice,
                    rs.paid_amount,
                    IFNULL(rcd.customer_due, 0) AS customer_due,
                    IFNULL(rcd.total_due_paid, 0) AS due_paid_amount,
                    (rs.paid_amount + IFNULL(rcd.total_due_paid, 0)) AS total_paid,
                    rs.due_amount,
                    CASE 
                        WHEN rs.customer_type REGEXP \'^[0-9]+$\' THEN c.cus_first_name
                        ELSE rs.customer_type
                    END AS customer_name,
                    CASE
                        WHEN rs.customer_type = \'Walk-In-Customer\' THEN \'Fully Paid\'
                        WHEN IFNULL(rcd.customer_due, 0) = 0 THEN \'Fully Paid\'
                        ELSE \'Partially Paid\'
                    END AS payment_status
                FROM return_sales rs
                JOIN (
                    SELECT 
                        sales_details_invoice, 
                        SUM(total_sale_price) AS total_sale, 
                        SUM(productwiseVatPercnt) AS productwiseVatPercnt
                    FROM return_sales_details
                    GROUP BY sales_details_invoice
                ) rsd ON rs.sales_invoice = rsd.sales_details_invoice
                LEFT JOIN (
                    SELECT 
                        due_invoice_no, 
                        SUM(due_amount - due_paid_amount) AS customer_due,
                        SUM(due_paid_amount) AS total_due_paid
                    FROM return_customer_due
                    GROUP BY due_invoice_no
                ) rcd ON rs.sales_invoice = rcd.due_invoice_no
                LEFT JOIN customer c ON c.customer_id = rs.customer_type AND rs.customer_type REGEXP \'^[0-9]+\'
            ')
 4 SYSTEMPATH\CodeIgniter.php(933): App\Controllers\salereturnlist->saleReturnListShow()
 5 SYSTEMPATH\CodeIgniter.php(507): CodeIgniter\CodeIgniter->runController(Object(App\Controllers\salereturnlist))
 6 SYSTEMPATH\CodeIgniter.php(354): CodeIgniter\CodeIgniter->handleRequest(null, Object(Config\Cache), false)
 7 SYSTEMPATH\Boot.php(363): CodeIgniter\CodeIgniter->run()
 8 SYSTEMPATH\Boot.php(68): CodeIgniter\Boot::runCodeIgniter(Object(CodeIgniter\CodeIgniter))
 9 FCPATH\index.php(59): CodeIgniter\Boot::bootWeb(Object(Config\Paths))
CRITICAL - 2026-01-25 05:20:11 --> [Caused by] mysqli_sql_exception: Unknown column 'productwiseVatPercnt' in 'field list'
in SYSTEMPATH\Database\MySQLi\Connection.php on line 327.
 1 SYSTEMPATH\Database\MySQLi\Connection.php(327): mysqli->query(' SELECT 
                    rs.sales_invoice,
                    rs.sales_date,
                    rsd.total_sale,
                    rsd.productwiseVatPercnt,
                    rs.discountOnTotalPrice,
                    rs.vatOnTotalPrice,
                    rs.paid_amount,
                    IFNULL(rcd.customer_due, 0) AS customer_due,
                    IFNULL(rcd.total_due_paid, 0) AS due_paid_amount,
                    (rs.paid_amount + IFNULL(rcd.total_due_paid, 0)) AS total_paid,
                    rs.due_amount,
                    CASE 
                        WHEN rs.customer_type REGEXP \'^[0-9]+$\' THEN c.cus_first_name
                        ELSE rs.customer_type
                    END AS customer_name,
                    CASE
                        WHEN rs.customer_type = \'Walk-In-Customer\' THEN \'Fully Paid\'
                        WHEN IFNULL(rcd.customer_due, 0) = 0 THEN \'Fully Paid\'
                        ELSE \'Partially Paid\'
                    END AS payment_status
                FROM return_sales rs
                JOIN (
                    SELECT 
                        sales_details_invoice, 
                        SUM(total_sale_price) AS total_sale, 
                        SUM(productwiseVatPercnt) AS productwiseVatPercnt
                    FROM return_sales_details
                    GROUP BY sales_details_invoice
                ) rsd ON rs.sales_invoice = rsd.sales_details_invoice
                LEFT JOIN (
                    SELECT 
                        due_invoice_no, 
                        SUM(due_amount - due_paid_amount) AS customer_due,
                        SUM(due_paid_amount) AS total_due_paid
                    FROM return_customer_due
                    GROUP BY due_invoice_no
                ) rcd ON rs.sales_invoice = rcd.due_invoice_no
                LEFT JOIN customer c ON c.customer_id = rs.customer_type AND rs.customer_type REGEXP \'^[0-9]+\'
            ', 0)
 2 SYSTEMPATH\Database\BaseConnection.php(729): CodeIgniter\Database\MySQLi\Connection->execute(' SELECT 
                    rs.sales_invoice,
                    rs.sales_date,
                    rsd.total_sale,
                    rsd.productwiseVatPercnt,
                    rs.discountOnTotalPrice,
                    rs.vatOnTotalPrice,
                    rs.paid_amount,
                    IFNULL(rcd.customer_due, 0) AS customer_due,
                    IFNULL(rcd.total_due_paid, 0) AS due_paid_amount,
                    (rs.paid_amount + IFNULL(rcd.total_due_paid, 0)) AS total_paid,
                    rs.due_amount,
                    CASE 
                        WHEN rs.customer_type REGEXP \'^[0-9]+$\' THEN c.cus_first_name
                        ELSE rs.customer_type
                    END AS customer_name,
                    CASE
                        WHEN rs.customer_type = \'Walk-In-Customer\' THEN \'Fully Paid\'
                        WHEN IFNULL(rcd.customer_due, 0) = 0 THEN \'Fully Paid\'
                        ELSE \'Partially Paid\'
                    END AS payment_status
                FROM return_sales rs
                JOIN (
                    SELECT 
                        sales_details_invoice, 
                        SUM(total_sale_price) AS total_sale, 
                        SUM(productwiseVatPercnt) AS productwiseVatPercnt
                    FROM return_sales_details
                    GROUP BY sales_details_invoice
                ) rsd ON rs.sales_invoice = rsd.sales_details_invoice
                LEFT JOIN (
                    SELECT 
                        due_invoice_no, 
                        SUM(due_amount - due_paid_amount) AS customer_due,
                        SUM(due_paid_amount) AS total_due_paid
                    FROM return_customer_due
                    GROUP BY due_invoice_no
                ) rcd ON rs.sales_invoice = rcd.due_invoice_no
                LEFT JOIN customer c ON c.customer_id = rs.customer_type AND rs.customer_type REGEXP \'^[0-9]+\'
            ')
 3 SYSTEMPATH\Database\BaseConnection.php(646): CodeIgniter\Database\BaseConnection->simpleQuery(' SELECT 
                    rs.sales_invoice,
                    rs.sales_date,
                    rsd.total_sale,
                    rsd.productwiseVatPercnt,
                    rs.discountOnTotalPrice,
                    rs.vatOnTotalPrice,
                    rs.paid_amount,
                    IFNULL(rcd.customer_due, 0) AS customer_due,
                    IFNULL(rcd.total_due_paid, 0) AS due_paid_amount,
                    (rs.paid_amount + IFNULL(rcd.total_due_paid, 0)) AS total_paid,
                    rs.due_amount,
                    CASE 
                        WHEN rs.customer_type REGEXP \'^[0-9]+$\' THEN c.cus_first_name
                        ELSE rs.customer_type
                    END AS customer_name,
                    CASE
                        WHEN rs.customer_type = \'Walk-In-Customer\' THEN \'Fully Paid\'
                        WHEN IFNULL(rcd.customer_due, 0) = 0 THEN \'Fully Paid\'
                        ELSE \'Partially Paid\'
                    END AS payment_status
                FROM return_sales rs
                JOIN (
                    SELECT 
                        sales_details_invoice, 
                        SUM(total_sale_price) AS total_sale, 
                        SUM(productwiseVatPercnt) AS productwiseVatPercnt
                    FROM return_sales_details
                    GROUP BY sales_details_invoice
                ) rsd ON rs.sales_invoice = rsd.sales_details_invoice
                LEFT JOIN (
                    SELECT 
                        due_invoice_no, 
                        SUM(due_amount - due_paid_amount) AS customer_due,
                        SUM(due_paid_amount) AS total_due_paid
                    FROM return_customer_due
                    GROUP BY due_invoice_no
                ) rcd ON rs.sales_invoice = rcd.due_invoice_no
                LEFT JOIN customer c ON c.customer_id = rs.customer_type AND rs.customer_type REGEXP \'^[0-9]+\'
            ')
 4 APPPATH\Controllers\salereturnlist.php(111): CodeIgniter\Database\BaseConnection->query(' SELECT 
                    rs.sales_invoice,
                    rs.sales_date,
                    rsd.total_sale,
                    rsd.productwiseVatPercnt,
                    rs.discountOnTotalPrice,
                    rs.vatOnTotalPrice,
                    rs.paid_amount,
                    IFNULL(rcd.customer_due, 0) AS customer_due,
                    IFNULL(rcd.total_due_paid, 0) AS due_paid_amount,
                    (rs.paid_amount + IFNULL(rcd.total_due_paid, 0)) AS total_paid,
                    rs.due_amount,
                    CASE 
                        WHEN rs.customer_type REGEXP \'^[0-9]+$\' THEN c.cus_first_name
                        ELSE rs.customer_type
                    END AS customer_name,
                    CASE
                        WHEN rs.customer_type = \'Walk-In-Customer\' THEN \'Fully Paid\'
                        WHEN IFNULL(rcd.customer_due, 0) = 0 THEN \'Fully Paid\'
                        ELSE \'Partially Paid\'
                    END AS payment_status
                FROM return_sales rs
                JOIN (
                    SELECT 
                        sales_details_invoice, 
                        SUM(total_sale_price) AS total_sale, 
                        SUM(productwiseVatPercnt) AS productwiseVatPercnt
                    FROM return_sales_details
                    GROUP BY sales_details_invoice
                ) rsd ON rs.sales_invoice = rsd.sales_details_invoice
                LEFT JOIN (
                    SELECT 
                        due_invoice_no, 
                        SUM(due_amount - due_paid_amount) AS customer_due,
                        SUM(due_paid_amount) AS total_due_paid
                    FROM return_customer_due
                    GROUP BY due_invoice_no
                ) rcd ON rs.sales_invoice = rcd.due_invoice_no
                LEFT JOIN customer c ON c.customer_id = rs.customer_type AND rs.customer_type REGEXP \'^[0-9]+\'
            ')
 5 SYSTEMPATH\CodeIgniter.php(933): App\Controllers\salereturnlist->saleReturnListShow()
 6 SYSTEMPATH\CodeIgniter.php(507): CodeIgniter\CodeIgniter->runController(Object(App\Controllers\salereturnlist))
 7 SYSTEMPATH\CodeIgniter.php(354): CodeIgniter\CodeIgniter->handleRequest(null, Object(Config\Cache), false)
 8 SYSTEMPATH\Boot.php(363): CodeIgniter\CodeIgniter->run()
 9 SYSTEMPATH\Boot.php(68): CodeIgniter\Boot::runCodeIgniter(Object(CodeIgniter\CodeIgniter))
10 FCPATH\index.php(59): CodeIgniter\Boot::bootWeb(Object(Config\Paths))
ERROR - 2026-01-25 05:20:12 --> mysqli_sql_exception: Unknown column 'productwiseVatPercnt' in 'field list' in C:\laragon\www\pharmacy-project\system\Database\MySQLi\Connection.php:327
Stack trace:
#0 C:\laragon\www\pharmacy-project\system\Database\MySQLi\Connection.php(327): mysqli->query(' SELECT \r\n     ...', 0)
#1 C:\laragon\www\pharmacy-project\system\Database\BaseConnection.php(729): CodeIgniter\Database\MySQLi\Connection->execute(' SELECT \r\n     ...')
#2 C:\laragon\www\pharmacy-project\system\Database\BaseConnection.php(646): CodeIgniter\Database\BaseConnection->simpleQuery(' SELECT \r\n     ...')
#3 C:\laragon\www\pharmacy-project\app\Controllers\salereturnlist.php(111): CodeIgniter\Database\BaseConnection->query(' SELECT \r\n     ...')
#4 C:\laragon\www\pharmacy-project\system\CodeIgniter.php(933): App\Controllers\salereturnlist->saleReturnListShow()
#5 C:\laragon\www\pharmacy-project\system\CodeIgniter.php(507): CodeIgniter\CodeIgniter->runController(Object(App\Controllers\salereturnlist))
#6 C:\laragon\www\pharmacy-project\system\CodeIgniter.php(354): CodeIgniter\CodeIgniter->handleRequest(NULL, Object(Config\Cache), false)
#7 C:\laragon\www\pharmacy-project\system\Boot.php(363): CodeIgniter\CodeIgniter->run()
#8 C:\laragon\www\pharmacy-project\system\Boot.php(68): CodeIgniter\Boot::runCodeIgniter(Object(CodeIgniter\CodeIgniter))
#9 C:\laragon\www\pharmacy-project\index.php(59): CodeIgniter\Boot::bootWeb(Object(Config\Paths))
#10 {main}
CRITICAL - 2026-01-25 05:20:12 --> CodeIgniter\Database\Exceptions\DatabaseException: Unknown column 'productwiseVatPercnt' in 'field list'
[Method: GET, Route: salereturnlistshow]
in SYSTEMPATH\Database\BaseConnection.php on line 684.
 1 APPPATH\Controllers\salereturnlist.php(111): CodeIgniter\Database\BaseConnection->query(' SELECT 
                    rs.sales_invoice,
                    rs.sales_date,
                    rsd.total_sale,
                    rsd.productwiseVatPercnt,
                    rs.discountOnTotalPrice,
                    rs.vatOnTotalPrice,
                    rs.paid_amount,
                    IFNULL(rcd.customer_due, 0) AS customer_due,
                    IFNULL(rcd.total_due_paid, 0) AS due_paid_amount,
                    (rs.paid_amount + IFNULL(rcd.total_due_paid, 0)) AS total_paid,
                    rs.due_amount,
                    CASE 
                        WHEN rs.customer_type REGEXP \'^[0-9]+$\' THEN c.cus_first_name
                        ELSE rs.customer_type
                    END AS customer_name,
                    CASE
                        WHEN rs.customer_type = \'Walk-In-Customer\' THEN \'Fully Paid\'
                        WHEN IFNULL(rcd.customer_due, 0) = 0 THEN \'Fully Paid\'
                        ELSE \'Partially Paid\'
                    END AS payment_status
                FROM return_sales rs
                JOIN (
                    SELECT 
                        sales_details_invoice, 
                        SUM(total_sale_price) AS total_sale, 
                        SUM(productwiseVatPercnt) AS productwiseVatPercnt
                    FROM return_sales_details
                    GROUP BY sales_details_invoice
                ) rsd ON rs.sales_invoice = rsd.sales_details_invoice
                LEFT JOIN (
                    SELECT 
                        due_invoice_no, 
                        SUM(due_amount - due_paid_amount) AS customer_due,
                        SUM(due_paid_amount) AS total_due_paid
                    FROM return_customer_due
                    GROUP BY due_invoice_no
                ) rcd ON rs.sales_invoice = rcd.due_invoice_no
                LEFT JOIN customer c ON c.customer_id = rs.customer_type AND rs.customer_type REGEXP \'^[0-9]+\'
            ')
 2 SYSTEMPATH\CodeIgniter.php(933): App\Controllers\salereturnlist->saleReturnListShow()
 3 SYSTEMPATH\CodeIgniter.php(507): CodeIgniter\CodeIgniter->runController(Object(App\Controllers\salereturnlist))
 4 SYSTEMPATH\CodeIgniter.php(354): CodeIgniter\CodeIgniter->handleRequest(null, Object(Config\Cache), false)
 5 SYSTEMPATH\Boot.php(363): CodeIgniter\CodeIgniter->run()
 6 SYSTEMPATH\Boot.php(68): CodeIgniter\Boot::runCodeIgniter(Object(CodeIgniter\CodeIgniter))
 7 FCPATH\index.php(59): CodeIgniter\Boot::bootWeb(Object(Config\Paths))
CRITICAL - 2026-01-25 05:20:12 --> [Caused by] CodeIgniter\Database\Exceptions\DatabaseException: Unknown column 'productwiseVatPercnt' in 'field list'
in SYSTEMPATH\Database\MySQLi\Connection.php on line 332.
 1 SYSTEMPATH\Database\BaseConnection.php(729): CodeIgniter\Database\MySQLi\Connection->execute(' SELECT 
                    rs.sales_invoice,
                    rs.sales_date,
                    rsd.total_sale,
                    rsd.productwiseVatPercnt,
                    rs.discountOnTotalPrice,
                    rs.vatOnTotalPrice,
                    rs.paid_amount,
                    IFNULL(rcd.customer_due, 0) AS customer_due,
                    IFNULL(rcd.total_due_paid, 0) AS due_paid_amount,
                    (rs.paid_amount + IFNULL(rcd.total_due_paid, 0)) AS total_paid,
                    rs.due_amount,
                    CASE 
                        WHEN rs.customer_type REGEXP \'^[0-9]+$\' THEN c.cus_first_name
                        ELSE rs.customer_type
                    END AS customer_name,
                    CASE
                        WHEN rs.customer_type = \'Walk-In-Customer\' THEN \'Fully Paid\'
                        WHEN IFNULL(rcd.customer_due, 0) = 0 THEN \'Fully Paid\'
                        ELSE \'Partially Paid\'
                    END AS payment_status
                FROM return_sales rs
                JOIN (
                    SELECT 
                        sales_details_invoice, 
                        SUM(total_sale_price) AS total_sale, 
                        SUM(productwiseVatPercnt) AS productwiseVatPercnt
                    FROM return_sales_details
                    GROUP BY sales_details_invoice
                ) rsd ON rs.sales_invoice = rsd.sales_details_invoice
                LEFT JOIN (
                    SELECT 
                        due_invoice_no, 
                        SUM(due_amount - due_paid_amount) AS customer_due,
                        SUM(due_paid_amount) AS total_due_paid
                    FROM return_customer_due
                    GROUP BY due_invoice_no
                ) rcd ON rs.sales_invoice = rcd.due_invoice_no
                LEFT JOIN customer c ON c.customer_id = rs.customer_type AND rs.customer_type REGEXP \'^[0-9]+\'
            ')
 2 SYSTEMPATH\Database\BaseConnection.php(646): CodeIgniter\Database\BaseConnection->simpleQuery(' SELECT 
                    rs.sales_invoice,
                    rs.sales_date,
                    rsd.total_sale,
                    rsd.productwiseVatPercnt,
                    rs.discountOnTotalPrice,
                    rs.vatOnTotalPrice,
                    rs.paid_amount,
                    IFNULL(rcd.customer_due, 0) AS customer_due,
                    IFNULL(rcd.total_due_paid, 0) AS due_paid_amount,
                    (rs.paid_amount + IFNULL(rcd.total_due_paid, 0)) AS total_paid,
                    rs.due_amount,
                    CASE 
                        WHEN rs.customer_type REGEXP \'^[0-9]+$\' THEN c.cus_first_name
                        ELSE rs.customer_type
                    END AS customer_name,
                    CASE
                        WHEN rs.customer_type = \'Walk-In-Customer\' THEN \'Fully Paid\'
                        WHEN IFNULL(rcd.customer_due, 0) = 0 THEN \'Fully Paid\'
                        ELSE \'Partially Paid\'
                    END AS payment_status
                FROM return_sales rs
                JOIN (
                    SELECT 
                        sales_details_invoice, 
                        SUM(total_sale_price) AS total_sale, 
                        SUM(productwiseVatPercnt) AS productwiseVatPercnt
                    FROM return_sales_details
                    GROUP BY sales_details_invoice
                ) rsd ON rs.sales_invoice = rsd.sales_details_invoice
                LEFT JOIN (
                    SELECT 
                        due_invoice_no, 
                        SUM(due_amount - due_paid_amount) AS customer_due,
                        SUM(due_paid_amount) AS total_due_paid
                    FROM return_customer_due
                    GROUP BY due_invoice_no
                ) rcd ON rs.sales_invoice = rcd.due_invoice_no
                LEFT JOIN customer c ON c.customer_id = rs.customer_type AND rs.customer_type REGEXP \'^[0-9]+\'
            ')
 3 APPPATH\Controllers\salereturnlist.php(111): CodeIgniter\Database\BaseConnection->query(' SELECT 
                    rs.sales_invoice,
                    rs.sales_date,
                    rsd.total_sale,
                    rsd.productwiseVatPercnt,
                    rs.discountOnTotalPrice,
                    rs.vatOnTotalPrice,
                    rs.paid_amount,
                    IFNULL(rcd.customer_due, 0) AS customer_due,
                    IFNULL(rcd.total_due_paid, 0) AS due_paid_amount,
                    (rs.paid_amount + IFNULL(rcd.total_due_paid, 0)) AS total_paid,
                    rs.due_amount,
                    CASE 
                        WHEN rs.customer_type REGEXP \'^[0-9]+$\' THEN c.cus_first_name
                        ELSE rs.customer_type
                    END AS customer_name,
                    CASE
                        WHEN rs.customer_type = \'Walk-In-Customer\' THEN \'Fully Paid\'
                        WHEN IFNULL(rcd.customer_due, 0) = 0 THEN \'Fully Paid\'
                        ELSE \'Partially Paid\'
                    END AS payment_status
                FROM return_sales rs
                JOIN (
                    SELECT 
                        sales_details_invoice, 
                        SUM(total_sale_price) AS total_sale, 
                        SUM(productwiseVatPercnt) AS productwiseVatPercnt
                    FROM return_sales_details
                    GROUP BY sales_details_invoice
                ) rsd ON rs.sales_invoice = rsd.sales_details_invoice
                LEFT JOIN (
                    SELECT 
                        due_invoice_no, 
                        SUM(due_amount - due_paid_amount) AS customer_due,
                        SUM(due_paid_amount) AS total_due_paid
                    FROM return_customer_due
                    GROUP BY due_invoice_no
                ) rcd ON rs.sales_invoice = rcd.due_invoice_no
                LEFT JOIN customer c ON c.customer_id = rs.customer_type AND rs.customer_type REGEXP \'^[0-9]+\'
            ')
 4 SYSTEMPATH\CodeIgniter.php(933): App\Controllers\salereturnlist->saleReturnListShow()
 5 SYSTEMPATH\CodeIgniter.php(507): CodeIgniter\CodeIgniter->runController(Object(App\Controllers\salereturnlist))
 6 SYSTEMPATH\CodeIgniter.php(354): CodeIgniter\CodeIgniter->handleRequest(null, Object(Config\Cache), false)
 7 SYSTEMPATH\Boot.php(363): CodeIgniter\CodeIgniter->run()
 8 SYSTEMPATH\Boot.php(68): CodeIgniter\Boot::runCodeIgniter(Object(CodeIgniter\CodeIgniter))
 9 FCPATH\index.php(59): CodeIgniter\Boot::bootWeb(Object(Config\Paths))
CRITICAL - 2026-01-25 05:20:12 --> [Caused by] mysqli_sql_exception: Unknown column 'productwiseVatPercnt' in 'field list'
in SYSTEMPATH\Database\MySQLi\Connection.php on line 327.
 1 SYSTEMPATH\Database\MySQLi\Connection.php(327): mysqli->query(' SELECT 
                    rs.sales_invoice,
                    rs.sales_date,
                    rsd.total_sale,
                    rsd.productwiseVatPercnt,
                    rs.discountOnTotalPrice,
                    rs.vatOnTotalPrice,
                    rs.paid_amount,
                    IFNULL(rcd.customer_due, 0) AS customer_due,
                    IFNULL(rcd.total_due_paid, 0) AS due_paid_amount,
                    (rs.paid_amount + IFNULL(rcd.total_due_paid, 0)) AS total_paid,
                    rs.due_amount,
                    CASE 
                        WHEN rs.customer_type REGEXP \'^[0-9]+$\' THEN c.cus_first_name
                        ELSE rs.customer_type
                    END AS customer_name,
                    CASE
                        WHEN rs.customer_type = \'Walk-In-Customer\' THEN \'Fully Paid\'
                        WHEN IFNULL(rcd.customer_due, 0) = 0 THEN \'Fully Paid\'
                        ELSE \'Partially Paid\'
                    END AS payment_status
                FROM return_sales rs
                JOIN (
                    SELECT 
                        sales_details_invoice, 
                        SUM(total_sale_price) AS total_sale, 
                        SUM(productwiseVatPercnt) AS productwiseVatPercnt
                    FROM return_sales_details
                    GROUP BY sales_details_invoice
                ) rsd ON rs.sales_invoice = rsd.sales_details_invoice
                LEFT JOIN (
                    SELECT 
                        due_invoice_no, 
                        SUM(due_amount - due_paid_amount) AS customer_due,
                        SUM(due_paid_amount) AS total_due_paid
                    FROM return_customer_due
                    GROUP BY due_invoice_no
                ) rcd ON rs.sales_invoice = rcd.due_invoice_no
                LEFT JOIN customer c ON c.customer_id = rs.customer_type AND rs.customer_type REGEXP \'^[0-9]+\'
            ', 0)
 2 SYSTEMPATH\Database\BaseConnection.php(729): CodeIgniter\Database\MySQLi\Connection->execute(' SELECT 
                    rs.sales_invoice,
                    rs.sales_date,
                    rsd.total_sale,
                    rsd.productwiseVatPercnt,
                    rs.discountOnTotalPrice,
                    rs.vatOnTotalPrice,
                    rs.paid_amount,
                    IFNULL(rcd.customer_due, 0) AS customer_due,
                    IFNULL(rcd.total_due_paid, 0) AS due_paid_amount,
                    (rs.paid_amount + IFNULL(rcd.total_due_paid, 0)) AS total_paid,
                    rs.due_amount,
                    CASE 
                        WHEN rs.customer_type REGEXP \'^[0-9]+$\' THEN c.cus_first_name
                        ELSE rs.customer_type
                    END AS customer_name,
                    CASE
                        WHEN rs.customer_type = \'Walk-In-Customer\' THEN \'Fully Paid\'
                        WHEN IFNULL(rcd.customer_due, 0) = 0 THEN \'Fully Paid\'
                        ELSE \'Partially Paid\'
                    END AS payment_status
                FROM return_sales rs
                JOIN (
                    SELECT 
                        sales_details_invoice, 
                        SUM(total_sale_price) AS total_sale, 
                        SUM(productwiseVatPercnt) AS productwiseVatPercnt
                    FROM return_sales_details
                    GROUP BY sales_details_invoice
                ) rsd ON rs.sales_invoice = rsd.sales_details_invoice
                LEFT JOIN (
                    SELECT 
                        due_invoice_no, 
                        SUM(due_amount - due_paid_amount) AS customer_due,
                        SUM(due_paid_amount) AS total_due_paid
                    FROM return_customer_due
                    GROUP BY due_invoice_no
                ) rcd ON rs.sales_invoice = rcd.due_invoice_no
                LEFT JOIN customer c ON c.customer_id = rs.customer_type AND rs.customer_type REGEXP \'^[0-9]+\'
            ')
 3 SYSTEMPATH\Database\BaseConnection.php(646): CodeIgniter\Database\BaseConnection->simpleQuery(' SELECT 
                    rs.sales_invoice,
                    rs.sales_date,
                    rsd.total_sale,
                    rsd.productwiseVatPercnt,
                    rs.discountOnTotalPrice,
                    rs.vatOnTotalPrice,
                    rs.paid_amount,
                    IFNULL(rcd.customer_due, 0) AS customer_due,
                    IFNULL(rcd.total_due_paid, 0) AS due_paid_amount,
                    (rs.paid_amount + IFNULL(rcd.total_due_paid, 0)) AS total_paid,
                    rs.due_amount,
                    CASE 
                        WHEN rs.customer_type REGEXP \'^[0-9]+$\' THEN c.cus_first_name
                        ELSE rs.customer_type
                    END AS customer_name,
                    CASE
                        WHEN rs.customer_type = \'Walk-In-Customer\' THEN \'Fully Paid\'
                        WHEN IFNULL(rcd.customer_due, 0) = 0 THEN \'Fully Paid\'
                        ELSE \'Partially Paid\'
                    END AS payment_status
                FROM return_sales rs
                JOIN (
                    SELECT 
                        sales_details_invoice, 
                        SUM(total_sale_price) AS total_sale, 
                        SUM(productwiseVatPercnt) AS productwiseVatPercnt
                    FROM return_sales_details
                    GROUP BY sales_details_invoice
                ) rsd ON rs.sales_invoice = rsd.sales_details_invoice
                LEFT JOIN (
                    SELECT 
                        due_invoice_no, 
                        SUM(due_amount - due_paid_amount) AS customer_due,
                        SUM(due_paid_amount) AS total_due_paid
                    FROM return_customer_due
                    GROUP BY due_invoice_no
                ) rcd ON rs.sales_invoice = rcd.due_invoice_no
                LEFT JOIN customer c ON c.customer_id = rs.customer_type AND rs.customer_type REGEXP \'^[0-9]+\'
            ')
 4 APPPATH\Controllers\salereturnlist.php(111): CodeIgniter\Database\BaseConnection->query(' SELECT 
                    rs.sales_invoice,
                    rs.sales_date,
                    rsd.total_sale,
                    rsd.productwiseVatPercnt,
                    rs.discountOnTotalPrice,
                    rs.vatOnTotalPrice,
                    rs.paid_amount,
                    IFNULL(rcd.customer_due, 0) AS customer_due,
                    IFNULL(rcd.total_due_paid, 0) AS due_paid_amount,
                    (rs.paid_amount + IFNULL(rcd.total_due_paid, 0)) AS total_paid,
                    rs.due_amount,
                    CASE 
                        WHEN rs.customer_type REGEXP \'^[0-9]+$\' THEN c.cus_first_name
                        ELSE rs.customer_type
                    END AS customer_name,
                    CASE
                        WHEN rs.customer_type = \'Walk-In-Customer\' THEN \'Fully Paid\'
                        WHEN IFNULL(rcd.customer_due, 0) = 0 THEN \'Fully Paid\'
                        ELSE \'Partially Paid\'
                    END AS payment_status
                FROM return_sales rs
                JOIN (
                    SELECT 
                        sales_details_invoice, 
                        SUM(total_sale_price) AS total_sale, 
                        SUM(productwiseVatPercnt) AS productwiseVatPercnt
                    FROM return_sales_details
                    GROUP BY sales_details_invoice
                ) rsd ON rs.sales_invoice = rsd.sales_details_invoice
                LEFT JOIN (
                    SELECT 
                        due_invoice_no, 
                        SUM(due_amount - due_paid_amount) AS customer_due,
                        SUM(due_paid_amount) AS total_due_paid
                    FROM return_customer_due
                    GROUP BY due_invoice_no
                ) rcd ON rs.sales_invoice = rcd.due_invoice_no
                LEFT JOIN customer c ON c.customer_id = rs.customer_type AND rs.customer_type REGEXP \'^[0-9]+\'
            ')
 5 SYSTEMPATH\CodeIgniter.php(933): App\Controllers\salereturnlist->saleReturnListShow()
 6 SYSTEMPATH\CodeIgniter.php(507): CodeIgniter\CodeIgniter->runController(Object(App\Controllers\salereturnlist))
 7 SYSTEMPATH\CodeIgniter.php(354): CodeIgniter\CodeIgniter->handleRequest(null, Object(Config\Cache), false)
 8 SYSTEMPATH\Boot.php(363): CodeIgniter\CodeIgniter->run()
 9 SYSTEMPATH\Boot.php(68): CodeIgniter\Boot::runCodeIgniter(Object(CodeIgniter\CodeIgniter))
10 FCPATH\index.php(59): CodeIgniter\Boot::bootWeb(Object(Config\Paths))
ERROR - 2026-01-25 05:20:12 --> mysqli_sql_exception: Unknown column 'productwiseVatPercnt' in 'field list' in C:\laragon\www\pharmacy-project\system\Database\MySQLi\Connection.php:327
Stack trace:
#0 C:\laragon\www\pharmacy-project\system\Database\MySQLi\Connection.php(327): mysqli->query(' SELECT \r\n     ...', 0)
#1 C:\laragon\www\pharmacy-project\system\Database\BaseConnection.php(729): CodeIgniter\Database\MySQLi\Connection->execute(' SELECT \r\n     ...')
#2 C:\laragon\www\pharmacy-project\system\Database\BaseConnection.php(646): CodeIgniter\Database\BaseConnection->simpleQuery(' SELECT \r\n     ...')
#3 C:\laragon\www\pharmacy-project\app\Controllers\salereturnlist.php(111): CodeIgniter\Database\BaseConnection->query(' SELECT \r\n     ...')
#4 C:\laragon\www\pharmacy-project\system\CodeIgniter.php(933): App\Controllers\salereturnlist->saleReturnListShow()
#5 C:\laragon\www\pharmacy-project\system\CodeIgniter.php(507): CodeIgniter\CodeIgniter->runController(Object(App\Controllers\salereturnlist))
#6 C:\laragon\www\pharmacy-project\system\CodeIgniter.php(354): CodeIgniter\CodeIgniter->handleRequest(NULL, Object(Config\Cache), false)
#7 C:\laragon\www\pharmacy-project\system\Boot.php(363): CodeIgniter\CodeIgniter->run()
#8 C:\laragon\www\pharmacy-project\system\Boot.php(68): CodeIgniter\Boot::runCodeIgniter(Object(CodeIgniter\CodeIgniter))
#9 C:\laragon\www\pharmacy-project\index.php(59): CodeIgniter\Boot::bootWeb(Object(Config\Paths))
#10 {main}
CRITICAL - 2026-01-25 05:20:12 --> CodeIgniter\Database\Exceptions\DatabaseException: Unknown column 'productwiseVatPercnt' in 'field list'
[Method: GET, Route: salereturnlistshow]
in SYSTEMPATH\Database\BaseConnection.php on line 684.
 1 APPPATH\Controllers\salereturnlist.php(111): CodeIgniter\Database\BaseConnection->query(' SELECT 
                    rs.sales_invoice,
                    rs.sales_date,
                    rsd.total_sale,
                    rsd.productwiseVatPercnt,
                    rs.discountOnTotalPrice,
                    rs.vatOnTotalPrice,
                    rs.paid_amount,
                    IFNULL(rcd.customer_due, 0) AS customer_due,
                    IFNULL(rcd.total_due_paid, 0) AS due_paid_amount,
                    (rs.paid_amount + IFNULL(rcd.total_due_paid, 0)) AS total_paid,
                    rs.due_amount,
                    CASE 
                        WHEN rs.customer_type REGEXP \'^[0-9]+$\' THEN c.cus_first_name
                        ELSE rs.customer_type
                    END AS customer_name,
                    CASE
                        WHEN rs.customer_type = \'Walk-In-Customer\' THEN \'Fully Paid\'
                        WHEN IFNULL(rcd.customer_due, 0) = 0 THEN \'Fully Paid\'
                        ELSE \'Partially Paid\'
                    END AS payment_status
                FROM return_sales rs
                JOIN (
                    SELECT 
                        sales_details_invoice, 
                        SUM(total_sale_price) AS total_sale, 
                        SUM(productwiseVatPercnt) AS productwiseVatPercnt
                    FROM return_sales_details
                    GROUP BY sales_details_invoice
                ) rsd ON rs.sales_invoice = rsd.sales_details_invoice
                LEFT JOIN (
                    SELECT 
                        due_invoice_no, 
                        SUM(due_amount - due_paid_amount) AS customer_due,
                        SUM(due_paid_amount) AS total_due_paid
                    FROM return_customer_due
                    GROUP BY due_invoice_no
                ) rcd ON rs.sales_invoice = rcd.due_invoice_no
                LEFT JOIN customer c ON c.customer_id = rs.customer_type AND rs.customer_type REGEXP \'^[0-9]+\'
            ')
 2 SYSTEMPATH\CodeIgniter.php(933): App\Controllers\salereturnlist->saleReturnListShow()
 3 SYSTEMPATH\CodeIgniter.php(507): CodeIgniter\CodeIgniter->runController(Object(App\Controllers\salereturnlist))
 4 SYSTEMPATH\CodeIgniter.php(354): CodeIgniter\CodeIgniter->handleRequest(null, Object(Config\Cache), false)
 5 SYSTEMPATH\Boot.php(363): CodeIgniter\CodeIgniter->run()
 6 SYSTEMPATH\Boot.php(68): CodeIgniter\Boot::runCodeIgniter(Object(CodeIgniter\CodeIgniter))
 7 FCPATH\index.php(59): CodeIgniter\Boot::bootWeb(Object(Config\Paths))
CRITICAL - 2026-01-25 05:20:12 --> [Caused by] CodeIgniter\Database\Exceptions\DatabaseException: Unknown column 'productwiseVatPercnt' in 'field list'
in SYSTEMPATH\Database\MySQLi\Connection.php on line 332.
 1 SYSTEMPATH\Database\BaseConnection.php(729): CodeIgniter\Database\MySQLi\Connection->execute(' SELECT 
                    rs.sales_invoice,
                    rs.sales_date,
                    rsd.total_sale,
                    rsd.productwiseVatPercnt,
                    rs.discountOnTotalPrice,
                    rs.vatOnTotalPrice,
                    rs.paid_amount,
                    IFNULL(rcd.customer_due, 0) AS customer_due,
                    IFNULL(rcd.total_due_paid, 0) AS due_paid_amount,
                    (rs.paid_amount + IFNULL(rcd.total_due_paid, 0)) AS total_paid,
                    rs.due_amount,
                    CASE 
                        WHEN rs.customer_type REGEXP \'^[0-9]+$\' THEN c.cus_first_name
                        ELSE rs.customer_type
                    END AS customer_name,
                    CASE
                        WHEN rs.customer_type = \'Walk-In-Customer\' THEN \'Fully Paid\'
                        WHEN IFNULL(rcd.customer_due, 0) = 0 THEN \'Fully Paid\'
                        ELSE \'Partially Paid\'
                    END AS payment_status
                FROM return_sales rs
                JOIN (
                    SELECT 
                        sales_details_invoice, 
                        SUM(total_sale_price) AS total_sale, 
                        SUM(productwiseVatPercnt) AS productwiseVatPercnt
                    FROM return_sales_details
                    GROUP BY sales_details_invoice
                ) rsd ON rs.sales_invoice = rsd.sales_details_invoice
                LEFT JOIN (
                    SELECT 
                        due_invoice_no, 
                        SUM(due_amount - due_paid_amount) AS customer_due,
                        SUM(due_paid_amount) AS total_due_paid
                    FROM return_customer_due
                    GROUP BY due_invoice_no
                ) rcd ON rs.sales_invoice = rcd.due_invoice_no
                LEFT JOIN customer c ON c.customer_id = rs.customer_type AND rs.customer_type REGEXP \'^[0-9]+\'
            ')
 2 SYSTEMPATH\Database\BaseConnection.php(646): CodeIgniter\Database\BaseConnection->simpleQuery(' SELECT 
                    rs.sales_invoice,
                    rs.sales_date,
                    rsd.total_sale,
                    rsd.productwiseVatPercnt,
                    rs.discountOnTotalPrice,
                    rs.vatOnTotalPrice,
                    rs.paid_amount,
                    IFNULL(rcd.customer_due, 0) AS customer_due,
                    IFNULL(rcd.total_due_paid, 0) AS due_paid_amount,
                    (rs.paid_amount + IFNULL(rcd.total_due_paid, 0)) AS total_paid,
                    rs.due_amount,
                    CASE 
                        WHEN rs.customer_type REGEXP \'^[0-9]+$\' THEN c.cus_first_name
                        ELSE rs.customer_type
                    END AS customer_name,
                    CASE
                        WHEN rs.customer_type = \'Walk-In-Customer\' THEN \'Fully Paid\'
                        WHEN IFNULL(rcd.customer_due, 0) = 0 THEN \'Fully Paid\'
                        ELSE \'Partially Paid\'
                    END AS payment_status
                FROM return_sales rs
                JOIN (
                    SELECT 
                        sales_details_invoice, 
                        SUM(total_sale_price) AS total_sale, 
                        SUM(productwiseVatPercnt) AS productwiseVatPercnt
                    FROM return_sales_details
                    GROUP BY sales_details_invoice
                ) rsd ON rs.sales_invoice = rsd.sales_details_invoice
                LEFT JOIN (
                    SELECT 
                        due_invoice_no, 
                        SUM(due_amount - due_paid_amount) AS customer_due,
                        SUM(due_paid_amount) AS total_due_paid
                    FROM return_customer_due
                    GROUP BY due_invoice_no
                ) rcd ON rs.sales_invoice = rcd.due_invoice_no
                LEFT JOIN customer c ON c.customer_id = rs.customer_type AND rs.customer_type REGEXP \'^[0-9]+\'
            ')
 3 APPPATH\Controllers\salereturnlist.php(111): CodeIgniter\Database\BaseConnection->query(' SELECT 
                    rs.sales_invoice,
                    rs.sales_date,
                    rsd.total_sale,
                    rsd.productwiseVatPercnt,
                    rs.discountOnTotalPrice,
                    rs.vatOnTotalPrice,
                    rs.paid_amount,
                    IFNULL(rcd.customer_due, 0) AS customer_due,
                    IFNULL(rcd.total_due_paid, 0) AS due_paid_amount,
                    (rs.paid_amount + IFNULL(rcd.total_due_paid, 0)) AS total_paid,
                    rs.due_amount,
                    CASE 
                        WHEN rs.customer_type REGEXP \'^[0-9]+$\' THEN c.cus_first_name
                        ELSE rs.customer_type
                    END AS customer_name,
                    CASE
                        WHEN rs.customer_type = \'Walk-In-Customer\' THEN \'Fully Paid\'
                        WHEN IFNULL(rcd.customer_due, 0) = 0 THEN \'Fully Paid\'
                        ELSE \'Partially Paid\'
                    END AS payment_status
                FROM return_sales rs
                JOIN (
                    SELECT 
                        sales_details_invoice, 
                        SUM(total_sale_price) AS total_sale, 
                        SUM(productwiseVatPercnt) AS productwiseVatPercnt
                    FROM return_sales_details
                    GROUP BY sales_details_invoice
                ) rsd ON rs.sales_invoice = rsd.sales_details_invoice
                LEFT JOIN (
                    SELECT 
                        due_invoice_no, 
                        SUM(due_amount - due_paid_amount) AS customer_due,
                        SUM(due_paid_amount) AS total_due_paid
                    FROM return_customer_due
                    GROUP BY due_invoice_no
                ) rcd ON rs.sales_invoice = rcd.due_invoice_no
                LEFT JOIN customer c ON c.customer_id = rs.customer_type AND rs.customer_type REGEXP \'^[0-9]+\'
            ')
 4 SYSTEMPATH\CodeIgniter.php(933): App\Controllers\salereturnlist->saleReturnListShow()
 5 SYSTEMPATH\CodeIgniter.php(507): CodeIgniter\CodeIgniter->runController(Object(App\Controllers\salereturnlist))
 6 SYSTEMPATH\CodeIgniter.php(354): CodeIgniter\CodeIgniter->handleRequest(null, Object(Config\Cache), false)
 7 SYSTEMPATH\Boot.php(363): CodeIgniter\CodeIgniter->run()
 8 SYSTEMPATH\Boot.php(68): CodeIgniter\Boot::runCodeIgniter(Object(CodeIgniter\CodeIgniter))
 9 FCPATH\index.php(59): CodeIgniter\Boot::bootWeb(Object(Config\Paths))
CRITICAL - 2026-01-25 05:20:12 --> [Caused by] mysqli_sql_exception: Unknown column 'productwiseVatPercnt' in 'field list'
in SYSTEMPATH\Database\MySQLi\Connection.php on line 327.
 1 SYSTEMPATH\Database\MySQLi\Connection.php(327): mysqli->query(' SELECT 
                    rs.sales_invoice,
                    rs.sales_date,
                    rsd.total_sale,
                    rsd.productwiseVatPercnt,
                    rs.discountOnTotalPrice,
                    rs.vatOnTotalPrice,
                    rs.paid_amount,
                    IFNULL(rcd.customer_due, 0) AS customer_due,
                    IFNULL(rcd.total_due_paid, 0) AS due_paid_amount,
                    (rs.paid_amount + IFNULL(rcd.total_due_paid, 0)) AS total_paid,
                    rs.due_amount,
                    CASE 
                        WHEN rs.customer_type REGEXP \'^[0-9]+$\' THEN c.cus_first_name
                        ELSE rs.customer_type
                    END AS customer_name,
                    CASE
                        WHEN rs.customer_type = \'Walk-In-Customer\' THEN \'Fully Paid\'
                        WHEN IFNULL(rcd.customer_due, 0) = 0 THEN \'Fully Paid\'
                        ELSE \'Partially Paid\'
                    END AS payment_status
                FROM return_sales rs
                JOIN (
                    SELECT 
                        sales_details_invoice, 
                        SUM(total_sale_price) AS total_sale, 
                        SUM(productwiseVatPercnt) AS productwiseVatPercnt
                    FROM return_sales_details
                    GROUP BY sales_details_invoice
                ) rsd ON rs.sales_invoice = rsd.sales_details_invoice
                LEFT JOIN (
                    SELECT 
                        due_invoice_no, 
                        SUM(due_amount - due_paid_amount) AS customer_due,
                        SUM(due_paid_amount) AS total_due_paid
                    FROM return_customer_due
                    GROUP BY due_invoice_no
                ) rcd ON rs.sales_invoice = rcd.due_invoice_no
                LEFT JOIN customer c ON c.customer_id = rs.customer_type AND rs.customer_type REGEXP \'^[0-9]+\'
            ', 0)
 2 SYSTEMPATH\Database\BaseConnection.php(729): CodeIgniter\Database\MySQLi\Connection->execute(' SELECT 
                    rs.sales_invoice,
                    rs.sales_date,
                    rsd.total_sale,
                    rsd.productwiseVatPercnt,
                    rs.discountOnTotalPrice,
                    rs.vatOnTotalPrice,
                    rs.paid_amount,
                    IFNULL(rcd.customer_due, 0) AS customer_due,
                    IFNULL(rcd.total_due_paid, 0) AS due_paid_amount,
                    (rs.paid_amount + IFNULL(rcd.total_due_paid, 0)) AS total_paid,
                    rs.due_amount,
                    CASE 
                        WHEN rs.customer_type REGEXP \'^[0-9]+$\' THEN c.cus_first_name
                        ELSE rs.customer_type
                    END AS customer_name,
                    CASE
                        WHEN rs.customer_type = \'Walk-In-Customer\' THEN \'Fully Paid\'
                        WHEN IFNULL(rcd.customer_due, 0) = 0 THEN \'Fully Paid\'
                        ELSE \'Partially Paid\'
                    END AS payment_status
                FROM return_sales rs
                JOIN (
                    SELECT 
                        sales_details_invoice, 
                        SUM(total_sale_price) AS total_sale, 
                        SUM(productwiseVatPercnt) AS productwiseVatPercnt
                    FROM return_sales_details
                    GROUP BY sales_details_invoice
                ) rsd ON rs.sales_invoice = rsd.sales_details_invoice
                LEFT JOIN (
                    SELECT 
                        due_invoice_no, 
                        SUM(due_amount - due_paid_amount) AS customer_due,
                        SUM(due_paid_amount) AS total_due_paid
                    FROM return_customer_due
                    GROUP BY due_invoice_no
                ) rcd ON rs.sales_invoice = rcd.due_invoice_no
                LEFT JOIN customer c ON c.customer_id = rs.customer_type AND rs.customer_type REGEXP \'^[0-9]+\'
            ')
 3 SYSTEMPATH\Database\BaseConnection.php(646): CodeIgniter\Database\BaseConnection->simpleQuery(' SELECT 
                    rs.sales_invoice,
                    rs.sales_date,
                    rsd.total_sale,
                    rsd.productwiseVatPercnt,
                    rs.discountOnTotalPrice,
                    rs.vatOnTotalPrice,
                    rs.paid_amount,
                    IFNULL(rcd.customer_due, 0) AS customer_due,
                    IFNULL(rcd.total_due_paid, 0) AS due_paid_amount,
                    (rs.paid_amount + IFNULL(rcd.total_due_paid, 0)) AS total_paid,
                    rs.due_amount,
                    CASE 
                        WHEN rs.customer_type REGEXP \'^[0-9]+$\' THEN c.cus_first_name
                        ELSE rs.customer_type
                    END AS customer_name,
                    CASE
                        WHEN rs.customer_type = \'Walk-In-Customer\' THEN \'Fully Paid\'
                        WHEN IFNULL(rcd.customer_due, 0) = 0 THEN \'Fully Paid\'
                        ELSE \'Partially Paid\'
                    END AS payment_status
                FROM return_sales rs
                JOIN (
                    SELECT 
                        sales_details_invoice, 
                        SUM(total_sale_price) AS total_sale, 
                        SUM(productwiseVatPercnt) AS productwiseVatPercnt
                    FROM return_sales_details
                    GROUP BY sales_details_invoice
                ) rsd ON rs.sales_invoice = rsd.sales_details_invoice
                LEFT JOIN (
                    SELECT 
                        due_invoice_no, 
                        SUM(due_amount - due_paid_amount) AS customer_due,
                        SUM(due_paid_amount) AS total_due_paid
                    FROM return_customer_due
                    GROUP BY due_invoice_no
                ) rcd ON rs.sales_invoice = rcd.due_invoice_no
                LEFT JOIN customer c ON c.customer_id = rs.customer_type AND rs.customer_type REGEXP \'^[0-9]+\'
            ')
 4 APPPATH\Controllers\salereturnlist.php(111): CodeIgniter\Database\BaseConnection->query(' SELECT 
                    rs.sales_invoice,
                    rs.sales_date,
                    rsd.total_sale,
                    rsd.productwiseVatPercnt,
                    rs.discountOnTotalPrice,
                    rs.vatOnTotalPrice,
                    rs.paid_amount,
                    IFNULL(rcd.customer_due, 0) AS customer_due,
                    IFNULL(rcd.total_due_paid, 0) AS due_paid_amount,
                    (rs.paid_amount + IFNULL(rcd.total_due_paid, 0)) AS total_paid,
                    rs.due_amount,
                    CASE 
                        WHEN rs.customer_type REGEXP \'^[0-9]+$\' THEN c.cus_first_name
                        ELSE rs.customer_type
                    END AS customer_name,
                    CASE
                        WHEN rs.customer_type = \'Walk-In-Customer\' THEN \'Fully Paid\'
                        WHEN IFNULL(rcd.customer_due, 0) = 0 THEN \'Fully Paid\'
                        ELSE \'Partially Paid\'
                    END AS payment_status
                FROM return_sales rs
                JOIN (
                    SELECT 
                        sales_details_invoice, 
                        SUM(total_sale_price) AS total_sale, 
                        SUM(productwiseVatPercnt) AS productwiseVatPercnt
                    FROM return_sales_details
                    GROUP BY sales_details_invoice
                ) rsd ON rs.sales_invoice = rsd.sales_details_invoice
                LEFT JOIN (
                    SELECT 
                        due_invoice_no, 
                        SUM(due_amount - due_paid_amount) AS customer_due,
                        SUM(due_paid_amount) AS total_due_paid
                    FROM return_customer_due
                    GROUP BY due_invoice_no
                ) rcd ON rs.sales_invoice = rcd.due_invoice_no
                LEFT JOIN customer c ON c.customer_id = rs.customer_type AND rs.customer_type REGEXP \'^[0-9]+\'
            ')
 5 SYSTEMPATH\CodeIgniter.php(933): App\Controllers\salereturnlist->saleReturnListShow()
 6 SYSTEMPATH\CodeIgniter.php(507): CodeIgniter\CodeIgniter->runController(Object(App\Controllers\salereturnlist))
 7 SYSTEMPATH\CodeIgniter.php(354): CodeIgniter\CodeIgniter->handleRequest(null, Object(Config\Cache), false)
 8 SYSTEMPATH\Boot.php(363): CodeIgniter\CodeIgniter->run()
 9 SYSTEMPATH\Boot.php(68): CodeIgniter\Boot::runCodeIgniter(Object(CodeIgniter\CodeIgniter))
10 FCPATH\index.php(59): CodeIgniter\Boot::bootWeb(Object(Config\Paths))
ERROR - 2026-01-25 05:20:12 --> mysqli_sql_exception: Unknown column 'productwiseVatPercnt' in 'field list' in C:\laragon\www\pharmacy-project\system\Database\MySQLi\Connection.php:327
Stack trace:
#0 C:\laragon\www\pharmacy-project\system\Database\MySQLi\Connection.php(327): mysqli->query(' SELECT \r\n     ...', 0)
#1 C:\laragon\www\pharmacy-project\system\Database\BaseConnection.php(729): CodeIgniter\Database\MySQLi\Connection->execute(' SELECT \r\n     ...')
#2 C:\laragon\www\pharmacy-project\system\Database\BaseConnection.php(646): CodeIgniter\Database\BaseConnection->simpleQuery(' SELECT \r\n     ...')
#3 C:\laragon\www\pharmacy-project\app\Controllers\salereturnlist.php(111): CodeIgniter\Database\BaseConnection->query(' SELECT \r\n     ...')
#4 C:\laragon\www\pharmacy-project\system\CodeIgniter.php(933): App\Controllers\salereturnlist->saleReturnListShow()
#5 C:\laragon\www\pharmacy-project\system\CodeIgniter.php(507): CodeIgniter\CodeIgniter->runController(Object(App\Controllers\salereturnlist))
#6 C:\laragon\www\pharmacy-project\system\CodeIgniter.php(354): CodeIgniter\CodeIgniter->handleRequest(NULL, Object(Config\Cache), false)
#7 C:\laragon\www\pharmacy-project\system\Boot.php(363): CodeIgniter\CodeIgniter->run()
#8 C:\laragon\www\pharmacy-project\system\Boot.php(68): CodeIgniter\Boot::runCodeIgniter(Object(CodeIgniter\CodeIgniter))
#9 C:\laragon\www\pharmacy-project\index.php(59): CodeIgniter\Boot::bootWeb(Object(Config\Paths))
#10 {main}
CRITICAL - 2026-01-25 05:20:12 --> CodeIgniter\Database\Exceptions\DatabaseException: Unknown column 'productwiseVatPercnt' in 'field list'
[Method: GET, Route: salereturnlistshow]
in SYSTEMPATH\Database\BaseConnection.php on line 684.
 1 APPPATH\Controllers\salereturnlist.php(111): CodeIgniter\Database\BaseConnection->query(' SELECT 
                    rs.sales_invoice,
                    rs.sales_date,
                    rsd.total_sale,
                    rsd.productwiseVatPercnt,
                    rs.discountOnTotalPrice,
                    rs.vatOnTotalPrice,
                    rs.paid_amount,
                    IFNULL(rcd.customer_due, 0) AS customer_due,
                    IFNULL(rcd.total_due_paid, 0) AS due_paid_amount,
                    (rs.paid_amount + IFNULL(rcd.total_due_paid, 0)) AS total_paid,
                    rs.due_amount,
                    CASE 
                        WHEN rs.customer_type REGEXP \'^[0-9]+$\' THEN c.cus_first_name
                        ELSE rs.customer_type
                    END AS customer_name,
                    CASE
                        WHEN rs.customer_type = \'Walk-In-Customer\' THEN \'Fully Paid\'
                        WHEN IFNULL(rcd.customer_due, 0) = 0 THEN \'Fully Paid\'
                        ELSE \'Partially Paid\'
                    END AS payment_status
                FROM return_sales rs
                JOIN (
                    SELECT 
                        sales_details_invoice, 
                        SUM(total_sale_price) AS total_sale, 
                        SUM(productwiseVatPercnt) AS productwiseVatPercnt
                    FROM return_sales_details
                    GROUP BY sales_details_invoice
                ) rsd ON rs.sales_invoice = rsd.sales_details_invoice
                LEFT JOIN (
                    SELECT 
                        due_invoice_no, 
                        SUM(due_amount - due_paid_amount) AS customer_due,
                        SUM(due_paid_amount) AS total_due_paid
                    FROM return_customer_due
                    GROUP BY due_invoice_no
                ) rcd ON rs.sales_invoice = rcd.due_invoice_no
                LEFT JOIN customer c ON c.customer_id = rs.customer_type AND rs.customer_type REGEXP \'^[0-9]+\'
            ')
 2 SYSTEMPATH\CodeIgniter.php(933): App\Controllers\salereturnlist->saleReturnListShow()
 3 SYSTEMPATH\CodeIgniter.php(507): CodeIgniter\CodeIgniter->runController(Object(App\Controllers\salereturnlist))
 4 SYSTEMPATH\CodeIgniter.php(354): CodeIgniter\CodeIgniter->handleRequest(null, Object(Config\Cache), false)
 5 SYSTEMPATH\Boot.php(363): CodeIgniter\CodeIgniter->run()
 6 SYSTEMPATH\Boot.php(68): CodeIgniter\Boot::runCodeIgniter(Object(CodeIgniter\CodeIgniter))
 7 FCPATH\index.php(59): CodeIgniter\Boot::bootWeb(Object(Config\Paths))
CRITICAL - 2026-01-25 05:20:12 --> [Caused by] CodeIgniter\Database\Exceptions\DatabaseException: Unknown column 'productwiseVatPercnt' in 'field list'
in SYSTEMPATH\Database\MySQLi\Connection.php on line 332.
 1 SYSTEMPATH\Database\BaseConnection.php(729): CodeIgniter\Database\MySQLi\Connection->execute(' SELECT 
                    rs.sales_invoice,
                    rs.sales_date,
                    rsd.total_sale,
                    rsd.productwiseVatPercnt,
                    rs.discountOnTotalPrice,
                    rs.vatOnTotalPrice,
                    rs.paid_amount,
                    IFNULL(rcd.customer_due, 0) AS customer_due,
                    IFNULL(rcd.total_due_paid, 0) AS due_paid_amount,
                    (rs.paid_amount + IFNULL(rcd.total_due_paid, 0)) AS total_paid,
                    rs.due_amount,
                    CASE 
                        WHEN rs.customer_type REGEXP \'^[0-9]+$\' THEN c.cus_first_name
                        ELSE rs.customer_type
                    END AS customer_name,
                    CASE
                        WHEN rs.customer_type = \'Walk-In-Customer\' THEN \'Fully Paid\'
                        WHEN IFNULL(rcd.customer_due, 0) = 0 THEN \'Fully Paid\'
                        ELSE \'Partially Paid\'
                    END AS payment_status
                FROM return_sales rs
                JOIN (
                    SELECT 
                        sales_details_invoice, 
                        SUM(total_sale_price) AS total_sale, 
                        SUM(productwiseVatPercnt) AS productwiseVatPercnt
                    FROM return_sales_details
                    GROUP BY sales_details_invoice
                ) rsd ON rs.sales_invoice = rsd.sales_details_invoice
                LEFT JOIN (
                    SELECT 
                        due_invoice_no, 
                        SUM(due_amount - due_paid_amount) AS customer_due,
                        SUM(due_paid_amount) AS total_due_paid
                    FROM return_customer_due
                    GROUP BY due_invoice_no
                ) rcd ON rs.sales_invoice = rcd.due_invoice_no
                LEFT JOIN customer c ON c.customer_id = rs.customer_type AND rs.customer_type REGEXP \'^[0-9]+\'
            ')
 2 SYSTEMPATH\Database\BaseConnection.php(646): CodeIgniter\Database\BaseConnection->simpleQuery(' SELECT 
                    rs.sales_invoice,
                    rs.sales_date,
                    rsd.total_sale,
                    rsd.productwiseVatPercnt,
                    rs.discountOnTotalPrice,
                    rs.vatOnTotalPrice,
                    rs.paid_amount,
                    IFNULL(rcd.customer_due, 0) AS customer_due,
                    IFNULL(rcd.total_due_paid, 0) AS due_paid_amount,
                    (rs.paid_amount + IFNULL(rcd.total_due_paid, 0)) AS total_paid,
                    rs.due_amount,
                    CASE 
                        WHEN rs.customer_type REGEXP \'^[0-9]+$\' THEN c.cus_first_name
                        ELSE rs.customer_type
                    END AS customer_name,
                    CASE
                        WHEN rs.customer_type = \'Walk-In-Customer\' THEN \'Fully Paid\'
                        WHEN IFNULL(rcd.customer_due, 0) = 0 THEN \'Fully Paid\'
                        ELSE \'Partially Paid\'
                    END AS payment_status
                FROM return_sales rs
                JOIN (
                    SELECT 
                        sales_details_invoice, 
                        SUM(total_sale_price) AS total_sale, 
                        SUM(productwiseVatPercnt) AS productwiseVatPercnt
                    FROM return_sales_details
                    GROUP BY sales_details_invoice
                ) rsd ON rs.sales_invoice = rsd.sales_details_invoice
                LEFT JOIN (
                    SELECT 
                        due_invoice_no, 
                        SUM(due_amount - due_paid_amount) AS customer_due,
                        SUM(due_paid_amount) AS total_due_paid
                    FROM return_customer_due
                    GROUP BY due_invoice_no
                ) rcd ON rs.sales_invoice = rcd.due_invoice_no
                LEFT JOIN customer c ON c.customer_id = rs.customer_type AND rs.customer_type REGEXP \'^[0-9]+\'
            ')
 3 APPPATH\Controllers\salereturnlist.php(111): CodeIgniter\Database\BaseConnection->query(' SELECT 
                    rs.sales_invoice,
                    rs.sales_date,
                    rsd.total_sale,
                    rsd.productwiseVatPercnt,
                    rs.discountOnTotalPrice,
                    rs.vatOnTotalPrice,
                    rs.paid_amount,
                    IFNULL(rcd.customer_due, 0) AS customer_due,
                    IFNULL(rcd.total_due_paid, 0) AS due_paid_amount,
                    (rs.paid_amount + IFNULL(rcd.total_due_paid, 0)) AS total_paid,
                    rs.due_amount,
                    CASE 
                        WHEN rs.customer_type REGEXP \'^[0-9]+$\' THEN c.cus_first_name
                        ELSE rs.customer_type
                    END AS customer_name,
                    CASE
                        WHEN rs.customer_type = \'Walk-In-Customer\' THEN \'Fully Paid\'
                        WHEN IFNULL(rcd.customer_due, 0) = 0 THEN \'Fully Paid\'
                        ELSE \'Partially Paid\'
                    END AS payment_status
                FROM return_sales rs
                JOIN (
                    SELECT 
                        sales_details_invoice, 
                        SUM(total_sale_price) AS total_sale, 
                        SUM(productwiseVatPercnt) AS productwiseVatPercnt
                    FROM return_sales_details
                    GROUP BY sales_details_invoice
                ) rsd ON rs.sales_invoice = rsd.sales_details_invoice
                LEFT JOIN (
                    SELECT 
                        due_invoice_no, 
                        SUM(due_amount - due_paid_amount) AS customer_due,
                        SUM(due_paid_amount) AS total_due_paid
                    FROM return_customer_due
                    GROUP BY due_invoice_no
                ) rcd ON rs.sales_invoice = rcd.due_invoice_no
                LEFT JOIN customer c ON c.customer_id = rs.customer_type AND rs.customer_type REGEXP \'^[0-9]+\'
            ')
 4 SYSTEMPATH\CodeIgniter.php(933): App\Controllers\salereturnlist->saleReturnListShow()
 5 SYSTEMPATH\CodeIgniter.php(507): CodeIgniter\CodeIgniter->runController(Object(App\Controllers\salereturnlist))
 6 SYSTEMPATH\CodeIgniter.php(354): CodeIgniter\CodeIgniter->handleRequest(null, Object(Config\Cache), false)
 7 SYSTEMPATH\Boot.php(363): CodeIgniter\CodeIgniter->run()
 8 SYSTEMPATH\Boot.php(68): CodeIgniter\Boot::runCodeIgniter(Object(CodeIgniter\CodeIgniter))
 9 FCPATH\index.php(59): CodeIgniter\Boot::bootWeb(Object(Config\Paths))
CRITICAL - 2026-01-25 05:20:12 --> [Caused by] mysqli_sql_exception: Unknown column 'productwiseVatPercnt' in 'field list'
in SYSTEMPATH\Database\MySQLi\Connection.php on line 327.
 1 SYSTEMPATH\Database\MySQLi\Connection.php(327): mysqli->query(' SELECT 
                    rs.sales_invoice,
                    rs.sales_date,
                    rsd.total_sale,
                    rsd.productwiseVatPercnt,
                    rs.discountOnTotalPrice,
                    rs.vatOnTotalPrice,
                    rs.paid_amount,
                    IFNULL(rcd.customer_due, 0) AS customer_due,
                    IFNULL(rcd.total_due_paid, 0) AS due_paid_amount,
                    (rs.paid_amount + IFNULL(rcd.total_due_paid, 0)) AS total_paid,
                    rs.due_amount,
                    CASE 
                        WHEN rs.customer_type REGEXP \'^[0-9]+$\' THEN c.cus_first_name
                        ELSE rs.customer_type
                    END AS customer_name,
                    CASE
                        WHEN rs.customer_type = \'Walk-In-Customer\' THEN \'Fully Paid\'
                        WHEN IFNULL(rcd.customer_due, 0) = 0 THEN \'Fully Paid\'
                        ELSE \'Partially Paid\'
                    END AS payment_status
                FROM return_sales rs
                JOIN (
                    SELECT 
                        sales_details_invoice, 
                        SUM(total_sale_price) AS total_sale, 
                        SUM(productwiseVatPercnt) AS productwiseVatPercnt
                    FROM return_sales_details
                    GROUP BY sales_details_invoice
                ) rsd ON rs.sales_invoice = rsd.sales_details_invoice
                LEFT JOIN (
                    SELECT 
                        due_invoice_no, 
                        SUM(due_amount - due_paid_amount) AS customer_due,
                        SUM(due_paid_amount) AS total_due_paid
                    FROM return_customer_due
                    GROUP BY due_invoice_no
                ) rcd ON rs.sales_invoice = rcd.due_invoice_no
                LEFT JOIN customer c ON c.customer_id = rs.customer_type AND rs.customer_type REGEXP \'^[0-9]+\'
            ', 0)
 2 SYSTEMPATH\Database\BaseConnection.php(729): CodeIgniter\Database\MySQLi\Connection->execute(' SELECT 
                    rs.sales_invoice,
                    rs.sales_date,
                    rsd.total_sale,
                    rsd.productwiseVatPercnt,
                    rs.discountOnTotalPrice,
                    rs.vatOnTotalPrice,
                    rs.paid_amount,
                    IFNULL(rcd.customer_due, 0) AS customer_due,
                    IFNULL(rcd.total_due_paid, 0) AS due_paid_amount,
                    (rs.paid_amount + IFNULL(rcd.total_due_paid, 0)) AS total_paid,
                    rs.due_amount,
                    CASE 
                        WHEN rs.customer_type REGEXP \'^[0-9]+$\' THEN c.cus_first_name
                        ELSE rs.customer_type
                    END AS customer_name,
                    CASE
                        WHEN rs.customer_type = \'Walk-In-Customer\' THEN \'Fully Paid\'
                        WHEN IFNULL(rcd.customer_due, 0) = 0 THEN \'Fully Paid\'
                        ELSE \'Partially Paid\'
                    END AS payment_status
                FROM return_sales rs
                JOIN (
                    SELECT 
                        sales_details_invoice, 
                        SUM(total_sale_price) AS total_sale, 
                        SUM(productwiseVatPercnt) AS productwiseVatPercnt
                    FROM return_sales_details
                    GROUP BY sales_details_invoice
                ) rsd ON rs.sales_invoice = rsd.sales_details_invoice
                LEFT JOIN (
                    SELECT 
                        due_invoice_no, 
                        SUM(due_amount - due_paid_amount) AS customer_due,
                        SUM(due_paid_amount) AS total_due_paid
                    FROM return_customer_due
                    GROUP BY due_invoice_no
                ) rcd ON rs.sales_invoice = rcd.due_invoice_no
                LEFT JOIN customer c ON c.customer_id = rs.customer_type AND rs.customer_type REGEXP \'^[0-9]+\'
            ')
 3 SYSTEMPATH\Database\BaseConnection.php(646): CodeIgniter\Database\BaseConnection->simpleQuery(' SELECT 
                    rs.sales_invoice,
                    rs.sales_date,
                    rsd.total_sale,
                    rsd.productwiseVatPercnt,
                    rs.discountOnTotalPrice,
                    rs.vatOnTotalPrice,
                    rs.paid_amount,
                    IFNULL(rcd.customer_due, 0) AS customer_due,
                    IFNULL(rcd.total_due_paid, 0) AS due_paid_amount,
                    (rs.paid_amount + IFNULL(rcd.total_due_paid, 0)) AS total_paid,
                    rs.due_amount,
                    CASE 
                        WHEN rs.customer_type REGEXP \'^[0-9]+$\' THEN c.cus_first_name
                        ELSE rs.customer_type
                    END AS customer_name,
                    CASE
                        WHEN rs.customer_type = \'Walk-In-Customer\' THEN \'Fully Paid\'
                        WHEN IFNULL(rcd.customer_due, 0) = 0 THEN \'Fully Paid\'
                        ELSE \'Partially Paid\'
                    END AS payment_status
                FROM return_sales rs
                JOIN (
                    SELECT 
                        sales_details_invoice, 
                        SUM(total_sale_price) AS total_sale, 
                        SUM(productwiseVatPercnt) AS productwiseVatPercnt
                    FROM return_sales_details
                    GROUP BY sales_details_invoice
                ) rsd ON rs.sales_invoice = rsd.sales_details_invoice
                LEFT JOIN (
                    SELECT 
                        due_invoice_no, 
                        SUM(due_amount - due_paid_amount) AS customer_due,
                        SUM(due_paid_amount) AS total_due_paid
                    FROM return_customer_due
                    GROUP BY due_invoice_no
                ) rcd ON rs.sales_invoice = rcd.due_invoice_no
                LEFT JOIN customer c ON c.customer_id = rs.customer_type AND rs.customer_type REGEXP \'^[0-9]+\'
            ')
 4 APPPATH\Controllers\salereturnlist.php(111): CodeIgniter\Database\BaseConnection->query(' SELECT 
                    rs.sales_invoice,
                    rs.sales_date,
                    rsd.total_sale,
                    rsd.productwiseVatPercnt,
                    rs.discountOnTotalPrice,
                    rs.vatOnTotalPrice,
                    rs.paid_amount,
                    IFNULL(rcd.customer_due, 0) AS customer_due,
                    IFNULL(rcd.total_due_paid, 0) AS due_paid_amount,
                    (rs.paid_amount + IFNULL(rcd.total_due_paid, 0)) AS total_paid,
                    rs.due_amount,
                    CASE 
                        WHEN rs.customer_type REGEXP \'^[0-9]+$\' THEN c.cus_first_name
                        ELSE rs.customer_type
                    END AS customer_name,
                    CASE
                        WHEN rs.customer_type = \'Walk-In-Customer\' THEN \'Fully Paid\'
                        WHEN IFNULL(rcd.customer_due, 0) = 0 THEN \'Fully Paid\'
                        ELSE \'Partially Paid\'
                    END AS payment_status
                FROM return_sales rs
                JOIN (
                    SELECT 
                        sales_details_invoice, 
                        SUM(total_sale_price) AS total_sale, 
                        SUM(productwiseVatPercnt) AS productwiseVatPercnt
                    FROM return_sales_details
                    GROUP BY sales_details_invoice
                ) rsd ON rs.sales_invoice = rsd.sales_details_invoice
                LEFT JOIN (
                    SELECT 
                        due_invoice_no, 
                        SUM(due_amount - due_paid_amount) AS customer_due,
                        SUM(due_paid_amount) AS total_due_paid
                    FROM return_customer_due
                    GROUP BY due_invoice_no
                ) rcd ON rs.sales_invoice = rcd.due_invoice_no
                LEFT JOIN customer c ON c.customer_id = rs.customer_type AND rs.customer_type REGEXP \'^[0-9]+\'
            ')
 5 SYSTEMPATH\CodeIgniter.php(933): App\Controllers\salereturnlist->saleReturnListShow()
 6 SYSTEMPATH\CodeIgniter.php(507): CodeIgniter\CodeIgniter->runController(Object(App\Controllers\salereturnlist))
 7 SYSTEMPATH\CodeIgniter.php(354): CodeIgniter\CodeIgniter->handleRequest(null, Object(Config\Cache), false)
 8 SYSTEMPATH\Boot.php(363): CodeIgniter\CodeIgniter->run()
 9 SYSTEMPATH\Boot.php(68): CodeIgniter\Boot::runCodeIgniter(Object(CodeIgniter\CodeIgniter))
10 FCPATH\index.php(59): CodeIgniter\Boot::bootWeb(Object(Config\Paths))
ERROR - 2026-01-25 05:20:13 --> mysqli_sql_exception: Unknown column 'productwiseVatPercnt' in 'field list' in C:\laragon\www\pharmacy-project\system\Database\MySQLi\Connection.php:327
Stack trace:
#0 C:\laragon\www\pharmacy-project\system\Database\MySQLi\Connection.php(327): mysqli->query(' SELECT \r\n     ...', 0)
#1 C:\laragon\www\pharmacy-project\system\Database\BaseConnection.php(729): CodeIgniter\Database\MySQLi\Connection->execute(' SELECT \r\n     ...')
#2 C:\laragon\www\pharmacy-project\system\Database\BaseConnection.php(646): CodeIgniter\Database\BaseConnection->simpleQuery(' SELECT \r\n     ...')
#3 C:\laragon\www\pharmacy-project\app\Controllers\salereturnlist.php(111): CodeIgniter\Database\BaseConnection->query(' SELECT \r\n     ...')
#4 C:\laragon\www\pharmacy-project\system\CodeIgniter.php(933): App\Controllers\salereturnlist->saleReturnListShow()
#5 C:\laragon\www\pharmacy-project\system\CodeIgniter.php(507): CodeIgniter\CodeIgniter->runController(Object(App\Controllers\salereturnlist))
#6 C:\laragon\www\pharmacy-project\system\CodeIgniter.php(354): CodeIgniter\CodeIgniter->handleRequest(NULL, Object(Config\Cache), false)
#7 C:\laragon\www\pharmacy-project\system\Boot.php(363): CodeIgniter\CodeIgniter->run()
#8 C:\laragon\www\pharmacy-project\system\Boot.php(68): CodeIgniter\Boot::runCodeIgniter(Object(CodeIgniter\CodeIgniter))
#9 C:\laragon\www\pharmacy-project\index.php(59): CodeIgniter\Boot::bootWeb(Object(Config\Paths))
#10 {main}
CRITICAL - 2026-01-25 05:20:13 --> CodeIgniter\Database\Exceptions\DatabaseException: Unknown column 'productwiseVatPercnt' in 'field list'
[Method: GET, Route: salereturnlistshow]
in SYSTEMPATH\Database\BaseConnection.php on line 684.
 1 APPPATH\Controllers\salereturnlist.php(111): CodeIgniter\Database\BaseConnection->query(' SELECT 
                    rs.sales_invoice,
                    rs.sales_date,
                    rsd.total_sale,
                    rsd.productwiseVatPercnt,
                    rs.discountOnTotalPrice,
                    rs.vatOnTotalPrice,
                    rs.paid_amount,
                    IFNULL(rcd.customer_due, 0) AS customer_due,
                    IFNULL(rcd.total_due_paid, 0) AS due_paid_amount,
                    (rs.paid_amount + IFNULL(rcd.total_due_paid, 0)) AS total_paid,
                    rs.due_amount,
                    CASE 
                        WHEN rs.customer_type REGEXP \'^[0-9]+$\' THEN c.cus_first_name
                        ELSE rs.customer_type
                    END AS customer_name,
                    CASE
                        WHEN rs.customer_type = \'Walk-In-Customer\' THEN \'Fully Paid\'
                        WHEN IFNULL(rcd.customer_due, 0) = 0 THEN \'Fully Paid\'
                        ELSE \'Partially Paid\'
                    END AS payment_status
                FROM return_sales rs
                JOIN (
                    SELECT 
                        sales_details_invoice, 
                        SUM(total_sale_price) AS total_sale, 
                        SUM(productwiseVatPercnt) AS productwiseVatPercnt
                    FROM return_sales_details
                    GROUP BY sales_details_invoice
                ) rsd ON rs.sales_invoice = rsd.sales_details_invoice
                LEFT JOIN (
                    SELECT 
                        due_invoice_no, 
                        SUM(due_amount - due_paid_amount) AS customer_due,
                        SUM(due_paid_amount) AS total_due_paid
                    FROM return_customer_due
                    GROUP BY due_invoice_no
                ) rcd ON rs.sales_invoice = rcd.due_invoice_no
                LEFT JOIN customer c ON c.customer_id = rs.customer_type AND rs.customer_type REGEXP \'^[0-9]+\'
            ')
 2 SYSTEMPATH\CodeIgniter.php(933): App\Controllers\salereturnlist->saleReturnListShow()
 3 SYSTEMPATH\CodeIgniter.php(507): CodeIgniter\CodeIgniter->runController(Object(App\Controllers\salereturnlist))
 4 SYSTEMPATH\CodeIgniter.php(354): CodeIgniter\CodeIgniter->handleRequest(null, Object(Config\Cache), false)
 5 SYSTEMPATH\Boot.php(363): CodeIgniter\CodeIgniter->run()
 6 SYSTEMPATH\Boot.php(68): CodeIgniter\Boot::runCodeIgniter(Object(CodeIgniter\CodeIgniter))
 7 FCPATH\index.php(59): CodeIgniter\Boot::bootWeb(Object(Config\Paths))
CRITICAL - 2026-01-25 05:20:13 --> [Caused by] CodeIgniter\Database\Exceptions\DatabaseException: Unknown column 'productwiseVatPercnt' in 'field list'
in SYSTEMPATH\Database\MySQLi\Connection.php on line 332.
 1 SYSTEMPATH\Database\BaseConnection.php(729): CodeIgniter\Database\MySQLi\Connection->execute(' SELECT 
                    rs.sales_invoice,
                    rs.sales_date,
                    rsd.total_sale,
                    rsd.productwiseVatPercnt,
                    rs.discountOnTotalPrice,
                    rs.vatOnTotalPrice,
                    rs.paid_amount,
                    IFNULL(rcd.customer_due, 0) AS customer_due,
                    IFNULL(rcd.total_due_paid, 0) AS due_paid_amount,
                    (rs.paid_amount + IFNULL(rcd.total_due_paid, 0)) AS total_paid,
                    rs.due_amount,
                    CASE 
                        WHEN rs.customer_type REGEXP \'^[0-9]+$\' THEN c.cus_first_name
                        ELSE rs.customer_type
                    END AS customer_name,
                    CASE
                        WHEN rs.customer_type = \'Walk-In-Customer\' THEN \'Fully Paid\'
                        WHEN IFNULL(rcd.customer_due, 0) = 0 THEN \'Fully Paid\'
                        ELSE \'Partially Paid\'
                    END AS payment_status
                FROM return_sales rs
                JOIN (
                    SELECT 
                        sales_details_invoice, 
                        SUM(total_sale_price) AS total_sale, 
                        SUM(productwiseVatPercnt) AS productwiseVatPercnt
                    FROM return_sales_details
                    GROUP BY sales_details_invoice
                ) rsd ON rs.sales_invoice = rsd.sales_details_invoice
                LEFT JOIN (
                    SELECT 
                        due_invoice_no, 
                        SUM(due_amount - due_paid_amount) AS customer_due,
                        SUM(due_paid_amount) AS total_due_paid
                    FROM return_customer_due
                    GROUP BY due_invoice_no
                ) rcd ON rs.sales_invoice = rcd.due_invoice_no
                LEFT JOIN customer c ON c.customer_id = rs.customer_type AND rs.customer_type REGEXP \'^[0-9]+\'
            ')
 2 SYSTEMPATH\Database\BaseConnection.php(646): CodeIgniter\Database\BaseConnection->simpleQuery(' SELECT 
                    rs.sales_invoice,
                    rs.sales_date,
                    rsd.total_sale,
                    rsd.productwiseVatPercnt,
                    rs.discountOnTotalPrice,
                    rs.vatOnTotalPrice,
                    rs.paid_amount,
                    IFNULL(rcd.customer_due, 0) AS customer_due,
                    IFNULL(rcd.total_due_paid, 0) AS due_paid_amount,
                    (rs.paid_amount + IFNULL(rcd.total_due_paid, 0)) AS total_paid,
                    rs.due_amount,
                    CASE 
                        WHEN rs.customer_type REGEXP \'^[0-9]+$\' THEN c.cus_first_name
                        ELSE rs.customer_type
                    END AS customer_name,
                    CASE
                        WHEN rs.customer_type = \'Walk-In-Customer\' THEN \'Fully Paid\'
                        WHEN IFNULL(rcd.customer_due, 0) = 0 THEN \'Fully Paid\'
                        ELSE \'Partially Paid\'
                    END AS payment_status
                FROM return_sales rs
                JOIN (
                    SELECT 
                        sales_details_invoice, 
                        SUM(total_sale_price) AS total_sale, 
                        SUM(productwiseVatPercnt) AS productwiseVatPercnt
                    FROM return_sales_details
                    GROUP BY sales_details_invoice
                ) rsd ON rs.sales_invoice = rsd.sales_details_invoice
                LEFT JOIN (
                    SELECT 
                        due_invoice_no, 
                        SUM(due_amount - due_paid_amount) AS customer_due,
                        SUM(due_paid_amount) AS total_due_paid
                    FROM return_customer_due
                    GROUP BY due_invoice_no
                ) rcd ON rs.sales_invoice = rcd.due_invoice_no
                LEFT JOIN customer c ON c.customer_id = rs.customer_type AND rs.customer_type REGEXP \'^[0-9]+\'
            ')
 3 APPPATH\Controllers\salereturnlist.php(111): CodeIgniter\Database\BaseConnection->query(' SELECT 
                    rs.sales_invoice,
                    rs.sales_date,
                    rsd.total_sale,
                    rsd.productwiseVatPercnt,
                    rs.discountOnTotalPrice,
                    rs.vatOnTotalPrice,
                    rs.paid_amount,
                    IFNULL(rcd.customer_due, 0) AS customer_due,
                    IFNULL(rcd.total_due_paid, 0) AS due_paid_amount,
                    (rs.paid_amount + IFNULL(rcd.total_due_paid, 0)) AS total_paid,
                    rs.due_amount,
                    CASE 
                        WHEN rs.customer_type REGEXP \'^[0-9]+$\' THEN c.cus_first_name
                        ELSE rs.customer_type
                    END AS customer_name,
                    CASE
                        WHEN rs.customer_type = \'Walk-In-Customer\' THEN \'Fully Paid\'
                        WHEN IFNULL(rcd.customer_due, 0) = 0 THEN \'Fully Paid\'
                        ELSE \'Partially Paid\'
                    END AS payment_status
                FROM return_sales rs
                JOIN (
                    SELECT 
                        sales_details_invoice, 
                        SUM(total_sale_price) AS total_sale, 
                        SUM(productwiseVatPercnt) AS productwiseVatPercnt
                    FROM return_sales_details
                    GROUP BY sales_details_invoice
                ) rsd ON rs.sales_invoice = rsd.sales_details_invoice
                LEFT JOIN (
                    SELECT 
                        due_invoice_no, 
                        SUM(due_amount - due_paid_amount) AS customer_due,
                        SUM(due_paid_amount) AS total_due_paid
                    FROM return_customer_due
                    GROUP BY due_invoice_no
                ) rcd ON rs.sales_invoice = rcd.due_invoice_no
                LEFT JOIN customer c ON c.customer_id = rs.customer_type AND rs.customer_type REGEXP \'^[0-9]+\'
            ')
 4 SYSTEMPATH\CodeIgniter.php(933): App\Controllers\salereturnlist->saleReturnListShow()
 5 SYSTEMPATH\CodeIgniter.php(507): CodeIgniter\CodeIgniter->runController(Object(App\Controllers\salereturnlist))
 6 SYSTEMPATH\CodeIgniter.php(354): CodeIgniter\CodeIgniter->handleRequest(null, Object(Config\Cache), false)
 7 SYSTEMPATH\Boot.php(363): CodeIgniter\CodeIgniter->run()
 8 SYSTEMPATH\Boot.php(68): CodeIgniter\Boot::runCodeIgniter(Object(CodeIgniter\CodeIgniter))
 9 FCPATH\index.php(59): CodeIgniter\Boot::bootWeb(Object(Config\Paths))
CRITICAL - 2026-01-25 05:20:13 --> [Caused by] mysqli_sql_exception: Unknown column 'productwiseVatPercnt' in 'field list'
in SYSTEMPATH\Database\MySQLi\Connection.php on line 327.
 1 SYSTEMPATH\Database\MySQLi\Connection.php(327): mysqli->query(' SELECT 
                    rs.sales_invoice,
                    rs.sales_date,
                    rsd.total_sale,
                    rsd.productwiseVatPercnt,
                    rs.discountOnTotalPrice,
                    rs.vatOnTotalPrice,
                    rs.paid_amount,
                    IFNULL(rcd.customer_due, 0) AS customer_due,
                    IFNULL(rcd.total_due_paid, 0) AS due_paid_amount,
                    (rs.paid_amount + IFNULL(rcd.total_due_paid, 0)) AS total_paid,
                    rs.due_amount,
                    CASE 
                        WHEN rs.customer_type REGEXP \'^[0-9]+$\' THEN c.cus_first_name
                        ELSE rs.customer_type
                    END AS customer_name,
                    CASE
                        WHEN rs.customer_type = \'Walk-In-Customer\' THEN \'Fully Paid\'
                        WHEN IFNULL(rcd.customer_due, 0) = 0 THEN \'Fully Paid\'
                        ELSE \'Partially Paid\'
                    END AS payment_status
                FROM return_sales rs
                JOIN (
                    SELECT 
                        sales_details_invoice, 
                        SUM(total_sale_price) AS total_sale, 
                        SUM(productwiseVatPercnt) AS productwiseVatPercnt
                    FROM return_sales_details
                    GROUP BY sales_details_invoice
                ) rsd ON rs.sales_invoice = rsd.sales_details_invoice
                LEFT JOIN (
                    SELECT 
                        due_invoice_no, 
                        SUM(due_amount - due_paid_amount) AS customer_due,
                        SUM(due_paid_amount) AS total_due_paid
                    FROM return_customer_due
                    GROUP BY due_invoice_no
                ) rcd ON rs.sales_invoice = rcd.due_invoice_no
                LEFT JOIN customer c ON c.customer_id = rs.customer_type AND rs.customer_type REGEXP \'^[0-9]+\'
            ', 0)
 2 SYSTEMPATH\Database\BaseConnection.php(729): CodeIgniter\Database\MySQLi\Connection->execute(' SELECT 
                    rs.sales_invoice,
                    rs.sales_date,
                    rsd.total_sale,
                    rsd.productwiseVatPercnt,
                    rs.discountOnTotalPrice,
                    rs.vatOnTotalPrice,
                    rs.paid_amount,
                    IFNULL(rcd.customer_due, 0) AS customer_due,
                    IFNULL(rcd.total_due_paid, 0) AS due_paid_amount,
                    (rs.paid_amount + IFNULL(rcd.total_due_paid, 0)) AS total_paid,
                    rs.due_amount,
                    CASE 
                        WHEN rs.customer_type REGEXP \'^[0-9]+$\' THEN c.cus_first_name
                        ELSE rs.customer_type
                    END AS customer_name,
                    CASE
                        WHEN rs.customer_type = \'Walk-In-Customer\' THEN \'Fully Paid\'
                        WHEN IFNULL(rcd.customer_due, 0) = 0 THEN \'Fully Paid\'
                        ELSE \'Partially Paid\'
                    END AS payment_status
                FROM return_sales rs
                JOIN (
                    SELECT 
                        sales_details_invoice, 
                        SUM(total_sale_price) AS total_sale, 
                        SUM(productwiseVatPercnt) AS productwiseVatPercnt
                    FROM return_sales_details
                    GROUP BY sales_details_invoice
                ) rsd ON rs.sales_invoice = rsd.sales_details_invoice
                LEFT JOIN (
                    SELECT 
                        due_invoice_no, 
                        SUM(due_amount - due_paid_amount) AS customer_due,
                        SUM(due_paid_amount) AS total_due_paid
                    FROM return_customer_due
                    GROUP BY due_invoice_no
                ) rcd ON rs.sales_invoice = rcd.due_invoice_no
                LEFT JOIN customer c ON c.customer_id = rs.customer_type AND rs.customer_type REGEXP \'^[0-9]+\'
            ')
 3 SYSTEMPATH\Database\BaseConnection.php(646): CodeIgniter\Database\BaseConnection->simpleQuery(' SELECT 
                    rs.sales_invoice,
                    rs.sales_date,
                    rsd.total_sale,
                    rsd.productwiseVatPercnt,
                    rs.discountOnTotalPrice,
                    rs.vatOnTotalPrice,
                    rs.paid_amount,
                    IFNULL(rcd.customer_due, 0) AS customer_due,
                    IFNULL(rcd.total_due_paid, 0) AS due_paid_amount,
                    (rs.paid_amount + IFNULL(rcd.total_due_paid, 0)) AS total_paid,
                    rs.due_amount,
                    CASE 
                        WHEN rs.customer_type REGEXP \'^[0-9]+$\' THEN c.cus_first_name
                        ELSE rs.customer_type
                    END AS customer_name,
                    CASE
                        WHEN rs.customer_type = \'Walk-In-Customer\' THEN \'Fully Paid\'
                        WHEN IFNULL(rcd.customer_due, 0) = 0 THEN \'Fully Paid\'
                        ELSE \'Partially Paid\'
                    END AS payment_status
                FROM return_sales rs
                JOIN (
                    SELECT 
                        sales_details_invoice, 
                        SUM(total_sale_price) AS total_sale, 
                        SUM(productwiseVatPercnt) AS productwiseVatPercnt
                    FROM return_sales_details
                    GROUP BY sales_details_invoice
                ) rsd ON rs.sales_invoice = rsd.sales_details_invoice
                LEFT JOIN (
                    SELECT 
                        due_invoice_no, 
                        SUM(due_amount - due_paid_amount) AS customer_due,
                        SUM(due_paid_amount) AS total_due_paid
                    FROM return_customer_due
                    GROUP BY due_invoice_no
                ) rcd ON rs.sales_invoice = rcd.due_invoice_no
                LEFT JOIN customer c ON c.customer_id = rs.customer_type AND rs.customer_type REGEXP \'^[0-9]+\'
            ')
 4 APPPATH\Controllers\salereturnlist.php(111): CodeIgniter\Database\BaseConnection->query(' SELECT 
                    rs.sales_invoice,
                    rs.sales_date,
                    rsd.total_sale,
                    rsd.productwiseVatPercnt,
                    rs.discountOnTotalPrice,
                    rs.vatOnTotalPrice,
                    rs.paid_amount,
                    IFNULL(rcd.customer_due, 0) AS customer_due,
                    IFNULL(rcd.total_due_paid, 0) AS due_paid_amount,
                    (rs.paid_amount + IFNULL(rcd.total_due_paid, 0)) AS total_paid,
                    rs.due_amount,
                    CASE 
                        WHEN rs.customer_type REGEXP \'^[0-9]+$\' THEN c.cus_first_name
                        ELSE rs.customer_type
                    END AS customer_name,
                    CASE
                        WHEN rs.customer_type = \'Walk-In-Customer\' THEN \'Fully Paid\'
                        WHEN IFNULL(rcd.customer_due, 0) = 0 THEN \'Fully Paid\'
                        ELSE \'Partially Paid\'
                    END AS payment_status
                FROM return_sales rs
                JOIN (
                    SELECT 
                        sales_details_invoice, 
                        SUM(total_sale_price) AS total_sale, 
                        SUM(productwiseVatPercnt) AS productwiseVatPercnt
                    FROM return_sales_details
                    GROUP BY sales_details_invoice
                ) rsd ON rs.sales_invoice = rsd.sales_details_invoice
                LEFT JOIN (
                    SELECT 
                        due_invoice_no, 
                        SUM(due_amount - due_paid_amount) AS customer_due,
                        SUM(due_paid_amount) AS total_due_paid
                    FROM return_customer_due
                    GROUP BY due_invoice_no
                ) rcd ON rs.sales_invoice = rcd.due_invoice_no
                LEFT JOIN customer c ON c.customer_id = rs.customer_type AND rs.customer_type REGEXP \'^[0-9]+\'
            ')
 5 SYSTEMPATH\CodeIgniter.php(933): App\Controllers\salereturnlist->saleReturnListShow()
 6 SYSTEMPATH\CodeIgniter.php(507): CodeIgniter\CodeIgniter->runController(Object(App\Controllers\salereturnlist))
 7 SYSTEMPATH\CodeIgniter.php(354): CodeIgniter\CodeIgniter->handleRequest(null, Object(Config\Cache), false)
 8 SYSTEMPATH\Boot.php(363): CodeIgniter\CodeIgniter->run()
 9 SYSTEMPATH\Boot.php(68): CodeIgniter\Boot::runCodeIgniter(Object(CodeIgniter\CodeIgniter))
10 FCPATH\index.php(59): CodeIgniter\Boot::bootWeb(Object(Config\Paths))
ERROR - 2026-01-25 05:20:13 --> mysqli_sql_exception: Unknown column 'productwiseVatPercnt' in 'field list' in C:\laragon\www\pharmacy-project\system\Database\MySQLi\Connection.php:327
Stack trace:
#0 C:\laragon\www\pharmacy-project\system\Database\MySQLi\Connection.php(327): mysqli->query(' SELECT \r\n     ...', 0)
#1 C:\laragon\www\pharmacy-project\system\Database\BaseConnection.php(729): CodeIgniter\Database\MySQLi\Connection->execute(' SELECT \r\n     ...')
#2 C:\laragon\www\pharmacy-project\system\Database\BaseConnection.php(646): CodeIgniter\Database\BaseConnection->simpleQuery(' SELECT \r\n     ...')
#3 C:\laragon\www\pharmacy-project\app\Controllers\salereturnlist.php(111): CodeIgniter\Database\BaseConnection->query(' SELECT \r\n     ...')
#4 C:\laragon\www\pharmacy-project\system\CodeIgniter.php(933): App\Controllers\salereturnlist->saleReturnListShow()
#5 C:\laragon\www\pharmacy-project\system\CodeIgniter.php(507): CodeIgniter\CodeIgniter->runController(Object(App\Controllers\salereturnlist))
#6 C:\laragon\www\pharmacy-project\system\CodeIgniter.php(354): CodeIgniter\CodeIgniter->handleRequest(NULL, Object(Config\Cache), false)
#7 C:\laragon\www\pharmacy-project\system\Boot.php(363): CodeIgniter\CodeIgniter->run()
#8 C:\laragon\www\pharmacy-project\system\Boot.php(68): CodeIgniter\Boot::runCodeIgniter(Object(CodeIgniter\CodeIgniter))
#9 C:\laragon\www\pharmacy-project\index.php(59): CodeIgniter\Boot::bootWeb(Object(Config\Paths))
#10 {main}
CRITICAL - 2026-01-25 05:20:13 --> CodeIgniter\Database\Exceptions\DatabaseException: Unknown column 'productwiseVatPercnt' in 'field list'
[Method: GET, Route: salereturnlistshow]
in SYSTEMPATH\Database\BaseConnection.php on line 684.
 1 APPPATH\Controllers\salereturnlist.php(111): CodeIgniter\Database\BaseConnection->query(' SELECT 
                    rs.sales_invoice,
                    rs.sales_date,
                    rsd.total_sale,
                    rsd.productwiseVatPercnt,
                    rs.discountOnTotalPrice,
                    rs.vatOnTotalPrice,
                    rs.paid_amount,
                    IFNULL(rcd.customer_due, 0) AS customer_due,
                    IFNULL(rcd.total_due_paid, 0) AS due_paid_amount,
                    (rs.paid_amount + IFNULL(rcd.total_due_paid, 0)) AS total_paid,
                    rs.due_amount,
                    CASE 
                        WHEN rs.customer_type REGEXP \'^[0-9]+$\' THEN c.cus_first_name
                        ELSE rs.customer_type
                    END AS customer_name,
                    CASE
                        WHEN rs.customer_type = \'Walk-In-Customer\' THEN \'Fully Paid\'
                        WHEN IFNULL(rcd.customer_due, 0) = 0 THEN \'Fully Paid\'
                        ELSE \'Partially Paid\'
                    END AS payment_status
                FROM return_sales rs
                JOIN (
                    SELECT 
                        sales_details_invoice, 
                        SUM(total_sale_price) AS total_sale, 
                        SUM(productwiseVatPercnt) AS productwiseVatPercnt
                    FROM return_sales_details
                    GROUP BY sales_details_invoice
                ) rsd ON rs.sales_invoice = rsd.sales_details_invoice
                LEFT JOIN (
                    SELECT 
                        due_invoice_no, 
                        SUM(due_amount - due_paid_amount) AS customer_due,
                        SUM(due_paid_amount) AS total_due_paid
                    FROM return_customer_due
                    GROUP BY due_invoice_no
                ) rcd ON rs.sales_invoice = rcd.due_invoice_no
                LEFT JOIN customer c ON c.customer_id = rs.customer_type AND rs.customer_type REGEXP \'^[0-9]+\'
            ')
 2 SYSTEMPATH\CodeIgniter.php(933): App\Controllers\salereturnlist->saleReturnListShow()
 3 SYSTEMPATH\CodeIgniter.php(507): CodeIgniter\CodeIgniter->runController(Object(App\Controllers\salereturnlist))
 4 SYSTEMPATH\CodeIgniter.php(354): CodeIgniter\CodeIgniter->handleRequest(null, Object(Config\Cache), false)
 5 SYSTEMPATH\Boot.php(363): CodeIgniter\CodeIgniter->run()
 6 SYSTEMPATH\Boot.php(68): CodeIgniter\Boot::runCodeIgniter(Object(CodeIgniter\CodeIgniter))
 7 FCPATH\index.php(59): CodeIgniter\Boot::bootWeb(Object(Config\Paths))
CRITICAL - 2026-01-25 05:20:13 --> [Caused by] CodeIgniter\Database\Exceptions\DatabaseException: Unknown column 'productwiseVatPercnt' in 'field list'
in SYSTEMPATH\Database\MySQLi\Connection.php on line 332.
 1 SYSTEMPATH\Database\BaseConnection.php(729): CodeIgniter\Database\MySQLi\Connection->execute(' SELECT 
                    rs.sales_invoice,
                    rs.sales_date,
                    rsd.total_sale,
                    rsd.productwiseVatPercnt,
                    rs.discountOnTotalPrice,
                    rs.vatOnTotalPrice,
                    rs.paid_amount,
                    IFNULL(rcd.customer_due, 0) AS customer_due,
                    IFNULL(rcd.total_due_paid, 0) AS due_paid_amount,
                    (rs.paid_amount + IFNULL(rcd.total_due_paid, 0)) AS total_paid,
                    rs.due_amount,
                    CASE 
                        WHEN rs.customer_type REGEXP \'^[0-9]+$\' THEN c.cus_first_name
                        ELSE rs.customer_type
                    END AS customer_name,
                    CASE
                        WHEN rs.customer_type = \'Walk-In-Customer\' THEN \'Fully Paid\'
                        WHEN IFNULL(rcd.customer_due, 0) = 0 THEN \'Fully Paid\'
                        ELSE \'Partially Paid\'
                    END AS payment_status
                FROM return_sales rs
                JOIN (
                    SELECT 
                        sales_details_invoice, 
                        SUM(total_sale_price) AS total_sale, 
                        SUM(productwiseVatPercnt) AS productwiseVatPercnt
                    FROM return_sales_details
                    GROUP BY sales_details_invoice
                ) rsd ON rs.sales_invoice = rsd.sales_details_invoice
                LEFT JOIN (
                    SELECT 
                        due_invoice_no, 
                        SUM(due_amount - due_paid_amount) AS customer_due,
                        SUM(due_paid_amount) AS total_due_paid
                    FROM return_customer_due
                    GROUP BY due_invoice_no
                ) rcd ON rs.sales_invoice = rcd.due_invoice_no
                LEFT JOIN customer c ON c.customer_id = rs.customer_type AND rs.customer_type REGEXP \'^[0-9]+\'
            ')
 2 SYSTEMPATH\Database\BaseConnection.php(646): CodeIgniter\Database\BaseConnection->simpleQuery(' SELECT 
                    rs.sales_invoice,
                    rs.sales_date,
                    rsd.total_sale,
                    rsd.productwiseVatPercnt,
                    rs.discountOnTotalPrice,
                    rs.vatOnTotalPrice,
                    rs.paid_amount,
                    IFNULL(rcd.customer_due, 0) AS customer_due,
                    IFNULL(rcd.total_due_paid, 0) AS due_paid_amount,
                    (rs.paid_amount + IFNULL(rcd.total_due_paid, 0)) AS total_paid,
                    rs.due_amount,
                    CASE 
                        WHEN rs.customer_type REGEXP \'^[0-9]+$\' THEN c.cus_first_name
                        ELSE rs.customer_type
                    END AS customer_name,
                    CASE
                        WHEN rs.customer_type = \'Walk-In-Customer\' THEN \'Fully Paid\'
                        WHEN IFNULL(rcd.customer_due, 0) = 0 THEN \'Fully Paid\'
                        ELSE \'Partially Paid\'
                    END AS payment_status
                FROM return_sales rs
                JOIN (
                    SELECT 
                        sales_details_invoice, 
                        SUM(total_sale_price) AS total_sale, 
                        SUM(productwiseVatPercnt) AS productwiseVatPercnt
                    FROM return_sales_details
                    GROUP BY sales_details_invoice
                ) rsd ON rs.sales_invoice = rsd.sales_details_invoice
                LEFT JOIN (
                    SELECT 
                        due_invoice_no, 
                        SUM(due_amount - due_paid_amount) AS customer_due,
                        SUM(due_paid_amount) AS total_due_paid
                    FROM return_customer_due
                    GROUP BY due_invoice_no
                ) rcd ON rs.sales_invoice = rcd.due_invoice_no
                LEFT JOIN customer c ON c.customer_id = rs.customer_type AND rs.customer_type REGEXP \'^[0-9]+\'
            ')
 3 APPPATH\Controllers\salereturnlist.php(111): CodeIgniter\Database\BaseConnection->query(' SELECT 
                    rs.sales_invoice,
                    rs.sales_date,
                    rsd.total_sale,
                    rsd.productwiseVatPercnt,
                    rs.discountOnTotalPrice,
                    rs.vatOnTotalPrice,
                    rs.paid_amount,
                    IFNULL(rcd.customer_due, 0) AS customer_due,
                    IFNULL(rcd.total_due_paid, 0) AS due_paid_amount,
                    (rs.paid_amount + IFNULL(rcd.total_due_paid, 0)) AS total_paid,
                    rs.due_amount,
                    CASE 
                        WHEN rs.customer_type REGEXP \'^[0-9]+$\' THEN c.cus_first_name
                        ELSE rs.customer_type
                    END AS customer_name,
                    CASE
                        WHEN rs.customer_type = \'Walk-In-Customer\' THEN \'Fully Paid\'
                        WHEN IFNULL(rcd.customer_due, 0) = 0 THEN \'Fully Paid\'
                        ELSE \'Partially Paid\'
                    END AS payment_status
                FROM return_sales rs
                JOIN (
                    SELECT 
                        sales_details_invoice, 
                        SUM(total_sale_price) AS total_sale, 
                        SUM(productwiseVatPercnt) AS productwiseVatPercnt
                    FROM return_sales_details
                    GROUP BY sales_details_invoice
                ) rsd ON rs.sales_invoice = rsd.sales_details_invoice
                LEFT JOIN (
                    SELECT 
                        due_invoice_no, 
                        SUM(due_amount - due_paid_amount) AS customer_due,
                        SUM(due_paid_amount) AS total_due_paid
                    FROM return_customer_due
                    GROUP BY due_invoice_no
                ) rcd ON rs.sales_invoice = rcd.due_invoice_no
                LEFT JOIN customer c ON c.customer_id = rs.customer_type AND rs.customer_type REGEXP \'^[0-9]+\'
            ')
 4 SYSTEMPATH\CodeIgniter.php(933): App\Controllers\salereturnlist->saleReturnListShow()
 5 SYSTEMPATH\CodeIgniter.php(507): CodeIgniter\CodeIgniter->runController(Object(App\Controllers\salereturnlist))
 6 SYSTEMPATH\CodeIgniter.php(354): CodeIgniter\CodeIgniter->handleRequest(null, Object(Config\Cache), false)
 7 SYSTEMPATH\Boot.php(363): CodeIgniter\CodeIgniter->run()
 8 SYSTEMPATH\Boot.php(68): CodeIgniter\Boot::runCodeIgniter(Object(CodeIgniter\CodeIgniter))
 9 FCPATH\index.php(59): CodeIgniter\Boot::bootWeb(Object(Config\Paths))
CRITICAL - 2026-01-25 05:20:13 --> [Caused by] mysqli_sql_exception: Unknown column 'productwiseVatPercnt' in 'field list'
in SYSTEMPATH\Database\MySQLi\Connection.php on line 327.
 1 SYSTEMPATH\Database\MySQLi\Connection.php(327): mysqli->query(' SELECT 
                    rs.sales_invoice,
                    rs.sales_date,
                    rsd.total_sale,
                    rsd.productwiseVatPercnt,
                    rs.discountOnTotalPrice,
                    rs.vatOnTotalPrice,
                    rs.paid_amount,
                    IFNULL(rcd.customer_due, 0) AS customer_due,
                    IFNULL(rcd.total_due_paid, 0) AS due_paid_amount,
                    (rs.paid_amount + IFNULL(rcd.total_due_paid, 0)) AS total_paid,
                    rs.due_amount,
                    CASE 
                        WHEN rs.customer_type REGEXP \'^[0-9]+$\' THEN c.cus_first_name
                        ELSE rs.customer_type
                    END AS customer_name,
                    CASE
                        WHEN rs.customer_type = \'Walk-In-Customer\' THEN \'Fully Paid\'
                        WHEN IFNULL(rcd.customer_due, 0) = 0 THEN \'Fully Paid\'
                        ELSE \'Partially Paid\'
                    END AS payment_status
                FROM return_sales rs
                JOIN (
                    SELECT 
                        sales_details_invoice, 
                        SUM(total_sale_price) AS total_sale, 
                        SUM(productwiseVatPercnt) AS productwiseVatPercnt
                    FROM return_sales_details
                    GROUP BY sales_details_invoice
                ) rsd ON rs.sales_invoice = rsd.sales_details_invoice
                LEFT JOIN (
                    SELECT 
                        due_invoice_no, 
                        SUM(due_amount - due_paid_amount) AS customer_due,
                        SUM(due_paid_amount) AS total_due_paid
                    FROM return_customer_due
                    GROUP BY due_invoice_no
                ) rcd ON rs.sales_invoice = rcd.due_invoice_no
                LEFT JOIN customer c ON c.customer_id = rs.customer_type AND rs.customer_type REGEXP \'^[0-9]+\'
            ', 0)
 2 SYSTEMPATH\Database\BaseConnection.php(729): CodeIgniter\Database\MySQLi\Connection->execute(' SELECT 
                    rs.sales_invoice,
                    rs.sales_date,
                    rsd.total_sale,
                    rsd.productwiseVatPercnt,
                    rs.discountOnTotalPrice,
                    rs.vatOnTotalPrice,
                    rs.paid_amount,
                    IFNULL(rcd.customer_due, 0) AS customer_due,
                    IFNULL(rcd.total_due_paid, 0) AS due_paid_amount,
                    (rs.paid_amount + IFNULL(rcd.total_due_paid, 0)) AS total_paid,
                    rs.due_amount,
                    CASE 
                        WHEN rs.customer_type REGEXP \'^[0-9]+$\' THEN c.cus_first_name
                        ELSE rs.customer_type
                    END AS customer_name,
                    CASE
                        WHEN rs.customer_type = \'Walk-In-Customer\' THEN \'Fully Paid\'
                        WHEN IFNULL(rcd.customer_due, 0) = 0 THEN \'Fully Paid\'
                        ELSE \'Partially Paid\'
                    END AS payment_status
                FROM return_sales rs
                JOIN (
                    SELECT 
                        sales_details_invoice, 
                        SUM(total_sale_price) AS total_sale, 
                        SUM(productwiseVatPercnt) AS productwiseVatPercnt
                    FROM return_sales_details
                    GROUP BY sales_details_invoice
                ) rsd ON rs.sales_invoice = rsd.sales_details_invoice
                LEFT JOIN (
                    SELECT 
                        due_invoice_no, 
                        SUM(due_amount - due_paid_amount) AS customer_due,
                        SUM(due_paid_amount) AS total_due_paid
                    FROM return_customer_due
                    GROUP BY due_invoice_no
                ) rcd ON rs.sales_invoice = rcd.due_invoice_no
                LEFT JOIN customer c ON c.customer_id = rs.customer_type AND rs.customer_type REGEXP \'^[0-9]+\'
            ')
 3 SYSTEMPATH\Database\BaseConnection.php(646): CodeIgniter\Database\BaseConnection->simpleQuery(' SELECT 
                    rs.sales_invoice,
                    rs.sales_date,
                    rsd.total_sale,
                    rsd.productwiseVatPercnt,
                    rs.discountOnTotalPrice,
                    rs.vatOnTotalPrice,
                    rs.paid_amount,
                    IFNULL(rcd.customer_due, 0) AS customer_due,
                    IFNULL(rcd.total_due_paid, 0) AS due_paid_amount,
                    (rs.paid_amount + IFNULL(rcd.total_due_paid, 0)) AS total_paid,
                    rs.due_amount,
                    CASE 
                        WHEN rs.customer_type REGEXP \'^[0-9]+$\' THEN c.cus_first_name
                        ELSE rs.customer_type
                    END AS customer_name,
                    CASE
                        WHEN rs.customer_type = \'Walk-In-Customer\' THEN \'Fully Paid\'
                        WHEN IFNULL(rcd.customer_due, 0) = 0 THEN \'Fully Paid\'
                        ELSE \'Partially Paid\'
                    END AS payment_status
                FROM return_sales rs
                JOIN (
                    SELECT 
                        sales_details_invoice, 
                        SUM(total_sale_price) AS total_sale, 
                        SUM(productwiseVatPercnt) AS productwiseVatPercnt
                    FROM return_sales_details
                    GROUP BY sales_details_invoice
                ) rsd ON rs.sales_invoice = rsd.sales_details_invoice
                LEFT JOIN (
                    SELECT 
                        due_invoice_no, 
                        SUM(due_amount - due_paid_amount) AS customer_due,
                        SUM(due_paid_amount) AS total_due_paid
                    FROM return_customer_due
                    GROUP BY due_invoice_no
                ) rcd ON rs.sales_invoice = rcd.due_invoice_no
                LEFT JOIN customer c ON c.customer_id = rs.customer_type AND rs.customer_type REGEXP \'^[0-9]+\'
            ')
 4 APPPATH\Controllers\salereturnlist.php(111): CodeIgniter\Database\BaseConnection->query(' SELECT 
                    rs.sales_invoice,
                    rs.sales_date,
                    rsd.total_sale,
                    rsd.productwiseVatPercnt,
                    rs.discountOnTotalPrice,
                    rs.vatOnTotalPrice,
                    rs.paid_amount,
                    IFNULL(rcd.customer_due, 0) AS customer_due,
                    IFNULL(rcd.total_due_paid, 0) AS due_paid_amount,
                    (rs.paid_amount + IFNULL(rcd.total_due_paid, 0)) AS total_paid,
                    rs.due_amount,
                    CASE 
                        WHEN rs.customer_type REGEXP \'^[0-9]+$\' THEN c.cus_first_name
                        ELSE rs.customer_type
                    END AS customer_name,
                    CASE
                        WHEN rs.customer_type = \'Walk-In-Customer\' THEN \'Fully Paid\'
                        WHEN IFNULL(rcd.customer_due, 0) = 0 THEN \'Fully Paid\'
                        ELSE \'Partially Paid\'
                    END AS payment_status
                FROM return_sales rs
                JOIN (
                    SELECT 
                        sales_details_invoice, 
                        SUM(total_sale_price) AS total_sale, 
                        SUM(productwiseVatPercnt) AS productwiseVatPercnt
                    FROM return_sales_details
                    GROUP BY sales_details_invoice
                ) rsd ON rs.sales_invoice = rsd.sales_details_invoice
                LEFT JOIN (
                    SELECT 
                        due_invoice_no, 
                        SUM(due_amount - due_paid_amount) AS customer_due,
                        SUM(due_paid_amount) AS total_due_paid
                    FROM return_customer_due
                    GROUP BY due_invoice_no
                ) rcd ON rs.sales_invoice = rcd.due_invoice_no
                LEFT JOIN customer c ON c.customer_id = rs.customer_type AND rs.customer_type REGEXP \'^[0-9]+\'
            ')
 5 SYSTEMPATH\CodeIgniter.php(933): App\Controllers\salereturnlist->saleReturnListShow()
 6 SYSTEMPATH\CodeIgniter.php(507): CodeIgniter\CodeIgniter->runController(Object(App\Controllers\salereturnlist))
 7 SYSTEMPATH\CodeIgniter.php(354): CodeIgniter\CodeIgniter->handleRequest(null, Object(Config\Cache), false)
 8 SYSTEMPATH\Boot.php(363): CodeIgniter\CodeIgniter->run()
 9 SYSTEMPATH\Boot.php(68): CodeIgniter\Boot::runCodeIgniter(Object(CodeIgniter\CodeIgniter))
10 FCPATH\index.php(59): CodeIgniter\Boot::bootWeb(Object(Config\Paths))
ERROR - 2026-01-25 05:20:14 --> mysqli_sql_exception: Unknown column 'productwiseVatPercnt' in 'field list' in C:\laragon\www\pharmacy-project\system\Database\MySQLi\Connection.php:327
Stack trace:
#0 C:\laragon\www\pharmacy-project\system\Database\MySQLi\Connection.php(327): mysqli->query(' SELECT \r\n     ...', 0)
#1 C:\laragon\www\pharmacy-project\system\Database\BaseConnection.php(729): CodeIgniter\Database\MySQLi\Connection->execute(' SELECT \r\n     ...')
#2 C:\laragon\www\pharmacy-project\system\Database\BaseConnection.php(646): CodeIgniter\Database\BaseConnection->simpleQuery(' SELECT \r\n     ...')
#3 C:\laragon\www\pharmacy-project\app\Controllers\salereturnlist.php(111): CodeIgniter\Database\BaseConnection->query(' SELECT \r\n     ...')
#4 C:\laragon\www\pharmacy-project\system\CodeIgniter.php(933): App\Controllers\salereturnlist->saleReturnListShow()
#5 C:\laragon\www\pharmacy-project\system\CodeIgniter.php(507): CodeIgniter\CodeIgniter->runController(Object(App\Controllers\salereturnlist))
#6 C:\laragon\www\pharmacy-project\system\CodeIgniter.php(354): CodeIgniter\CodeIgniter->handleRequest(NULL, Object(Config\Cache), false)
#7 C:\laragon\www\pharmacy-project\system\Boot.php(363): CodeIgniter\CodeIgniter->run()
#8 C:\laragon\www\pharmacy-project\system\Boot.php(68): CodeIgniter\Boot::runCodeIgniter(Object(CodeIgniter\CodeIgniter))
#9 C:\laragon\www\pharmacy-project\index.php(59): CodeIgniter\Boot::bootWeb(Object(Config\Paths))
#10 {main}
CRITICAL - 2026-01-25 05:20:14 --> CodeIgniter\Database\Exceptions\DatabaseException: Unknown column 'productwiseVatPercnt' in 'field list'
[Method: GET, Route: salereturnlistshow]
in SYSTEMPATH\Database\BaseConnection.php on line 684.
 1 APPPATH\Controllers\salereturnlist.php(111): CodeIgniter\Database\BaseConnection->query(' SELECT 
                    rs.sales_invoice,
                    rs.sales_date,
                    rsd.total_sale,
                    rsd.productwiseVatPercnt,
                    rs.discountOnTotalPrice,
                    rs.vatOnTotalPrice,
                    rs.paid_amount,
                    IFNULL(rcd.customer_due, 0) AS customer_due,
                    IFNULL(rcd.total_due_paid, 0) AS due_paid_amount,
                    (rs.paid_amount + IFNULL(rcd.total_due_paid, 0)) AS total_paid,
                    rs.due_amount,
                    CASE 
                        WHEN rs.customer_type REGEXP \'^[0-9]+$\' THEN c.cus_first_name
                        ELSE rs.customer_type
                    END AS customer_name,
                    CASE
                        WHEN rs.customer_type = \'Walk-In-Customer\' THEN \'Fully Paid\'
                        WHEN IFNULL(rcd.customer_due, 0) = 0 THEN \'Fully Paid\'
                        ELSE \'Partially Paid\'
                    END AS payment_status
                FROM return_sales rs
                JOIN (
                    SELECT 
                        sales_details_invoice, 
                        SUM(total_sale_price) AS total_sale, 
                        SUM(productwiseVatPercnt) AS productwiseVatPercnt
                    FROM return_sales_details
                    GROUP BY sales_details_invoice
                ) rsd ON rs.sales_invoice = rsd.sales_details_invoice
                LEFT JOIN (
                    SELECT 
                        due_invoice_no, 
                        SUM(due_amount - due_paid_amount) AS customer_due,
                        SUM(due_paid_amount) AS total_due_paid
                    FROM return_customer_due
                    GROUP BY due_invoice_no
                ) rcd ON rs.sales_invoice = rcd.due_invoice_no
                LEFT JOIN customer c ON c.customer_id = rs.customer_type AND rs.customer_type REGEXP \'^[0-9]+\'
            ')
 2 SYSTEMPATH\CodeIgniter.php(933): App\Controllers\salereturnlist->saleReturnListShow()
 3 SYSTEMPATH\CodeIgniter.php(507): CodeIgniter\CodeIgniter->runController(Object(App\Controllers\salereturnlist))
 4 SYSTEMPATH\CodeIgniter.php(354): CodeIgniter\CodeIgniter->handleRequest(null, Object(Config\Cache), false)
 5 SYSTEMPATH\Boot.php(363): CodeIgniter\CodeIgniter->run()
 6 SYSTEMPATH\Boot.php(68): CodeIgniter\Boot::runCodeIgniter(Object(CodeIgniter\CodeIgniter))
 7 FCPATH\index.php(59): CodeIgniter\Boot::bootWeb(Object(Config\Paths))
CRITICAL - 2026-01-25 05:20:14 --> [Caused by] CodeIgniter\Database\Exceptions\DatabaseException: Unknown column 'productwiseVatPercnt' in 'field list'
in SYSTEMPATH\Database\MySQLi\Connection.php on line 332.
 1 SYSTEMPATH\Database\BaseConnection.php(729): CodeIgniter\Database\MySQLi\Connection->execute(' SELECT 
                    rs.sales_invoice,
                    rs.sales_date,
                    rsd.total_sale,
                    rsd.productwiseVatPercnt,
                    rs.discountOnTotalPrice,
                    rs.vatOnTotalPrice,
                    rs.paid_amount,
                    IFNULL(rcd.customer_due, 0) AS customer_due,
                    IFNULL(rcd.total_due_paid, 0) AS due_paid_amount,
                    (rs.paid_amount + IFNULL(rcd.total_due_paid, 0)) AS total_paid,
                    rs.due_amount,
                    CASE 
                        WHEN rs.customer_type REGEXP \'^[0-9]+$\' THEN c.cus_first_name
                        ELSE rs.customer_type
                    END AS customer_name,
                    CASE
                        WHEN rs.customer_type = \'Walk-In-Customer\' THEN \'Fully Paid\'
                        WHEN IFNULL(rcd.customer_due, 0) = 0 THEN \'Fully Paid\'
                        ELSE \'Partially Paid\'
                    END AS payment_status
                FROM return_sales rs
                JOIN (
                    SELECT 
                        sales_details_invoice, 
                        SUM(total_sale_price) AS total_sale, 
                        SUM(productwiseVatPercnt) AS productwiseVatPercnt
                    FROM return_sales_details
                    GROUP BY sales_details_invoice
                ) rsd ON rs.sales_invoice = rsd.sales_details_invoice
                LEFT JOIN (
                    SELECT 
                        due_invoice_no, 
                        SUM(due_amount - due_paid_amount) AS customer_due,
                        SUM(due_paid_amount) AS total_due_paid
                    FROM return_customer_due
                    GROUP BY due_invoice_no
                ) rcd ON rs.sales_invoice = rcd.due_invoice_no
                LEFT JOIN customer c ON c.customer_id = rs.customer_type AND rs.customer_type REGEXP \'^[0-9]+\'
            ')
 2 SYSTEMPATH\Database\BaseConnection.php(646): CodeIgniter\Database\BaseConnection->simpleQuery(' SELECT 
                    rs.sales_invoice,
                    rs.sales_date,
                    rsd.total_sale,
                    rsd.productwiseVatPercnt,
                    rs.discountOnTotalPrice,
                    rs.vatOnTotalPrice,
                    rs.paid_amount,
                    IFNULL(rcd.customer_due, 0) AS customer_due,
                    IFNULL(rcd.total_due_paid, 0) AS due_paid_amount,
                    (rs.paid_amount + IFNULL(rcd.total_due_paid, 0)) AS total_paid,
                    rs.due_amount,
                    CASE 
                        WHEN rs.customer_type REGEXP \'^[0-9]+$\' THEN c.cus_first_name
                        ELSE rs.customer_type
                    END AS customer_name,
                    CASE
                        WHEN rs.customer_type = \'Walk-In-Customer\' THEN \'Fully Paid\'
                        WHEN IFNULL(rcd.customer_due, 0) = 0 THEN \'Fully Paid\'
                        ELSE \'Partially Paid\'
                    END AS payment_status
                FROM return_sales rs
                JOIN (
                    SELECT 
                        sales_details_invoice, 
                        SUM(total_sale_price) AS total_sale, 
                        SUM(productwiseVatPercnt) AS productwiseVatPercnt
                    FROM return_sales_details
                    GROUP BY sales_details_invoice
                ) rsd ON rs.sales_invoice = rsd.sales_details_invoice
                LEFT JOIN (
                    SELECT 
                        due_invoice_no, 
                        SUM(due_amount - due_paid_amount) AS customer_due,
                        SUM(due_paid_amount) AS total_due_paid
                    FROM return_customer_due
                    GROUP BY due_invoice_no
                ) rcd ON rs.sales_invoice = rcd.due_invoice_no
                LEFT JOIN customer c ON c.customer_id = rs.customer_type AND rs.customer_type REGEXP \'^[0-9]+\'
            ')
 3 APPPATH\Controllers\salereturnlist.php(111): CodeIgniter\Database\BaseConnection->query(' SELECT 
                    rs.sales_invoice,
                    rs.sales_date,
                    rsd.total_sale,
                    rsd.productwiseVatPercnt,
                    rs.discountOnTotalPrice,
                    rs.vatOnTotalPrice,
                    rs.paid_amount,
                    IFNULL(rcd.customer_due, 0) AS customer_due,
                    IFNULL(rcd.total_due_paid, 0) AS due_paid_amount,
                    (rs.paid_amount + IFNULL(rcd.total_due_paid, 0)) AS total_paid,
                    rs.due_amount,
                    CASE 
                        WHEN rs.customer_type REGEXP \'^[0-9]+$\' THEN c.cus_first_name
                        ELSE rs.customer_type
                    END AS customer_name,
                    CASE
                        WHEN rs.customer_type = \'Walk-In-Customer\' THEN \'Fully Paid\'
                        WHEN IFNULL(rcd.customer_due, 0) = 0 THEN \'Fully Paid\'
                        ELSE \'Partially Paid\'
                    END AS payment_status
                FROM return_sales rs
                JOIN (
                    SELECT 
                        sales_details_invoice, 
                        SUM(total_sale_price) AS total_sale, 
                        SUM(productwiseVatPercnt) AS productwiseVatPercnt
                    FROM return_sales_details
                    GROUP BY sales_details_invoice
                ) rsd ON rs.sales_invoice = rsd.sales_details_invoice
                LEFT JOIN (
                    SELECT 
                        due_invoice_no, 
                        SUM(due_amount - due_paid_amount) AS customer_due,
                        SUM(due_paid_amount) AS total_due_paid
                    FROM return_customer_due
                    GROUP BY due_invoice_no
                ) rcd ON rs.sales_invoice = rcd.due_invoice_no
                LEFT JOIN customer c ON c.customer_id = rs.customer_type AND rs.customer_type REGEXP \'^[0-9]+\'
            ')
 4 SYSTEMPATH\CodeIgniter.php(933): App\Controllers\salereturnlist->saleReturnListShow()
 5 SYSTEMPATH\CodeIgniter.php(507): CodeIgniter\CodeIgniter->runController(Object(App\Controllers\salereturnlist))
 6 SYSTEMPATH\CodeIgniter.php(354): CodeIgniter\CodeIgniter->handleRequest(null, Object(Config\Cache), false)
 7 SYSTEMPATH\Boot.php(363): CodeIgniter\CodeIgniter->run()
 8 SYSTEMPATH\Boot.php(68): CodeIgniter\Boot::runCodeIgniter(Object(CodeIgniter\CodeIgniter))
 9 FCPATH\index.php(59): CodeIgniter\Boot::bootWeb(Object(Config\Paths))
CRITICAL - 2026-01-25 05:20:14 --> [Caused by] mysqli_sql_exception: Unknown column 'productwiseVatPercnt' in 'field list'
in SYSTEMPATH\Database\MySQLi\Connection.php on line 327.
 1 SYSTEMPATH\Database\MySQLi\Connection.php(327): mysqli->query(' SELECT 
                    rs.sales_invoice,
                    rs.sales_date,
                    rsd.total_sale,
                    rsd.productwiseVatPercnt,
                    rs.discountOnTotalPrice,
                    rs.vatOnTotalPrice,
                    rs.paid_amount,
                    IFNULL(rcd.customer_due, 0) AS customer_due,
                    IFNULL(rcd.total_due_paid, 0) AS due_paid_amount,
                    (rs.paid_amount + IFNULL(rcd.total_due_paid, 0)) AS total_paid,
                    rs.due_amount,
                    CASE 
                        WHEN rs.customer_type REGEXP \'^[0-9]+$\' THEN c.cus_first_name
                        ELSE rs.customer_type
                    END AS customer_name,
                    CASE
                        WHEN rs.customer_type = \'Walk-In-Customer\' THEN \'Fully Paid\'
                        WHEN IFNULL(rcd.customer_due, 0) = 0 THEN \'Fully Paid\'
                        ELSE \'Partially Paid\'
                    END AS payment_status
                FROM return_sales rs
                JOIN (
                    SELECT 
                        sales_details_invoice, 
                        SUM(total_sale_price) AS total_sale, 
                        SUM(productwiseVatPercnt) AS productwiseVatPercnt
                    FROM return_sales_details
                    GROUP BY sales_details_invoice
                ) rsd ON rs.sales_invoice = rsd.sales_details_invoice
                LEFT JOIN (
                    SELECT 
                        due_invoice_no, 
                        SUM(due_amount - due_paid_amount) AS customer_due,
                        SUM(due_paid_amount) AS total_due_paid
                    FROM return_customer_due
                    GROUP BY due_invoice_no
                ) rcd ON rs.sales_invoice = rcd.due_invoice_no
                LEFT JOIN customer c ON c.customer_id = rs.customer_type AND rs.customer_type REGEXP \'^[0-9]+\'
            ', 0)
 2 SYSTEMPATH\Database\BaseConnection.php(729): CodeIgniter\Database\MySQLi\Connection->execute(' SELECT 
                    rs.sales_invoice,
                    rs.sales_date,
                    rsd.total_sale,
                    rsd.productwiseVatPercnt,
                    rs.discountOnTotalPrice,
                    rs.vatOnTotalPrice,
                    rs.paid_amount,
                    IFNULL(rcd.customer_due, 0) AS customer_due,
                    IFNULL(rcd.total_due_paid, 0) AS due_paid_amount,
                    (rs.paid_amount + IFNULL(rcd.total_due_paid, 0)) AS total_paid,
                    rs.due_amount,
                    CASE 
                        WHEN rs.customer_type REGEXP \'^[0-9]+$\' THEN c.cus_first_name
                        ELSE rs.customer_type
                    END AS customer_name,
                    CASE
                        WHEN rs.customer_type = \'Walk-In-Customer\' THEN \'Fully Paid\'
                        WHEN IFNULL(rcd.customer_due, 0) = 0 THEN \'Fully Paid\'
                        ELSE \'Partially Paid\'
                    END AS payment_status
                FROM return_sales rs
                JOIN (
                    SELECT 
                        sales_details_invoice, 
                        SUM(total_sale_price) AS total_sale, 
                        SUM(productwiseVatPercnt) AS productwiseVatPercnt
                    FROM return_sales_details
                    GROUP BY sales_details_invoice
                ) rsd ON rs.sales_invoice = rsd.sales_details_invoice
                LEFT JOIN (
                    SELECT 
                        due_invoice_no, 
                        SUM(due_amount - due_paid_amount) AS customer_due,
                        SUM(due_paid_amount) AS total_due_paid
                    FROM return_customer_due
                    GROUP BY due_invoice_no
                ) rcd ON rs.sales_invoice = rcd.due_invoice_no
                LEFT JOIN customer c ON c.customer_id = rs.customer_type AND rs.customer_type REGEXP \'^[0-9]+\'
            ')
 3 SYSTEMPATH\Database\BaseConnection.php(646): CodeIgniter\Database\BaseConnection->simpleQuery(' SELECT 
                    rs.sales_invoice,
                    rs.sales_date,
                    rsd.total_sale,
                    rsd.productwiseVatPercnt,
                    rs.discountOnTotalPrice,
                    rs.vatOnTotalPrice,
                    rs.paid_amount,
                    IFNULL(rcd.customer_due, 0) AS customer_due,
                    IFNULL(rcd.total_due_paid, 0) AS due_paid_amount,
                    (rs.paid_amount + IFNULL(rcd.total_due_paid, 0)) AS total_paid,
                    rs.due_amount,
                    CASE 
                        WHEN rs.customer_type REGEXP \'^[0-9]+$\' THEN c.cus_first_name
                        ELSE rs.customer_type
                    END AS customer_name,
                    CASE
                        WHEN rs.customer_type = \'Walk-In-Customer\' THEN \'Fully Paid\'
                        WHEN IFNULL(rcd.customer_due, 0) = 0 THEN \'Fully Paid\'
                        ELSE \'Partially Paid\'
                    END AS payment_status
                FROM return_sales rs
                JOIN (
                    SELECT 
                        sales_details_invoice, 
                        SUM(total_sale_price) AS total_sale, 
                        SUM(productwiseVatPercnt) AS productwiseVatPercnt
                    FROM return_sales_details
                    GROUP BY sales_details_invoice
                ) rsd ON rs.sales_invoice = rsd.sales_details_invoice
                LEFT JOIN (
                    SELECT 
                        due_invoice_no, 
                        SUM(due_amount - due_paid_amount) AS customer_due,
                        SUM(due_paid_amount) AS total_due_paid
                    FROM return_customer_due
                    GROUP BY due_invoice_no
                ) rcd ON rs.sales_invoice = rcd.due_invoice_no
                LEFT JOIN customer c ON c.customer_id = rs.customer_type AND rs.customer_type REGEXP \'^[0-9]+\'
            ')
 4 APPPATH\Controllers\salereturnlist.php(111): CodeIgniter\Database\BaseConnection->query(' SELECT 
                    rs.sales_invoice,
                    rs.sales_date,
                    rsd.total_sale,
                    rsd.productwiseVatPercnt,
                    rs.discountOnTotalPrice,
                    rs.vatOnTotalPrice,
                    rs.paid_amount,
                    IFNULL(rcd.customer_due, 0) AS customer_due,
                    IFNULL(rcd.total_due_paid, 0) AS due_paid_amount,
                    (rs.paid_amount + IFNULL(rcd.total_due_paid, 0)) AS total_paid,
                    rs.due_amount,
                    CASE 
                        WHEN rs.customer_type REGEXP \'^[0-9]+$\' THEN c.cus_first_name
                        ELSE rs.customer_type
                    END AS customer_name,
                    CASE
                        WHEN rs.customer_type = \'Walk-In-Customer\' THEN \'Fully Paid\'
                        WHEN IFNULL(rcd.customer_due, 0) = 0 THEN \'Fully Paid\'
                        ELSE \'Partially Paid\'
                    END AS payment_status
                FROM return_sales rs
                JOIN (
                    SELECT 
                        sales_details_invoice, 
                        SUM(total_sale_price) AS total_sale, 
                        SUM(productwiseVatPercnt) AS productwiseVatPercnt
                    FROM return_sales_details
                    GROUP BY sales_details_invoice
                ) rsd ON rs.sales_invoice = rsd.sales_details_invoice
                LEFT JOIN (
                    SELECT 
                        due_invoice_no, 
                        SUM(due_amount - due_paid_amount) AS customer_due,
                        SUM(due_paid_amount) AS total_due_paid
                    FROM return_customer_due
                    GROUP BY due_invoice_no
                ) rcd ON rs.sales_invoice = rcd.due_invoice_no
                LEFT JOIN customer c ON c.customer_id = rs.customer_type AND rs.customer_type REGEXP \'^[0-9]+\'
            ')
 5 SYSTEMPATH\CodeIgniter.php(933): App\Controllers\salereturnlist->saleReturnListShow()
 6 SYSTEMPATH\CodeIgniter.php(507): CodeIgniter\CodeIgniter->runController(Object(App\Controllers\salereturnlist))
 7 SYSTEMPATH\CodeIgniter.php(354): CodeIgniter\CodeIgniter->handleRequest(null, Object(Config\Cache), false)
 8 SYSTEMPATH\Boot.php(363): CodeIgniter\CodeIgniter->run()
 9 SYSTEMPATH\Boot.php(68): CodeIgniter\Boot::runCodeIgniter(Object(CodeIgniter\CodeIgniter))
10 FCPATH\index.php(59): CodeIgniter\Boot::bootWeb(Object(Config\Paths))
ERROR - 2026-01-25 05:20:14 --> mysqli_sql_exception: Unknown column 'productwiseVatPercnt' in 'field list' in C:\laragon\www\pharmacy-project\system\Database\MySQLi\Connection.php:327
Stack trace:
#0 C:\laragon\www\pharmacy-project\system\Database\MySQLi\Connection.php(327): mysqli->query(' SELECT \r\n     ...', 0)
#1 C:\laragon\www\pharmacy-project\system\Database\BaseConnection.php(729): CodeIgniter\Database\MySQLi\Connection->execute(' SELECT \r\n     ...')
#2 C:\laragon\www\pharmacy-project\system\Database\BaseConnection.php(646): CodeIgniter\Database\BaseConnection->simpleQuery(' SELECT \r\n     ...')
#3 C:\laragon\www\pharmacy-project\app\Controllers\salereturnlist.php(111): CodeIgniter\Database\BaseConnection->query(' SELECT \r\n     ...')
#4 C:\laragon\www\pharmacy-project\system\CodeIgniter.php(933): App\Controllers\salereturnlist->saleReturnListShow()
#5 C:\laragon\www\pharmacy-project\system\CodeIgniter.php(507): CodeIgniter\CodeIgniter->runController(Object(App\Controllers\salereturnlist))
#6 C:\laragon\www\pharmacy-project\system\CodeIgniter.php(354): CodeIgniter\CodeIgniter->handleRequest(NULL, Object(Config\Cache), false)
#7 C:\laragon\www\pharmacy-project\system\Boot.php(363): CodeIgniter\CodeIgniter->run()
#8 C:\laragon\www\pharmacy-project\system\Boot.php(68): CodeIgniter\Boot::runCodeIgniter(Object(CodeIgniter\CodeIgniter))
#9 C:\laragon\www\pharmacy-project\index.php(59): CodeIgniter\Boot::bootWeb(Object(Config\Paths))
#10 {main}
CRITICAL - 2026-01-25 05:20:14 --> CodeIgniter\Database\Exceptions\DatabaseException: Unknown column 'productwiseVatPercnt' in 'field list'
[Method: GET, Route: salereturnlistshow]
in SYSTEMPATH\Database\BaseConnection.php on line 684.
 1 APPPATH\Controllers\salereturnlist.php(111): CodeIgniter\Database\BaseConnection->query(' SELECT 
                    rs.sales_invoice,
                    rs.sales_date,
                    rsd.total_sale,
                    rsd.productwiseVatPercnt,
                    rs.discountOnTotalPrice,
                    rs.vatOnTotalPrice,
                    rs.paid_amount,
                    IFNULL(rcd.customer_due, 0) AS customer_due,
                    IFNULL(rcd.total_due_paid, 0) AS due_paid_amount,
                    (rs.paid_amount + IFNULL(rcd.total_due_paid, 0)) AS total_paid,
                    rs.due_amount,
                    CASE 
                        WHEN rs.customer_type REGEXP \'^[0-9]+$\' THEN c.cus_first_name
                        ELSE rs.customer_type
                    END AS customer_name,
                    CASE
                        WHEN rs.customer_type = \'Walk-In-Customer\' THEN \'Fully Paid\'
                        WHEN IFNULL(rcd.customer_due, 0) = 0 THEN \'Fully Paid\'
                        ELSE \'Partially Paid\'
                    END AS payment_status
                FROM return_sales rs
                JOIN (
                    SELECT 
                        sales_details_invoice, 
                        SUM(total_sale_price) AS total_sale, 
                        SUM(productwiseVatPercnt) AS productwiseVatPercnt
                    FROM return_sales_details
                    GROUP BY sales_details_invoice
                ) rsd ON rs.sales_invoice = rsd.sales_details_invoice
                LEFT JOIN (
                    SELECT 
                        due_invoice_no, 
                        SUM(due_amount - due_paid_amount) AS customer_due,
                        SUM(due_paid_amount) AS total_due_paid
                    FROM return_customer_due
                    GROUP BY due_invoice_no
                ) rcd ON rs.sales_invoice = rcd.due_invoice_no
                LEFT JOIN customer c ON c.customer_id = rs.customer_type AND rs.customer_type REGEXP \'^[0-9]+\'
            ')
 2 SYSTEMPATH\CodeIgniter.php(933): App\Controllers\salereturnlist->saleReturnListShow()
 3 SYSTEMPATH\CodeIgniter.php(507): CodeIgniter\CodeIgniter->runController(Object(App\Controllers\salereturnlist))
 4 SYSTEMPATH\CodeIgniter.php(354): CodeIgniter\CodeIgniter->handleRequest(null, Object(Config\Cache), false)
 5 SYSTEMPATH\Boot.php(363): CodeIgniter\CodeIgniter->run()
 6 SYSTEMPATH\Boot.php(68): CodeIgniter\Boot::runCodeIgniter(Object(CodeIgniter\CodeIgniter))
 7 FCPATH\index.php(59): CodeIgniter\Boot::bootWeb(Object(Config\Paths))
CRITICAL - 2026-01-25 05:20:14 --> [Caused by] CodeIgniter\Database\Exceptions\DatabaseException: Unknown column 'productwiseVatPercnt' in 'field list'
in SYSTEMPATH\Database\MySQLi\Connection.php on line 332.
 1 SYSTEMPATH\Database\BaseConnection.php(729): CodeIgniter\Database\MySQLi\Connection->execute(' SELECT 
                    rs.sales_invoice,
                    rs.sales_date,
                    rsd.total_sale,
                    rsd.productwiseVatPercnt,
                    rs.discountOnTotalPrice,
                    rs.vatOnTotalPrice,
                    rs.paid_amount,
                    IFNULL(rcd.customer_due, 0) AS customer_due,
                    IFNULL(rcd.total_due_paid, 0) AS due_paid_amount,
                    (rs.paid_amount + IFNULL(rcd.total_due_paid, 0)) AS total_paid,
                    rs.due_amount,
                    CASE 
                        WHEN rs.customer_type REGEXP \'^[0-9]+$\' THEN c.cus_first_name
                        ELSE rs.customer_type
                    END AS customer_name,
                    CASE
                        WHEN rs.customer_type = \'Walk-In-Customer\' THEN \'Fully Paid\'
                        WHEN IFNULL(rcd.customer_due, 0) = 0 THEN \'Fully Paid\'
                        ELSE \'Partially Paid\'
                    END AS payment_status
                FROM return_sales rs
                JOIN (
                    SELECT 
                        sales_details_invoice, 
                        SUM(total_sale_price) AS total_sale, 
                        SUM(productwiseVatPercnt) AS productwiseVatPercnt
                    FROM return_sales_details
                    GROUP BY sales_details_invoice
                ) rsd ON rs.sales_invoice = rsd.sales_details_invoice
                LEFT JOIN (
                    SELECT 
                        due_invoice_no, 
                        SUM(due_amount - due_paid_amount) AS customer_due,
                        SUM(due_paid_amount) AS total_due_paid
                    FROM return_customer_due
                    GROUP BY due_invoice_no
                ) rcd ON rs.sales_invoice = rcd.due_invoice_no
                LEFT JOIN customer c ON c.customer_id = rs.customer_type AND rs.customer_type REGEXP \'^[0-9]+\'
            ')
 2 SYSTEMPATH\Database\BaseConnection.php(646): CodeIgniter\Database\BaseConnection->simpleQuery(' SELECT 
                    rs.sales_invoice,
                    rs.sales_date,
                    rsd.total_sale,
                    rsd.productwiseVatPercnt,
                    rs.discountOnTotalPrice,
                    rs.vatOnTotalPrice,
                    rs.paid_amount,
                    IFNULL(rcd.customer_due, 0) AS customer_due,
                    IFNULL(rcd.total_due_paid, 0) AS due_paid_amount,
                    (rs.paid_amount + IFNULL(rcd.total_due_paid, 0)) AS total_paid,
                    rs.due_amount,
                    CASE 
                        WHEN rs.customer_type REGEXP \'^[0-9]+$\' THEN c.cus_first_name
                        ELSE rs.customer_type
                    END AS customer_name,
                    CASE
                        WHEN rs.customer_type = \'Walk-In-Customer\' THEN \'Fully Paid\'
                        WHEN IFNULL(rcd.customer_due, 0) = 0 THEN \'Fully Paid\'
                        ELSE \'Partially Paid\'
                    END AS payment_status
                FROM return_sales rs
                JOIN (
                    SELECT 
                        sales_details_invoice, 
                        SUM(total_sale_price) AS total_sale, 
                        SUM(productwiseVatPercnt) AS productwiseVatPercnt
                    FROM return_sales_details
                    GROUP BY sales_details_invoice
                ) rsd ON rs.sales_invoice = rsd.sales_details_invoice
                LEFT JOIN (
                    SELECT 
                        due_invoice_no, 
                        SUM(due_amount - due_paid_amount) AS customer_due,
                        SUM(due_paid_amount) AS total_due_paid
                    FROM return_customer_due
                    GROUP BY due_invoice_no
                ) rcd ON rs.sales_invoice = rcd.due_invoice_no
                LEFT JOIN customer c ON c.customer_id = rs.customer_type AND rs.customer_type REGEXP \'^[0-9]+\'
            ')
 3 APPPATH\Controllers\salereturnlist.php(111): CodeIgniter\Database\BaseConnection->query(' SELECT 
                    rs.sales_invoice,
                    rs.sales_date,
                    rsd.total_sale,
                    rsd.productwiseVatPercnt,
                    rs.discountOnTotalPrice,
                    rs.vatOnTotalPrice,
                    rs.paid_amount,
                    IFNULL(rcd.customer_due, 0) AS customer_due,
                    IFNULL(rcd.total_due_paid, 0) AS due_paid_amount,
                    (rs.paid_amount + IFNULL(rcd.total_due_paid, 0)) AS total_paid,
                    rs.due_amount,
                    CASE 
                        WHEN rs.customer_type REGEXP \'^[0-9]+$\' THEN c.cus_first_name
                        ELSE rs.customer_type
                    END AS customer_name,
                    CASE
                        WHEN rs.customer_type = \'Walk-In-Customer\' THEN \'Fully Paid\'
                        WHEN IFNULL(rcd.customer_due, 0) = 0 THEN \'Fully Paid\'
                        ELSE \'Partially Paid\'
                    END AS payment_status
                FROM return_sales rs
                JOIN (
                    SELECT 
                        sales_details_invoice, 
                        SUM(total_sale_price) AS total_sale, 
                        SUM(productwiseVatPercnt) AS productwiseVatPercnt
                    FROM return_sales_details
                    GROUP BY sales_details_invoice
                ) rsd ON rs.sales_invoice = rsd.sales_details_invoice
                LEFT JOIN (
                    SELECT 
                        due_invoice_no, 
                        SUM(due_amount - due_paid_amount) AS customer_due,
                        SUM(due_paid_amount) AS total_due_paid
                    FROM return_customer_due
                    GROUP BY due_invoice_no
                ) rcd ON rs.sales_invoice = rcd.due_invoice_no
                LEFT JOIN customer c ON c.customer_id = rs.customer_type AND rs.customer_type REGEXP \'^[0-9]+\'
            ')
 4 SYSTEMPATH\CodeIgniter.php(933): App\Controllers\salereturnlist->saleReturnListShow()
 5 SYSTEMPATH\CodeIgniter.php(507): CodeIgniter\CodeIgniter->runController(Object(App\Controllers\salereturnlist))
 6 SYSTEMPATH\CodeIgniter.php(354): CodeIgniter\CodeIgniter->handleRequest(null, Object(Config\Cache), false)
 7 SYSTEMPATH\Boot.php(363): CodeIgniter\CodeIgniter->run()
 8 SYSTEMPATH\Boot.php(68): CodeIgniter\Boot::runCodeIgniter(Object(CodeIgniter\CodeIgniter))
 9 FCPATH\index.php(59): CodeIgniter\Boot::bootWeb(Object(Config\Paths))
CRITICAL - 2026-01-25 05:20:14 --> [Caused by] mysqli_sql_exception: Unknown column 'productwiseVatPercnt' in 'field list'
in SYSTEMPATH\Database\MySQLi\Connection.php on line 327.
 1 SYSTEMPATH\Database\MySQLi\Connection.php(327): mysqli->query(' SELECT 
                    rs.sales_invoice,
                    rs.sales_date,
                    rsd.total_sale,
                    rsd.productwiseVatPercnt,
                    rs.discountOnTotalPrice,
                    rs.vatOnTotalPrice,
                    rs.paid_amount,
                    IFNULL(rcd.customer_due, 0) AS customer_due,
                    IFNULL(rcd.total_due_paid, 0) AS due_paid_amount,
                    (rs.paid_amount + IFNULL(rcd.total_due_paid, 0)) AS total_paid,
                    rs.due_amount,
                    CASE 
                        WHEN rs.customer_type REGEXP \'^[0-9]+$\' THEN c.cus_first_name
                        ELSE rs.customer_type
                    END AS customer_name,
                    CASE
                        WHEN rs.customer_type = \'Walk-In-Customer\' THEN \'Fully Paid\'
                        WHEN IFNULL(rcd.customer_due, 0) = 0 THEN \'Fully Paid\'
                        ELSE \'Partially Paid\'
                    END AS payment_status
                FROM return_sales rs
                JOIN (
                    SELECT 
                        sales_details_invoice, 
                        SUM(total_sale_price) AS total_sale, 
                        SUM(productwiseVatPercnt) AS productwiseVatPercnt
                    FROM return_sales_details
                    GROUP BY sales_details_invoice
                ) rsd ON rs.sales_invoice = rsd.sales_details_invoice
                LEFT JOIN (
                    SELECT 
                        due_invoice_no, 
                        SUM(due_amount - due_paid_amount) AS customer_due,
                        SUM(due_paid_amount) AS total_due_paid
                    FROM return_customer_due
                    GROUP BY due_invoice_no
                ) rcd ON rs.sales_invoice = rcd.due_invoice_no
                LEFT JOIN customer c ON c.customer_id = rs.customer_type AND rs.customer_type REGEXP \'^[0-9]+\'
            ', 0)
 2 SYSTEMPATH\Database\BaseConnection.php(729): CodeIgniter\Database\MySQLi\Connection->execute(' SELECT 
                    rs.sales_invoice,
                    rs.sales_date,
                    rsd.total_sale,
                    rsd.productwiseVatPercnt,
                    rs.discountOnTotalPrice,
                    rs.vatOnTotalPrice,
                    rs.paid_amount,
                    IFNULL(rcd.customer_due, 0) AS customer_due,
                    IFNULL(rcd.total_due_paid, 0) AS due_paid_amount,
                    (rs.paid_amount + IFNULL(rcd.total_due_paid, 0)) AS total_paid,
                    rs.due_amount,
                    CASE 
                        WHEN rs.customer_type REGEXP \'^[0-9]+$\' THEN c.cus_first_name
                        ELSE rs.customer_type
                    END AS customer_name,
                    CASE
                        WHEN rs.customer_type = \'Walk-In-Customer\' THEN \'Fully Paid\'
                        WHEN IFNULL(rcd.customer_due, 0) = 0 THEN \'Fully Paid\'
                        ELSE \'Partially Paid\'
                    END AS payment_status
                FROM return_sales rs
                JOIN (
                    SELECT 
                        sales_details_invoice, 
                        SUM(total_sale_price) AS total_sale, 
                        SUM(productwiseVatPercnt) AS productwiseVatPercnt
                    FROM return_sales_details
                    GROUP BY sales_details_invoice
                ) rsd ON rs.sales_invoice = rsd.sales_details_invoice
                LEFT JOIN (
                    SELECT 
                        due_invoice_no, 
                        SUM(due_amount - due_paid_amount) AS customer_due,
                        SUM(due_paid_amount) AS total_due_paid
                    FROM return_customer_due
                    GROUP BY due_invoice_no
                ) rcd ON rs.sales_invoice = rcd.due_invoice_no
                LEFT JOIN customer c ON c.customer_id = rs.customer_type AND rs.customer_type REGEXP \'^[0-9]+\'
            ')
 3 SYSTEMPATH\Database\BaseConnection.php(646): CodeIgniter\Database\BaseConnection->simpleQuery(' SELECT 
                    rs.sales_invoice,
                    rs.sales_date,
                    rsd.total_sale,
                    rsd.productwiseVatPercnt,
                    rs.discountOnTotalPrice,
                    rs.vatOnTotalPrice,
                    rs.paid_amount,
                    IFNULL(rcd.customer_due, 0) AS customer_due,
                    IFNULL(rcd.total_due_paid, 0) AS due_paid_amount,
                    (rs.paid_amount + IFNULL(rcd.total_due_paid, 0)) AS total_paid,
                    rs.due_amount,
                    CASE 
                        WHEN rs.customer_type REGEXP \'^[0-9]+$\' THEN c.cus_first_name
                        ELSE rs.customer_type
                    END AS customer_name,
                    CASE
                        WHEN rs.customer_type = \'Walk-In-Customer\' THEN \'Fully Paid\'
                        WHEN IFNULL(rcd.customer_due, 0) = 0 THEN \'Fully Paid\'
                        ELSE \'Partially Paid\'
                    END AS payment_status
                FROM return_sales rs
                JOIN (
                    SELECT 
                        sales_details_invoice, 
                        SUM(total_sale_price) AS total_sale, 
                        SUM(productwiseVatPercnt) AS productwiseVatPercnt
                    FROM return_sales_details
                    GROUP BY sales_details_invoice
                ) rsd ON rs.sales_invoice = rsd.sales_details_invoice
                LEFT JOIN (
                    SELECT 
                        due_invoice_no, 
                        SUM(due_amount - due_paid_amount) AS customer_due,
                        SUM(due_paid_amount) AS total_due_paid
                    FROM return_customer_due
                    GROUP BY due_invoice_no
                ) rcd ON rs.sales_invoice = rcd.due_invoice_no
                LEFT JOIN customer c ON c.customer_id = rs.customer_type AND rs.customer_type REGEXP \'^[0-9]+\'
            ')
 4 APPPATH\Controllers\salereturnlist.php(111): CodeIgniter\Database\BaseConnection->query(' SELECT 
                    rs.sales_invoice,
                    rs.sales_date,
                    rsd.total_sale,
                    rsd.productwiseVatPercnt,
                    rs.discountOnTotalPrice,
                    rs.vatOnTotalPrice,
                    rs.paid_amount,
                    IFNULL(rcd.customer_due, 0) AS customer_due,
                    IFNULL(rcd.total_due_paid, 0) AS due_paid_amount,
                    (rs.paid_amount + IFNULL(rcd.total_due_paid, 0)) AS total_paid,
                    rs.due_amount,
                    CASE 
                        WHEN rs.customer_type REGEXP \'^[0-9]+$\' THEN c.cus_first_name
                        ELSE rs.customer_type
                    END AS customer_name,
                    CASE
                        WHEN rs.customer_type = \'Walk-In-Customer\' THEN \'Fully Paid\'
                        WHEN IFNULL(rcd.customer_due, 0) = 0 THEN \'Fully Paid\'
                        ELSE \'Partially Paid\'
                    END AS payment_status
                FROM return_sales rs
                JOIN (
                    SELECT 
                        sales_details_invoice, 
                        SUM(total_sale_price) AS total_sale, 
                        SUM(productwiseVatPercnt) AS productwiseVatPercnt
                    FROM return_sales_details
                    GROUP BY sales_details_invoice
                ) rsd ON rs.sales_invoice = rsd.sales_details_invoice
                LEFT JOIN (
                    SELECT 
                        due_invoice_no, 
                        SUM(due_amount - due_paid_amount) AS customer_due,
                        SUM(due_paid_amount) AS total_due_paid
                    FROM return_customer_due
                    GROUP BY due_invoice_no
                ) rcd ON rs.sales_invoice = rcd.due_invoice_no
                LEFT JOIN customer c ON c.customer_id = rs.customer_type AND rs.customer_type REGEXP \'^[0-9]+\'
            ')
 5 SYSTEMPATH\CodeIgniter.php(933): App\Controllers\salereturnlist->saleReturnListShow()
 6 SYSTEMPATH\CodeIgniter.php(507): CodeIgniter\CodeIgniter->runController(Object(App\Controllers\salereturnlist))
 7 SYSTEMPATH\CodeIgniter.php(354): CodeIgniter\CodeIgniter->handleRequest(null, Object(Config\Cache), false)
 8 SYSTEMPATH\Boot.php(363): CodeIgniter\CodeIgniter->run()
 9 SYSTEMPATH\Boot.php(68): CodeIgniter\Boot::runCodeIgniter(Object(CodeIgniter\CodeIgniter))
10 FCPATH\index.php(59): CodeIgniter\Boot::bootWeb(Object(Config\Paths))
ERROR - 2026-01-25 05:20:14 --> mysqli_sql_exception: Unknown column 'productwiseVatPercnt' in 'field list' in C:\laragon\www\pharmacy-project\system\Database\MySQLi\Connection.php:327
Stack trace:
#0 C:\laragon\www\pharmacy-project\system\Database\MySQLi\Connection.php(327): mysqli->query(' SELECT \r\n     ...', 0)
#1 C:\laragon\www\pharmacy-project\system\Database\BaseConnection.php(729): CodeIgniter\Database\MySQLi\Connection->execute(' SELECT \r\n     ...')
#2 C:\laragon\www\pharmacy-project\system\Database\BaseConnection.php(646): CodeIgniter\Database\BaseConnection->simpleQuery(' SELECT \r\n     ...')
#3 C:\laragon\www\pharmacy-project\app\Controllers\salereturnlist.php(111): CodeIgniter\Database\BaseConnection->query(' SELECT \r\n     ...')
#4 C:\laragon\www\pharmacy-project\system\CodeIgniter.php(933): App\Controllers\salereturnlist->saleReturnListShow()
#5 C:\laragon\www\pharmacy-project\system\CodeIgniter.php(507): CodeIgniter\CodeIgniter->runController(Object(App\Controllers\salereturnlist))
#6 C:\laragon\www\pharmacy-project\system\CodeIgniter.php(354): CodeIgniter\CodeIgniter->handleRequest(NULL, Object(Config\Cache), false)
#7 C:\laragon\www\pharmacy-project\system\Boot.php(363): CodeIgniter\CodeIgniter->run()
#8 C:\laragon\www\pharmacy-project\system\Boot.php(68): CodeIgniter\Boot::runCodeIgniter(Object(CodeIgniter\CodeIgniter))
#9 C:\laragon\www\pharmacy-project\index.php(59): CodeIgniter\Boot::bootWeb(Object(Config\Paths))
#10 {main}
CRITICAL - 2026-01-25 05:20:14 --> CodeIgniter\Database\Exceptions\DatabaseException: Unknown column 'productwiseVatPercnt' in 'field list'
[Method: GET, Route: salereturnlistshow]
in SYSTEMPATH\Database\BaseConnection.php on line 684.
 1 APPPATH\Controllers\salereturnlist.php(111): CodeIgniter\Database\BaseConnection->query(' SELECT 
                    rs.sales_invoice,
                    rs.sales_date,
                    rsd.total_sale,
                    rsd.productwiseVatPercnt,
                    rs.discountOnTotalPrice,
                    rs.vatOnTotalPrice,
                    rs.paid_amount,
                    IFNULL(rcd.customer_due, 0) AS customer_due,
                    IFNULL(rcd.total_due_paid, 0) AS due_paid_amount,
                    (rs.paid_amount + IFNULL(rcd.total_due_paid, 0)) AS total_paid,
                    rs.due_amount,
                    CASE 
                        WHEN rs.customer_type REGEXP \'^[0-9]+$\' THEN c.cus_first_name
                        ELSE rs.customer_type
                    END AS customer_name,
                    CASE
                        WHEN rs.customer_type = \'Walk-In-Customer\' THEN \'Fully Paid\'
                        WHEN IFNULL(rcd.customer_due, 0) = 0 THEN \'Fully Paid\'
                        ELSE \'Partially Paid\'
                    END AS payment_status
                FROM return_sales rs
                JOIN (
                    SELECT 
                        sales_details_invoice, 
                        SUM(total_sale_price) AS total_sale, 
                        SUM(productwiseVatPercnt) AS productwiseVatPercnt
                    FROM return_sales_details
                    GROUP BY sales_details_invoice
                ) rsd ON rs.sales_invoice = rsd.sales_details_invoice
                LEFT JOIN (
                    SELECT 
                        due_invoice_no, 
                        SUM(due_amount - due_paid_amount) AS customer_due,
                        SUM(due_paid_amount) AS total_due_paid
                    FROM return_customer_due
                    GROUP BY due_invoice_no
                ) rcd ON rs.sales_invoice = rcd.due_invoice_no
                LEFT JOIN customer c ON c.customer_id = rs.customer_type AND rs.customer_type REGEXP \'^[0-9]+\'
            ')
 2 SYSTEMPATH\CodeIgniter.php(933): App\Controllers\salereturnlist->saleReturnListShow()
 3 SYSTEMPATH\CodeIgniter.php(507): CodeIgniter\CodeIgniter->runController(Object(App\Controllers\salereturnlist))
 4 SYSTEMPATH\CodeIgniter.php(354): CodeIgniter\CodeIgniter->handleRequest(null, Object(Config\Cache), false)
 5 SYSTEMPATH\Boot.php(363): CodeIgniter\CodeIgniter->run()
 6 SYSTEMPATH\Boot.php(68): CodeIgniter\Boot::runCodeIgniter(Object(CodeIgniter\CodeIgniter))
 7 FCPATH\index.php(59): CodeIgniter\Boot::bootWeb(Object(Config\Paths))
CRITICAL - 2026-01-25 05:20:14 --> [Caused by] CodeIgniter\Database\Exceptions\DatabaseException: Unknown column 'productwiseVatPercnt' in 'field list'
in SYSTEMPATH\Database\MySQLi\Connection.php on line 332.
 1 SYSTEMPATH\Database\BaseConnection.php(729): CodeIgniter\Database\MySQLi\Connection->execute(' SELECT 
                    rs.sales_invoice,
                    rs.sales_date,
                    rsd.total_sale,
                    rsd.productwiseVatPercnt,
                    rs.discountOnTotalPrice,
                    rs.vatOnTotalPrice,
                    rs.paid_amount,
                    IFNULL(rcd.customer_due, 0) AS customer_due,
                    IFNULL(rcd.total_due_paid, 0) AS due_paid_amount,
                    (rs.paid_amount + IFNULL(rcd.total_due_paid, 0)) AS total_paid,
                    rs.due_amount,
                    CASE 
                        WHEN rs.customer_type REGEXP \'^[0-9]+$\' THEN c.cus_first_name
                        ELSE rs.customer_type
                    END AS customer_name,
                    CASE
                        WHEN rs.customer_type = \'Walk-In-Customer\' THEN \'Fully Paid\'
                        WHEN IFNULL(rcd.customer_due, 0) = 0 THEN \'Fully Paid\'
                        ELSE \'Partially Paid\'
                    END AS payment_status
                FROM return_sales rs
                JOIN (
                    SELECT 
                        sales_details_invoice, 
                        SUM(total_sale_price) AS total_sale, 
                        SUM(productwiseVatPercnt) AS productwiseVatPercnt
                    FROM return_sales_details
                    GROUP BY sales_details_invoice
                ) rsd ON rs.sales_invoice = rsd.sales_details_invoice
                LEFT JOIN (
                    SELECT 
                        due_invoice_no, 
                        SUM(due_amount - due_paid_amount) AS customer_due,
                        SUM(due_paid_amount) AS total_due_paid
                    FROM return_customer_due
                    GROUP BY due_invoice_no
                ) rcd ON rs.sales_invoice = rcd.due_invoice_no
                LEFT JOIN customer c ON c.customer_id = rs.customer_type AND rs.customer_type REGEXP \'^[0-9]+\'
            ')
 2 SYSTEMPATH\Database\BaseConnection.php(646): CodeIgniter\Database\BaseConnection->simpleQuery(' SELECT 
                    rs.sales_invoice,
                    rs.sales_date,
                    rsd.total_sale,
                    rsd.productwiseVatPercnt,
                    rs.discountOnTotalPrice,
                    rs.vatOnTotalPrice,
                    rs.paid_amount,
                    IFNULL(rcd.customer_due, 0) AS customer_due,
                    IFNULL(rcd.total_due_paid, 0) AS due_paid_amount,
                    (rs.paid_amount + IFNULL(rcd.total_due_paid, 0)) AS total_paid,
                    rs.due_amount,
                    CASE 
                        WHEN rs.customer_type REGEXP \'^[0-9]+$\' THEN c.cus_first_name
                        ELSE rs.customer_type
                    END AS customer_name,
                    CASE
                        WHEN rs.customer_type = \'Walk-In-Customer\' THEN \'Fully Paid\'
                        WHEN IFNULL(rcd.customer_due, 0) = 0 THEN \'Fully Paid\'
                        ELSE \'Partially Paid\'
                    END AS payment_status
                FROM return_sales rs
                JOIN (
                    SELECT 
                        sales_details_invoice, 
                        SUM(total_sale_price) AS total_sale, 
                        SUM(productwiseVatPercnt) AS productwiseVatPercnt
                    FROM return_sales_details
                    GROUP BY sales_details_invoice
                ) rsd ON rs.sales_invoice = rsd.sales_details_invoice
                LEFT JOIN (
                    SELECT 
                        due_invoice_no, 
                        SUM(due_amount - due_paid_amount) AS customer_due,
                        SUM(due_paid_amount) AS total_due_paid
                    FROM return_customer_due
                    GROUP BY due_invoice_no
                ) rcd ON rs.sales_invoice = rcd.due_invoice_no
                LEFT JOIN customer c ON c.customer_id = rs.customer_type AND rs.customer_type REGEXP \'^[0-9]+\'
            ')
 3 APPPATH\Controllers\salereturnlist.php(111): CodeIgniter\Database\BaseConnection->query(' SELECT 
                    rs.sales_invoice,
                    rs.sales_date,
                    rsd.total_sale,
                    rsd.productwiseVatPercnt,
                    rs.discountOnTotalPrice,
                    rs.vatOnTotalPrice,
                    rs.paid_amount,
                    IFNULL(rcd.customer_due, 0) AS customer_due,
                    IFNULL(rcd.total_due_paid, 0) AS due_paid_amount,
                    (rs.paid_amount + IFNULL(rcd.total_due_paid, 0)) AS total_paid,
                    rs.due_amount,
                    CASE 
                        WHEN rs.customer_type REGEXP \'^[0-9]+$\' THEN c.cus_first_name
                        ELSE rs.customer_type
                    END AS customer_name,
                    CASE
                        WHEN rs.customer_type = \'Walk-In-Customer\' THEN \'Fully Paid\'
                        WHEN IFNULL(rcd.customer_due, 0) = 0 THEN \'Fully Paid\'
                        ELSE \'Partially Paid\'
                    END AS payment_status
                FROM return_sales rs
                JOIN (
                    SELECT 
                        sales_details_invoice, 
                        SUM(total_sale_price) AS total_sale, 
                        SUM(productwiseVatPercnt) AS productwiseVatPercnt
                    FROM return_sales_details
                    GROUP BY sales_details_invoice
                ) rsd ON rs.sales_invoice = rsd.sales_details_invoice
                LEFT JOIN (
                    SELECT 
                        due_invoice_no, 
                        SUM(due_amount - due_paid_amount) AS customer_due,
                        SUM(due_paid_amount) AS total_due_paid
                    FROM return_customer_due
                    GROUP BY due_invoice_no
                ) rcd ON rs.sales_invoice = rcd.due_invoice_no
                LEFT JOIN customer c ON c.customer_id = rs.customer_type AND rs.customer_type REGEXP \'^[0-9]+\'
            ')
 4 SYSTEMPATH\CodeIgniter.php(933): App\Controllers\salereturnlist->saleReturnListShow()
 5 SYSTEMPATH\CodeIgniter.php(507): CodeIgniter\CodeIgniter->runController(Object(App\Controllers\salereturnlist))
 6 SYSTEMPATH\CodeIgniter.php(354): CodeIgniter\CodeIgniter->handleRequest(null, Object(Config\Cache), false)
 7 SYSTEMPATH\Boot.php(363): CodeIgniter\CodeIgniter->run()
 8 SYSTEMPATH\Boot.php(68): CodeIgniter\Boot::runCodeIgniter(Object(CodeIgniter\CodeIgniter))
 9 FCPATH\index.php(59): CodeIgniter\Boot::bootWeb(Object(Config\Paths))
CRITICAL - 2026-01-25 05:20:14 --> [Caused by] mysqli_sql_exception: Unknown column 'productwiseVatPercnt' in 'field list'
in SYSTEMPATH\Database\MySQLi\Connection.php on line 327.
 1 SYSTEMPATH\Database\MySQLi\Connection.php(327): mysqli->query(' SELECT 
                    rs.sales_invoice,
                    rs.sales_date,
                    rsd.total_sale,
                    rsd.productwiseVatPercnt,
                    rs.discountOnTotalPrice,
                    rs.vatOnTotalPrice,
                    rs.paid_amount,
                    IFNULL(rcd.customer_due, 0) AS customer_due,
                    IFNULL(rcd.total_due_paid, 0) AS due_paid_amount,
                    (rs.paid_amount + IFNULL(rcd.total_due_paid, 0)) AS total_paid,
                    rs.due_amount,
                    CASE 
                        WHEN rs.customer_type REGEXP \'^[0-9]+$\' THEN c.cus_first_name
                        ELSE rs.customer_type
                    END AS customer_name,
                    CASE
                        WHEN rs.customer_type = \'Walk-In-Customer\' THEN \'Fully Paid\'
                        WHEN IFNULL(rcd.customer_due, 0) = 0 THEN \'Fully Paid\'
                        ELSE \'Partially Paid\'
                    END AS payment_status
                FROM return_sales rs
                JOIN (
                    SELECT 
                        sales_details_invoice, 
                        SUM(total_sale_price) AS total_sale, 
                        SUM(productwiseVatPercnt) AS productwiseVatPercnt
                    FROM return_sales_details
                    GROUP BY sales_details_invoice
                ) rsd ON rs.sales_invoice = rsd.sales_details_invoice
                LEFT JOIN (
                    SELECT 
                        due_invoice_no, 
                        SUM(due_amount - due_paid_amount) AS customer_due,
                        SUM(due_paid_amount) AS total_due_paid
                    FROM return_customer_due
                    GROUP BY due_invoice_no
                ) rcd ON rs.sales_invoice = rcd.due_invoice_no
                LEFT JOIN customer c ON c.customer_id = rs.customer_type AND rs.customer_type REGEXP \'^[0-9]+\'
            ', 0)
 2 SYSTEMPATH\Database\BaseConnection.php(729): CodeIgniter\Database\MySQLi\Connection->execute(' SELECT 
                    rs.sales_invoice,
                    rs.sales_date,
                    rsd.total_sale,
                    rsd.productwiseVatPercnt,
                    rs.discountOnTotalPrice,
                    rs.vatOnTotalPrice,
                    rs.paid_amount,
                    IFNULL(rcd.customer_due, 0) AS customer_due,
                    IFNULL(rcd.total_due_paid, 0) AS due_paid_amount,
                    (rs.paid_amount + IFNULL(rcd.total_due_paid, 0)) AS total_paid,
                    rs.due_amount,
                    CASE 
                        WHEN rs.customer_type REGEXP \'^[0-9]+$\' THEN c.cus_first_name
                        ELSE rs.customer_type
                    END AS customer_name,
                    CASE
                        WHEN rs.customer_type = \'Walk-In-Customer\' THEN \'Fully Paid\'
                        WHEN IFNULL(rcd.customer_due, 0) = 0 THEN \'Fully Paid\'
                        ELSE \'Partially Paid\'
                    END AS payment_status
                FROM return_sales rs
                JOIN (
                    SELECT 
                        sales_details_invoice, 
                        SUM(total_sale_price) AS total_sale, 
                        SUM(productwiseVatPercnt) AS productwiseVatPercnt
                    FROM return_sales_details
                    GROUP BY sales_details_invoice
                ) rsd ON rs.sales_invoice = rsd.sales_details_invoice
                LEFT JOIN (
                    SELECT 
                        due_invoice_no, 
                        SUM(due_amount - due_paid_amount) AS customer_due,
                        SUM(due_paid_amount) AS total_due_paid
                    FROM return_customer_due
                    GROUP BY due_invoice_no
                ) rcd ON rs.sales_invoice = rcd.due_invoice_no
                LEFT JOIN customer c ON c.customer_id = rs.customer_type AND rs.customer_type REGEXP \'^[0-9]+\'
            ')
 3 SYSTEMPATH\Database\BaseConnection.php(646): CodeIgniter\Database\BaseConnection->simpleQuery(' SELECT 
                    rs.sales_invoice,
                    rs.sales_date,
                    rsd.total_sale,
                    rsd.productwiseVatPercnt,
                    rs.discountOnTotalPrice,
                    rs.vatOnTotalPrice,
                    rs.paid_amount,
                    IFNULL(rcd.customer_due, 0) AS customer_due,
                    IFNULL(rcd.total_due_paid, 0) AS due_paid_amount,
                    (rs.paid_amount + IFNULL(rcd.total_due_paid, 0)) AS total_paid,
                    rs.due_amount,
                    CASE 
                        WHEN rs.customer_type REGEXP \'^[0-9]+$\' THEN c.cus_first_name
                        ELSE rs.customer_type
                    END AS customer_name,
                    CASE
                        WHEN rs.customer_type = \'Walk-In-Customer\' THEN \'Fully Paid\'
                        WHEN IFNULL(rcd.customer_due, 0) = 0 THEN \'Fully Paid\'
                        ELSE \'Partially Paid\'
                    END AS payment_status
                FROM return_sales rs
                JOIN (
                    SELECT 
                        sales_details_invoice, 
                        SUM(total_sale_price) AS total_sale, 
                        SUM(productwiseVatPercnt) AS productwiseVatPercnt
                    FROM return_sales_details
                    GROUP BY sales_details_invoice
                ) rsd ON rs.sales_invoice = rsd.sales_details_invoice
                LEFT JOIN (
                    SELECT 
                        due_invoice_no, 
                        SUM(due_amount - due_paid_amount) AS customer_due,
                        SUM(due_paid_amount) AS total_due_paid
                    FROM return_customer_due
                    GROUP BY due_invoice_no
                ) rcd ON rs.sales_invoice = rcd.due_invoice_no
                LEFT JOIN customer c ON c.customer_id = rs.customer_type AND rs.customer_type REGEXP \'^[0-9]+\'
            ')
 4 APPPATH\Controllers\salereturnlist.php(111): CodeIgniter\Database\BaseConnection->query(' SELECT 
                    rs.sales_invoice,
                    rs.sales_date,
                    rsd.total_sale,
                    rsd.productwiseVatPercnt,
                    rs.discountOnTotalPrice,
                    rs.vatOnTotalPrice,
                    rs.paid_amount,
                    IFNULL(rcd.customer_due, 0) AS customer_due,
                    IFNULL(rcd.total_due_paid, 0) AS due_paid_amount,
                    (rs.paid_amount + IFNULL(rcd.total_due_paid, 0)) AS total_paid,
                    rs.due_amount,
                    CASE 
                        WHEN rs.customer_type REGEXP \'^[0-9]+$\' THEN c.cus_first_name
                        ELSE rs.customer_type
                    END AS customer_name,
                    CASE
                        WHEN rs.customer_type = \'Walk-In-Customer\' THEN \'Fully Paid\'
                        WHEN IFNULL(rcd.customer_due, 0) = 0 THEN \'Fully Paid\'
                        ELSE \'Partially Paid\'
                    END AS payment_status
                FROM return_sales rs
                JOIN (
                    SELECT 
                        sales_details_invoice, 
                        SUM(total_sale_price) AS total_sale, 
                        SUM(productwiseVatPercnt) AS productwiseVatPercnt
                    FROM return_sales_details
                    GROUP BY sales_details_invoice
                ) rsd ON rs.sales_invoice = rsd.sales_details_invoice
                LEFT JOIN (
                    SELECT 
                        due_invoice_no, 
                        SUM(due_amount - due_paid_amount) AS customer_due,
                        SUM(due_paid_amount) AS total_due_paid
                    FROM return_customer_due
                    GROUP BY due_invoice_no
                ) rcd ON rs.sales_invoice = rcd.due_invoice_no
                LEFT JOIN customer c ON c.customer_id = rs.customer_type AND rs.customer_type REGEXP \'^[0-9]+\'
            ')
 5 SYSTEMPATH\CodeIgniter.php(933): App\Controllers\salereturnlist->saleReturnListShow()
 6 SYSTEMPATH\CodeIgniter.php(507): CodeIgniter\CodeIgniter->runController(Object(App\Controllers\salereturnlist))
 7 SYSTEMPATH\CodeIgniter.php(354): CodeIgniter\CodeIgniter->handleRequest(null, Object(Config\Cache), false)
 8 SYSTEMPATH\Boot.php(363): CodeIgniter\CodeIgniter->run()
 9 SYSTEMPATH\Boot.php(68): CodeIgniter\Boot::runCodeIgniter(Object(CodeIgniter\CodeIgniter))
10 FCPATH\index.php(59): CodeIgniter\Boot::bootWeb(Object(Config\Paths))
CRITICAL - 2026-01-25 05:32:48 --> ErrorException: Undefined array key "total_tax"
[Method: GET, Route: salereturnlistshow]
in APPPATH\Views\pos\saleReturnListShow.php on line 59.
 1 APPPATH\Views\pos\saleReturnListShow.php(59): CodeIgniter\Debug\Exceptions->errorHandler(2, 'Undefined array key "total_tax"', 'C:\\laragon\\www\\pharmacy-project\\app\\Views\\pos\\saleReturnListShow.php', 59)
 2 SYSTEMPATH\View\View.php(226): include('C:\\laragon\\www\\pharmacy-project\\app\\Views\\pos\\saleReturnListShow.php')
 3 SYSTEMPATH\View\View.php(229): CodeIgniter\View\View->CodeIgniter\View\{closure}()
 4 SYSTEMPATH\Common.php(1167): CodeIgniter\View\View->render('pos/saleReturnListShow', [], true)
 5 APPPATH\Controllers\salereturnlist.php(114): view('pos/saleReturnListShow', [...])
 6 SYSTEMPATH\CodeIgniter.php(933): App\Controllers\salereturnlist->saleReturnListShow()
 7 SYSTEMPATH\CodeIgniter.php(507): CodeIgniter\CodeIgniter->runController(Object(App\Controllers\salereturnlist))
 8 SYSTEMPATH\CodeIgniter.php(354): CodeIgniter\CodeIgniter->handleRequest(null, Object(Config\Cache), false)
 9 SYSTEMPATH\Boot.php(363): CodeIgniter\CodeIgniter->run()
10 SYSTEMPATH\Boot.php(68): CodeIgniter\Boot::runCodeIgniter(Object(CodeIgniter\CodeIgniter))
11 FCPATH\index.php(59): CodeIgniter\Boot::bootWeb(Object(Config\Paths))
DEBUG - 2026-01-25 05:34:53 --> Session: Class initialized using 'CodeIgniter\Session\Handlers\FileHandler' driver.
DEBUG - 2026-01-25 05:37:32 --> Session: Class initialized using 'CodeIgniter\Session\Handlers\FileHandler' driver.
DEBUG - 2026-01-25 05:38:42 --> Session: Class initialized using 'CodeIgniter\Session\Handlers\FileHandler' driver.
DEBUG - 2026-01-25 05:39:28 --> Session: Class initialized using 'CodeIgniter\Session\Handlers\FileHandler' driver.
DEBUG - 2026-01-25 05:39:32 --> Session: Class initialized using 'CodeIgniter\Session\Handlers\FileHandler' driver.
DEBUG - 2026-01-25 05:40:23 --> Session: Class initialized using 'CodeIgniter\Session\Handlers\FileHandler' driver.
DEBUG - 2026-01-25 05:42:35 --> Session: Class initialized using 'CodeIgniter\Session\Handlers\FileHandler' driver.
DEBUG - 2026-01-25 05:46:39 --> Session: Class initialized using 'CodeIgniter\Session\Handlers\FileHandler' driver.
DEBUG - 2026-01-25 05:47:09 --> Session: Class initialized using 'CodeIgniter\Session\Handlers\FileHandler' driver.
DEBUG - 2026-01-25 05:47:12 --> Session: Class initialized using 'CodeIgniter\Session\Handlers\FileHandler' driver.
DEBUG - 2026-01-25 05:47:15 --> Session: Class initialized using 'CodeIgniter\Session\Handlers\FileHandler' driver.
DEBUG - 2026-01-25 05:47:21 --> Session: Class initialized using 'CodeIgniter\Session\Handlers\FileHandler' driver.
DEBUG - 2026-01-25 05:47:31 --> Session: Class initialized using 'CodeIgniter\Session\Handlers\FileHandler' driver.
DEBUG - 2026-01-25 05:47:35 --> Session: Class initialized using 'CodeIgniter\Session\Handlers\FileHandler' driver.
DEBUG - 2026-01-25 05:47:40 --> Session: Class initialized using 'CodeIgniter\Session\Handlers\FileHandler' driver.
DEBUG - 2026-01-25 05:47:47 --> Session: Class initialized using 'CodeIgniter\Session\Handlers\FileHandler' driver.
DEBUG - 2026-01-25 05:51:02 --> Session: Class initialized using 'CodeIgniter\Session\Handlers\FileHandler' driver.
DEBUG - 2026-01-25 05:51:04 --> Session: Class initialized using 'CodeIgniter\Session\Handlers\FileHandler' driver.
DEBUG - 2026-01-25 06:07:32 --> Session: Class initialized using 'CodeIgniter\Session\Handlers\FileHandler' driver.
DEBUG - 2026-01-25 06:07:34 --> Session: Class initialized using 'CodeIgniter\Session\Handlers\FileHandler' driver.
DEBUG - 2026-01-25 06:08:14 --> Session: Class initialized using 'CodeIgniter\Session\Handlers\FileHandler' driver.
DEBUG - 2026-01-25 06:12:04 --> Session: Class initialized using 'CodeIgniter\Session\Handlers\FileHandler' driver.
DEBUG - 2026-01-25 06:12:05 --> Session: Class initialized using 'CodeIgniter\Session\Handlers\FileHandler' driver.
DEBUG - 2026-01-25 06:12:06 --> Session: Class initialized using 'CodeIgniter\Session\Handlers\FileHandler' driver.
DEBUG - 2026-01-25 06:13:05 --> Session: Class initialized using 'CodeIgniter\Session\Handlers\FileHandler' driver.
DEBUG - 2026-01-25 06:13:16 --> Session: Class initialized using 'CodeIgniter\Session\Handlers\FileHandler' driver.
DEBUG - 2026-01-25 06:16:39 --> Session: Class initialized using 'CodeIgniter\Session\Handlers\FileHandler' driver.
DEBUG - 2026-01-25 06:16:41 --> Session: Class initialized using 'CodeIgniter\Session\Handlers\FileHandler' driver.
DEBUG - 2026-01-25 06:16:42 --> Session: Class initialized using 'CodeIgniter\Session\Handlers\FileHandler' driver.
DEBUG - 2026-01-25 06:20:57 --> Session: Class initialized using 'CodeIgniter\Session\Handlers\FileHandler' driver.
DEBUG - 2026-01-25 06:21:12 --> Session: Class initialized using 'CodeIgniter\Session\Handlers\FileHandler' driver.
DEBUG - 2026-01-25 06:21:22 --> Session: Class initialized using 'CodeIgniter\Session\Handlers\FileHandler' driver.
DEBUG - 2026-01-25 06:21:36 --> Session: Class initialized using 'CodeIgniter\Session\Handlers\FileHandler' driver.
DEBUG - 2026-01-25 06:21:37 --> Session: Class initialized using 'CodeIgniter\Session\Handlers\FileHandler' driver.
DEBUG - 2026-01-25 06:21:57 --> Session: Class initialized using 'CodeIgniter\Session\Handlers\FileHandler' driver.
DEBUG - 2026-01-25 06:22:17 --> Session: Class initialized using 'CodeIgniter\Session\Handlers\FileHandler' driver.
CRITICAL - 2026-01-25 06:22:45 --> Error: Class "Locale" not found
[Method: GET, Route: product]
in SYSTEMPATH\CodeIgniter.php on line 189.
 1 SYSTEMPATH\Boot.php(350): CodeIgniter\CodeIgniter->initialize()
 2 SYSTEMPATH\Boot.php(67): CodeIgniter\Boot::initializeCodeIgniter()
 3 FCPATH\index.php(59): CodeIgniter\Boot::bootWeb(Object(Config\Paths))
CRITICAL - 2026-01-25 06:22:45 --> ErrorException: Uncaught Error: Class "Locale" not found in C:\laragon\www\pharmacy-project\system\Helpers\number_helper.php:142
Stack trace:
#0 C:\laragon\www\pharmacy-project\system\Helpers\number_helper.php(60): format_number(6.0, 2, NULL, Array)
#1 C:\laragon\www\pharmacy-project\system\Debug\BaseExceptionHandler.php(154): number_to_size(6.0, 2)
#2 C:\laragon\www\pharmacy-project\app\Views\errors\html\error_exception.php(408): CodeIgniter\Debug\BaseExceptionHandler::describeMemory(6291456)
#3 C:\laragon\www\pharmacy-project\system\Debug\BaseExceptionHandler.php(266): include('C:\\laragon\\www\\...')
#4 C:\laragon\www\pharmacy-project\system\Debug\BaseExceptionHandler.php(269): CodeIgniter\Debug\BaseExceptionHandler->CodeIgniter\Debug\{closure}()
#5 C:\laragon\www\pharmacy-project\system\Debug\ExceptionHandler.php(116): CodeIgniter\Debug\BaseExceptionHandler->render(Object(Error), 500, 'C:\\laragon\\www\\...')
#6 C:\laragon\www\pharmacy-project\system\Debug\Exceptions.php(162): CodeIgniter\Debug\ExceptionHandler->handle(Object(Error), Object(CodeIgniter\HTTP\IncomingRequest), Object(CodeIgniter\HTTP\Response), 500, 1)
#7 [internal function]: CodeIgniter\Debug\Exceptions->exceptionHandler(Object(Error))
#8 {main}
  thrown
【Previous Exception】
Error
Class "Locale" not found
#0 C:\laragon\www\pharmacy-project\system\Boot.php(350): CodeIgniter\CodeIgniter->initialize()
#1 C:\laragon\www\pharmacy-project\system\Boot.php(67): CodeIgniter\Boot::initializeCodeIgniter()
#2 C:\laragon\www\pharmacy-project\index.php(59): CodeIgniter\Boot::bootWeb(Object(Config\Paths))
#3 {main}
[Method: GET, Route: product]
in SYSTEMPATH\Helpers\number_helper.php on line 142.
 1 [internal function]: CodeIgniter\Debug\Exceptions->shutdownHandler()
DEBUG - 2026-01-25 06:23:02 --> Session: Class initialized using 'CodeIgniter\Session\Handlers\FileHandler' driver.
DEBUG - 2026-01-25 06:23:03 --> Session: Class initialized using 'CodeIgniter\Session\Handlers\FileHandler' driver.
DEBUG - 2026-01-25 06:23:04 --> Session: Class initialized using 'CodeIgniter\Session\Handlers\FileHandler' driver.
DEBUG - 2026-01-25 06:23:26 --> Session: Class initialized using 'CodeIgniter\Session\Handlers\FileHandler' driver.
DEBUG - 2026-01-25 06:23:57 --> Session: Class initialized using 'CodeIgniter\Session\Handlers\FileHandler' driver.
DEBUG - 2026-01-25 06:25:15 --> Session: Class initialized using 'CodeIgniter\Session\Handlers\FileHandler' driver.
DEBUG - 2026-01-25 06:32:09 --> Session: Class initialized using 'CodeIgniter\Session\Handlers\FileHandler' driver.
DEBUG - 2026-01-25 06:32:11 --> Session: Class initialized using 'CodeIgniter\Session\Handlers\FileHandler' driver.
DEBUG - 2026-01-25 06:33:39 --> Session: Class initialized using 'CodeIgniter\Session\Handlers\FileHandler' driver.
DEBUG - 2026-01-25 06:33:40 --> Session: Class initialized using 'CodeIgniter\Session\Handlers\FileHandler' driver.
DEBUG - 2026-01-25 06:33:41 --> Session: Class initialized using 'CodeIgniter\Session\Handlers\FileHandler' driver.
DEBUG - 2026-01-25 06:42:14 --> Session: Class initialized using 'CodeIgniter\Session\Handlers\FileHandler' driver.
DEBUG - 2026-01-25 06:42:19 --> Session: Class initialized using 'CodeIgniter\Session\Handlers\FileHandler' driver.
DEBUG - 2026-01-25 06:42:35 --> Session: Class initialized using 'CodeIgniter\Session\Handlers\FileHandler' driver.
DEBUG - 2026-01-25 06:43:47 --> Session: Class initialized using 'CodeIgniter\Session\Handlers\FileHandler' driver.
DEBUG - 2026-01-25 06:43:51 --> Session: Class initialized using 'CodeIgniter\Session\Handlers\FileHandler' driver.
DEBUG - 2026-01-25 06:44:43 --> Session: Class initialized using 'CodeIgniter\Session\Handlers\FileHandler' driver.
DEBUG - 2026-01-25 06:44:47 --> Session: Class initialized using 'CodeIgniter\Session\Handlers\FileHandler' driver.
DEBUG - 2026-01-25 06:44:52 --> Session: Class initialized using 'CodeIgniter\Session\Handlers\FileHandler' driver.
DEBUG - 2026-01-25 06:45:00 --> Session: Class initialized using 'CodeIgniter\Session\Handlers\FileHandler' driver.
DEBUG - 2026-01-25 06:45:02 --> Session: Class initialized using 'CodeIgniter\Session\Handlers\FileHandler' driver.
DEBUG - 2026-01-25 06:45:10 --> Session: Class initialized using 'CodeIgniter\Session\Handlers\FileHandler' driver.
DEBUG - 2026-01-25 06:45:13 --> Session: Class initialized using 'CodeIgniter\Session\Handlers\FileHandler' driver.
DEBUG - 2026-01-25 06:45:24 --> Session: Class initialized using 'CodeIgniter\Session\Handlers\FileHandler' driver.
DEBUG - 2026-01-25 06:45:34 --> Session: Class initialized using 'CodeIgniter\Session\Handlers\FileHandler' driver.
DEBUG - 2026-01-25 07:11:20 --> Session: Class initialized using 'CodeIgniter\Session\Handlers\FileHandler' driver.
DEBUG - 2026-01-25 07:11:23 --> Session: Class initialized using 'CodeIgniter\Session\Handlers\FileHandler' driver.
DEBUG - 2026-01-25 07:11:35 --> Session: Class initialized using 'CodeIgniter\Session\Handlers\FileHandler' driver.
DEBUG - 2026-01-25 07:15:54 --> Session: Class initialized using 'CodeIgniter\Session\Handlers\FileHandler' driver.
DEBUG - 2026-01-25 07:15:56 --> Session: Class initialized using 'CodeIgniter\Session\Handlers\FileHandler' driver.
DEBUG - 2026-01-25 07:15:58 --> Session: Class initialized using 'CodeIgniter\Session\Handlers\FileHandler' driver.
DEBUG - 2026-01-25 07:16:01 --> Session: Class initialized using 'CodeIgniter\Session\Handlers\FileHandler' driver.
DEBUG - 2026-01-25 07:16:58 --> Session: Class initialized using 'CodeIgniter\Session\Handlers\FileHandler' driver.
DEBUG - 2026-01-25 07:17:07 --> Session: Class initialized using 'CodeIgniter\Session\Handlers\FileHandler' driver.
DEBUG - 2026-01-25 08:30:12 --> Session: Class initialized using 'CodeIgniter\Session\Handlers\FileHandler' driver.
DEBUG - 2026-01-25 08:30:19 --> Session: Class initialized using 'CodeIgniter\Session\Handlers\FileHandler' driver.
DEBUG - 2026-01-25 09:49:16 --> Session: Class initialized using 'CodeIgniter\Session\Handlers\FileHandler' driver.
DEBUG - 2026-01-25 09:49:23 --> Session: Class initialized using 'CodeIgniter\Session\Handlers\FileHandler' driver.
DEBUG - 2026-01-25 09:51:18 --> Session: Class initialized using 'CodeIgniter\Session\Handlers\FileHandler' driver.
DEBUG - 2026-01-25 09:51:19 --> Session: Class initialized using 'CodeIgniter\Session\Handlers\FileHandler' driver.
DEBUG - 2026-01-25 09:52:34 --> Session: Class initialized using 'CodeIgniter\Session\Handlers\FileHandler' driver.
DEBUG - 2026-01-25 09:52:35 --> Session: Class initialized using 'CodeIgniter\Session\Handlers\FileHandler' driver.
DEBUG - 2026-01-25 09:52:43 --> Session: Class initialized using 'CodeIgniter\Session\Handlers\FileHandler' driver.
DEBUG - 2026-01-25 09:53:50 --> Session: Class initialized using 'CodeIgniter\Session\Handlers\FileHandler' driver.
DEBUG - 2026-01-25 09:53:52 --> Session: Class initialized using 'CodeIgniter\Session\Handlers\FileHandler' driver.
DEBUG - 2026-01-25 09:54:41 --> Session: Class initialized using 'CodeIgniter\Session\Handlers\FileHandler' driver.
DEBUG - 2026-01-25 09:54:43 --> Session: Class initialized using 'CodeIgniter\Session\Handlers\FileHandler' driver.
DEBUG - 2026-01-25 10:01:15 --> Session: Class initialized using 'CodeIgniter\Session\Handlers\FileHandler' driver.
DEBUG - 2026-01-25 10:01:16 --> Session: Class initialized using 'CodeIgniter\Session\Handlers\FileHandler' driver.
DEBUG - 2026-01-25 10:01:29 --> Session: Class initialized using 'CodeIgniter\Session\Handlers\FileHandler' driver.
DEBUG - 2026-01-25 10:01:42 --> Session: Class initialized using 'CodeIgniter\Session\Handlers\FileHandler' driver.
DEBUG - 2026-01-25 10:02:15 --> Session: Class initialized using 'CodeIgniter\Session\Handlers\FileHandler' driver.
DEBUG - 2026-01-25 10:02:20 --> Session: Class initialized using 'CodeIgniter\Session\Handlers\FileHandler' driver.
DEBUG - 2026-01-25 10:04:55 --> Session: Class initialized using 'CodeIgniter\Session\Handlers\FileHandler' driver.
DEBUG - 2026-01-25 10:04:58 --> Session: Class initialized using 'CodeIgniter\Session\Handlers\FileHandler' driver.
DEBUG - 2026-01-25 10:05:11 --> Session: Class initialized using 'CodeIgniter\Session\Handlers\FileHandler' driver.
DEBUG - 2026-01-25 10:05:17 --> Session: Class initialized using 'CodeIgniter\Session\Handlers\FileHandler' driver.
DEBUG - 2026-01-25 10:05:34 --> Session: Class initialized using 'CodeIgniter\Session\Handlers\FileHandler' driver.
DEBUG - 2026-01-25 10:05:43 --> Session: Class initialized using 'CodeIgniter\Session\Handlers\FileHandler' driver.
DEBUG - 2026-01-25 10:07:00 --> Session: Class initialized using 'CodeIgniter\Session\Handlers\FileHandler' driver.
DEBUG - 2026-01-25 10:07:04 --> Session: Class initialized using 'CodeIgniter\Session\Handlers\FileHandler' driver.
DEBUG - 2026-01-25 10:07:04 --> Session: Class initialized using 'CodeIgniter\Session\Handlers\FileHandler' driver.
DEBUG - 2026-01-25 10:13:38 --> Session: Class initialized using 'CodeIgniter\Session\Handlers\FileHandler' driver.
DEBUG - 2026-01-25 10:16:05 --> Session: Class initialized using 'CodeIgniter\Session\Handlers\FileHandler' driver.
DEBUG - 2026-01-25 10:16:06 --> Session: Class initialized using 'CodeIgniter\Session\Handlers\FileHandler' driver.
DEBUG - 2026-01-25 10:19:59 --> Session: Class initialized using 'CodeIgniter\Session\Handlers\FileHandler' driver.
DEBUG - 2026-01-25 10:23:57 --> Session: Class initialized using 'CodeIgniter\Session\Handlers\FileHandler' driver.
DEBUG - 2026-01-25 10:23:58 --> Session: Class initialized using 'CodeIgniter\Session\Handlers\FileHandler' driver.
DEBUG - 2026-01-25 10:24:37 --> Session: Class initialized using 'CodeIgniter\Session\Handlers\FileHandler' driver.
DEBUG - 2026-01-25 10:25:49 --> Session: Class initialized using 'CodeIgniter\Session\Handlers\FileHandler' driver.
DEBUG - 2026-01-25 10:26:57 --> Session: Class initialized using 'CodeIgniter\Session\Handlers\FileHandler' driver.
DEBUG - 2026-01-25 10:27:03 --> Session: Class initialized using 'CodeIgniter\Session\Handlers\FileHandler' driver.
DEBUG - 2026-01-25 10:27:13 --> Session: Class initialized using 'CodeIgniter\Session\Handlers\FileHandler' driver.
DEBUG - 2026-01-25 10:27:25 --> Session: Class initialized using 'CodeIgniter\Session\Handlers\FileHandler' driver.
DEBUG - 2026-01-25 10:27:34 --> Session: Class initialized using 'CodeIgniter\Session\Handlers\FileHandler' driver.
DEBUG - 2026-01-25 10:28:07 --> Session: Class initialized using 'CodeIgniter\Session\Handlers\FileHandler' driver.
DEBUG - 2026-01-25 10:28:30 --> Session: Class initialized using 'CodeIgniter\Session\Handlers\FileHandler' driver.
DEBUG - 2026-01-25 10:28:30 --> Session: Class initialized using 'CodeIgniter\Session\Handlers\FileHandler' driver.
DEBUG - 2026-01-25 10:28:35 --> Session: Class initialized using 'CodeIgniter\Session\Handlers\FileHandler' driver.
DEBUG - 2026-01-25 10:28:35 --> Session: Class initialized using 'CodeIgniter\Session\Handlers\FileHandler' driver.
DEBUG - 2026-01-25 10:28:36 --> Session: Class initialized using 'CodeIgniter\Session\Handlers\FileHandler' driver.
DEBUG - 2026-01-25 10:28:36 --> Session: Class initialized using 'CodeIgniter\Session\Handlers\FileHandler' driver.
DEBUG - 2026-01-25 10:28:47 --> Session: Class initialized using 'CodeIgniter\Session\Handlers\FileHandler' driver.
DEBUG - 2026-01-25 10:28:50 --> Session: Class initialized using 'CodeIgniter\Session\Handlers\FileHandler' driver.
DEBUG - 2026-01-25 10:58:17 --> Session: Class initialized using 'CodeIgniter\Session\Handlers\FileHandler' driver.
DEBUG - 2026-01-25 10:58:33 --> Session: Class initialized using 'CodeIgniter\Session\Handlers\FileHandler' driver.
CRITICAL - 2026-01-25 10:58:33 --> ErrorException: Undefined array key "discount"
[Method: POST, Route: purchase-product]
in APPPATH\Controllers\Purchase.php on line 50.
 1 APPPATH\Controllers\Purchase.php(50): CodeIgniter\Debug\Exceptions->errorHandler(2, 'Undefined array key "discount"', 'C:\\laragon\\www\\pharmacy-project\\app\\Controllers\\Purchase.php', 50)
 2 SYSTEMPATH\CodeIgniter.php(933): App\Controllers\Purchase->purchase_product()
 3 SYSTEMPATH\CodeIgniter.php(507): CodeIgniter\CodeIgniter->runController(Object(App\Controllers\Purchase))
 4 SYSTEMPATH\CodeIgniter.php(354): CodeIgniter\CodeIgniter->handleRequest(null, Object(Config\Cache), false)
 5 SYSTEMPATH\Boot.php(363): CodeIgniter\CodeIgniter->run()
 6 SYSTEMPATH\Boot.php(68): CodeIgniter\Boot::runCodeIgniter(Object(CodeIgniter\CodeIgniter))
 7 FCPATH\index.php(59): CodeIgniter\Boot::bootWeb(Object(Config\Paths))
DEBUG - 2026-01-25 10:58:41 --> Session: Class initialized using 'CodeIgniter\Session\Handlers\FileHandler' driver.
CRITICAL - 2026-01-25 10:58:41 --> ErrorException: Undefined array key "discount"
[Method: POST, Route: purchase-product]
in APPPATH\Controllers\Purchase.php on line 50.
 1 APPPATH\Controllers\Purchase.php(50): CodeIgniter\Debug\Exceptions->errorHandler(2, 'Undefined array key "discount"', 'C:\\laragon\\www\\pharmacy-project\\app\\Controllers\\Purchase.php', 50)
 2 SYSTEMPATH\CodeIgniter.php(933): App\Controllers\Purchase->purchase_product()
 3 SYSTEMPATH\CodeIgniter.php(507): CodeIgniter\CodeIgniter->runController(Object(App\Controllers\Purchase))
 4 SYSTEMPATH\CodeIgniter.php(354): CodeIgniter\CodeIgniter->handleRequest(null, Object(Config\Cache), false)
 5 SYSTEMPATH\Boot.php(363): CodeIgniter\CodeIgniter->run()
 6 SYSTEMPATH\Boot.php(68): CodeIgniter\Boot::runCodeIgniter(Object(CodeIgniter\CodeIgniter))
 7 FCPATH\index.php(59): CodeIgniter\Boot::bootWeb(Object(Config\Paths))
DEBUG - 2026-01-25 10:58:51 --> Session: Class initialized using 'CodeIgniter\Session\Handlers\FileHandler' driver.
CRITICAL - 2026-01-25 10:58:51 --> ErrorException: Undefined array key "discount"
[Method: POST, Route: purchase-product]
in APPPATH\Controllers\Purchase.php on line 50.
 1 APPPATH\Controllers\Purchase.php(50): CodeIgniter\Debug\Exceptions->errorHandler(2, 'Undefined array key "discount"', 'C:\\laragon\\www\\pharmacy-project\\app\\Controllers\\Purchase.php', 50)
 2 SYSTEMPATH\CodeIgniter.php(933): App\Controllers\Purchase->purchase_product()
 3 SYSTEMPATH\CodeIgniter.php(507): CodeIgniter\CodeIgniter->runController(Object(App\Controllers\Purchase))
 4 SYSTEMPATH\CodeIgniter.php(354): CodeIgniter\CodeIgniter->handleRequest(null, Object(Config\Cache), false)
 5 SYSTEMPATH\Boot.php(363): CodeIgniter\CodeIgniter->run()
 6 SYSTEMPATH\Boot.php(68): CodeIgniter\Boot::runCodeIgniter(Object(CodeIgniter\CodeIgniter))
 7 FCPATH\index.php(59): CodeIgniter\Boot::bootWeb(Object(Config\Paths))
