DEBUG - 2026-04-29 06:22:22 --> Session: Class initialized using 'CodeIgniter\Session\Handlers\FileHandler' driver.
DEBUG - 2026-04-29 06:22:29 --> Session: Class initialized using 'CodeIgniter\Session\Handlers\FileHandler' driver.
DEBUG - 2026-04-29 06:22:29 --> Session: Class initialized using 'CodeIgniter\Session\Handlers\FileHandler' driver.
ERROR - 2026-04-29 06:22:36 --> mysqli_sql_exception: You have an error in your SQL syntax; check the manual that corresponds to your MySQL server version for the right syntax to use near '//////////////////////////////////////////////////////////////// total cost
   ' at line 28 in C:\laragon\www\pharmacy-project\system\Database\MySQLi\Connection.php:327
Stack trace:
#0 C:\laragon\www\pharmacy-project\system\Database\MySQLi\Connection.php(327): mysqli->query('SELECT\r\n    pis...', 0)
#1 C:\laragon\www\pharmacy-project\system\Database\BaseConnection.php(729): CodeIgniter\Database\MySQLi\Connection->execute('SELECT\r\n    pis...')
#2 C:\laragon\www\pharmacy-project\system\Database\BaseConnection.php(646): CodeIgniter\Database\BaseConnection->simpleQuery('SELECT\r\n    pis...')
#3 C:\laragon\www\pharmacy-project\app\Controllers\pos.php(594): CodeIgniter\Database\BaseConnection->query('SELECT\r\n    pis...')
#4 C:\laragon\www\pharmacy-project\app\Controllers\pos.php(37): App\Controllers\Pos->products()
#5 C:\laragon\www\pharmacy-project\system\CodeIgniter.php(933): App\Controllers\Pos->index()
#6 C:\laragon\www\pharmacy-project\system\CodeIgniter.php(507): CodeIgniter\CodeIgniter->runController(Object(App\Controllers\Pos))
#7 C:\laragon\www\pharmacy-project\system\CodeIgniter.php(354): CodeIgniter\CodeIgniter->handleRequest(NULL, Object(Config\Cache), false)
#8 C:\laragon\www\pharmacy-project\system\Boot.php(363): CodeIgniter\CodeIgniter->run()
#9 C:\laragon\www\pharmacy-project\system\Boot.php(68): CodeIgniter\Boot::runCodeIgniter(Object(CodeIgniter\CodeIgniter))
#10 C:\laragon\www\pharmacy-project\index.php(59): CodeIgniter\Boot::bootWeb(Object(Config\Paths))
#11 {main}
CRITICAL - 2026-04-29 06:22:37 --> CodeIgniter\Database\Exceptions\DatabaseException: You have an error in your SQL syntax; check the manual that corresponds to your MySQL server version for the right syntax to use near '//////////////////////////////////////////////////////////////// total cost
   ' at line 28
[Method: GET, Route: pos]
in SYSTEMPATH\Database\BaseConnection.php on line 684.
 1 APPPATH\Controllers\pos.php(594): CodeIgniter\Database\BaseConnection->query('SELECT
    pis.product_id,
    pis.product_name,
    pis.product_image,
    pis.sales_price_for_customer,
    pis.purchase_price,

    GREATEST(
        COALESCE(pis.productinitial_quantity, 0)
        + COALESCE(ppd.total_purchase, 0)
        + COALESCE(rs.total_return, 0)
        - COALESCE(sd.total_sale, 0),
    0) AS total_stock,

    -- ✅ total purchase cost
    COALESCE(ppd.total_purchase_cost, 0) AS total_purchase_cost,

    -- ✅ average purchase price
    COALESCE(ppd.avg_purchase_price, 0) AS avg_purchase_price

FROM product_inital_stock pis

LEFT JOIN (
    SELECT 
        product_id,
        SUM(quantity_per_pack * box_quantity) AS total_purchase,

        --//////////////////////////////////////////////////////////////// total cost
        SUM((quantity_per_pack * box_quantity) * purchase_price) AS total_purchase_cost,

        -- avg purchase price
        CASE 
            WHEN SUM(quantity_per_pack * box_quantity) > 0 
            THEN SUM((quantity_per_pack * box_quantity) * purchase_price) 
                 / SUM(quantity_per_pack * box_quantity)
            ELSE 0
        END AS avg_purchase_price
----////////////////////////////////////////////////////////////////////////
    FROM product_purchase_details
    GROUP BY product_id
) ppd ON ppd.product_id = pis.product_id

LEFT JOIN (
    SELECT product_id,
           SUM(product_quantity_sold) AS total_sale
    FROM sales_details
    GROUP BY product_id
) sd ON sd.product_id = pis.product_id

LEFT JOIN (
    SELECT product_id,
           SUM(return_qty) AS total_return
    FROM return_sales_details
    GROUP BY product_id
) rs ON rs.product_id = pis.product_id
')
 2 APPPATH\Controllers\pos.php(37): App\Controllers\Pos->products()
 3 SYSTEMPATH\CodeIgniter.php(933): App\Controllers\Pos->index()
 4 SYSTEMPATH\CodeIgniter.php(507): CodeIgniter\CodeIgniter->runController(Object(App\Controllers\Pos))
 5 SYSTEMPATH\CodeIgniter.php(354): CodeIgniter\CodeIgniter->handleRequest(null, Object(Config\Cache), false)
 6 SYSTEMPATH\Boot.php(363): CodeIgniter\CodeIgniter->run()
 7 SYSTEMPATH\Boot.php(68): CodeIgniter\Boot::runCodeIgniter(Object(CodeIgniter\CodeIgniter))
 8 FCPATH\index.php(59): CodeIgniter\Boot::bootWeb(Object(Config\Paths))
CRITICAL - 2026-04-29 06:22:37 --> [Caused by] CodeIgniter\Database\Exceptions\DatabaseException: You have an error in your SQL syntax; check the manual that corresponds to your MySQL server version for the right syntax to use near '//////////////////////////////////////////////////////////////// total cost
   ' at line 28
in SYSTEMPATH\Database\MySQLi\Connection.php on line 332.
 1 SYSTEMPATH\Database\BaseConnection.php(729): CodeIgniter\Database\MySQLi\Connection->execute('SELECT
    pis.product_id,
    pis.product_name,
    pis.product_image,
    pis.sales_price_for_customer,
    pis.purchase_price,

    GREATEST(
        COALESCE(pis.productinitial_quantity, 0)
        + COALESCE(ppd.total_purchase, 0)
        + COALESCE(rs.total_return, 0)
        - COALESCE(sd.total_sale, 0),
    0) AS total_stock,

    -- ✅ total purchase cost
    COALESCE(ppd.total_purchase_cost, 0) AS total_purchase_cost,

    -- ✅ average purchase price
    COALESCE(ppd.avg_purchase_price, 0) AS avg_purchase_price

FROM product_inital_stock pis

LEFT JOIN (
    SELECT 
        product_id,
        SUM(quantity_per_pack * box_quantity) AS total_purchase,

        --//////////////////////////////////////////////////////////////// total cost
        SUM((quantity_per_pack * box_quantity) * purchase_price) AS total_purchase_cost,

        -- avg purchase price
        CASE 
            WHEN SUM(quantity_per_pack * box_quantity) > 0 
            THEN SUM((quantity_per_pack * box_quantity) * purchase_price) 
                 / SUM(quantity_per_pack * box_quantity)
            ELSE 0
        END AS avg_purchase_price
----////////////////////////////////////////////////////////////////////////
    FROM product_purchase_details
    GROUP BY product_id
) ppd ON ppd.product_id = pis.product_id

LEFT JOIN (
    SELECT product_id,
           SUM(product_quantity_sold) AS total_sale
    FROM sales_details
    GROUP BY product_id
) sd ON sd.product_id = pis.product_id

LEFT JOIN (
    SELECT product_id,
           SUM(return_qty) AS total_return
    FROM return_sales_details
    GROUP BY product_id
) rs ON rs.product_id = pis.product_id
')
 2 SYSTEMPATH\Database\BaseConnection.php(646): CodeIgniter\Database\BaseConnection->simpleQuery('SELECT
    pis.product_id,
    pis.product_name,
    pis.product_image,
    pis.sales_price_for_customer,
    pis.purchase_price,

    GREATEST(
        COALESCE(pis.productinitial_quantity, 0)
        + COALESCE(ppd.total_purchase, 0)
        + COALESCE(rs.total_return, 0)
        - COALESCE(sd.total_sale, 0),
    0) AS total_stock,

    -- ✅ total purchase cost
    COALESCE(ppd.total_purchase_cost, 0) AS total_purchase_cost,

    -- ✅ average purchase price
    COALESCE(ppd.avg_purchase_price, 0) AS avg_purchase_price

FROM product_inital_stock pis

LEFT JOIN (
    SELECT 
        product_id,
        SUM(quantity_per_pack * box_quantity) AS total_purchase,

        --//////////////////////////////////////////////////////////////// total cost
        SUM((quantity_per_pack * box_quantity) * purchase_price) AS total_purchase_cost,

        -- avg purchase price
        CASE 
            WHEN SUM(quantity_per_pack * box_quantity) > 0 
            THEN SUM((quantity_per_pack * box_quantity) * purchase_price) 
                 / SUM(quantity_per_pack * box_quantity)
            ELSE 0
        END AS avg_purchase_price
----////////////////////////////////////////////////////////////////////////
    FROM product_purchase_details
    GROUP BY product_id
) ppd ON ppd.product_id = pis.product_id

LEFT JOIN (
    SELECT product_id,
           SUM(product_quantity_sold) AS total_sale
    FROM sales_details
    GROUP BY product_id
) sd ON sd.product_id = pis.product_id

LEFT JOIN (
    SELECT product_id,
           SUM(return_qty) AS total_return
    FROM return_sales_details
    GROUP BY product_id
) rs ON rs.product_id = pis.product_id
')
 3 APPPATH\Controllers\pos.php(594): CodeIgniter\Database\BaseConnection->query('SELECT
    pis.product_id,
    pis.product_name,
    pis.product_image,
    pis.sales_price_for_customer,
    pis.purchase_price,

    GREATEST(
        COALESCE(pis.productinitial_quantity, 0)
        + COALESCE(ppd.total_purchase, 0)
        + COALESCE(rs.total_return, 0)
        - COALESCE(sd.total_sale, 0),
    0) AS total_stock,

    -- ✅ total purchase cost
    COALESCE(ppd.total_purchase_cost, 0) AS total_purchase_cost,

    -- ✅ average purchase price
    COALESCE(ppd.avg_purchase_price, 0) AS avg_purchase_price

FROM product_inital_stock pis

LEFT JOIN (
    SELECT 
        product_id,
        SUM(quantity_per_pack * box_quantity) AS total_purchase,

        --//////////////////////////////////////////////////////////////// total cost
        SUM((quantity_per_pack * box_quantity) * purchase_price) AS total_purchase_cost,

        -- avg purchase price
        CASE 
            WHEN SUM(quantity_per_pack * box_quantity) > 0 
            THEN SUM((quantity_per_pack * box_quantity) * purchase_price) 
                 / SUM(quantity_per_pack * box_quantity)
            ELSE 0
        END AS avg_purchase_price
----////////////////////////////////////////////////////////////////////////
    FROM product_purchase_details
    GROUP BY product_id
) ppd ON ppd.product_id = pis.product_id

LEFT JOIN (
    SELECT product_id,
           SUM(product_quantity_sold) AS total_sale
    FROM sales_details
    GROUP BY product_id
) sd ON sd.product_id = pis.product_id

LEFT JOIN (
    SELECT product_id,
           SUM(return_qty) AS total_return
    FROM return_sales_details
    GROUP BY product_id
) rs ON rs.product_id = pis.product_id
')
 4 APPPATH\Controllers\pos.php(37): App\Controllers\Pos->products()
 5 SYSTEMPATH\CodeIgniter.php(933): App\Controllers\Pos->index()
 6 SYSTEMPATH\CodeIgniter.php(507): CodeIgniter\CodeIgniter->runController(Object(App\Controllers\Pos))
 7 SYSTEMPATH\CodeIgniter.php(354): CodeIgniter\CodeIgniter->handleRequest(null, Object(Config\Cache), false)
 8 SYSTEMPATH\Boot.php(363): CodeIgniter\CodeIgniter->run()
 9 SYSTEMPATH\Boot.php(68): CodeIgniter\Boot::runCodeIgniter(Object(CodeIgniter\CodeIgniter))
10 FCPATH\index.php(59): CodeIgniter\Boot::bootWeb(Object(Config\Paths))
CRITICAL - 2026-04-29 06:22:37 --> [Caused by] mysqli_sql_exception: You have an error in your SQL syntax; check the manual that corresponds to your MySQL server version for the right syntax to use near '//////////////////////////////////////////////////////////////// total cost
   ' at line 28
in SYSTEMPATH\Database\MySQLi\Connection.php on line 327.
 1 SYSTEMPATH\Database\MySQLi\Connection.php(327): mysqli->query('SELECT
    pis.product_id,
    pis.product_name,
    pis.product_image,
    pis.sales_price_for_customer,
    pis.purchase_price,

    GREATEST(
        COALESCE(pis.productinitial_quantity, 0)
        + COALESCE(ppd.total_purchase, 0)
        + COALESCE(rs.total_return, 0)
        - COALESCE(sd.total_sale, 0),
    0) AS total_stock,

    -- ✅ total purchase cost
    COALESCE(ppd.total_purchase_cost, 0) AS total_purchase_cost,

    -- ✅ average purchase price
    COALESCE(ppd.avg_purchase_price, 0) AS avg_purchase_price

FROM product_inital_stock pis

LEFT JOIN (
    SELECT 
        product_id,
        SUM(quantity_per_pack * box_quantity) AS total_purchase,

        --//////////////////////////////////////////////////////////////// total cost
        SUM((quantity_per_pack * box_quantity) * purchase_price) AS total_purchase_cost,

        -- avg purchase price
        CASE 
            WHEN SUM(quantity_per_pack * box_quantity) > 0 
            THEN SUM((quantity_per_pack * box_quantity) * purchase_price) 
                 / SUM(quantity_per_pack * box_quantity)
            ELSE 0
        END AS avg_purchase_price
----////////////////////////////////////////////////////////////////////////
    FROM product_purchase_details
    GROUP BY product_id
) ppd ON ppd.product_id = pis.product_id

LEFT JOIN (
    SELECT product_id,
           SUM(product_quantity_sold) AS total_sale
    FROM sales_details
    GROUP BY product_id
) sd ON sd.product_id = pis.product_id

LEFT JOIN (
    SELECT product_id,
           SUM(return_qty) AS total_return
    FROM return_sales_details
    GROUP BY product_id
) rs ON rs.product_id = pis.product_id
', 0)
 2 SYSTEMPATH\Database\BaseConnection.php(729): CodeIgniter\Database\MySQLi\Connection->execute('SELECT
    pis.product_id,
    pis.product_name,
    pis.product_image,
    pis.sales_price_for_customer,
    pis.purchase_price,

    GREATEST(
        COALESCE(pis.productinitial_quantity, 0)
        + COALESCE(ppd.total_purchase, 0)
        + COALESCE(rs.total_return, 0)
        - COALESCE(sd.total_sale, 0),
    0) AS total_stock,

    -- ✅ total purchase cost
    COALESCE(ppd.total_purchase_cost, 0) AS total_purchase_cost,

    -- ✅ average purchase price
    COALESCE(ppd.avg_purchase_price, 0) AS avg_purchase_price

FROM product_inital_stock pis

LEFT JOIN (
    SELECT 
        product_id,
        SUM(quantity_per_pack * box_quantity) AS total_purchase,

        --//////////////////////////////////////////////////////////////// total cost
        SUM((quantity_per_pack * box_quantity) * purchase_price) AS total_purchase_cost,

        -- avg purchase price
        CASE 
            WHEN SUM(quantity_per_pack * box_quantity) > 0 
            THEN SUM((quantity_per_pack * box_quantity) * purchase_price) 
                 / SUM(quantity_per_pack * box_quantity)
            ELSE 0
        END AS avg_purchase_price
----////////////////////////////////////////////////////////////////////////
    FROM product_purchase_details
    GROUP BY product_id
) ppd ON ppd.product_id = pis.product_id

LEFT JOIN (
    SELECT product_id,
           SUM(product_quantity_sold) AS total_sale
    FROM sales_details
    GROUP BY product_id
) sd ON sd.product_id = pis.product_id

LEFT JOIN (
    SELECT product_id,
           SUM(return_qty) AS total_return
    FROM return_sales_details
    GROUP BY product_id
) rs ON rs.product_id = pis.product_id
')
 3 SYSTEMPATH\Database\BaseConnection.php(646): CodeIgniter\Database\BaseConnection->simpleQuery('SELECT
    pis.product_id,
    pis.product_name,
    pis.product_image,
    pis.sales_price_for_customer,
    pis.purchase_price,

    GREATEST(
        COALESCE(pis.productinitial_quantity, 0)
        + COALESCE(ppd.total_purchase, 0)
        + COALESCE(rs.total_return, 0)
        - COALESCE(sd.total_sale, 0),
    0) AS total_stock,

    -- ✅ total purchase cost
    COALESCE(ppd.total_purchase_cost, 0) AS total_purchase_cost,

    -- ✅ average purchase price
    COALESCE(ppd.avg_purchase_price, 0) AS avg_purchase_price

FROM product_inital_stock pis

LEFT JOIN (
    SELECT 
        product_id,
        SUM(quantity_per_pack * box_quantity) AS total_purchase,

        --//////////////////////////////////////////////////////////////// total cost
        SUM((quantity_per_pack * box_quantity) * purchase_price) AS total_purchase_cost,

        -- avg purchase price
        CASE 
            WHEN SUM(quantity_per_pack * box_quantity) > 0 
            THEN SUM((quantity_per_pack * box_quantity) * purchase_price) 
                 / SUM(quantity_per_pack * box_quantity)
            ELSE 0
        END AS avg_purchase_price
----////////////////////////////////////////////////////////////////////////
    FROM product_purchase_details
    GROUP BY product_id
) ppd ON ppd.product_id = pis.product_id

LEFT JOIN (
    SELECT product_id,
           SUM(product_quantity_sold) AS total_sale
    FROM sales_details
    GROUP BY product_id
) sd ON sd.product_id = pis.product_id

LEFT JOIN (
    SELECT product_id,
           SUM(return_qty) AS total_return
    FROM return_sales_details
    GROUP BY product_id
) rs ON rs.product_id = pis.product_id
')
 4 APPPATH\Controllers\pos.php(594): CodeIgniter\Database\BaseConnection->query('SELECT
    pis.product_id,
    pis.product_name,
    pis.product_image,
    pis.sales_price_for_customer,
    pis.purchase_price,

    GREATEST(
        COALESCE(pis.productinitial_quantity, 0)
        + COALESCE(ppd.total_purchase, 0)
        + COALESCE(rs.total_return, 0)
        - COALESCE(sd.total_sale, 0),
    0) AS total_stock,

    -- ✅ total purchase cost
    COALESCE(ppd.total_purchase_cost, 0) AS total_purchase_cost,

    -- ✅ average purchase price
    COALESCE(ppd.avg_purchase_price, 0) AS avg_purchase_price

FROM product_inital_stock pis

LEFT JOIN (
    SELECT 
        product_id,
        SUM(quantity_per_pack * box_quantity) AS total_purchase,

        --//////////////////////////////////////////////////////////////// total cost
        SUM((quantity_per_pack * box_quantity) * purchase_price) AS total_purchase_cost,

        -- avg purchase price
        CASE 
            WHEN SUM(quantity_per_pack * box_quantity) > 0 
            THEN SUM((quantity_per_pack * box_quantity) * purchase_price) 
                 / SUM(quantity_per_pack * box_quantity)
            ELSE 0
        END AS avg_purchase_price
----////////////////////////////////////////////////////////////////////////
    FROM product_purchase_details
    GROUP BY product_id
) ppd ON ppd.product_id = pis.product_id

LEFT JOIN (
    SELECT product_id,
           SUM(product_quantity_sold) AS total_sale
    FROM sales_details
    GROUP BY product_id
) sd ON sd.product_id = pis.product_id

LEFT JOIN (
    SELECT product_id,
           SUM(return_qty) AS total_return
    FROM return_sales_details
    GROUP BY product_id
) rs ON rs.product_id = pis.product_id
')
 5 APPPATH\Controllers\pos.php(37): App\Controllers\Pos->products()
 6 SYSTEMPATH\CodeIgniter.php(933): App\Controllers\Pos->index()
 7 SYSTEMPATH\CodeIgniter.php(507): CodeIgniter\CodeIgniter->runController(Object(App\Controllers\Pos))
 8 SYSTEMPATH\CodeIgniter.php(354): CodeIgniter\CodeIgniter->handleRequest(null, Object(Config\Cache), false)
 9 SYSTEMPATH\Boot.php(363): CodeIgniter\CodeIgniter->run()
10 SYSTEMPATH\Boot.php(68): CodeIgniter\Boot::runCodeIgniter(Object(CodeIgniter\CodeIgniter))
11 FCPATH\index.php(59): CodeIgniter\Boot::bootWeb(Object(Config\Paths))
ERROR - 2026-04-29 06:38:34 --> mysqli_sql_exception: You have an error in your SQL syntax; check the manual that corresponds to your MySQL server version for the right syntax to use near '//////////////////////////////////////////////////////////////// total cost
   ' at line 28 in C:\laragon\www\pharmacy-project\system\Database\MySQLi\Connection.php:327
Stack trace:
#0 C:\laragon\www\pharmacy-project\system\Database\MySQLi\Connection.php(327): mysqli->query('SELECT\r\n    pis...', 0)
#1 C:\laragon\www\pharmacy-project\system\Database\BaseConnection.php(729): CodeIgniter\Database\MySQLi\Connection->execute('SELECT\r\n    pis...')
#2 C:\laragon\www\pharmacy-project\system\Database\BaseConnection.php(646): CodeIgniter\Database\BaseConnection->simpleQuery('SELECT\r\n    pis...')
#3 C:\laragon\www\pharmacy-project\app\Controllers\pos.php(594): CodeIgniter\Database\BaseConnection->query('SELECT\r\n    pis...')
#4 C:\laragon\www\pharmacy-project\app\Controllers\pos.php(37): App\Controllers\Pos->products()
#5 C:\laragon\www\pharmacy-project\system\CodeIgniter.php(933): App\Controllers\Pos->index()
#6 C:\laragon\www\pharmacy-project\system\CodeIgniter.php(507): CodeIgniter\CodeIgniter->runController(Object(App\Controllers\Pos))
#7 C:\laragon\www\pharmacy-project\system\CodeIgniter.php(354): CodeIgniter\CodeIgniter->handleRequest(NULL, Object(Config\Cache), false)
#8 C:\laragon\www\pharmacy-project\system\Boot.php(363): CodeIgniter\CodeIgniter->run()
#9 C:\laragon\www\pharmacy-project\system\Boot.php(68): CodeIgniter\Boot::runCodeIgniter(Object(CodeIgniter\CodeIgniter))
#10 C:\laragon\www\pharmacy-project\index.php(59): CodeIgniter\Boot::bootWeb(Object(Config\Paths))
#11 {main}
CRITICAL - 2026-04-29 06:38:34 --> CodeIgniter\Database\Exceptions\DatabaseException: You have an error in your SQL syntax; check the manual that corresponds to your MySQL server version for the right syntax to use near '//////////////////////////////////////////////////////////////// total cost
   ' at line 28
[Method: GET, Route: pos]
in SYSTEMPATH\Database\BaseConnection.php on line 684.
 1 APPPATH\Controllers\pos.php(594): CodeIgniter\Database\BaseConnection->query('SELECT
    pis.product_id,
    pis.product_name,
    pis.product_image,
    pis.sales_price_for_customer,
    pis.purchase_price,

    GREATEST(
        COALESCE(pis.productinitial_quantity, 0)
        + COALESCE(ppd.total_purchase, 0)
        + COALESCE(rs.total_return, 0)
        - COALESCE(sd.total_sale, 0),
    0) AS total_stock,

    -- ✅ total purchase cost
    COALESCE(ppd.total_purchase_cost, 0) AS total_purchase_cost,

    -- ✅ average purchase price
    COALESCE(ppd.avg_purchase_price, 0) AS avg_purchase_price

FROM product_inital_stock pis

LEFT JOIN (
    SELECT 
        product_id,
        SUM(quantity_per_pack * box_quantity) AS total_purchase,

        --//////////////////////////////////////////////////////////////// total cost
        -- SUM((quantity_per_pack * box_quantity) * purchase_price) AS total_purchase_cost,

        -- -- avg purchase price
        -- CASE 
        --     WHEN SUM(quantity_per_pack * box_quantity) > 0 
        --     THEN SUM((quantity_per_pack * box_quantity) * purchase_price) 
        --          / SUM(quantity_per_pack * box_quantity)
        --     ELSE 0
        -- END AS avg_purchase_price
----////////////////////////////////////////////////////////////////////////
    FROM product_purchase_details
    GROUP BY product_id
) ppd ON ppd.product_id = pis.product_id

LEFT JOIN (
    SELECT product_id,
           SUM(product_quantity_sold) AS total_sale
    FROM sales_details
    GROUP BY product_id
) sd ON sd.product_id = pis.product_id

LEFT JOIN (
    SELECT product_id,
           SUM(return_qty) AS total_return
    FROM return_sales_details
    GROUP BY product_id
) rs ON rs.product_id = pis.product_id
')
 2 APPPATH\Controllers\pos.php(37): App\Controllers\Pos->products()
 3 SYSTEMPATH\CodeIgniter.php(933): App\Controllers\Pos->index()
 4 SYSTEMPATH\CodeIgniter.php(507): CodeIgniter\CodeIgniter->runController(Object(App\Controllers\Pos))
 5 SYSTEMPATH\CodeIgniter.php(354): CodeIgniter\CodeIgniter->handleRequest(null, Object(Config\Cache), false)
 6 SYSTEMPATH\Boot.php(363): CodeIgniter\CodeIgniter->run()
 7 SYSTEMPATH\Boot.php(68): CodeIgniter\Boot::runCodeIgniter(Object(CodeIgniter\CodeIgniter))
 8 FCPATH\index.php(59): CodeIgniter\Boot::bootWeb(Object(Config\Paths))
CRITICAL - 2026-04-29 06:38:34 --> [Caused by] CodeIgniter\Database\Exceptions\DatabaseException: You have an error in your SQL syntax; check the manual that corresponds to your MySQL server version for the right syntax to use near '//////////////////////////////////////////////////////////////// total cost
   ' at line 28
in SYSTEMPATH\Database\MySQLi\Connection.php on line 332.
 1 SYSTEMPATH\Database\BaseConnection.php(729): CodeIgniter\Database\MySQLi\Connection->execute('SELECT
    pis.product_id,
    pis.product_name,
    pis.product_image,
    pis.sales_price_for_customer,
    pis.purchase_price,

    GREATEST(
        COALESCE(pis.productinitial_quantity, 0)
        + COALESCE(ppd.total_purchase, 0)
        + COALESCE(rs.total_return, 0)
        - COALESCE(sd.total_sale, 0),
    0) AS total_stock,

    -- ✅ total purchase cost
    COALESCE(ppd.total_purchase_cost, 0) AS total_purchase_cost,

    -- ✅ average purchase price
    COALESCE(ppd.avg_purchase_price, 0) AS avg_purchase_price

FROM product_inital_stock pis

LEFT JOIN (
    SELECT 
        product_id,
        SUM(quantity_per_pack * box_quantity) AS total_purchase,

        --//////////////////////////////////////////////////////////////// total cost
        -- SUM((quantity_per_pack * box_quantity) * purchase_price) AS total_purchase_cost,

        -- -- avg purchase price
        -- CASE 
        --     WHEN SUM(quantity_per_pack * box_quantity) > 0 
        --     THEN SUM((quantity_per_pack * box_quantity) * purchase_price) 
        --          / SUM(quantity_per_pack * box_quantity)
        --     ELSE 0
        -- END AS avg_purchase_price
----////////////////////////////////////////////////////////////////////////
    FROM product_purchase_details
    GROUP BY product_id
) ppd ON ppd.product_id = pis.product_id

LEFT JOIN (
    SELECT product_id,
           SUM(product_quantity_sold) AS total_sale
    FROM sales_details
    GROUP BY product_id
) sd ON sd.product_id = pis.product_id

LEFT JOIN (
    SELECT product_id,
           SUM(return_qty) AS total_return
    FROM return_sales_details
    GROUP BY product_id
) rs ON rs.product_id = pis.product_id
')
 2 SYSTEMPATH\Database\BaseConnection.php(646): CodeIgniter\Database\BaseConnection->simpleQuery('SELECT
    pis.product_id,
    pis.product_name,
    pis.product_image,
    pis.sales_price_for_customer,
    pis.purchase_price,

    GREATEST(
        COALESCE(pis.productinitial_quantity, 0)
        + COALESCE(ppd.total_purchase, 0)
        + COALESCE(rs.total_return, 0)
        - COALESCE(sd.total_sale, 0),
    0) AS total_stock,

    -- ✅ total purchase cost
    COALESCE(ppd.total_purchase_cost, 0) AS total_purchase_cost,

    -- ✅ average purchase price
    COALESCE(ppd.avg_purchase_price, 0) AS avg_purchase_price

FROM product_inital_stock pis

LEFT JOIN (
    SELECT 
        product_id,
        SUM(quantity_per_pack * box_quantity) AS total_purchase,

        --//////////////////////////////////////////////////////////////// total cost
        -- SUM((quantity_per_pack * box_quantity) * purchase_price) AS total_purchase_cost,

        -- -- avg purchase price
        -- CASE 
        --     WHEN SUM(quantity_per_pack * box_quantity) > 0 
        --     THEN SUM((quantity_per_pack * box_quantity) * purchase_price) 
        --          / SUM(quantity_per_pack * box_quantity)
        --     ELSE 0
        -- END AS avg_purchase_price
----////////////////////////////////////////////////////////////////////////
    FROM product_purchase_details
    GROUP BY product_id
) ppd ON ppd.product_id = pis.product_id

LEFT JOIN (
    SELECT product_id,
           SUM(product_quantity_sold) AS total_sale
    FROM sales_details
    GROUP BY product_id
) sd ON sd.product_id = pis.product_id

LEFT JOIN (
    SELECT product_id,
           SUM(return_qty) AS total_return
    FROM return_sales_details
    GROUP BY product_id
) rs ON rs.product_id = pis.product_id
')
 3 APPPATH\Controllers\pos.php(594): CodeIgniter\Database\BaseConnection->query('SELECT
    pis.product_id,
    pis.product_name,
    pis.product_image,
    pis.sales_price_for_customer,
    pis.purchase_price,

    GREATEST(
        COALESCE(pis.productinitial_quantity, 0)
        + COALESCE(ppd.total_purchase, 0)
        + COALESCE(rs.total_return, 0)
        - COALESCE(sd.total_sale, 0),
    0) AS total_stock,

    -- ✅ total purchase cost
    COALESCE(ppd.total_purchase_cost, 0) AS total_purchase_cost,

    -- ✅ average purchase price
    COALESCE(ppd.avg_purchase_price, 0) AS avg_purchase_price

FROM product_inital_stock pis

LEFT JOIN (
    SELECT 
        product_id,
        SUM(quantity_per_pack * box_quantity) AS total_purchase,

        --//////////////////////////////////////////////////////////////// total cost
        -- SUM((quantity_per_pack * box_quantity) * purchase_price) AS total_purchase_cost,

        -- -- avg purchase price
        -- CASE 
        --     WHEN SUM(quantity_per_pack * box_quantity) > 0 
        --     THEN SUM((quantity_per_pack * box_quantity) * purchase_price) 
        --          / SUM(quantity_per_pack * box_quantity)
        --     ELSE 0
        -- END AS avg_purchase_price
----////////////////////////////////////////////////////////////////////////
    FROM product_purchase_details
    GROUP BY product_id
) ppd ON ppd.product_id = pis.product_id

LEFT JOIN (
    SELECT product_id,
           SUM(product_quantity_sold) AS total_sale
    FROM sales_details
    GROUP BY product_id
) sd ON sd.product_id = pis.product_id

LEFT JOIN (
    SELECT product_id,
           SUM(return_qty) AS total_return
    FROM return_sales_details
    GROUP BY product_id
) rs ON rs.product_id = pis.product_id
')
 4 APPPATH\Controllers\pos.php(37): App\Controllers\Pos->products()
 5 SYSTEMPATH\CodeIgniter.php(933): App\Controllers\Pos->index()
 6 SYSTEMPATH\CodeIgniter.php(507): CodeIgniter\CodeIgniter->runController(Object(App\Controllers\Pos))
 7 SYSTEMPATH\CodeIgniter.php(354): CodeIgniter\CodeIgniter->handleRequest(null, Object(Config\Cache), false)
 8 SYSTEMPATH\Boot.php(363): CodeIgniter\CodeIgniter->run()
 9 SYSTEMPATH\Boot.php(68): CodeIgniter\Boot::runCodeIgniter(Object(CodeIgniter\CodeIgniter))
10 FCPATH\index.php(59): CodeIgniter\Boot::bootWeb(Object(Config\Paths))
CRITICAL - 2026-04-29 06:38:34 --> [Caused by] mysqli_sql_exception: You have an error in your SQL syntax; check the manual that corresponds to your MySQL server version for the right syntax to use near '//////////////////////////////////////////////////////////////// total cost
   ' at line 28
in SYSTEMPATH\Database\MySQLi\Connection.php on line 327.
 1 SYSTEMPATH\Database\MySQLi\Connection.php(327): mysqli->query('SELECT
    pis.product_id,
    pis.product_name,
    pis.product_image,
    pis.sales_price_for_customer,
    pis.purchase_price,

    GREATEST(
        COALESCE(pis.productinitial_quantity, 0)
        + COALESCE(ppd.total_purchase, 0)
        + COALESCE(rs.total_return, 0)
        - COALESCE(sd.total_sale, 0),
    0) AS total_stock,

    -- ✅ total purchase cost
    COALESCE(ppd.total_purchase_cost, 0) AS total_purchase_cost,

    -- ✅ average purchase price
    COALESCE(ppd.avg_purchase_price, 0) AS avg_purchase_price

FROM product_inital_stock pis

LEFT JOIN (
    SELECT 
        product_id,
        SUM(quantity_per_pack * box_quantity) AS total_purchase,

        --//////////////////////////////////////////////////////////////// total cost
        -- SUM((quantity_per_pack * box_quantity) * purchase_price) AS total_purchase_cost,

        -- -- avg purchase price
        -- CASE 
        --     WHEN SUM(quantity_per_pack * box_quantity) > 0 
        --     THEN SUM((quantity_per_pack * box_quantity) * purchase_price) 
        --          / SUM(quantity_per_pack * box_quantity)
        --     ELSE 0
        -- END AS avg_purchase_price
----////////////////////////////////////////////////////////////////////////
    FROM product_purchase_details
    GROUP BY product_id
) ppd ON ppd.product_id = pis.product_id

LEFT JOIN (
    SELECT product_id,
           SUM(product_quantity_sold) AS total_sale
    FROM sales_details
    GROUP BY product_id
) sd ON sd.product_id = pis.product_id

LEFT JOIN (
    SELECT product_id,
           SUM(return_qty) AS total_return
    FROM return_sales_details
    GROUP BY product_id
) rs ON rs.product_id = pis.product_id
', 0)
 2 SYSTEMPATH\Database\BaseConnection.php(729): CodeIgniter\Database\MySQLi\Connection->execute('SELECT
    pis.product_id,
    pis.product_name,
    pis.product_image,
    pis.sales_price_for_customer,
    pis.purchase_price,

    GREATEST(
        COALESCE(pis.productinitial_quantity, 0)
        + COALESCE(ppd.total_purchase, 0)
        + COALESCE(rs.total_return, 0)
        - COALESCE(sd.total_sale, 0),
    0) AS total_stock,

    -- ✅ total purchase cost
    COALESCE(ppd.total_purchase_cost, 0) AS total_purchase_cost,

    -- ✅ average purchase price
    COALESCE(ppd.avg_purchase_price, 0) AS avg_purchase_price

FROM product_inital_stock pis

LEFT JOIN (
    SELECT 
        product_id,
        SUM(quantity_per_pack * box_quantity) AS total_purchase,

        --//////////////////////////////////////////////////////////////// total cost
        -- SUM((quantity_per_pack * box_quantity) * purchase_price) AS total_purchase_cost,

        -- -- avg purchase price
        -- CASE 
        --     WHEN SUM(quantity_per_pack * box_quantity) > 0 
        --     THEN SUM((quantity_per_pack * box_quantity) * purchase_price) 
        --          / SUM(quantity_per_pack * box_quantity)
        --     ELSE 0
        -- END AS avg_purchase_price
----////////////////////////////////////////////////////////////////////////
    FROM product_purchase_details
    GROUP BY product_id
) ppd ON ppd.product_id = pis.product_id

LEFT JOIN (
    SELECT product_id,
           SUM(product_quantity_sold) AS total_sale
    FROM sales_details
    GROUP BY product_id
) sd ON sd.product_id = pis.product_id

LEFT JOIN (
    SELECT product_id,
           SUM(return_qty) AS total_return
    FROM return_sales_details
    GROUP BY product_id
) rs ON rs.product_id = pis.product_id
')
 3 SYSTEMPATH\Database\BaseConnection.php(646): CodeIgniter\Database\BaseConnection->simpleQuery('SELECT
    pis.product_id,
    pis.product_name,
    pis.product_image,
    pis.sales_price_for_customer,
    pis.purchase_price,

    GREATEST(
        COALESCE(pis.productinitial_quantity, 0)
        + COALESCE(ppd.total_purchase, 0)
        + COALESCE(rs.total_return, 0)
        - COALESCE(sd.total_sale, 0),
    0) AS total_stock,

    -- ✅ total purchase cost
    COALESCE(ppd.total_purchase_cost, 0) AS total_purchase_cost,

    -- ✅ average purchase price
    COALESCE(ppd.avg_purchase_price, 0) AS avg_purchase_price

FROM product_inital_stock pis

LEFT JOIN (
    SELECT 
        product_id,
        SUM(quantity_per_pack * box_quantity) AS total_purchase,

        --//////////////////////////////////////////////////////////////// total cost
        -- SUM((quantity_per_pack * box_quantity) * purchase_price) AS total_purchase_cost,

        -- -- avg purchase price
        -- CASE 
        --     WHEN SUM(quantity_per_pack * box_quantity) > 0 
        --     THEN SUM((quantity_per_pack * box_quantity) * purchase_price) 
        --          / SUM(quantity_per_pack * box_quantity)
        --     ELSE 0
        -- END AS avg_purchase_price
----////////////////////////////////////////////////////////////////////////
    FROM product_purchase_details
    GROUP BY product_id
) ppd ON ppd.product_id = pis.product_id

LEFT JOIN (
    SELECT product_id,
           SUM(product_quantity_sold) AS total_sale
    FROM sales_details
    GROUP BY product_id
) sd ON sd.product_id = pis.product_id

LEFT JOIN (
    SELECT product_id,
           SUM(return_qty) AS total_return
    FROM return_sales_details
    GROUP BY product_id
) rs ON rs.product_id = pis.product_id
')
 4 APPPATH\Controllers\pos.php(594): CodeIgniter\Database\BaseConnection->query('SELECT
    pis.product_id,
    pis.product_name,
    pis.product_image,
    pis.sales_price_for_customer,
    pis.purchase_price,

    GREATEST(
        COALESCE(pis.productinitial_quantity, 0)
        + COALESCE(ppd.total_purchase, 0)
        + COALESCE(rs.total_return, 0)
        - COALESCE(sd.total_sale, 0),
    0) AS total_stock,

    -- ✅ total purchase cost
    COALESCE(ppd.total_purchase_cost, 0) AS total_purchase_cost,

    -- ✅ average purchase price
    COALESCE(ppd.avg_purchase_price, 0) AS avg_purchase_price

FROM product_inital_stock pis

LEFT JOIN (
    SELECT 
        product_id,
        SUM(quantity_per_pack * box_quantity) AS total_purchase,

        --//////////////////////////////////////////////////////////////// total cost
        -- SUM((quantity_per_pack * box_quantity) * purchase_price) AS total_purchase_cost,

        -- -- avg purchase price
        -- CASE 
        --     WHEN SUM(quantity_per_pack * box_quantity) > 0 
        --     THEN SUM((quantity_per_pack * box_quantity) * purchase_price) 
        --          / SUM(quantity_per_pack * box_quantity)
        --     ELSE 0
        -- END AS avg_purchase_price
----////////////////////////////////////////////////////////////////////////
    FROM product_purchase_details
    GROUP BY product_id
) ppd ON ppd.product_id = pis.product_id

LEFT JOIN (
    SELECT product_id,
           SUM(product_quantity_sold) AS total_sale
    FROM sales_details
    GROUP BY product_id
) sd ON sd.product_id = pis.product_id

LEFT JOIN (
    SELECT product_id,
           SUM(return_qty) AS total_return
    FROM return_sales_details
    GROUP BY product_id
) rs ON rs.product_id = pis.product_id
')
 5 APPPATH\Controllers\pos.php(37): App\Controllers\Pos->products()
 6 SYSTEMPATH\CodeIgniter.php(933): App\Controllers\Pos->index()
 7 SYSTEMPATH\CodeIgniter.php(507): CodeIgniter\CodeIgniter->runController(Object(App\Controllers\Pos))
 8 SYSTEMPATH\CodeIgniter.php(354): CodeIgniter\CodeIgniter->handleRequest(null, Object(Config\Cache), false)
 9 SYSTEMPATH\Boot.php(363): CodeIgniter\CodeIgniter->run()
10 SYSTEMPATH\Boot.php(68): CodeIgniter\Boot::runCodeIgniter(Object(CodeIgniter\CodeIgniter))
11 FCPATH\index.php(59): CodeIgniter\Boot::bootWeb(Object(Config\Paths))
ERROR - 2026-04-29 06:38:36 --> mysqli_sql_exception: You have an error in your SQL syntax; check the manual that corresponds to your MySQL server version for the right syntax to use near '//////////////////////////////////////////////////////////////// total cost
   ' at line 28 in C:\laragon\www\pharmacy-project\system\Database\MySQLi\Connection.php:327
Stack trace:
#0 C:\laragon\www\pharmacy-project\system\Database\MySQLi\Connection.php(327): mysqli->query('SELECT\r\n    pis...', 0)
#1 C:\laragon\www\pharmacy-project\system\Database\BaseConnection.php(729): CodeIgniter\Database\MySQLi\Connection->execute('SELECT\r\n    pis...')
#2 C:\laragon\www\pharmacy-project\system\Database\BaseConnection.php(646): CodeIgniter\Database\BaseConnection->simpleQuery('SELECT\r\n    pis...')
#3 C:\laragon\www\pharmacy-project\app\Controllers\pos.php(594): CodeIgniter\Database\BaseConnection->query('SELECT\r\n    pis...')
#4 C:\laragon\www\pharmacy-project\app\Controllers\pos.php(37): App\Controllers\Pos->products()
#5 C:\laragon\www\pharmacy-project\system\CodeIgniter.php(933): App\Controllers\Pos->index()
#6 C:\laragon\www\pharmacy-project\system\CodeIgniter.php(507): CodeIgniter\CodeIgniter->runController(Object(App\Controllers\Pos))
#7 C:\laragon\www\pharmacy-project\system\CodeIgniter.php(354): CodeIgniter\CodeIgniter->handleRequest(NULL, Object(Config\Cache), false)
#8 C:\laragon\www\pharmacy-project\system\Boot.php(363): CodeIgniter\CodeIgniter->run()
#9 C:\laragon\www\pharmacy-project\system\Boot.php(68): CodeIgniter\Boot::runCodeIgniter(Object(CodeIgniter\CodeIgniter))
#10 C:\laragon\www\pharmacy-project\index.php(59): CodeIgniter\Boot::bootWeb(Object(Config\Paths))
#11 {main}
CRITICAL - 2026-04-29 06:38:36 --> CodeIgniter\Database\Exceptions\DatabaseException: You have an error in your SQL syntax; check the manual that corresponds to your MySQL server version for the right syntax to use near '//////////////////////////////////////////////////////////////// total cost
   ' at line 28
[Method: GET, Route: pos]
in SYSTEMPATH\Database\BaseConnection.php on line 684.
 1 APPPATH\Controllers\pos.php(594): CodeIgniter\Database\BaseConnection->query('SELECT
    pis.product_id,
    pis.product_name,
    pis.product_image,
    pis.sales_price_for_customer,
    pis.purchase_price,

    GREATEST(
        COALESCE(pis.productinitial_quantity, 0)
        + COALESCE(ppd.total_purchase, 0)
        + COALESCE(rs.total_return, 0)
        - COALESCE(sd.total_sale, 0),
    0) AS total_stock,

    -- ✅ total purchase cost
    COALESCE(ppd.total_purchase_cost, 0) AS total_purchase_cost,

    -- ✅ average purchase price
    COALESCE(ppd.avg_purchase_price, 0) AS avg_purchase_price

FROM product_inital_stock pis

LEFT JOIN (
    SELECT 
        product_id,
        SUM(quantity_per_pack * box_quantity) AS total_purchase,

        --//////////////////////////////////////////////////////////////// total cost
        -- SUM((quantity_per_pack * box_quantity) * purchase_price) AS total_purchase_cost,

        -- -- avg purchase price
        -- CASE 
        --     WHEN SUM(quantity_per_pack * box_quantity) > 0 
        --     THEN SUM((quantity_per_pack * box_quantity) * purchase_price) 
        --          / SUM(quantity_per_pack * box_quantity)
        --     ELSE 0
        -- END AS avg_purchase_price
----////////////////////////////////////////////////////////////////////////
    FROM product_purchase_details
    GROUP BY product_id
) ppd ON ppd.product_id = pis.product_id

LEFT JOIN (
    SELECT product_id,
           SUM(product_quantity_sold) AS total_sale
    FROM sales_details
    GROUP BY product_id
) sd ON sd.product_id = pis.product_id

LEFT JOIN (
    SELECT product_id,
           SUM(return_qty) AS total_return
    FROM return_sales_details
    GROUP BY product_id
) rs ON rs.product_id = pis.product_id
')
 2 APPPATH\Controllers\pos.php(37): App\Controllers\Pos->products()
 3 SYSTEMPATH\CodeIgniter.php(933): App\Controllers\Pos->index()
 4 SYSTEMPATH\CodeIgniter.php(507): CodeIgniter\CodeIgniter->runController(Object(App\Controllers\Pos))
 5 SYSTEMPATH\CodeIgniter.php(354): CodeIgniter\CodeIgniter->handleRequest(null, Object(Config\Cache), false)
 6 SYSTEMPATH\Boot.php(363): CodeIgniter\CodeIgniter->run()
 7 SYSTEMPATH\Boot.php(68): CodeIgniter\Boot::runCodeIgniter(Object(CodeIgniter\CodeIgniter))
 8 FCPATH\index.php(59): CodeIgniter\Boot::bootWeb(Object(Config\Paths))
CRITICAL - 2026-04-29 06:38:36 --> [Caused by] CodeIgniter\Database\Exceptions\DatabaseException: You have an error in your SQL syntax; check the manual that corresponds to your MySQL server version for the right syntax to use near '//////////////////////////////////////////////////////////////// total cost
   ' at line 28
in SYSTEMPATH\Database\MySQLi\Connection.php on line 332.
 1 SYSTEMPATH\Database\BaseConnection.php(729): CodeIgniter\Database\MySQLi\Connection->execute('SELECT
    pis.product_id,
    pis.product_name,
    pis.product_image,
    pis.sales_price_for_customer,
    pis.purchase_price,

    GREATEST(
        COALESCE(pis.productinitial_quantity, 0)
        + COALESCE(ppd.total_purchase, 0)
        + COALESCE(rs.total_return, 0)
        - COALESCE(sd.total_sale, 0),
    0) AS total_stock,

    -- ✅ total purchase cost
    COALESCE(ppd.total_purchase_cost, 0) AS total_purchase_cost,

    -- ✅ average purchase price
    COALESCE(ppd.avg_purchase_price, 0) AS avg_purchase_price

FROM product_inital_stock pis

LEFT JOIN (
    SELECT 
        product_id,
        SUM(quantity_per_pack * box_quantity) AS total_purchase,

        --//////////////////////////////////////////////////////////////// total cost
        -- SUM((quantity_per_pack * box_quantity) * purchase_price) AS total_purchase_cost,

        -- -- avg purchase price
        -- CASE 
        --     WHEN SUM(quantity_per_pack * box_quantity) > 0 
        --     THEN SUM((quantity_per_pack * box_quantity) * purchase_price) 
        --          / SUM(quantity_per_pack * box_quantity)
        --     ELSE 0
        -- END AS avg_purchase_price
----////////////////////////////////////////////////////////////////////////
    FROM product_purchase_details
    GROUP BY product_id
) ppd ON ppd.product_id = pis.product_id

LEFT JOIN (
    SELECT product_id,
           SUM(product_quantity_sold) AS total_sale
    FROM sales_details
    GROUP BY product_id
) sd ON sd.product_id = pis.product_id

LEFT JOIN (
    SELECT product_id,
           SUM(return_qty) AS total_return
    FROM return_sales_details
    GROUP BY product_id
) rs ON rs.product_id = pis.product_id
')
 2 SYSTEMPATH\Database\BaseConnection.php(646): CodeIgniter\Database\BaseConnection->simpleQuery('SELECT
    pis.product_id,
    pis.product_name,
    pis.product_image,
    pis.sales_price_for_customer,
    pis.purchase_price,

    GREATEST(
        COALESCE(pis.productinitial_quantity, 0)
        + COALESCE(ppd.total_purchase, 0)
        + COALESCE(rs.total_return, 0)
        - COALESCE(sd.total_sale, 0),
    0) AS total_stock,

    -- ✅ total purchase cost
    COALESCE(ppd.total_purchase_cost, 0) AS total_purchase_cost,

    -- ✅ average purchase price
    COALESCE(ppd.avg_purchase_price, 0) AS avg_purchase_price

FROM product_inital_stock pis

LEFT JOIN (
    SELECT 
        product_id,
        SUM(quantity_per_pack * box_quantity) AS total_purchase,

        --//////////////////////////////////////////////////////////////// total cost
        -- SUM((quantity_per_pack * box_quantity) * purchase_price) AS total_purchase_cost,

        -- -- avg purchase price
        -- CASE 
        --     WHEN SUM(quantity_per_pack * box_quantity) > 0 
        --     THEN SUM((quantity_per_pack * box_quantity) * purchase_price) 
        --          / SUM(quantity_per_pack * box_quantity)
        --     ELSE 0
        -- END AS avg_purchase_price
----////////////////////////////////////////////////////////////////////////
    FROM product_purchase_details
    GROUP BY product_id
) ppd ON ppd.product_id = pis.product_id

LEFT JOIN (
    SELECT product_id,
           SUM(product_quantity_sold) AS total_sale
    FROM sales_details
    GROUP BY product_id
) sd ON sd.product_id = pis.product_id

LEFT JOIN (
    SELECT product_id,
           SUM(return_qty) AS total_return
    FROM return_sales_details
    GROUP BY product_id
) rs ON rs.product_id = pis.product_id
')
 3 APPPATH\Controllers\pos.php(594): CodeIgniter\Database\BaseConnection->query('SELECT
    pis.product_id,
    pis.product_name,
    pis.product_image,
    pis.sales_price_for_customer,
    pis.purchase_price,

    GREATEST(
        COALESCE(pis.productinitial_quantity, 0)
        + COALESCE(ppd.total_purchase, 0)
        + COALESCE(rs.total_return, 0)
        - COALESCE(sd.total_sale, 0),
    0) AS total_stock,

    -- ✅ total purchase cost
    COALESCE(ppd.total_purchase_cost, 0) AS total_purchase_cost,

    -- ✅ average purchase price
    COALESCE(ppd.avg_purchase_price, 0) AS avg_purchase_price

FROM product_inital_stock pis

LEFT JOIN (
    SELECT 
        product_id,
        SUM(quantity_per_pack * box_quantity) AS total_purchase,

        --//////////////////////////////////////////////////////////////// total cost
        -- SUM((quantity_per_pack * box_quantity) * purchase_price) AS total_purchase_cost,

        -- -- avg purchase price
        -- CASE 
        --     WHEN SUM(quantity_per_pack * box_quantity) > 0 
        --     THEN SUM((quantity_per_pack * box_quantity) * purchase_price) 
        --          / SUM(quantity_per_pack * box_quantity)
        --     ELSE 0
        -- END AS avg_purchase_price
----////////////////////////////////////////////////////////////////////////
    FROM product_purchase_details
    GROUP BY product_id
) ppd ON ppd.product_id = pis.product_id

LEFT JOIN (
    SELECT product_id,
           SUM(product_quantity_sold) AS total_sale
    FROM sales_details
    GROUP BY product_id
) sd ON sd.product_id = pis.product_id

LEFT JOIN (
    SELECT product_id,
           SUM(return_qty) AS total_return
    FROM return_sales_details
    GROUP BY product_id
) rs ON rs.product_id = pis.product_id
')
 4 APPPATH\Controllers\pos.php(37): App\Controllers\Pos->products()
 5 SYSTEMPATH\CodeIgniter.php(933): App\Controllers\Pos->index()
 6 SYSTEMPATH\CodeIgniter.php(507): CodeIgniter\CodeIgniter->runController(Object(App\Controllers\Pos))
 7 SYSTEMPATH\CodeIgniter.php(354): CodeIgniter\CodeIgniter->handleRequest(null, Object(Config\Cache), false)
 8 SYSTEMPATH\Boot.php(363): CodeIgniter\CodeIgniter->run()
 9 SYSTEMPATH\Boot.php(68): CodeIgniter\Boot::runCodeIgniter(Object(CodeIgniter\CodeIgniter))
10 FCPATH\index.php(59): CodeIgniter\Boot::bootWeb(Object(Config\Paths))
CRITICAL - 2026-04-29 06:38:36 --> [Caused by] mysqli_sql_exception: You have an error in your SQL syntax; check the manual that corresponds to your MySQL server version for the right syntax to use near '//////////////////////////////////////////////////////////////// total cost
   ' at line 28
in SYSTEMPATH\Database\MySQLi\Connection.php on line 327.
 1 SYSTEMPATH\Database\MySQLi\Connection.php(327): mysqli->query('SELECT
    pis.product_id,
    pis.product_name,
    pis.product_image,
    pis.sales_price_for_customer,
    pis.purchase_price,

    GREATEST(
        COALESCE(pis.productinitial_quantity, 0)
        + COALESCE(ppd.total_purchase, 0)
        + COALESCE(rs.total_return, 0)
        - COALESCE(sd.total_sale, 0),
    0) AS total_stock,

    -- ✅ total purchase cost
    COALESCE(ppd.total_purchase_cost, 0) AS total_purchase_cost,

    -- ✅ average purchase price
    COALESCE(ppd.avg_purchase_price, 0) AS avg_purchase_price

FROM product_inital_stock pis

LEFT JOIN (
    SELECT 
        product_id,
        SUM(quantity_per_pack * box_quantity) AS total_purchase,

        --//////////////////////////////////////////////////////////////// total cost
        -- SUM((quantity_per_pack * box_quantity) * purchase_price) AS total_purchase_cost,

        -- -- avg purchase price
        -- CASE 
        --     WHEN SUM(quantity_per_pack * box_quantity) > 0 
        --     THEN SUM((quantity_per_pack * box_quantity) * purchase_price) 
        --          / SUM(quantity_per_pack * box_quantity)
        --     ELSE 0
        -- END AS avg_purchase_price
----////////////////////////////////////////////////////////////////////////
    FROM product_purchase_details
    GROUP BY product_id
) ppd ON ppd.product_id = pis.product_id

LEFT JOIN (
    SELECT product_id,
           SUM(product_quantity_sold) AS total_sale
    FROM sales_details
    GROUP BY product_id
) sd ON sd.product_id = pis.product_id

LEFT JOIN (
    SELECT product_id,
           SUM(return_qty) AS total_return
    FROM return_sales_details
    GROUP BY product_id
) rs ON rs.product_id = pis.product_id
', 0)
 2 SYSTEMPATH\Database\BaseConnection.php(729): CodeIgniter\Database\MySQLi\Connection->execute('SELECT
    pis.product_id,
    pis.product_name,
    pis.product_image,
    pis.sales_price_for_customer,
    pis.purchase_price,

    GREATEST(
        COALESCE(pis.productinitial_quantity, 0)
        + COALESCE(ppd.total_purchase, 0)
        + COALESCE(rs.total_return, 0)
        - COALESCE(sd.total_sale, 0),
    0) AS total_stock,

    -- ✅ total purchase cost
    COALESCE(ppd.total_purchase_cost, 0) AS total_purchase_cost,

    -- ✅ average purchase price
    COALESCE(ppd.avg_purchase_price, 0) AS avg_purchase_price

FROM product_inital_stock pis

LEFT JOIN (
    SELECT 
        product_id,
        SUM(quantity_per_pack * box_quantity) AS total_purchase,

        --//////////////////////////////////////////////////////////////// total cost
        -- SUM((quantity_per_pack * box_quantity) * purchase_price) AS total_purchase_cost,

        -- -- avg purchase price
        -- CASE 
        --     WHEN SUM(quantity_per_pack * box_quantity) > 0 
        --     THEN SUM((quantity_per_pack * box_quantity) * purchase_price) 
        --          / SUM(quantity_per_pack * box_quantity)
        --     ELSE 0
        -- END AS avg_purchase_price
----////////////////////////////////////////////////////////////////////////
    FROM product_purchase_details
    GROUP BY product_id
) ppd ON ppd.product_id = pis.product_id

LEFT JOIN (
    SELECT product_id,
           SUM(product_quantity_sold) AS total_sale
    FROM sales_details
    GROUP BY product_id
) sd ON sd.product_id = pis.product_id

LEFT JOIN (
    SELECT product_id,
           SUM(return_qty) AS total_return
    FROM return_sales_details
    GROUP BY product_id
) rs ON rs.product_id = pis.product_id
')
 3 SYSTEMPATH\Database\BaseConnection.php(646): CodeIgniter\Database\BaseConnection->simpleQuery('SELECT
    pis.product_id,
    pis.product_name,
    pis.product_image,
    pis.sales_price_for_customer,
    pis.purchase_price,

    GREATEST(
        COALESCE(pis.productinitial_quantity, 0)
        + COALESCE(ppd.total_purchase, 0)
        + COALESCE(rs.total_return, 0)
        - COALESCE(sd.total_sale, 0),
    0) AS total_stock,

    -- ✅ total purchase cost
    COALESCE(ppd.total_purchase_cost, 0) AS total_purchase_cost,

    -- ✅ average purchase price
    COALESCE(ppd.avg_purchase_price, 0) AS avg_purchase_price

FROM product_inital_stock pis

LEFT JOIN (
    SELECT 
        product_id,
        SUM(quantity_per_pack * box_quantity) AS total_purchase,

        --//////////////////////////////////////////////////////////////// total cost
        -- SUM((quantity_per_pack * box_quantity) * purchase_price) AS total_purchase_cost,

        -- -- avg purchase price
        -- CASE 
        --     WHEN SUM(quantity_per_pack * box_quantity) > 0 
        --     THEN SUM((quantity_per_pack * box_quantity) * purchase_price) 
        --          / SUM(quantity_per_pack * box_quantity)
        --     ELSE 0
        -- END AS avg_purchase_price
----////////////////////////////////////////////////////////////////////////
    FROM product_purchase_details
    GROUP BY product_id
) ppd ON ppd.product_id = pis.product_id

LEFT JOIN (
    SELECT product_id,
           SUM(product_quantity_sold) AS total_sale
    FROM sales_details
    GROUP BY product_id
) sd ON sd.product_id = pis.product_id

LEFT JOIN (
    SELECT product_id,
           SUM(return_qty) AS total_return
    FROM return_sales_details
    GROUP BY product_id
) rs ON rs.product_id = pis.product_id
')
 4 APPPATH\Controllers\pos.php(594): CodeIgniter\Database\BaseConnection->query('SELECT
    pis.product_id,
    pis.product_name,
    pis.product_image,
    pis.sales_price_for_customer,
    pis.purchase_price,

    GREATEST(
        COALESCE(pis.productinitial_quantity, 0)
        + COALESCE(ppd.total_purchase, 0)
        + COALESCE(rs.total_return, 0)
        - COALESCE(sd.total_sale, 0),
    0) AS total_stock,

    -- ✅ total purchase cost
    COALESCE(ppd.total_purchase_cost, 0) AS total_purchase_cost,

    -- ✅ average purchase price
    COALESCE(ppd.avg_purchase_price, 0) AS avg_purchase_price

FROM product_inital_stock pis

LEFT JOIN (
    SELECT 
        product_id,
        SUM(quantity_per_pack * box_quantity) AS total_purchase,

        --//////////////////////////////////////////////////////////////// total cost
        -- SUM((quantity_per_pack * box_quantity) * purchase_price) AS total_purchase_cost,

        -- -- avg purchase price
        -- CASE 
        --     WHEN SUM(quantity_per_pack * box_quantity) > 0 
        --     THEN SUM((quantity_per_pack * box_quantity) * purchase_price) 
        --          / SUM(quantity_per_pack * box_quantity)
        --     ELSE 0
        -- END AS avg_purchase_price
----////////////////////////////////////////////////////////////////////////
    FROM product_purchase_details
    GROUP BY product_id
) ppd ON ppd.product_id = pis.product_id

LEFT JOIN (
    SELECT product_id,
           SUM(product_quantity_sold) AS total_sale
    FROM sales_details
    GROUP BY product_id
) sd ON sd.product_id = pis.product_id

LEFT JOIN (
    SELECT product_id,
           SUM(return_qty) AS total_return
    FROM return_sales_details
    GROUP BY product_id
) rs ON rs.product_id = pis.product_id
')
 5 APPPATH\Controllers\pos.php(37): App\Controllers\Pos->products()
 6 SYSTEMPATH\CodeIgniter.php(933): App\Controllers\Pos->index()
 7 SYSTEMPATH\CodeIgniter.php(507): CodeIgniter\CodeIgniter->runController(Object(App\Controllers\Pos))
 8 SYSTEMPATH\CodeIgniter.php(354): CodeIgniter\CodeIgniter->handleRequest(null, Object(Config\Cache), false)
 9 SYSTEMPATH\Boot.php(363): CodeIgniter\CodeIgniter->run()
10 SYSTEMPATH\Boot.php(68): CodeIgniter\Boot::runCodeIgniter(Object(CodeIgniter\CodeIgniter))
11 FCPATH\index.php(59): CodeIgniter\Boot::bootWeb(Object(Config\Paths))
ERROR - 2026-04-29 06:39:38 --> mysqli_sql_exception: You have an error in your SQL syntax; check the manual that corresponds to your MySQL server version for the right syntax to use near '//////////////////////////////////////////////////////////////// total cost-->
' at line 28 in C:\laragon\www\pharmacy-project\system\Database\MySQLi\Connection.php:327
Stack trace:
#0 C:\laragon\www\pharmacy-project\system\Database\MySQLi\Connection.php(327): mysqli->query('SELECT\r\n    pis...', 0)
#1 C:\laragon\www\pharmacy-project\system\Database\BaseConnection.php(729): CodeIgniter\Database\MySQLi\Connection->execute('SELECT\r\n    pis...')
#2 C:\laragon\www\pharmacy-project\system\Database\BaseConnection.php(646): CodeIgniter\Database\BaseConnection->simpleQuery('SELECT\r\n    pis...')
#3 C:\laragon\www\pharmacy-project\app\Controllers\pos.php(594): CodeIgniter\Database\BaseConnection->query('SELECT\r\n    pis...')
#4 C:\laragon\www\pharmacy-project\app\Controllers\pos.php(37): App\Controllers\Pos->products()
#5 C:\laragon\www\pharmacy-project\system\CodeIgniter.php(933): App\Controllers\Pos->index()
#6 C:\laragon\www\pharmacy-project\system\CodeIgniter.php(507): CodeIgniter\CodeIgniter->runController(Object(App\Controllers\Pos))
#7 C:\laragon\www\pharmacy-project\system\CodeIgniter.php(354): CodeIgniter\CodeIgniter->handleRequest(NULL, Object(Config\Cache), false)
#8 C:\laragon\www\pharmacy-project\system\Boot.php(363): CodeIgniter\CodeIgniter->run()
#9 C:\laragon\www\pharmacy-project\system\Boot.php(68): CodeIgniter\Boot::runCodeIgniter(Object(CodeIgniter\CodeIgniter))
#10 C:\laragon\www\pharmacy-project\index.php(59): CodeIgniter\Boot::bootWeb(Object(Config\Paths))
#11 {main}
CRITICAL - 2026-04-29 06:39:38 --> CodeIgniter\Database\Exceptions\DatabaseException: You have an error in your SQL syntax; check the manual that corresponds to your MySQL server version for the right syntax to use near '//////////////////////////////////////////////////////////////// total cost-->
' at line 28
[Method: GET, Route: pos]
in SYSTEMPATH\Database\BaseConnection.php on line 684.
 1 APPPATH\Controllers\pos.php(594): CodeIgniter\Database\BaseConnection->query('SELECT
    pis.product_id,
    pis.product_name,
    pis.product_image,
    pis.sales_price_for_customer,
    pis.purchase_price,

    GREATEST(
        COALESCE(pis.productinitial_quantity, 0)
        + COALESCE(ppd.total_purchase, 0)
        + COALESCE(rs.total_return, 0)
        - COALESCE(sd.total_sale, 0),
    0) AS total_stock,

    -- ✅ total purchase cost
    COALESCE(ppd.total_purchase_cost, 0) AS total_purchase_cost,

    -- ✅ average purchase price
    COALESCE(ppd.avg_purchase_price, 0) AS avg_purchase_price

FROM product_inital_stock pis

LEFT JOIN (
    SELECT 
        product_id,
        SUM(quantity_per_pack * box_quantity) AS total_purchase,

   ---//////////////////////////////////////////////////////////////// total cost-->
        -- SUM((quantity_per_pack * box_quantity) * purchase_price) AS total_purchase_cost,

        -- -- avg purchase price
        -- CASE 
        --     WHEN SUM(quantity_per_pack * box_quantity) > 0 
        --     THEN SUM((quantity_per_pack * box_quantity) * purchase_price) 
        --          / SUM(quantity_per_pack * box_quantity)
        --     ELSE 0
        -- END AS avg_purchase_price
----////////////////////////////////////////////////////////////////////////
    FROM product_purchase_details
    GROUP BY product_id
) ppd ON ppd.product_id = pis.product_id

LEFT JOIN (
    SELECT product_id,
           SUM(product_quantity_sold) AS total_sale
    FROM sales_details
    GROUP BY product_id
) sd ON sd.product_id = pis.product_id

LEFT JOIN (
    SELECT product_id,
           SUM(return_qty) AS total_return
    FROM return_sales_details
    GROUP BY product_id
) rs ON rs.product_id = pis.product_id
')
 2 APPPATH\Controllers\pos.php(37): App\Controllers\Pos->products()
 3 SYSTEMPATH\CodeIgniter.php(933): App\Controllers\Pos->index()
 4 SYSTEMPATH\CodeIgniter.php(507): CodeIgniter\CodeIgniter->runController(Object(App\Controllers\Pos))
 5 SYSTEMPATH\CodeIgniter.php(354): CodeIgniter\CodeIgniter->handleRequest(null, Object(Config\Cache), false)
 6 SYSTEMPATH\Boot.php(363): CodeIgniter\CodeIgniter->run()
 7 SYSTEMPATH\Boot.php(68): CodeIgniter\Boot::runCodeIgniter(Object(CodeIgniter\CodeIgniter))
 8 FCPATH\index.php(59): CodeIgniter\Boot::bootWeb(Object(Config\Paths))
CRITICAL - 2026-04-29 06:39:38 --> [Caused by] CodeIgniter\Database\Exceptions\DatabaseException: You have an error in your SQL syntax; check the manual that corresponds to your MySQL server version for the right syntax to use near '//////////////////////////////////////////////////////////////// total cost-->
' at line 28
in SYSTEMPATH\Database\MySQLi\Connection.php on line 332.
 1 SYSTEMPATH\Database\BaseConnection.php(729): CodeIgniter\Database\MySQLi\Connection->execute('SELECT
    pis.product_id,
    pis.product_name,
    pis.product_image,
    pis.sales_price_for_customer,
    pis.purchase_price,

    GREATEST(
        COALESCE(pis.productinitial_quantity, 0)
        + COALESCE(ppd.total_purchase, 0)
        + COALESCE(rs.total_return, 0)
        - COALESCE(sd.total_sale, 0),
    0) AS total_stock,

    -- ✅ total purchase cost
    COALESCE(ppd.total_purchase_cost, 0) AS total_purchase_cost,

    -- ✅ average purchase price
    COALESCE(ppd.avg_purchase_price, 0) AS avg_purchase_price

FROM product_inital_stock pis

LEFT JOIN (
    SELECT 
        product_id,
        SUM(quantity_per_pack * box_quantity) AS total_purchase,

   ---//////////////////////////////////////////////////////////////// total cost-->
        -- SUM((quantity_per_pack * box_quantity) * purchase_price) AS total_purchase_cost,

        -- -- avg purchase price
        -- CASE 
        --     WHEN SUM(quantity_per_pack * box_quantity) > 0 
        --     THEN SUM((quantity_per_pack * box_quantity) * purchase_price) 
        --          / SUM(quantity_per_pack * box_quantity)
        --     ELSE 0
        -- END AS avg_purchase_price
----////////////////////////////////////////////////////////////////////////
    FROM product_purchase_details
    GROUP BY product_id
) ppd ON ppd.product_id = pis.product_id

LEFT JOIN (
    SELECT product_id,
           SUM(product_quantity_sold) AS total_sale
    FROM sales_details
    GROUP BY product_id
) sd ON sd.product_id = pis.product_id

LEFT JOIN (
    SELECT product_id,
           SUM(return_qty) AS total_return
    FROM return_sales_details
    GROUP BY product_id
) rs ON rs.product_id = pis.product_id
')
 2 SYSTEMPATH\Database\BaseConnection.php(646): CodeIgniter\Database\BaseConnection->simpleQuery('SELECT
    pis.product_id,
    pis.product_name,
    pis.product_image,
    pis.sales_price_for_customer,
    pis.purchase_price,

    GREATEST(
        COALESCE(pis.productinitial_quantity, 0)
        + COALESCE(ppd.total_purchase, 0)
        + COALESCE(rs.total_return, 0)
        - COALESCE(sd.total_sale, 0),
    0) AS total_stock,

    -- ✅ total purchase cost
    COALESCE(ppd.total_purchase_cost, 0) AS total_purchase_cost,

    -- ✅ average purchase price
    COALESCE(ppd.avg_purchase_price, 0) AS avg_purchase_price

FROM product_inital_stock pis

LEFT JOIN (
    SELECT 
        product_id,
        SUM(quantity_per_pack * box_quantity) AS total_purchase,

   ---//////////////////////////////////////////////////////////////// total cost-->
        -- SUM((quantity_per_pack * box_quantity) * purchase_price) AS total_purchase_cost,

        -- -- avg purchase price
        -- CASE 
        --     WHEN SUM(quantity_per_pack * box_quantity) > 0 
        --     THEN SUM((quantity_per_pack * box_quantity) * purchase_price) 
        --          / SUM(quantity_per_pack * box_quantity)
        --     ELSE 0
        -- END AS avg_purchase_price
----////////////////////////////////////////////////////////////////////////
    FROM product_purchase_details
    GROUP BY product_id
) ppd ON ppd.product_id = pis.product_id

LEFT JOIN (
    SELECT product_id,
           SUM(product_quantity_sold) AS total_sale
    FROM sales_details
    GROUP BY product_id
) sd ON sd.product_id = pis.product_id

LEFT JOIN (
    SELECT product_id,
           SUM(return_qty) AS total_return
    FROM return_sales_details
    GROUP BY product_id
) rs ON rs.product_id = pis.product_id
')
 3 APPPATH\Controllers\pos.php(594): CodeIgniter\Database\BaseConnection->query('SELECT
    pis.product_id,
    pis.product_name,
    pis.product_image,
    pis.sales_price_for_customer,
    pis.purchase_price,

    GREATEST(
        COALESCE(pis.productinitial_quantity, 0)
        + COALESCE(ppd.total_purchase, 0)
        + COALESCE(rs.total_return, 0)
        - COALESCE(sd.total_sale, 0),
    0) AS total_stock,

    -- ✅ total purchase cost
    COALESCE(ppd.total_purchase_cost, 0) AS total_purchase_cost,

    -- ✅ average purchase price
    COALESCE(ppd.avg_purchase_price, 0) AS avg_purchase_price

FROM product_inital_stock pis

LEFT JOIN (
    SELECT 
        product_id,
        SUM(quantity_per_pack * box_quantity) AS total_purchase,

   ---//////////////////////////////////////////////////////////////// total cost-->
        -- SUM((quantity_per_pack * box_quantity) * purchase_price) AS total_purchase_cost,

        -- -- avg purchase price
        -- CASE 
        --     WHEN SUM(quantity_per_pack * box_quantity) > 0 
        --     THEN SUM((quantity_per_pack * box_quantity) * purchase_price) 
        --          / SUM(quantity_per_pack * box_quantity)
        --     ELSE 0
        -- END AS avg_purchase_price
----////////////////////////////////////////////////////////////////////////
    FROM product_purchase_details
    GROUP BY product_id
) ppd ON ppd.product_id = pis.product_id

LEFT JOIN (
    SELECT product_id,
           SUM(product_quantity_sold) AS total_sale
    FROM sales_details
    GROUP BY product_id
) sd ON sd.product_id = pis.product_id

LEFT JOIN (
    SELECT product_id,
           SUM(return_qty) AS total_return
    FROM return_sales_details
    GROUP BY product_id
) rs ON rs.product_id = pis.product_id
')
 4 APPPATH\Controllers\pos.php(37): App\Controllers\Pos->products()
 5 SYSTEMPATH\CodeIgniter.php(933): App\Controllers\Pos->index()
 6 SYSTEMPATH\CodeIgniter.php(507): CodeIgniter\CodeIgniter->runController(Object(App\Controllers\Pos))
 7 SYSTEMPATH\CodeIgniter.php(354): CodeIgniter\CodeIgniter->handleRequest(null, Object(Config\Cache), false)
 8 SYSTEMPATH\Boot.php(363): CodeIgniter\CodeIgniter->run()
 9 SYSTEMPATH\Boot.php(68): CodeIgniter\Boot::runCodeIgniter(Object(CodeIgniter\CodeIgniter))
10 FCPATH\index.php(59): CodeIgniter\Boot::bootWeb(Object(Config\Paths))
CRITICAL - 2026-04-29 06:39:38 --> [Caused by] mysqli_sql_exception: You have an error in your SQL syntax; check the manual that corresponds to your MySQL server version for the right syntax to use near '//////////////////////////////////////////////////////////////// total cost-->
' at line 28
in SYSTEMPATH\Database\MySQLi\Connection.php on line 327.
 1 SYSTEMPATH\Database\MySQLi\Connection.php(327): mysqli->query('SELECT
    pis.product_id,
    pis.product_name,
    pis.product_image,
    pis.sales_price_for_customer,
    pis.purchase_price,

    GREATEST(
        COALESCE(pis.productinitial_quantity, 0)
        + COALESCE(ppd.total_purchase, 0)
        + COALESCE(rs.total_return, 0)
        - COALESCE(sd.total_sale, 0),
    0) AS total_stock,

    -- ✅ total purchase cost
    COALESCE(ppd.total_purchase_cost, 0) AS total_purchase_cost,

    -- ✅ average purchase price
    COALESCE(ppd.avg_purchase_price, 0) AS avg_purchase_price

FROM product_inital_stock pis

LEFT JOIN (
    SELECT 
        product_id,
        SUM(quantity_per_pack * box_quantity) AS total_purchase,

   ---//////////////////////////////////////////////////////////////// total cost-->
        -- SUM((quantity_per_pack * box_quantity) * purchase_price) AS total_purchase_cost,

        -- -- avg purchase price
        -- CASE 
        --     WHEN SUM(quantity_per_pack * box_quantity) > 0 
        --     THEN SUM((quantity_per_pack * box_quantity) * purchase_price) 
        --          / SUM(quantity_per_pack * box_quantity)
        --     ELSE 0
        -- END AS avg_purchase_price
----////////////////////////////////////////////////////////////////////////
    FROM product_purchase_details
    GROUP BY product_id
) ppd ON ppd.product_id = pis.product_id

LEFT JOIN (
    SELECT product_id,
           SUM(product_quantity_sold) AS total_sale
    FROM sales_details
    GROUP BY product_id
) sd ON sd.product_id = pis.product_id

LEFT JOIN (
    SELECT product_id,
           SUM(return_qty) AS total_return
    FROM return_sales_details
    GROUP BY product_id
) rs ON rs.product_id = pis.product_id
', 0)
 2 SYSTEMPATH\Database\BaseConnection.php(729): CodeIgniter\Database\MySQLi\Connection->execute('SELECT
    pis.product_id,
    pis.product_name,
    pis.product_image,
    pis.sales_price_for_customer,
    pis.purchase_price,

    GREATEST(
        COALESCE(pis.productinitial_quantity, 0)
        + COALESCE(ppd.total_purchase, 0)
        + COALESCE(rs.total_return, 0)
        - COALESCE(sd.total_sale, 0),
    0) AS total_stock,

    -- ✅ total purchase cost
    COALESCE(ppd.total_purchase_cost, 0) AS total_purchase_cost,

    -- ✅ average purchase price
    COALESCE(ppd.avg_purchase_price, 0) AS avg_purchase_price

FROM product_inital_stock pis

LEFT JOIN (
    SELECT 
        product_id,
        SUM(quantity_per_pack * box_quantity) AS total_purchase,

   ---//////////////////////////////////////////////////////////////// total cost-->
        -- SUM((quantity_per_pack * box_quantity) * purchase_price) AS total_purchase_cost,

        -- -- avg purchase price
        -- CASE 
        --     WHEN SUM(quantity_per_pack * box_quantity) > 0 
        --     THEN SUM((quantity_per_pack * box_quantity) * purchase_price) 
        --          / SUM(quantity_per_pack * box_quantity)
        --     ELSE 0
        -- END AS avg_purchase_price
----////////////////////////////////////////////////////////////////////////
    FROM product_purchase_details
    GROUP BY product_id
) ppd ON ppd.product_id = pis.product_id

LEFT JOIN (
    SELECT product_id,
           SUM(product_quantity_sold) AS total_sale
    FROM sales_details
    GROUP BY product_id
) sd ON sd.product_id = pis.product_id

LEFT JOIN (
    SELECT product_id,
           SUM(return_qty) AS total_return
    FROM return_sales_details
    GROUP BY product_id
) rs ON rs.product_id = pis.product_id
')
 3 SYSTEMPATH\Database\BaseConnection.php(646): CodeIgniter\Database\BaseConnection->simpleQuery('SELECT
    pis.product_id,
    pis.product_name,
    pis.product_image,
    pis.sales_price_for_customer,
    pis.purchase_price,

    GREATEST(
        COALESCE(pis.productinitial_quantity, 0)
        + COALESCE(ppd.total_purchase, 0)
        + COALESCE(rs.total_return, 0)
        - COALESCE(sd.total_sale, 0),
    0) AS total_stock,

    -- ✅ total purchase cost
    COALESCE(ppd.total_purchase_cost, 0) AS total_purchase_cost,

    -- ✅ average purchase price
    COALESCE(ppd.avg_purchase_price, 0) AS avg_purchase_price

FROM product_inital_stock pis

LEFT JOIN (
    SELECT 
        product_id,
        SUM(quantity_per_pack * box_quantity) AS total_purchase,

   ---//////////////////////////////////////////////////////////////// total cost-->
        -- SUM((quantity_per_pack * box_quantity) * purchase_price) AS total_purchase_cost,

        -- -- avg purchase price
        -- CASE 
        --     WHEN SUM(quantity_per_pack * box_quantity) > 0 
        --     THEN SUM((quantity_per_pack * box_quantity) * purchase_price) 
        --          / SUM(quantity_per_pack * box_quantity)
        --     ELSE 0
        -- END AS avg_purchase_price
----////////////////////////////////////////////////////////////////////////
    FROM product_purchase_details
    GROUP BY product_id
) ppd ON ppd.product_id = pis.product_id

LEFT JOIN (
    SELECT product_id,
           SUM(product_quantity_sold) AS total_sale
    FROM sales_details
    GROUP BY product_id
) sd ON sd.product_id = pis.product_id

LEFT JOIN (
    SELECT product_id,
           SUM(return_qty) AS total_return
    FROM return_sales_details
    GROUP BY product_id
) rs ON rs.product_id = pis.product_id
')
 4 APPPATH\Controllers\pos.php(594): CodeIgniter\Database\BaseConnection->query('SELECT
    pis.product_id,
    pis.product_name,
    pis.product_image,
    pis.sales_price_for_customer,
    pis.purchase_price,

    GREATEST(
        COALESCE(pis.productinitial_quantity, 0)
        + COALESCE(ppd.total_purchase, 0)
        + COALESCE(rs.total_return, 0)
        - COALESCE(sd.total_sale, 0),
    0) AS total_stock,

    -- ✅ total purchase cost
    COALESCE(ppd.total_purchase_cost, 0) AS total_purchase_cost,

    -- ✅ average purchase price
    COALESCE(ppd.avg_purchase_price, 0) AS avg_purchase_price

FROM product_inital_stock pis

LEFT JOIN (
    SELECT 
        product_id,
        SUM(quantity_per_pack * box_quantity) AS total_purchase,

   ---//////////////////////////////////////////////////////////////// total cost-->
        -- SUM((quantity_per_pack * box_quantity) * purchase_price) AS total_purchase_cost,

        -- -- avg purchase price
        -- CASE 
        --     WHEN SUM(quantity_per_pack * box_quantity) > 0 
        --     THEN SUM((quantity_per_pack * box_quantity) * purchase_price) 
        --          / SUM(quantity_per_pack * box_quantity)
        --     ELSE 0
        -- END AS avg_purchase_price
----////////////////////////////////////////////////////////////////////////
    FROM product_purchase_details
    GROUP BY product_id
) ppd ON ppd.product_id = pis.product_id

LEFT JOIN (
    SELECT product_id,
           SUM(product_quantity_sold) AS total_sale
    FROM sales_details
    GROUP BY product_id
) sd ON sd.product_id = pis.product_id

LEFT JOIN (
    SELECT product_id,
           SUM(return_qty) AS total_return
    FROM return_sales_details
    GROUP BY product_id
) rs ON rs.product_id = pis.product_id
')
 5 APPPATH\Controllers\pos.php(37): App\Controllers\Pos->products()
 6 SYSTEMPATH\CodeIgniter.php(933): App\Controllers\Pos->index()
 7 SYSTEMPATH\CodeIgniter.php(507): CodeIgniter\CodeIgniter->runController(Object(App\Controllers\Pos))
 8 SYSTEMPATH\CodeIgniter.php(354): CodeIgniter\CodeIgniter->handleRequest(null, Object(Config\Cache), false)
 9 SYSTEMPATH\Boot.php(363): CodeIgniter\CodeIgniter->run()
10 SYSTEMPATH\Boot.php(68): CodeIgniter\Boot::runCodeIgniter(Object(CodeIgniter\CodeIgniter))
11 FCPATH\index.php(59): CodeIgniter\Boot::bootWeb(Object(Config\Paths))
ERROR - 2026-04-29 06:39:39 --> mysqli_sql_exception: You have an error in your SQL syntax; check the manual that corresponds to your MySQL server version for the right syntax to use near '//////////////////////////////////////////////////////////////// total cost-->
' at line 28 in C:\laragon\www\pharmacy-project\system\Database\MySQLi\Connection.php:327
Stack trace:
#0 C:\laragon\www\pharmacy-project\system\Database\MySQLi\Connection.php(327): mysqli->query('SELECT\r\n    pis...', 0)
#1 C:\laragon\www\pharmacy-project\system\Database\BaseConnection.php(729): CodeIgniter\Database\MySQLi\Connection->execute('SELECT\r\n    pis...')
#2 C:\laragon\www\pharmacy-project\system\Database\BaseConnection.php(646): CodeIgniter\Database\BaseConnection->simpleQuery('SELECT\r\n    pis...')
#3 C:\laragon\www\pharmacy-project\app\Controllers\pos.php(594): CodeIgniter\Database\BaseConnection->query('SELECT\r\n    pis...')
#4 C:\laragon\www\pharmacy-project\app\Controllers\pos.php(37): App\Controllers\Pos->products()
#5 C:\laragon\www\pharmacy-project\system\CodeIgniter.php(933): App\Controllers\Pos->index()
#6 C:\laragon\www\pharmacy-project\system\CodeIgniter.php(507): CodeIgniter\CodeIgniter->runController(Object(App\Controllers\Pos))
#7 C:\laragon\www\pharmacy-project\system\CodeIgniter.php(354): CodeIgniter\CodeIgniter->handleRequest(NULL, Object(Config\Cache), false)
#8 C:\laragon\www\pharmacy-project\system\Boot.php(363): CodeIgniter\CodeIgniter->run()
#9 C:\laragon\www\pharmacy-project\system\Boot.php(68): CodeIgniter\Boot::runCodeIgniter(Object(CodeIgniter\CodeIgniter))
#10 C:\laragon\www\pharmacy-project\index.php(59): CodeIgniter\Boot::bootWeb(Object(Config\Paths))
#11 {main}
CRITICAL - 2026-04-29 06:39:39 --> CodeIgniter\Database\Exceptions\DatabaseException: You have an error in your SQL syntax; check the manual that corresponds to your MySQL server version for the right syntax to use near '//////////////////////////////////////////////////////////////// total cost-->
' at line 28
[Method: GET, Route: pos]
in SYSTEMPATH\Database\BaseConnection.php on line 684.
 1 APPPATH\Controllers\pos.php(594): CodeIgniter\Database\BaseConnection->query('SELECT
    pis.product_id,
    pis.product_name,
    pis.product_image,
    pis.sales_price_for_customer,
    pis.purchase_price,

    GREATEST(
        COALESCE(pis.productinitial_quantity, 0)
        + COALESCE(ppd.total_purchase, 0)
        + COALESCE(rs.total_return, 0)
        - COALESCE(sd.total_sale, 0),
    0) AS total_stock,

    -- ✅ total purchase cost
    COALESCE(ppd.total_purchase_cost, 0) AS total_purchase_cost,

    -- ✅ average purchase price
    COALESCE(ppd.avg_purchase_price, 0) AS avg_purchase_price

FROM product_inital_stock pis

LEFT JOIN (
    SELECT 
        product_id,
        SUM(quantity_per_pack * box_quantity) AS total_purchase,

   ---//////////////////////////////////////////////////////////////// total cost-->
        -- SUM((quantity_per_pack * box_quantity) * purchase_price) AS total_purchase_cost,

        -- -- avg purchase price
        -- CASE 
        --     WHEN SUM(quantity_per_pack * box_quantity) > 0 
        --     THEN SUM((quantity_per_pack * box_quantity) * purchase_price) 
        --          / SUM(quantity_per_pack * box_quantity)
        --     ELSE 0
        -- END AS avg_purchase_price
----////////////////////////////////////////////////////////////////////////
    FROM product_purchase_details
    GROUP BY product_id
) ppd ON ppd.product_id = pis.product_id

LEFT JOIN (
    SELECT product_id,
           SUM(product_quantity_sold) AS total_sale
    FROM sales_details
    GROUP BY product_id
) sd ON sd.product_id = pis.product_id

LEFT JOIN (
    SELECT product_id,
           SUM(return_qty) AS total_return
    FROM return_sales_details
    GROUP BY product_id
) rs ON rs.product_id = pis.product_id
')
 2 APPPATH\Controllers\pos.php(37): App\Controllers\Pos->products()
 3 SYSTEMPATH\CodeIgniter.php(933): App\Controllers\Pos->index()
 4 SYSTEMPATH\CodeIgniter.php(507): CodeIgniter\CodeIgniter->runController(Object(App\Controllers\Pos))
 5 SYSTEMPATH\CodeIgniter.php(354): CodeIgniter\CodeIgniter->handleRequest(null, Object(Config\Cache), false)
 6 SYSTEMPATH\Boot.php(363): CodeIgniter\CodeIgniter->run()
 7 SYSTEMPATH\Boot.php(68): CodeIgniter\Boot::runCodeIgniter(Object(CodeIgniter\CodeIgniter))
 8 FCPATH\index.php(59): CodeIgniter\Boot::bootWeb(Object(Config\Paths))
CRITICAL - 2026-04-29 06:39:39 --> [Caused by] CodeIgniter\Database\Exceptions\DatabaseException: You have an error in your SQL syntax; check the manual that corresponds to your MySQL server version for the right syntax to use near '//////////////////////////////////////////////////////////////// total cost-->
' at line 28
in SYSTEMPATH\Database\MySQLi\Connection.php on line 332.
 1 SYSTEMPATH\Database\BaseConnection.php(729): CodeIgniter\Database\MySQLi\Connection->execute('SELECT
    pis.product_id,
    pis.product_name,
    pis.product_image,
    pis.sales_price_for_customer,
    pis.purchase_price,

    GREATEST(
        COALESCE(pis.productinitial_quantity, 0)
        + COALESCE(ppd.total_purchase, 0)
        + COALESCE(rs.total_return, 0)
        - COALESCE(sd.total_sale, 0),
    0) AS total_stock,

    -- ✅ total purchase cost
    COALESCE(ppd.total_purchase_cost, 0) AS total_purchase_cost,

    -- ✅ average purchase price
    COALESCE(ppd.avg_purchase_price, 0) AS avg_purchase_price

FROM product_inital_stock pis

LEFT JOIN (
    SELECT 
        product_id,
        SUM(quantity_per_pack * box_quantity) AS total_purchase,

   ---//////////////////////////////////////////////////////////////// total cost-->
        -- SUM((quantity_per_pack * box_quantity) * purchase_price) AS total_purchase_cost,

        -- -- avg purchase price
        -- CASE 
        --     WHEN SUM(quantity_per_pack * box_quantity) > 0 
        --     THEN SUM((quantity_per_pack * box_quantity) * purchase_price) 
        --          / SUM(quantity_per_pack * box_quantity)
        --     ELSE 0
        -- END AS avg_purchase_price
----////////////////////////////////////////////////////////////////////////
    FROM product_purchase_details
    GROUP BY product_id
) ppd ON ppd.product_id = pis.product_id

LEFT JOIN (
    SELECT product_id,
           SUM(product_quantity_sold) AS total_sale
    FROM sales_details
    GROUP BY product_id
) sd ON sd.product_id = pis.product_id

LEFT JOIN (
    SELECT product_id,
           SUM(return_qty) AS total_return
    FROM return_sales_details
    GROUP BY product_id
) rs ON rs.product_id = pis.product_id
')
 2 SYSTEMPATH\Database\BaseConnection.php(646): CodeIgniter\Database\BaseConnection->simpleQuery('SELECT
    pis.product_id,
    pis.product_name,
    pis.product_image,
    pis.sales_price_for_customer,
    pis.purchase_price,

    GREATEST(
        COALESCE(pis.productinitial_quantity, 0)
        + COALESCE(ppd.total_purchase, 0)
        + COALESCE(rs.total_return, 0)
        - COALESCE(sd.total_sale, 0),
    0) AS total_stock,

    -- ✅ total purchase cost
    COALESCE(ppd.total_purchase_cost, 0) AS total_purchase_cost,

    -- ✅ average purchase price
    COALESCE(ppd.avg_purchase_price, 0) AS avg_purchase_price

FROM product_inital_stock pis

LEFT JOIN (
    SELECT 
        product_id,
        SUM(quantity_per_pack * box_quantity) AS total_purchase,

   ---//////////////////////////////////////////////////////////////// total cost-->
        -- SUM((quantity_per_pack * box_quantity) * purchase_price) AS total_purchase_cost,

        -- -- avg purchase price
        -- CASE 
        --     WHEN SUM(quantity_per_pack * box_quantity) > 0 
        --     THEN SUM((quantity_per_pack * box_quantity) * purchase_price) 
        --          / SUM(quantity_per_pack * box_quantity)
        --     ELSE 0
        -- END AS avg_purchase_price
----////////////////////////////////////////////////////////////////////////
    FROM product_purchase_details
    GROUP BY product_id
) ppd ON ppd.product_id = pis.product_id

LEFT JOIN (
    SELECT product_id,
           SUM(product_quantity_sold) AS total_sale
    FROM sales_details
    GROUP BY product_id
) sd ON sd.product_id = pis.product_id

LEFT JOIN (
    SELECT product_id,
           SUM(return_qty) AS total_return
    FROM return_sales_details
    GROUP BY product_id
) rs ON rs.product_id = pis.product_id
')
 3 APPPATH\Controllers\pos.php(594): CodeIgniter\Database\BaseConnection->query('SELECT
    pis.product_id,
    pis.product_name,
    pis.product_image,
    pis.sales_price_for_customer,
    pis.purchase_price,

    GREATEST(
        COALESCE(pis.productinitial_quantity, 0)
        + COALESCE(ppd.total_purchase, 0)
        + COALESCE(rs.total_return, 0)
        - COALESCE(sd.total_sale, 0),
    0) AS total_stock,

    -- ✅ total purchase cost
    COALESCE(ppd.total_purchase_cost, 0) AS total_purchase_cost,

    -- ✅ average purchase price
    COALESCE(ppd.avg_purchase_price, 0) AS avg_purchase_price

FROM product_inital_stock pis

LEFT JOIN (
    SELECT 
        product_id,
        SUM(quantity_per_pack * box_quantity) AS total_purchase,

   ---//////////////////////////////////////////////////////////////// total cost-->
        -- SUM((quantity_per_pack * box_quantity) * purchase_price) AS total_purchase_cost,

        -- -- avg purchase price
        -- CASE 
        --     WHEN SUM(quantity_per_pack * box_quantity) > 0 
        --     THEN SUM((quantity_per_pack * box_quantity) * purchase_price) 
        --          / SUM(quantity_per_pack * box_quantity)
        --     ELSE 0
        -- END AS avg_purchase_price
----////////////////////////////////////////////////////////////////////////
    FROM product_purchase_details
    GROUP BY product_id
) ppd ON ppd.product_id = pis.product_id

LEFT JOIN (
    SELECT product_id,
           SUM(product_quantity_sold) AS total_sale
    FROM sales_details
    GROUP BY product_id
) sd ON sd.product_id = pis.product_id

LEFT JOIN (
    SELECT product_id,
           SUM(return_qty) AS total_return
    FROM return_sales_details
    GROUP BY product_id
) rs ON rs.product_id = pis.product_id
')
 4 APPPATH\Controllers\pos.php(37): App\Controllers\Pos->products()
 5 SYSTEMPATH\CodeIgniter.php(933): App\Controllers\Pos->index()
 6 SYSTEMPATH\CodeIgniter.php(507): CodeIgniter\CodeIgniter->runController(Object(App\Controllers\Pos))
 7 SYSTEMPATH\CodeIgniter.php(354): CodeIgniter\CodeIgniter->handleRequest(null, Object(Config\Cache), false)
 8 SYSTEMPATH\Boot.php(363): CodeIgniter\CodeIgniter->run()
 9 SYSTEMPATH\Boot.php(68): CodeIgniter\Boot::runCodeIgniter(Object(CodeIgniter\CodeIgniter))
10 FCPATH\index.php(59): CodeIgniter\Boot::bootWeb(Object(Config\Paths))
CRITICAL - 2026-04-29 06:39:39 --> [Caused by] mysqli_sql_exception: You have an error in your SQL syntax; check the manual that corresponds to your MySQL server version for the right syntax to use near '//////////////////////////////////////////////////////////////// total cost-->
' at line 28
in SYSTEMPATH\Database\MySQLi\Connection.php on line 327.
 1 SYSTEMPATH\Database\MySQLi\Connection.php(327): mysqli->query('SELECT
    pis.product_id,
    pis.product_name,
    pis.product_image,
    pis.sales_price_for_customer,
    pis.purchase_price,

    GREATEST(
        COALESCE(pis.productinitial_quantity, 0)
        + COALESCE(ppd.total_purchase, 0)
        + COALESCE(rs.total_return, 0)
        - COALESCE(sd.total_sale, 0),
    0) AS total_stock,

    -- ✅ total purchase cost
    COALESCE(ppd.total_purchase_cost, 0) AS total_purchase_cost,

    -- ✅ average purchase price
    COALESCE(ppd.avg_purchase_price, 0) AS avg_purchase_price

FROM product_inital_stock pis

LEFT JOIN (
    SELECT 
        product_id,
        SUM(quantity_per_pack * box_quantity) AS total_purchase,

   ---//////////////////////////////////////////////////////////////// total cost-->
        -- SUM((quantity_per_pack * box_quantity) * purchase_price) AS total_purchase_cost,

        -- -- avg purchase price
        -- CASE 
        --     WHEN SUM(quantity_per_pack * box_quantity) > 0 
        --     THEN SUM((quantity_per_pack * box_quantity) * purchase_price) 
        --          / SUM(quantity_per_pack * box_quantity)
        --     ELSE 0
        -- END AS avg_purchase_price
----////////////////////////////////////////////////////////////////////////
    FROM product_purchase_details
    GROUP BY product_id
) ppd ON ppd.product_id = pis.product_id

LEFT JOIN (
    SELECT product_id,
           SUM(product_quantity_sold) AS total_sale
    FROM sales_details
    GROUP BY product_id
) sd ON sd.product_id = pis.product_id

LEFT JOIN (
    SELECT product_id,
           SUM(return_qty) AS total_return
    FROM return_sales_details
    GROUP BY product_id
) rs ON rs.product_id = pis.product_id
', 0)
 2 SYSTEMPATH\Database\BaseConnection.php(729): CodeIgniter\Database\MySQLi\Connection->execute('SELECT
    pis.product_id,
    pis.product_name,
    pis.product_image,
    pis.sales_price_for_customer,
    pis.purchase_price,

    GREATEST(
        COALESCE(pis.productinitial_quantity, 0)
        + COALESCE(ppd.total_purchase, 0)
        + COALESCE(rs.total_return, 0)
        - COALESCE(sd.total_sale, 0),
    0) AS total_stock,

    -- ✅ total purchase cost
    COALESCE(ppd.total_purchase_cost, 0) AS total_purchase_cost,

    -- ✅ average purchase price
    COALESCE(ppd.avg_purchase_price, 0) AS avg_purchase_price

FROM product_inital_stock pis

LEFT JOIN (
    SELECT 
        product_id,
        SUM(quantity_per_pack * box_quantity) AS total_purchase,

   ---//////////////////////////////////////////////////////////////// total cost-->
        -- SUM((quantity_per_pack * box_quantity) * purchase_price) AS total_purchase_cost,

        -- -- avg purchase price
        -- CASE 
        --     WHEN SUM(quantity_per_pack * box_quantity) > 0 
        --     THEN SUM((quantity_per_pack * box_quantity) * purchase_price) 
        --          / SUM(quantity_per_pack * box_quantity)
        --     ELSE 0
        -- END AS avg_purchase_price
----////////////////////////////////////////////////////////////////////////
    FROM product_purchase_details
    GROUP BY product_id
) ppd ON ppd.product_id = pis.product_id

LEFT JOIN (
    SELECT product_id,
           SUM(product_quantity_sold) AS total_sale
    FROM sales_details
    GROUP BY product_id
) sd ON sd.product_id = pis.product_id

LEFT JOIN (
    SELECT product_id,
           SUM(return_qty) AS total_return
    FROM return_sales_details
    GROUP BY product_id
) rs ON rs.product_id = pis.product_id
')
 3 SYSTEMPATH\Database\BaseConnection.php(646): CodeIgniter\Database\BaseConnection->simpleQuery('SELECT
    pis.product_id,
    pis.product_name,
    pis.product_image,
    pis.sales_price_for_customer,
    pis.purchase_price,

    GREATEST(
        COALESCE(pis.productinitial_quantity, 0)
        + COALESCE(ppd.total_purchase, 0)
        + COALESCE(rs.total_return, 0)
        - COALESCE(sd.total_sale, 0),
    0) AS total_stock,

    -- ✅ total purchase cost
    COALESCE(ppd.total_purchase_cost, 0) AS total_purchase_cost,

    -- ✅ average purchase price
    COALESCE(ppd.avg_purchase_price, 0) AS avg_purchase_price

FROM product_inital_stock pis

LEFT JOIN (
    SELECT 
        product_id,
        SUM(quantity_per_pack * box_quantity) AS total_purchase,

   ---//////////////////////////////////////////////////////////////// total cost-->
        -- SUM((quantity_per_pack * box_quantity) * purchase_price) AS total_purchase_cost,

        -- -- avg purchase price
        -- CASE 
        --     WHEN SUM(quantity_per_pack * box_quantity) > 0 
        --     THEN SUM((quantity_per_pack * box_quantity) * purchase_price) 
        --          / SUM(quantity_per_pack * box_quantity)
        --     ELSE 0
        -- END AS avg_purchase_price
----////////////////////////////////////////////////////////////////////////
    FROM product_purchase_details
    GROUP BY product_id
) ppd ON ppd.product_id = pis.product_id

LEFT JOIN (
    SELECT product_id,
           SUM(product_quantity_sold) AS total_sale
    FROM sales_details
    GROUP BY product_id
) sd ON sd.product_id = pis.product_id

LEFT JOIN (
    SELECT product_id,
           SUM(return_qty) AS total_return
    FROM return_sales_details
    GROUP BY product_id
) rs ON rs.product_id = pis.product_id
')
 4 APPPATH\Controllers\pos.php(594): CodeIgniter\Database\BaseConnection->query('SELECT
    pis.product_id,
    pis.product_name,
    pis.product_image,
    pis.sales_price_for_customer,
    pis.purchase_price,

    GREATEST(
        COALESCE(pis.productinitial_quantity, 0)
        + COALESCE(ppd.total_purchase, 0)
        + COALESCE(rs.total_return, 0)
        - COALESCE(sd.total_sale, 0),
    0) AS total_stock,

    -- ✅ total purchase cost
    COALESCE(ppd.total_purchase_cost, 0) AS total_purchase_cost,

    -- ✅ average purchase price
    COALESCE(ppd.avg_purchase_price, 0) AS avg_purchase_price

FROM product_inital_stock pis

LEFT JOIN (
    SELECT 
        product_id,
        SUM(quantity_per_pack * box_quantity) AS total_purchase,

   ---//////////////////////////////////////////////////////////////// total cost-->
        -- SUM((quantity_per_pack * box_quantity) * purchase_price) AS total_purchase_cost,

        -- -- avg purchase price
        -- CASE 
        --     WHEN SUM(quantity_per_pack * box_quantity) > 0 
        --     THEN SUM((quantity_per_pack * box_quantity) * purchase_price) 
        --          / SUM(quantity_per_pack * box_quantity)
        --     ELSE 0
        -- END AS avg_purchase_price
----////////////////////////////////////////////////////////////////////////
    FROM product_purchase_details
    GROUP BY product_id
) ppd ON ppd.product_id = pis.product_id

LEFT JOIN (
    SELECT product_id,
           SUM(product_quantity_sold) AS total_sale
    FROM sales_details
    GROUP BY product_id
) sd ON sd.product_id = pis.product_id

LEFT JOIN (
    SELECT product_id,
           SUM(return_qty) AS total_return
    FROM return_sales_details
    GROUP BY product_id
) rs ON rs.product_id = pis.product_id
')
 5 APPPATH\Controllers\pos.php(37): App\Controllers\Pos->products()
 6 SYSTEMPATH\CodeIgniter.php(933): App\Controllers\Pos->index()
 7 SYSTEMPATH\CodeIgniter.php(507): CodeIgniter\CodeIgniter->runController(Object(App\Controllers\Pos))
 8 SYSTEMPATH\CodeIgniter.php(354): CodeIgniter\CodeIgniter->handleRequest(null, Object(Config\Cache), false)
 9 SYSTEMPATH\Boot.php(363): CodeIgniter\CodeIgniter->run()
10 SYSTEMPATH\Boot.php(68): CodeIgniter\Boot::runCodeIgniter(Object(CodeIgniter\CodeIgniter))
11 FCPATH\index.php(59): CodeIgniter\Boot::bootWeb(Object(Config\Paths))
ERROR - 2026-04-29 06:42:41 --> mysqli_sql_exception: You have an error in your SQL syntax; check the manual that corresponds to your MySQL server version for the right syntax to use near '//////////////////////////////////////////////////////////////// total cost-->
' at line 28 in C:\laragon\www\pharmacy-project\system\Database\MySQLi\Connection.php:327
Stack trace:
#0 C:\laragon\www\pharmacy-project\system\Database\MySQLi\Connection.php(327): mysqli->query('SELECT\r\n    pis...', 0)
#1 C:\laragon\www\pharmacy-project\system\Database\BaseConnection.php(729): CodeIgniter\Database\MySQLi\Connection->execute('SELECT\r\n    pis...')
#2 C:\laragon\www\pharmacy-project\system\Database\BaseConnection.php(646): CodeIgniter\Database\BaseConnection->simpleQuery('SELECT\r\n    pis...')
#3 C:\laragon\www\pharmacy-project\app\Controllers\pos.php(595): CodeIgniter\Database\BaseConnection->query('SELECT\r\n    pis...')
#4 C:\laragon\www\pharmacy-project\app\Controllers\pos.php(37): App\Controllers\Pos->products()
#5 C:\laragon\www\pharmacy-project\system\CodeIgniter.php(933): App\Controllers\Pos->index()
#6 C:\laragon\www\pharmacy-project\system\CodeIgniter.php(507): CodeIgniter\CodeIgniter->runController(Object(App\Controllers\Pos))
#7 C:\laragon\www\pharmacy-project\system\CodeIgniter.php(354): CodeIgniter\CodeIgniter->handleRequest(NULL, Object(Config\Cache), false)
#8 C:\laragon\www\pharmacy-project\system\Boot.php(363): CodeIgniter\CodeIgniter->run()
#9 C:\laragon\www\pharmacy-project\system\Boot.php(68): CodeIgniter\Boot::runCodeIgniter(Object(CodeIgniter\CodeIgniter))
#10 C:\laragon\www\pharmacy-project\index.php(59): CodeIgniter\Boot::bootWeb(Object(Config\Paths))
#11 {main}
CRITICAL - 2026-04-29 06:42:41 --> CodeIgniter\Database\Exceptions\DatabaseException: You have an error in your SQL syntax; check the manual that corresponds to your MySQL server version for the right syntax to use near '//////////////////////////////////////////////////////////////// total cost-->
' at line 28
[Method: GET, Route: pos]
in SYSTEMPATH\Database\BaseConnection.php on line 684.
 1 APPPATH\Controllers\pos.php(595): CodeIgniter\Database\BaseConnection->query('SELECT
    pis.product_id,
    pis.product_name,
    pis.product_image,
    pis.sales_price_for_customer,
    pis.purchase_price,

    GREATEST(
        COALESCE(pis.productinitial_quantity, 0)
        + COALESCE(ppd.total_purchase, 0)
        + COALESCE(rs.total_return, 0)
        - COALESCE(sd.total_sale, 0),
    0) AS total_stock,

    -- ✅ total purchase cost
    COALESCE(ppd.total_purchase_cost, 0) AS total_purchase_cost,

    -- ✅ average purchase price
    COALESCE(ppd.avg_purchase_price, 0) AS avg_purchase_price

FROM product_inital_stock pis

LEFT JOIN (
    SELECT 
        product_id,
        SUM(quantity_per_pack * box_quantity) AS total_purchase,

   ---//////////////////////////////////////////////////////////////// total cost-->
        -- SUM((quantity_per_pack * box_quantity) * purchase_price) AS total_purchase_cost,

        -- -- avg purchase price
        -- CASE 
        --     WHEN SUM(quantity_per_pack * box_quantity) > 0 
        --     THEN SUM((quantity_per_pack * box_quantity) * purchase_price) 
        --          / SUM(quantity_per_pack * box_quantity)
        --     ELSE 0
        -- END AS avg_purchase_price
----////////////////////////////////////////////////////////////////////////

    FROM product_purchase_details
    GROUP BY product_id
) ppd ON ppd.product_id = pis.product_id

LEFT JOIN (
    SELECT product_id,
           SUM(product_quantity_sold) AS total_sale
    FROM sales_details
    GROUP BY product_id
) sd ON sd.product_id = pis.product_id

LEFT JOIN (
    SELECT product_id,
           SUM(return_qty) AS total_return
    FROM return_sales_details
    GROUP BY product_id
) rs ON rs.product_id = pis.product_id
')
 2 APPPATH\Controllers\pos.php(37): App\Controllers\Pos->products()
 3 SYSTEMPATH\CodeIgniter.php(933): App\Controllers\Pos->index()
 4 SYSTEMPATH\CodeIgniter.php(507): CodeIgniter\CodeIgniter->runController(Object(App\Controllers\Pos))
 5 SYSTEMPATH\CodeIgniter.php(354): CodeIgniter\CodeIgniter->handleRequest(null, Object(Config\Cache), false)
 6 SYSTEMPATH\Boot.php(363): CodeIgniter\CodeIgniter->run()
 7 SYSTEMPATH\Boot.php(68): CodeIgniter\Boot::runCodeIgniter(Object(CodeIgniter\CodeIgniter))
 8 FCPATH\index.php(59): CodeIgniter\Boot::bootWeb(Object(Config\Paths))
CRITICAL - 2026-04-29 06:42:41 --> [Caused by] CodeIgniter\Database\Exceptions\DatabaseException: You have an error in your SQL syntax; check the manual that corresponds to your MySQL server version for the right syntax to use near '//////////////////////////////////////////////////////////////// total cost-->
' at line 28
in SYSTEMPATH\Database\MySQLi\Connection.php on line 332.
 1 SYSTEMPATH\Database\BaseConnection.php(729): CodeIgniter\Database\MySQLi\Connection->execute('SELECT
    pis.product_id,
    pis.product_name,
    pis.product_image,
    pis.sales_price_for_customer,
    pis.purchase_price,

    GREATEST(
        COALESCE(pis.productinitial_quantity, 0)
        + COALESCE(ppd.total_purchase, 0)
        + COALESCE(rs.total_return, 0)
        - COALESCE(sd.total_sale, 0),
    0) AS total_stock,

    -- ✅ total purchase cost
    COALESCE(ppd.total_purchase_cost, 0) AS total_purchase_cost,

    -- ✅ average purchase price
    COALESCE(ppd.avg_purchase_price, 0) AS avg_purchase_price

FROM product_inital_stock pis

LEFT JOIN (
    SELECT 
        product_id,
        SUM(quantity_per_pack * box_quantity) AS total_purchase,

   ---//////////////////////////////////////////////////////////////// total cost-->
        -- SUM((quantity_per_pack * box_quantity) * purchase_price) AS total_purchase_cost,

        -- -- avg purchase price
        -- CASE 
        --     WHEN SUM(quantity_per_pack * box_quantity) > 0 
        --     THEN SUM((quantity_per_pack * box_quantity) * purchase_price) 
        --          / SUM(quantity_per_pack * box_quantity)
        --     ELSE 0
        -- END AS avg_purchase_price
----////////////////////////////////////////////////////////////////////////

    FROM product_purchase_details
    GROUP BY product_id
) ppd ON ppd.product_id = pis.product_id

LEFT JOIN (
    SELECT product_id,
           SUM(product_quantity_sold) AS total_sale
    FROM sales_details
    GROUP BY product_id
) sd ON sd.product_id = pis.product_id

LEFT JOIN (
    SELECT product_id,
           SUM(return_qty) AS total_return
    FROM return_sales_details
    GROUP BY product_id
) rs ON rs.product_id = pis.product_id
')
 2 SYSTEMPATH\Database\BaseConnection.php(646): CodeIgniter\Database\BaseConnection->simpleQuery('SELECT
    pis.product_id,
    pis.product_name,
    pis.product_image,
    pis.sales_price_for_customer,
    pis.purchase_price,

    GREATEST(
        COALESCE(pis.productinitial_quantity, 0)
        + COALESCE(ppd.total_purchase, 0)
        + COALESCE(rs.total_return, 0)
        - COALESCE(sd.total_sale, 0),
    0) AS total_stock,

    -- ✅ total purchase cost
    COALESCE(ppd.total_purchase_cost, 0) AS total_purchase_cost,

    -- ✅ average purchase price
    COALESCE(ppd.avg_purchase_price, 0) AS avg_purchase_price

FROM product_inital_stock pis

LEFT JOIN (
    SELECT 
        product_id,
        SUM(quantity_per_pack * box_quantity) AS total_purchase,

   ---//////////////////////////////////////////////////////////////// total cost-->
        -- SUM((quantity_per_pack * box_quantity) * purchase_price) AS total_purchase_cost,

        -- -- avg purchase price
        -- CASE 
        --     WHEN SUM(quantity_per_pack * box_quantity) > 0 
        --     THEN SUM((quantity_per_pack * box_quantity) * purchase_price) 
        --          / SUM(quantity_per_pack * box_quantity)
        --     ELSE 0
        -- END AS avg_purchase_price
----////////////////////////////////////////////////////////////////////////

    FROM product_purchase_details
    GROUP BY product_id
) ppd ON ppd.product_id = pis.product_id

LEFT JOIN (
    SELECT product_id,
           SUM(product_quantity_sold) AS total_sale
    FROM sales_details
    GROUP BY product_id
) sd ON sd.product_id = pis.product_id

LEFT JOIN (
    SELECT product_id,
           SUM(return_qty) AS total_return
    FROM return_sales_details
    GROUP BY product_id
) rs ON rs.product_id = pis.product_id
')
 3 APPPATH\Controllers\pos.php(595): CodeIgniter\Database\BaseConnection->query('SELECT
    pis.product_id,
    pis.product_name,
    pis.product_image,
    pis.sales_price_for_customer,
    pis.purchase_price,

    GREATEST(
        COALESCE(pis.productinitial_quantity, 0)
        + COALESCE(ppd.total_purchase, 0)
        + COALESCE(rs.total_return, 0)
        - COALESCE(sd.total_sale, 0),
    0) AS total_stock,

    -- ✅ total purchase cost
    COALESCE(ppd.total_purchase_cost, 0) AS total_purchase_cost,

    -- ✅ average purchase price
    COALESCE(ppd.avg_purchase_price, 0) AS avg_purchase_price

FROM product_inital_stock pis

LEFT JOIN (
    SELECT 
        product_id,
        SUM(quantity_per_pack * box_quantity) AS total_purchase,

   ---//////////////////////////////////////////////////////////////// total cost-->
        -- SUM((quantity_per_pack * box_quantity) * purchase_price) AS total_purchase_cost,

        -- -- avg purchase price
        -- CASE 
        --     WHEN SUM(quantity_per_pack * box_quantity) > 0 
        --     THEN SUM((quantity_per_pack * box_quantity) * purchase_price) 
        --          / SUM(quantity_per_pack * box_quantity)
        --     ELSE 0
        -- END AS avg_purchase_price
----////////////////////////////////////////////////////////////////////////

    FROM product_purchase_details
    GROUP BY product_id
) ppd ON ppd.product_id = pis.product_id

LEFT JOIN (
    SELECT product_id,
           SUM(product_quantity_sold) AS total_sale
    FROM sales_details
    GROUP BY product_id
) sd ON sd.product_id = pis.product_id

LEFT JOIN (
    SELECT product_id,
           SUM(return_qty) AS total_return
    FROM return_sales_details
    GROUP BY product_id
) rs ON rs.product_id = pis.product_id
')
 4 APPPATH\Controllers\pos.php(37): App\Controllers\Pos->products()
 5 SYSTEMPATH\CodeIgniter.php(933): App\Controllers\Pos->index()
 6 SYSTEMPATH\CodeIgniter.php(507): CodeIgniter\CodeIgniter->runController(Object(App\Controllers\Pos))
 7 SYSTEMPATH\CodeIgniter.php(354): CodeIgniter\CodeIgniter->handleRequest(null, Object(Config\Cache), false)
 8 SYSTEMPATH\Boot.php(363): CodeIgniter\CodeIgniter->run()
 9 SYSTEMPATH\Boot.php(68): CodeIgniter\Boot::runCodeIgniter(Object(CodeIgniter\CodeIgniter))
10 FCPATH\index.php(59): CodeIgniter\Boot::bootWeb(Object(Config\Paths))
CRITICAL - 2026-04-29 06:42:41 --> [Caused by] mysqli_sql_exception: You have an error in your SQL syntax; check the manual that corresponds to your MySQL server version for the right syntax to use near '//////////////////////////////////////////////////////////////// total cost-->
' at line 28
in SYSTEMPATH\Database\MySQLi\Connection.php on line 327.
 1 SYSTEMPATH\Database\MySQLi\Connection.php(327): mysqli->query('SELECT
    pis.product_id,
    pis.product_name,
    pis.product_image,
    pis.sales_price_for_customer,
    pis.purchase_price,

    GREATEST(
        COALESCE(pis.productinitial_quantity, 0)
        + COALESCE(ppd.total_purchase, 0)
        + COALESCE(rs.total_return, 0)
        - COALESCE(sd.total_sale, 0),
    0) AS total_stock,

    -- ✅ total purchase cost
    COALESCE(ppd.total_purchase_cost, 0) AS total_purchase_cost,

    -- ✅ average purchase price
    COALESCE(ppd.avg_purchase_price, 0) AS avg_purchase_price

FROM product_inital_stock pis

LEFT JOIN (
    SELECT 
        product_id,
        SUM(quantity_per_pack * box_quantity) AS total_purchase,

   ---//////////////////////////////////////////////////////////////// total cost-->
        -- SUM((quantity_per_pack * box_quantity) * purchase_price) AS total_purchase_cost,

        -- -- avg purchase price
        -- CASE 
        --     WHEN SUM(quantity_per_pack * box_quantity) > 0 
        --     THEN SUM((quantity_per_pack * box_quantity) * purchase_price) 
        --          / SUM(quantity_per_pack * box_quantity)
        --     ELSE 0
        -- END AS avg_purchase_price
----////////////////////////////////////////////////////////////////////////

    FROM product_purchase_details
    GROUP BY product_id
) ppd ON ppd.product_id = pis.product_id

LEFT JOIN (
    SELECT product_id,
           SUM(product_quantity_sold) AS total_sale
    FROM sales_details
    GROUP BY product_id
) sd ON sd.product_id = pis.product_id

LEFT JOIN (
    SELECT product_id,
           SUM(return_qty) AS total_return
    FROM return_sales_details
    GROUP BY product_id
) rs ON rs.product_id = pis.product_id
', 0)
 2 SYSTEMPATH\Database\BaseConnection.php(729): CodeIgniter\Database\MySQLi\Connection->execute('SELECT
    pis.product_id,
    pis.product_name,
    pis.product_image,
    pis.sales_price_for_customer,
    pis.purchase_price,

    GREATEST(
        COALESCE(pis.productinitial_quantity, 0)
        + COALESCE(ppd.total_purchase, 0)
        + COALESCE(rs.total_return, 0)
        - COALESCE(sd.total_sale, 0),
    0) AS total_stock,

    -- ✅ total purchase cost
    COALESCE(ppd.total_purchase_cost, 0) AS total_purchase_cost,

    -- ✅ average purchase price
    COALESCE(ppd.avg_purchase_price, 0) AS avg_purchase_price

FROM product_inital_stock pis

LEFT JOIN (
    SELECT 
        product_id,
        SUM(quantity_per_pack * box_quantity) AS total_purchase,

   ---//////////////////////////////////////////////////////////////// total cost-->
        -- SUM((quantity_per_pack * box_quantity) * purchase_price) AS total_purchase_cost,

        -- -- avg purchase price
        -- CASE 
        --     WHEN SUM(quantity_per_pack * box_quantity) > 0 
        --     THEN SUM((quantity_per_pack * box_quantity) * purchase_price) 
        --          / SUM(quantity_per_pack * box_quantity)
        --     ELSE 0
        -- END AS avg_purchase_price
----////////////////////////////////////////////////////////////////////////

    FROM product_purchase_details
    GROUP BY product_id
) ppd ON ppd.product_id = pis.product_id

LEFT JOIN (
    SELECT product_id,
           SUM(product_quantity_sold) AS total_sale
    FROM sales_details
    GROUP BY product_id
) sd ON sd.product_id = pis.product_id

LEFT JOIN (
    SELECT product_id,
           SUM(return_qty) AS total_return
    FROM return_sales_details
    GROUP BY product_id
) rs ON rs.product_id = pis.product_id
')
 3 SYSTEMPATH\Database\BaseConnection.php(646): CodeIgniter\Database\BaseConnection->simpleQuery('SELECT
    pis.product_id,
    pis.product_name,
    pis.product_image,
    pis.sales_price_for_customer,
    pis.purchase_price,

    GREATEST(
        COALESCE(pis.productinitial_quantity, 0)
        + COALESCE(ppd.total_purchase, 0)
        + COALESCE(rs.total_return, 0)
        - COALESCE(sd.total_sale, 0),
    0) AS total_stock,

    -- ✅ total purchase cost
    COALESCE(ppd.total_purchase_cost, 0) AS total_purchase_cost,

    -- ✅ average purchase price
    COALESCE(ppd.avg_purchase_price, 0) AS avg_purchase_price

FROM product_inital_stock pis

LEFT JOIN (
    SELECT 
        product_id,
        SUM(quantity_per_pack * box_quantity) AS total_purchase,

   ---//////////////////////////////////////////////////////////////// total cost-->
        -- SUM((quantity_per_pack * box_quantity) * purchase_price) AS total_purchase_cost,

        -- -- avg purchase price
        -- CASE 
        --     WHEN SUM(quantity_per_pack * box_quantity) > 0 
        --     THEN SUM((quantity_per_pack * box_quantity) * purchase_price) 
        --          / SUM(quantity_per_pack * box_quantity)
        --     ELSE 0
        -- END AS avg_purchase_price
----////////////////////////////////////////////////////////////////////////

    FROM product_purchase_details
    GROUP BY product_id
) ppd ON ppd.product_id = pis.product_id

LEFT JOIN (
    SELECT product_id,
           SUM(product_quantity_sold) AS total_sale
    FROM sales_details
    GROUP BY product_id
) sd ON sd.product_id = pis.product_id

LEFT JOIN (
    SELECT product_id,
           SUM(return_qty) AS total_return
    FROM return_sales_details
    GROUP BY product_id
) rs ON rs.product_id = pis.product_id
')
 4 APPPATH\Controllers\pos.php(595): CodeIgniter\Database\BaseConnection->query('SELECT
    pis.product_id,
    pis.product_name,
    pis.product_image,
    pis.sales_price_for_customer,
    pis.purchase_price,

    GREATEST(
        COALESCE(pis.productinitial_quantity, 0)
        + COALESCE(ppd.total_purchase, 0)
        + COALESCE(rs.total_return, 0)
        - COALESCE(sd.total_sale, 0),
    0) AS total_stock,

    -- ✅ total purchase cost
    COALESCE(ppd.total_purchase_cost, 0) AS total_purchase_cost,

    -- ✅ average purchase price
    COALESCE(ppd.avg_purchase_price, 0) AS avg_purchase_price

FROM product_inital_stock pis

LEFT JOIN (
    SELECT 
        product_id,
        SUM(quantity_per_pack * box_quantity) AS total_purchase,

   ---//////////////////////////////////////////////////////////////// total cost-->
        -- SUM((quantity_per_pack * box_quantity) * purchase_price) AS total_purchase_cost,

        -- -- avg purchase price
        -- CASE 
        --     WHEN SUM(quantity_per_pack * box_quantity) > 0 
        --     THEN SUM((quantity_per_pack * box_quantity) * purchase_price) 
        --          / SUM(quantity_per_pack * box_quantity)
        --     ELSE 0
        -- END AS avg_purchase_price
----////////////////////////////////////////////////////////////////////////

    FROM product_purchase_details
    GROUP BY product_id
) ppd ON ppd.product_id = pis.product_id

LEFT JOIN (
    SELECT product_id,
           SUM(product_quantity_sold) AS total_sale
    FROM sales_details
    GROUP BY product_id
) sd ON sd.product_id = pis.product_id

LEFT JOIN (
    SELECT product_id,
           SUM(return_qty) AS total_return
    FROM return_sales_details
    GROUP BY product_id
) rs ON rs.product_id = pis.product_id
')
 5 APPPATH\Controllers\pos.php(37): App\Controllers\Pos->products()
 6 SYSTEMPATH\CodeIgniter.php(933): App\Controllers\Pos->index()
 7 SYSTEMPATH\CodeIgniter.php(507): CodeIgniter\CodeIgniter->runController(Object(App\Controllers\Pos))
 8 SYSTEMPATH\CodeIgniter.php(354): CodeIgniter\CodeIgniter->handleRequest(null, Object(Config\Cache), false)
 9 SYSTEMPATH\Boot.php(363): CodeIgniter\CodeIgniter->run()
10 SYSTEMPATH\Boot.php(68): CodeIgniter\Boot::runCodeIgniter(Object(CodeIgniter\CodeIgniter))
11 FCPATH\index.php(59): CodeIgniter\Boot::bootWeb(Object(Config\Paths))
ERROR - 2026-04-29 06:42:42 --> mysqli_sql_exception: You have an error in your SQL syntax; check the manual that corresponds to your MySQL server version for the right syntax to use near '//////////////////////////////////////////////////////////////// total cost-->
' at line 28 in C:\laragon\www\pharmacy-project\system\Database\MySQLi\Connection.php:327
Stack trace:
#0 C:\laragon\www\pharmacy-project\system\Database\MySQLi\Connection.php(327): mysqli->query('SELECT\r\n    pis...', 0)
#1 C:\laragon\www\pharmacy-project\system\Database\BaseConnection.php(729): CodeIgniter\Database\MySQLi\Connection->execute('SELECT\r\n    pis...')
#2 C:\laragon\www\pharmacy-project\system\Database\BaseConnection.php(646): CodeIgniter\Database\BaseConnection->simpleQuery('SELECT\r\n    pis...')
#3 C:\laragon\www\pharmacy-project\app\Controllers\pos.php(595): CodeIgniter\Database\BaseConnection->query('SELECT\r\n    pis...')
#4 C:\laragon\www\pharmacy-project\app\Controllers\pos.php(37): App\Controllers\Pos->products()
#5 C:\laragon\www\pharmacy-project\system\CodeIgniter.php(933): App\Controllers\Pos->index()
#6 C:\laragon\www\pharmacy-project\system\CodeIgniter.php(507): CodeIgniter\CodeIgniter->runController(Object(App\Controllers\Pos))
#7 C:\laragon\www\pharmacy-project\system\CodeIgniter.php(354): CodeIgniter\CodeIgniter->handleRequest(NULL, Object(Config\Cache), false)
#8 C:\laragon\www\pharmacy-project\system\Boot.php(363): CodeIgniter\CodeIgniter->run()
#9 C:\laragon\www\pharmacy-project\system\Boot.php(68): CodeIgniter\Boot::runCodeIgniter(Object(CodeIgniter\CodeIgniter))
#10 C:\laragon\www\pharmacy-project\index.php(59): CodeIgniter\Boot::bootWeb(Object(Config\Paths))
#11 {main}
CRITICAL - 2026-04-29 06:42:42 --> CodeIgniter\Database\Exceptions\DatabaseException: You have an error in your SQL syntax; check the manual that corresponds to your MySQL server version for the right syntax to use near '//////////////////////////////////////////////////////////////// total cost-->
' at line 28
[Method: GET, Route: pos]
in SYSTEMPATH\Database\BaseConnection.php on line 684.
 1 APPPATH\Controllers\pos.php(595): CodeIgniter\Database\BaseConnection->query('SELECT
    pis.product_id,
    pis.product_name,
    pis.product_image,
    pis.sales_price_for_customer,
    pis.purchase_price,

    GREATEST(
        COALESCE(pis.productinitial_quantity, 0)
        + COALESCE(ppd.total_purchase, 0)
        + COALESCE(rs.total_return, 0)
        - COALESCE(sd.total_sale, 0),
    0) AS total_stock,

    -- ✅ total purchase cost
    COALESCE(ppd.total_purchase_cost, 0) AS total_purchase_cost,

    -- ✅ average purchase price
    COALESCE(ppd.avg_purchase_price, 0) AS avg_purchase_price

FROM product_inital_stock pis

LEFT JOIN (
    SELECT 
        product_id,
        SUM(quantity_per_pack * box_quantity) AS total_purchase,

   ---//////////////////////////////////////////////////////////////// total cost-->
        -- SUM((quantity_per_pack * box_quantity) * purchase_price) AS total_purchase_cost,

        -- -- avg purchase price
        -- CASE 
        --     WHEN SUM(quantity_per_pack * box_quantity) > 0 
        --     THEN SUM((quantity_per_pack * box_quantity) * purchase_price) 
        --          / SUM(quantity_per_pack * box_quantity)
        --     ELSE 0
        -- END AS avg_purchase_price
----////////////////////////////////////////////////////////////////////////

    FROM product_purchase_details
    GROUP BY product_id
) ppd ON ppd.product_id = pis.product_id

LEFT JOIN (
    SELECT product_id,
           SUM(product_quantity_sold) AS total_sale
    FROM sales_details
    GROUP BY product_id
) sd ON sd.product_id = pis.product_id

LEFT JOIN (
    SELECT product_id,
           SUM(return_qty) AS total_return
    FROM return_sales_details
    GROUP BY product_id
) rs ON rs.product_id = pis.product_id
')
 2 APPPATH\Controllers\pos.php(37): App\Controllers\Pos->products()
 3 SYSTEMPATH\CodeIgniter.php(933): App\Controllers\Pos->index()
 4 SYSTEMPATH\CodeIgniter.php(507): CodeIgniter\CodeIgniter->runController(Object(App\Controllers\Pos))
 5 SYSTEMPATH\CodeIgniter.php(354): CodeIgniter\CodeIgniter->handleRequest(null, Object(Config\Cache), false)
 6 SYSTEMPATH\Boot.php(363): CodeIgniter\CodeIgniter->run()
 7 SYSTEMPATH\Boot.php(68): CodeIgniter\Boot::runCodeIgniter(Object(CodeIgniter\CodeIgniter))
 8 FCPATH\index.php(59): CodeIgniter\Boot::bootWeb(Object(Config\Paths))
CRITICAL - 2026-04-29 06:42:42 --> [Caused by] CodeIgniter\Database\Exceptions\DatabaseException: You have an error in your SQL syntax; check the manual that corresponds to your MySQL server version for the right syntax to use near '//////////////////////////////////////////////////////////////// total cost-->
' at line 28
in SYSTEMPATH\Database\MySQLi\Connection.php on line 332.
 1 SYSTEMPATH\Database\BaseConnection.php(729): CodeIgniter\Database\MySQLi\Connection->execute('SELECT
    pis.product_id,
    pis.product_name,
    pis.product_image,
    pis.sales_price_for_customer,
    pis.purchase_price,

    GREATEST(
        COALESCE(pis.productinitial_quantity, 0)
        + COALESCE(ppd.total_purchase, 0)
        + COALESCE(rs.total_return, 0)
        - COALESCE(sd.total_sale, 0),
    0) AS total_stock,

    -- ✅ total purchase cost
    COALESCE(ppd.total_purchase_cost, 0) AS total_purchase_cost,

    -- ✅ average purchase price
    COALESCE(ppd.avg_purchase_price, 0) AS avg_purchase_price

FROM product_inital_stock pis

LEFT JOIN (
    SELECT 
        product_id,
        SUM(quantity_per_pack * box_quantity) AS total_purchase,

   ---//////////////////////////////////////////////////////////////// total cost-->
        -- SUM((quantity_per_pack * box_quantity) * purchase_price) AS total_purchase_cost,

        -- -- avg purchase price
        -- CASE 
        --     WHEN SUM(quantity_per_pack * box_quantity) > 0 
        --     THEN SUM((quantity_per_pack * box_quantity) * purchase_price) 
        --          / SUM(quantity_per_pack * box_quantity)
        --     ELSE 0
        -- END AS avg_purchase_price
----////////////////////////////////////////////////////////////////////////

    FROM product_purchase_details
    GROUP BY product_id
) ppd ON ppd.product_id = pis.product_id

LEFT JOIN (
    SELECT product_id,
           SUM(product_quantity_sold) AS total_sale
    FROM sales_details
    GROUP BY product_id
) sd ON sd.product_id = pis.product_id

LEFT JOIN (
    SELECT product_id,
           SUM(return_qty) AS total_return
    FROM return_sales_details
    GROUP BY product_id
) rs ON rs.product_id = pis.product_id
')
 2 SYSTEMPATH\Database\BaseConnection.php(646): CodeIgniter\Database\BaseConnection->simpleQuery('SELECT
    pis.product_id,
    pis.product_name,
    pis.product_image,
    pis.sales_price_for_customer,
    pis.purchase_price,

    GREATEST(
        COALESCE(pis.productinitial_quantity, 0)
        + COALESCE(ppd.total_purchase, 0)
        + COALESCE(rs.total_return, 0)
        - COALESCE(sd.total_sale, 0),
    0) AS total_stock,

    -- ✅ total purchase cost
    COALESCE(ppd.total_purchase_cost, 0) AS total_purchase_cost,

    -- ✅ average purchase price
    COALESCE(ppd.avg_purchase_price, 0) AS avg_purchase_price

FROM product_inital_stock pis

LEFT JOIN (
    SELECT 
        product_id,
        SUM(quantity_per_pack * box_quantity) AS total_purchase,

   ---//////////////////////////////////////////////////////////////// total cost-->
        -- SUM((quantity_per_pack * box_quantity) * purchase_price) AS total_purchase_cost,

        -- -- avg purchase price
        -- CASE 
        --     WHEN SUM(quantity_per_pack * box_quantity) > 0 
        --     THEN SUM((quantity_per_pack * box_quantity) * purchase_price) 
        --          / SUM(quantity_per_pack * box_quantity)
        --     ELSE 0
        -- END AS avg_purchase_price
----////////////////////////////////////////////////////////////////////////

    FROM product_purchase_details
    GROUP BY product_id
) ppd ON ppd.product_id = pis.product_id

LEFT JOIN (
    SELECT product_id,
           SUM(product_quantity_sold) AS total_sale
    FROM sales_details
    GROUP BY product_id
) sd ON sd.product_id = pis.product_id

LEFT JOIN (
    SELECT product_id,
           SUM(return_qty) AS total_return
    FROM return_sales_details
    GROUP BY product_id
) rs ON rs.product_id = pis.product_id
')
 3 APPPATH\Controllers\pos.php(595): CodeIgniter\Database\BaseConnection->query('SELECT
    pis.product_id,
    pis.product_name,
    pis.product_image,
    pis.sales_price_for_customer,
    pis.purchase_price,

    GREATEST(
        COALESCE(pis.productinitial_quantity, 0)
        + COALESCE(ppd.total_purchase, 0)
        + COALESCE(rs.total_return, 0)
        - COALESCE(sd.total_sale, 0),
    0) AS total_stock,

    -- ✅ total purchase cost
    COALESCE(ppd.total_purchase_cost, 0) AS total_purchase_cost,

    -- ✅ average purchase price
    COALESCE(ppd.avg_purchase_price, 0) AS avg_purchase_price

FROM product_inital_stock pis

LEFT JOIN (
    SELECT 
        product_id,
        SUM(quantity_per_pack * box_quantity) AS total_purchase,

   ---//////////////////////////////////////////////////////////////// total cost-->
        -- SUM((quantity_per_pack * box_quantity) * purchase_price) AS total_purchase_cost,

        -- -- avg purchase price
        -- CASE 
        --     WHEN SUM(quantity_per_pack * box_quantity) > 0 
        --     THEN SUM((quantity_per_pack * box_quantity) * purchase_price) 
        --          / SUM(quantity_per_pack * box_quantity)
        --     ELSE 0
        -- END AS avg_purchase_price
----////////////////////////////////////////////////////////////////////////

    FROM product_purchase_details
    GROUP BY product_id
) ppd ON ppd.product_id = pis.product_id

LEFT JOIN (
    SELECT product_id,
           SUM(product_quantity_sold) AS total_sale
    FROM sales_details
    GROUP BY product_id
) sd ON sd.product_id = pis.product_id

LEFT JOIN (
    SELECT product_id,
           SUM(return_qty) AS total_return
    FROM return_sales_details
    GROUP BY product_id
) rs ON rs.product_id = pis.product_id
')
 4 APPPATH\Controllers\pos.php(37): App\Controllers\Pos->products()
 5 SYSTEMPATH\CodeIgniter.php(933): App\Controllers\Pos->index()
 6 SYSTEMPATH\CodeIgniter.php(507): CodeIgniter\CodeIgniter->runController(Object(App\Controllers\Pos))
 7 SYSTEMPATH\CodeIgniter.php(354): CodeIgniter\CodeIgniter->handleRequest(null, Object(Config\Cache), false)
 8 SYSTEMPATH\Boot.php(363): CodeIgniter\CodeIgniter->run()
 9 SYSTEMPATH\Boot.php(68): CodeIgniter\Boot::runCodeIgniter(Object(CodeIgniter\CodeIgniter))
10 FCPATH\index.php(59): CodeIgniter\Boot::bootWeb(Object(Config\Paths))
CRITICAL - 2026-04-29 06:42:42 --> [Caused by] mysqli_sql_exception: You have an error in your SQL syntax; check the manual that corresponds to your MySQL server version for the right syntax to use near '//////////////////////////////////////////////////////////////// total cost-->
' at line 28
in SYSTEMPATH\Database\MySQLi\Connection.php on line 327.
 1 SYSTEMPATH\Database\MySQLi\Connection.php(327): mysqli->query('SELECT
    pis.product_id,
    pis.product_name,
    pis.product_image,
    pis.sales_price_for_customer,
    pis.purchase_price,

    GREATEST(
        COALESCE(pis.productinitial_quantity, 0)
        + COALESCE(ppd.total_purchase, 0)
        + COALESCE(rs.total_return, 0)
        - COALESCE(sd.total_sale, 0),
    0) AS total_stock,

    -- ✅ total purchase cost
    COALESCE(ppd.total_purchase_cost, 0) AS total_purchase_cost,

    -- ✅ average purchase price
    COALESCE(ppd.avg_purchase_price, 0) AS avg_purchase_price

FROM product_inital_stock pis

LEFT JOIN (
    SELECT 
        product_id,
        SUM(quantity_per_pack * box_quantity) AS total_purchase,

   ---//////////////////////////////////////////////////////////////// total cost-->
        -- SUM((quantity_per_pack * box_quantity) * purchase_price) AS total_purchase_cost,

        -- -- avg purchase price
        -- CASE 
        --     WHEN SUM(quantity_per_pack * box_quantity) > 0 
        --     THEN SUM((quantity_per_pack * box_quantity) * purchase_price) 
        --          / SUM(quantity_per_pack * box_quantity)
        --     ELSE 0
        -- END AS avg_purchase_price
----////////////////////////////////////////////////////////////////////////

    FROM product_purchase_details
    GROUP BY product_id
) ppd ON ppd.product_id = pis.product_id

LEFT JOIN (
    SELECT product_id,
           SUM(product_quantity_sold) AS total_sale
    FROM sales_details
    GROUP BY product_id
) sd ON sd.product_id = pis.product_id

LEFT JOIN (
    SELECT product_id,
           SUM(return_qty) AS total_return
    FROM return_sales_details
    GROUP BY product_id
) rs ON rs.product_id = pis.product_id
', 0)
 2 SYSTEMPATH\Database\BaseConnection.php(729): CodeIgniter\Database\MySQLi\Connection->execute('SELECT
    pis.product_id,
    pis.product_name,
    pis.product_image,
    pis.sales_price_for_customer,
    pis.purchase_price,

    GREATEST(
        COALESCE(pis.productinitial_quantity, 0)
        + COALESCE(ppd.total_purchase, 0)
        + COALESCE(rs.total_return, 0)
        - COALESCE(sd.total_sale, 0),
    0) AS total_stock,

    -- ✅ total purchase cost
    COALESCE(ppd.total_purchase_cost, 0) AS total_purchase_cost,

    -- ✅ average purchase price
    COALESCE(ppd.avg_purchase_price, 0) AS avg_purchase_price

FROM product_inital_stock pis

LEFT JOIN (
    SELECT 
        product_id,
        SUM(quantity_per_pack * box_quantity) AS total_purchase,

   ---//////////////////////////////////////////////////////////////// total cost-->
        -- SUM((quantity_per_pack * box_quantity) * purchase_price) AS total_purchase_cost,

        -- -- avg purchase price
        -- CASE 
        --     WHEN SUM(quantity_per_pack * box_quantity) > 0 
        --     THEN SUM((quantity_per_pack * box_quantity) * purchase_price) 
        --          / SUM(quantity_per_pack * box_quantity)
        --     ELSE 0
        -- END AS avg_purchase_price
----////////////////////////////////////////////////////////////////////////

    FROM product_purchase_details
    GROUP BY product_id
) ppd ON ppd.product_id = pis.product_id

LEFT JOIN (
    SELECT product_id,
           SUM(product_quantity_sold) AS total_sale
    FROM sales_details
    GROUP BY product_id
) sd ON sd.product_id = pis.product_id

LEFT JOIN (
    SELECT product_id,
           SUM(return_qty) AS total_return
    FROM return_sales_details
    GROUP BY product_id
) rs ON rs.product_id = pis.product_id
')
 3 SYSTEMPATH\Database\BaseConnection.php(646): CodeIgniter\Database\BaseConnection->simpleQuery('SELECT
    pis.product_id,
    pis.product_name,
    pis.product_image,
    pis.sales_price_for_customer,
    pis.purchase_price,

    GREATEST(
        COALESCE(pis.productinitial_quantity, 0)
        + COALESCE(ppd.total_purchase, 0)
        + COALESCE(rs.total_return, 0)
        - COALESCE(sd.total_sale, 0),
    0) AS total_stock,

    -- ✅ total purchase cost
    COALESCE(ppd.total_purchase_cost, 0) AS total_purchase_cost,

    -- ✅ average purchase price
    COALESCE(ppd.avg_purchase_price, 0) AS avg_purchase_price

FROM product_inital_stock pis

LEFT JOIN (
    SELECT 
        product_id,
        SUM(quantity_per_pack * box_quantity) AS total_purchase,

   ---//////////////////////////////////////////////////////////////// total cost-->
        -- SUM((quantity_per_pack * box_quantity) * purchase_price) AS total_purchase_cost,

        -- -- avg purchase price
        -- CASE 
        --     WHEN SUM(quantity_per_pack * box_quantity) > 0 
        --     THEN SUM((quantity_per_pack * box_quantity) * purchase_price) 
        --          / SUM(quantity_per_pack * box_quantity)
        --     ELSE 0
        -- END AS avg_purchase_price
----////////////////////////////////////////////////////////////////////////

    FROM product_purchase_details
    GROUP BY product_id
) ppd ON ppd.product_id = pis.product_id

LEFT JOIN (
    SELECT product_id,
           SUM(product_quantity_sold) AS total_sale
    FROM sales_details
    GROUP BY product_id
) sd ON sd.product_id = pis.product_id

LEFT JOIN (
    SELECT product_id,
           SUM(return_qty) AS total_return
    FROM return_sales_details
    GROUP BY product_id
) rs ON rs.product_id = pis.product_id
')
 4 APPPATH\Controllers\pos.php(595): CodeIgniter\Database\BaseConnection->query('SELECT
    pis.product_id,
    pis.product_name,
    pis.product_image,
    pis.sales_price_for_customer,
    pis.purchase_price,

    GREATEST(
        COALESCE(pis.productinitial_quantity, 0)
        + COALESCE(ppd.total_purchase, 0)
        + COALESCE(rs.total_return, 0)
        - COALESCE(sd.total_sale, 0),
    0) AS total_stock,

    -- ✅ total purchase cost
    COALESCE(ppd.total_purchase_cost, 0) AS total_purchase_cost,

    -- ✅ average purchase price
    COALESCE(ppd.avg_purchase_price, 0) AS avg_purchase_price

FROM product_inital_stock pis

LEFT JOIN (
    SELECT 
        product_id,
        SUM(quantity_per_pack * box_quantity) AS total_purchase,

   ---//////////////////////////////////////////////////////////////// total cost-->
        -- SUM((quantity_per_pack * box_quantity) * purchase_price) AS total_purchase_cost,

        -- -- avg purchase price
        -- CASE 
        --     WHEN SUM(quantity_per_pack * box_quantity) > 0 
        --     THEN SUM((quantity_per_pack * box_quantity) * purchase_price) 
        --          / SUM(quantity_per_pack * box_quantity)
        --     ELSE 0
        -- END AS avg_purchase_price
----////////////////////////////////////////////////////////////////////////

    FROM product_purchase_details
    GROUP BY product_id
) ppd ON ppd.product_id = pis.product_id

LEFT JOIN (
    SELECT product_id,
           SUM(product_quantity_sold) AS total_sale
    FROM sales_details
    GROUP BY product_id
) sd ON sd.product_id = pis.product_id

LEFT JOIN (
    SELECT product_id,
           SUM(return_qty) AS total_return
    FROM return_sales_details
    GROUP BY product_id
) rs ON rs.product_id = pis.product_id
')
 5 APPPATH\Controllers\pos.php(37): App\Controllers\Pos->products()
 6 SYSTEMPATH\CodeIgniter.php(933): App\Controllers\Pos->index()
 7 SYSTEMPATH\CodeIgniter.php(507): CodeIgniter\CodeIgniter->runController(Object(App\Controllers\Pos))
 8 SYSTEMPATH\CodeIgniter.php(354): CodeIgniter\CodeIgniter->handleRequest(null, Object(Config\Cache), false)
 9 SYSTEMPATH\Boot.php(363): CodeIgniter\CodeIgniter->run()
10 SYSTEMPATH\Boot.php(68): CodeIgniter\Boot::runCodeIgniter(Object(CodeIgniter\CodeIgniter))
11 FCPATH\index.php(59): CodeIgniter\Boot::bootWeb(Object(Config\Paths))
ERROR - 2026-04-29 06:42:43 --> mysqli_sql_exception: You have an error in your SQL syntax; check the manual that corresponds to your MySQL server version for the right syntax to use near '//////////////////////////////////////////////////////////////// total cost-->
' at line 28 in C:\laragon\www\pharmacy-project\system\Database\MySQLi\Connection.php:327
Stack trace:
#0 C:\laragon\www\pharmacy-project\system\Database\MySQLi\Connection.php(327): mysqli->query('SELECT\r\n    pis...', 0)
#1 C:\laragon\www\pharmacy-project\system\Database\BaseConnection.php(729): CodeIgniter\Database\MySQLi\Connection->execute('SELECT\r\n    pis...')
#2 C:\laragon\www\pharmacy-project\system\Database\BaseConnection.php(646): CodeIgniter\Database\BaseConnection->simpleQuery('SELECT\r\n    pis...')
#3 C:\laragon\www\pharmacy-project\app\Controllers\pos.php(595): CodeIgniter\Database\BaseConnection->query('SELECT\r\n    pis...')
#4 C:\laragon\www\pharmacy-project\app\Controllers\pos.php(37): App\Controllers\Pos->products()
#5 C:\laragon\www\pharmacy-project\system\CodeIgniter.php(933): App\Controllers\Pos->index()
#6 C:\laragon\www\pharmacy-project\system\CodeIgniter.php(507): CodeIgniter\CodeIgniter->runController(Object(App\Controllers\Pos))
#7 C:\laragon\www\pharmacy-project\system\CodeIgniter.php(354): CodeIgniter\CodeIgniter->handleRequest(NULL, Object(Config\Cache), false)
#8 C:\laragon\www\pharmacy-project\system\Boot.php(363): CodeIgniter\CodeIgniter->run()
#9 C:\laragon\www\pharmacy-project\system\Boot.php(68): CodeIgniter\Boot::runCodeIgniter(Object(CodeIgniter\CodeIgniter))
#10 C:\laragon\www\pharmacy-project\index.php(59): CodeIgniter\Boot::bootWeb(Object(Config\Paths))
#11 {main}
CRITICAL - 2026-04-29 06:42:43 --> CodeIgniter\Database\Exceptions\DatabaseException: You have an error in your SQL syntax; check the manual that corresponds to your MySQL server version for the right syntax to use near '//////////////////////////////////////////////////////////////// total cost-->
' at line 28
[Method: GET, Route: pos]
in SYSTEMPATH\Database\BaseConnection.php on line 684.
 1 APPPATH\Controllers\pos.php(595): CodeIgniter\Database\BaseConnection->query('SELECT
    pis.product_id,
    pis.product_name,
    pis.product_image,
    pis.sales_price_for_customer,
    pis.purchase_price,

    GREATEST(
        COALESCE(pis.productinitial_quantity, 0)
        + COALESCE(ppd.total_purchase, 0)
        + COALESCE(rs.total_return, 0)
        - COALESCE(sd.total_sale, 0),
    0) AS total_stock,

    -- ✅ total purchase cost
    COALESCE(ppd.total_purchase_cost, 0) AS total_purchase_cost,

    -- ✅ average purchase price
    COALESCE(ppd.avg_purchase_price, 0) AS avg_purchase_price

FROM product_inital_stock pis

LEFT JOIN (
    SELECT 
        product_id,
        SUM(quantity_per_pack * box_quantity) AS total_purchase,

   ---//////////////////////////////////////////////////////////////// total cost-->
        -- SUM((quantity_per_pack * box_quantity) * purchase_price) AS total_purchase_cost,

        -- -- avg purchase price
        -- CASE 
        --     WHEN SUM(quantity_per_pack * box_quantity) > 0 
        --     THEN SUM((quantity_per_pack * box_quantity) * purchase_price) 
        --          / SUM(quantity_per_pack * box_quantity)
        --     ELSE 0
        -- END AS avg_purchase_price
----////////////////////////////////////////////////////////////////////////

    FROM product_purchase_details
    GROUP BY product_id
) ppd ON ppd.product_id = pis.product_id

LEFT JOIN (
    SELECT product_id,
           SUM(product_quantity_sold) AS total_sale
    FROM sales_details
    GROUP BY product_id
) sd ON sd.product_id = pis.product_id

LEFT JOIN (
    SELECT product_id,
           SUM(return_qty) AS total_return
    FROM return_sales_details
    GROUP BY product_id
) rs ON rs.product_id = pis.product_id
')
 2 APPPATH\Controllers\pos.php(37): App\Controllers\Pos->products()
 3 SYSTEMPATH\CodeIgniter.php(933): App\Controllers\Pos->index()
 4 SYSTEMPATH\CodeIgniter.php(507): CodeIgniter\CodeIgniter->runController(Object(App\Controllers\Pos))
 5 SYSTEMPATH\CodeIgniter.php(354): CodeIgniter\CodeIgniter->handleRequest(null, Object(Config\Cache), false)
 6 SYSTEMPATH\Boot.php(363): CodeIgniter\CodeIgniter->run()
 7 SYSTEMPATH\Boot.php(68): CodeIgniter\Boot::runCodeIgniter(Object(CodeIgniter\CodeIgniter))
 8 FCPATH\index.php(59): CodeIgniter\Boot::bootWeb(Object(Config\Paths))
CRITICAL - 2026-04-29 06:42:43 --> [Caused by] CodeIgniter\Database\Exceptions\DatabaseException: You have an error in your SQL syntax; check the manual that corresponds to your MySQL server version for the right syntax to use near '//////////////////////////////////////////////////////////////// total cost-->
' at line 28
in SYSTEMPATH\Database\MySQLi\Connection.php on line 332.
 1 SYSTEMPATH\Database\BaseConnection.php(729): CodeIgniter\Database\MySQLi\Connection->execute('SELECT
    pis.product_id,
    pis.product_name,
    pis.product_image,
    pis.sales_price_for_customer,
    pis.purchase_price,

    GREATEST(
        COALESCE(pis.productinitial_quantity, 0)
        + COALESCE(ppd.total_purchase, 0)
        + COALESCE(rs.total_return, 0)
        - COALESCE(sd.total_sale, 0),
    0) AS total_stock,

    -- ✅ total purchase cost
    COALESCE(ppd.total_purchase_cost, 0) AS total_purchase_cost,

    -- ✅ average purchase price
    COALESCE(ppd.avg_purchase_price, 0) AS avg_purchase_price

FROM product_inital_stock pis

LEFT JOIN (
    SELECT 
        product_id,
        SUM(quantity_per_pack * box_quantity) AS total_purchase,

   ---//////////////////////////////////////////////////////////////// total cost-->
        -- SUM((quantity_per_pack * box_quantity) * purchase_price) AS total_purchase_cost,

        -- -- avg purchase price
        -- CASE 
        --     WHEN SUM(quantity_per_pack * box_quantity) > 0 
        --     THEN SUM((quantity_per_pack * box_quantity) * purchase_price) 
        --          / SUM(quantity_per_pack * box_quantity)
        --     ELSE 0
        -- END AS avg_purchase_price
----////////////////////////////////////////////////////////////////////////

    FROM product_purchase_details
    GROUP BY product_id
) ppd ON ppd.product_id = pis.product_id

LEFT JOIN (
    SELECT product_id,
           SUM(product_quantity_sold) AS total_sale
    FROM sales_details
    GROUP BY product_id
) sd ON sd.product_id = pis.product_id

LEFT JOIN (
    SELECT product_id,
           SUM(return_qty) AS total_return
    FROM return_sales_details
    GROUP BY product_id
) rs ON rs.product_id = pis.product_id
')
 2 SYSTEMPATH\Database\BaseConnection.php(646): CodeIgniter\Database\BaseConnection->simpleQuery('SELECT
    pis.product_id,
    pis.product_name,
    pis.product_image,
    pis.sales_price_for_customer,
    pis.purchase_price,

    GREATEST(
        COALESCE(pis.productinitial_quantity, 0)
        + COALESCE(ppd.total_purchase, 0)
        + COALESCE(rs.total_return, 0)
        - COALESCE(sd.total_sale, 0),
    0) AS total_stock,

    -- ✅ total purchase cost
    COALESCE(ppd.total_purchase_cost, 0) AS total_purchase_cost,

    -- ✅ average purchase price
    COALESCE(ppd.avg_purchase_price, 0) AS avg_purchase_price

FROM product_inital_stock pis

LEFT JOIN (
    SELECT 
        product_id,
        SUM(quantity_per_pack * box_quantity) AS total_purchase,

   ---//////////////////////////////////////////////////////////////// total cost-->
        -- SUM((quantity_per_pack * box_quantity) * purchase_price) AS total_purchase_cost,

        -- -- avg purchase price
        -- CASE 
        --     WHEN SUM(quantity_per_pack * box_quantity) > 0 
        --     THEN SUM((quantity_per_pack * box_quantity) * purchase_price) 
        --          / SUM(quantity_per_pack * box_quantity)
        --     ELSE 0
        -- END AS avg_purchase_price
----////////////////////////////////////////////////////////////////////////

    FROM product_purchase_details
    GROUP BY product_id
) ppd ON ppd.product_id = pis.product_id

LEFT JOIN (
    SELECT product_id,
           SUM(product_quantity_sold) AS total_sale
    FROM sales_details
    GROUP BY product_id
) sd ON sd.product_id = pis.product_id

LEFT JOIN (
    SELECT product_id,
           SUM(return_qty) AS total_return
    FROM return_sales_details
    GROUP BY product_id
) rs ON rs.product_id = pis.product_id
')
 3 APPPATH\Controllers\pos.php(595): CodeIgniter\Database\BaseConnection->query('SELECT
    pis.product_id,
    pis.product_name,
    pis.product_image,
    pis.sales_price_for_customer,
    pis.purchase_price,

    GREATEST(
        COALESCE(pis.productinitial_quantity, 0)
        + COALESCE(ppd.total_purchase, 0)
        + COALESCE(rs.total_return, 0)
        - COALESCE(sd.total_sale, 0),
    0) AS total_stock,

    -- ✅ total purchase cost
    COALESCE(ppd.total_purchase_cost, 0) AS total_purchase_cost,

    -- ✅ average purchase price
    COALESCE(ppd.avg_purchase_price, 0) AS avg_purchase_price

FROM product_inital_stock pis

LEFT JOIN (
    SELECT 
        product_id,
        SUM(quantity_per_pack * box_quantity) AS total_purchase,

   ---//////////////////////////////////////////////////////////////// total cost-->
        -- SUM((quantity_per_pack * box_quantity) * purchase_price) AS total_purchase_cost,

        -- -- avg purchase price
        -- CASE 
        --     WHEN SUM(quantity_per_pack * box_quantity) > 0 
        --     THEN SUM((quantity_per_pack * box_quantity) * purchase_price) 
        --          / SUM(quantity_per_pack * box_quantity)
        --     ELSE 0
        -- END AS avg_purchase_price
----////////////////////////////////////////////////////////////////////////

    FROM product_purchase_details
    GROUP BY product_id
) ppd ON ppd.product_id = pis.product_id

LEFT JOIN (
    SELECT product_id,
           SUM(product_quantity_sold) AS total_sale
    FROM sales_details
    GROUP BY product_id
) sd ON sd.product_id = pis.product_id

LEFT JOIN (
    SELECT product_id,
           SUM(return_qty) AS total_return
    FROM return_sales_details
    GROUP BY product_id
) rs ON rs.product_id = pis.product_id
')
 4 APPPATH\Controllers\pos.php(37): App\Controllers\Pos->products()
 5 SYSTEMPATH\CodeIgniter.php(933): App\Controllers\Pos->index()
 6 SYSTEMPATH\CodeIgniter.php(507): CodeIgniter\CodeIgniter->runController(Object(App\Controllers\Pos))
 7 SYSTEMPATH\CodeIgniter.php(354): CodeIgniter\CodeIgniter->handleRequest(null, Object(Config\Cache), false)
 8 SYSTEMPATH\Boot.php(363): CodeIgniter\CodeIgniter->run()
 9 SYSTEMPATH\Boot.php(68): CodeIgniter\Boot::runCodeIgniter(Object(CodeIgniter\CodeIgniter))
10 FCPATH\index.php(59): CodeIgniter\Boot::bootWeb(Object(Config\Paths))
CRITICAL - 2026-04-29 06:42:43 --> [Caused by] mysqli_sql_exception: You have an error in your SQL syntax; check the manual that corresponds to your MySQL server version for the right syntax to use near '//////////////////////////////////////////////////////////////// total cost-->
' at line 28
in SYSTEMPATH\Database\MySQLi\Connection.php on line 327.
 1 SYSTEMPATH\Database\MySQLi\Connection.php(327): mysqli->query('SELECT
    pis.product_id,
    pis.product_name,
    pis.product_image,
    pis.sales_price_for_customer,
    pis.purchase_price,

    GREATEST(
        COALESCE(pis.productinitial_quantity, 0)
        + COALESCE(ppd.total_purchase, 0)
        + COALESCE(rs.total_return, 0)
        - COALESCE(sd.total_sale, 0),
    0) AS total_stock,

    -- ✅ total purchase cost
    COALESCE(ppd.total_purchase_cost, 0) AS total_purchase_cost,

    -- ✅ average purchase price
    COALESCE(ppd.avg_purchase_price, 0) AS avg_purchase_price

FROM product_inital_stock pis

LEFT JOIN (
    SELECT 
        product_id,
        SUM(quantity_per_pack * box_quantity) AS total_purchase,

   ---//////////////////////////////////////////////////////////////// total cost-->
        -- SUM((quantity_per_pack * box_quantity) * purchase_price) AS total_purchase_cost,

        -- -- avg purchase price
        -- CASE 
        --     WHEN SUM(quantity_per_pack * box_quantity) > 0 
        --     THEN SUM((quantity_per_pack * box_quantity) * purchase_price) 
        --          / SUM(quantity_per_pack * box_quantity)
        --     ELSE 0
        -- END AS avg_purchase_price
----////////////////////////////////////////////////////////////////////////

    FROM product_purchase_details
    GROUP BY product_id
) ppd ON ppd.product_id = pis.product_id

LEFT JOIN (
    SELECT product_id,
           SUM(product_quantity_sold) AS total_sale
    FROM sales_details
    GROUP BY product_id
) sd ON sd.product_id = pis.product_id

LEFT JOIN (
    SELECT product_id,
           SUM(return_qty) AS total_return
    FROM return_sales_details
    GROUP BY product_id
) rs ON rs.product_id = pis.product_id
', 0)
 2 SYSTEMPATH\Database\BaseConnection.php(729): CodeIgniter\Database\MySQLi\Connection->execute('SELECT
    pis.product_id,
    pis.product_name,
    pis.product_image,
    pis.sales_price_for_customer,
    pis.purchase_price,

    GREATEST(
        COALESCE(pis.productinitial_quantity, 0)
        + COALESCE(ppd.total_purchase, 0)
        + COALESCE(rs.total_return, 0)
        - COALESCE(sd.total_sale, 0),
    0) AS total_stock,

    -- ✅ total purchase cost
    COALESCE(ppd.total_purchase_cost, 0) AS total_purchase_cost,

    -- ✅ average purchase price
    COALESCE(ppd.avg_purchase_price, 0) AS avg_purchase_price

FROM product_inital_stock pis

LEFT JOIN (
    SELECT 
        product_id,
        SUM(quantity_per_pack * box_quantity) AS total_purchase,

   ---//////////////////////////////////////////////////////////////// total cost-->
        -- SUM((quantity_per_pack * box_quantity) * purchase_price) AS total_purchase_cost,

        -- -- avg purchase price
        -- CASE 
        --     WHEN SUM(quantity_per_pack * box_quantity) > 0 
        --     THEN SUM((quantity_per_pack * box_quantity) * purchase_price) 
        --          / SUM(quantity_per_pack * box_quantity)
        --     ELSE 0
        -- END AS avg_purchase_price
----////////////////////////////////////////////////////////////////////////

    FROM product_purchase_details
    GROUP BY product_id
) ppd ON ppd.product_id = pis.product_id

LEFT JOIN (
    SELECT product_id,
           SUM(product_quantity_sold) AS total_sale
    FROM sales_details
    GROUP BY product_id
) sd ON sd.product_id = pis.product_id

LEFT JOIN (
    SELECT product_id,
           SUM(return_qty) AS total_return
    FROM return_sales_details
    GROUP BY product_id
) rs ON rs.product_id = pis.product_id
')
 3 SYSTEMPATH\Database\BaseConnection.php(646): CodeIgniter\Database\BaseConnection->simpleQuery('SELECT
    pis.product_id,
    pis.product_name,
    pis.product_image,
    pis.sales_price_for_customer,
    pis.purchase_price,

    GREATEST(
        COALESCE(pis.productinitial_quantity, 0)
        + COALESCE(ppd.total_purchase, 0)
        + COALESCE(rs.total_return, 0)
        - COALESCE(sd.total_sale, 0),
    0) AS total_stock,

    -- ✅ total purchase cost
    COALESCE(ppd.total_purchase_cost, 0) AS total_purchase_cost,

    -- ✅ average purchase price
    COALESCE(ppd.avg_purchase_price, 0) AS avg_purchase_price

FROM product_inital_stock pis

LEFT JOIN (
    SELECT 
        product_id,
        SUM(quantity_per_pack * box_quantity) AS total_purchase,

   ---//////////////////////////////////////////////////////////////// total cost-->
        -- SUM((quantity_per_pack * box_quantity) * purchase_price) AS total_purchase_cost,

        -- -- avg purchase price
        -- CASE 
        --     WHEN SUM(quantity_per_pack * box_quantity) > 0 
        --     THEN SUM((quantity_per_pack * box_quantity) * purchase_price) 
        --          / SUM(quantity_per_pack * box_quantity)
        --     ELSE 0
        -- END AS avg_purchase_price
----////////////////////////////////////////////////////////////////////////

    FROM product_purchase_details
    GROUP BY product_id
) ppd ON ppd.product_id = pis.product_id

LEFT JOIN (
    SELECT product_id,
           SUM(product_quantity_sold) AS total_sale
    FROM sales_details
    GROUP BY product_id
) sd ON sd.product_id = pis.product_id

LEFT JOIN (
    SELECT product_id,
           SUM(return_qty) AS total_return
    FROM return_sales_details
    GROUP BY product_id
) rs ON rs.product_id = pis.product_id
')
 4 APPPATH\Controllers\pos.php(595): CodeIgniter\Database\BaseConnection->query('SELECT
    pis.product_id,
    pis.product_name,
    pis.product_image,
    pis.sales_price_for_customer,
    pis.purchase_price,

    GREATEST(
        COALESCE(pis.productinitial_quantity, 0)
        + COALESCE(ppd.total_purchase, 0)
        + COALESCE(rs.total_return, 0)
        - COALESCE(sd.total_sale, 0),
    0) AS total_stock,

    -- ✅ total purchase cost
    COALESCE(ppd.total_purchase_cost, 0) AS total_purchase_cost,

    -- ✅ average purchase price
    COALESCE(ppd.avg_purchase_price, 0) AS avg_purchase_price

FROM product_inital_stock pis

LEFT JOIN (
    SELECT 
        product_id,
        SUM(quantity_per_pack * box_quantity) AS total_purchase,

   ---//////////////////////////////////////////////////////////////// total cost-->
        -- SUM((quantity_per_pack * box_quantity) * purchase_price) AS total_purchase_cost,

        -- -- avg purchase price
        -- CASE 
        --     WHEN SUM(quantity_per_pack * box_quantity) > 0 
        --     THEN SUM((quantity_per_pack * box_quantity) * purchase_price) 
        --          / SUM(quantity_per_pack * box_quantity)
        --     ELSE 0
        -- END AS avg_purchase_price
----////////////////////////////////////////////////////////////////////////

    FROM product_purchase_details
    GROUP BY product_id
) ppd ON ppd.product_id = pis.product_id

LEFT JOIN (
    SELECT product_id,
           SUM(product_quantity_sold) AS total_sale
    FROM sales_details
    GROUP BY product_id
) sd ON sd.product_id = pis.product_id

LEFT JOIN (
    SELECT product_id,
           SUM(return_qty) AS total_return
    FROM return_sales_details
    GROUP BY product_id
) rs ON rs.product_id = pis.product_id
')
 5 APPPATH\Controllers\pos.php(37): App\Controllers\Pos->products()
 6 SYSTEMPATH\CodeIgniter.php(933): App\Controllers\Pos->index()
 7 SYSTEMPATH\CodeIgniter.php(507): CodeIgniter\CodeIgniter->runController(Object(App\Controllers\Pos))
 8 SYSTEMPATH\CodeIgniter.php(354): CodeIgniter\CodeIgniter->handleRequest(null, Object(Config\Cache), false)
 9 SYSTEMPATH\Boot.php(363): CodeIgniter\CodeIgniter->run()
10 SYSTEMPATH\Boot.php(68): CodeIgniter\Boot::runCodeIgniter(Object(CodeIgniter\CodeIgniter))
11 FCPATH\index.php(59): CodeIgniter\Boot::bootWeb(Object(Config\Paths))
ERROR - 2026-04-29 06:42:44 --> mysqli_sql_exception: You have an error in your SQL syntax; check the manual that corresponds to your MySQL server version for the right syntax to use near '//////////////////////////////////////////////////////////////// total cost-->
' at line 28 in C:\laragon\www\pharmacy-project\system\Database\MySQLi\Connection.php:327
Stack trace:
#0 C:\laragon\www\pharmacy-project\system\Database\MySQLi\Connection.php(327): mysqli->query('SELECT\r\n    pis...', 0)
#1 C:\laragon\www\pharmacy-project\system\Database\BaseConnection.php(729): CodeIgniter\Database\MySQLi\Connection->execute('SELECT\r\n    pis...')
#2 C:\laragon\www\pharmacy-project\system\Database\BaseConnection.php(646): CodeIgniter\Database\BaseConnection->simpleQuery('SELECT\r\n    pis...')
#3 C:\laragon\www\pharmacy-project\app\Controllers\pos.php(595): CodeIgniter\Database\BaseConnection->query('SELECT\r\n    pis...')
#4 C:\laragon\www\pharmacy-project\app\Controllers\pos.php(37): App\Controllers\Pos->products()
#5 C:\laragon\www\pharmacy-project\system\CodeIgniter.php(933): App\Controllers\Pos->index()
#6 C:\laragon\www\pharmacy-project\system\CodeIgniter.php(507): CodeIgniter\CodeIgniter->runController(Object(App\Controllers\Pos))
#7 C:\laragon\www\pharmacy-project\system\CodeIgniter.php(354): CodeIgniter\CodeIgniter->handleRequest(NULL, Object(Config\Cache), false)
#8 C:\laragon\www\pharmacy-project\system\Boot.php(363): CodeIgniter\CodeIgniter->run()
#9 C:\laragon\www\pharmacy-project\system\Boot.php(68): CodeIgniter\Boot::runCodeIgniter(Object(CodeIgniter\CodeIgniter))
#10 C:\laragon\www\pharmacy-project\index.php(59): CodeIgniter\Boot::bootWeb(Object(Config\Paths))
#11 {main}
CRITICAL - 2026-04-29 06:42:44 --> CodeIgniter\Database\Exceptions\DatabaseException: You have an error in your SQL syntax; check the manual that corresponds to your MySQL server version for the right syntax to use near '//////////////////////////////////////////////////////////////// total cost-->
' at line 28
[Method: GET, Route: pos]
in SYSTEMPATH\Database\BaseConnection.php on line 684.
 1 APPPATH\Controllers\pos.php(595): CodeIgniter\Database\BaseConnection->query('SELECT
    pis.product_id,
    pis.product_name,
    pis.product_image,
    pis.sales_price_for_customer,
    pis.purchase_price,

    GREATEST(
        COALESCE(pis.productinitial_quantity, 0)
        + COALESCE(ppd.total_purchase, 0)
        + COALESCE(rs.total_return, 0)
        - COALESCE(sd.total_sale, 0),
    0) AS total_stock,

    -- ✅ total purchase cost
    COALESCE(ppd.total_purchase_cost, 0) AS total_purchase_cost,

    -- ✅ average purchase price
    COALESCE(ppd.avg_purchase_price, 0) AS avg_purchase_price

FROM product_inital_stock pis

LEFT JOIN (
    SELECT 
        product_id,
        SUM(quantity_per_pack * box_quantity) AS total_purchase,

   ---//////////////////////////////////////////////////////////////// total cost-->
        -- SUM((quantity_per_pack * box_quantity) * purchase_price) AS total_purchase_cost,

        -- -- avg purchase price
        -- CASE 
        --     WHEN SUM(quantity_per_pack * box_quantity) > 0 
        --     THEN SUM((quantity_per_pack * box_quantity) * purchase_price) 
        --          / SUM(quantity_per_pack * box_quantity)
        --     ELSE 0
        -- END AS avg_purchase_price
----////////////////////////////////////////////////////////////////////////

    FROM product_purchase_details
    GROUP BY product_id
) ppd ON ppd.product_id = pis.product_id

LEFT JOIN (
    SELECT product_id,
           SUM(product_quantity_sold) AS total_sale
    FROM sales_details
    GROUP BY product_id
) sd ON sd.product_id = pis.product_id

LEFT JOIN (
    SELECT product_id,
           SUM(return_qty) AS total_return
    FROM return_sales_details
    GROUP BY product_id
) rs ON rs.product_id = pis.product_id
')
 2 APPPATH\Controllers\pos.php(37): App\Controllers\Pos->products()
 3 SYSTEMPATH\CodeIgniter.php(933): App\Controllers\Pos->index()
 4 SYSTEMPATH\CodeIgniter.php(507): CodeIgniter\CodeIgniter->runController(Object(App\Controllers\Pos))
 5 SYSTEMPATH\CodeIgniter.php(354): CodeIgniter\CodeIgniter->handleRequest(null, Object(Config\Cache), false)
 6 SYSTEMPATH\Boot.php(363): CodeIgniter\CodeIgniter->run()
 7 SYSTEMPATH\Boot.php(68): CodeIgniter\Boot::runCodeIgniter(Object(CodeIgniter\CodeIgniter))
 8 FCPATH\index.php(59): CodeIgniter\Boot::bootWeb(Object(Config\Paths))
CRITICAL - 2026-04-29 06:42:44 --> [Caused by] CodeIgniter\Database\Exceptions\DatabaseException: You have an error in your SQL syntax; check the manual that corresponds to your MySQL server version for the right syntax to use near '//////////////////////////////////////////////////////////////// total cost-->
' at line 28
in SYSTEMPATH\Database\MySQLi\Connection.php on line 332.
 1 SYSTEMPATH\Database\BaseConnection.php(729): CodeIgniter\Database\MySQLi\Connection->execute('SELECT
    pis.product_id,
    pis.product_name,
    pis.product_image,
    pis.sales_price_for_customer,
    pis.purchase_price,

    GREATEST(
        COALESCE(pis.productinitial_quantity, 0)
        + COALESCE(ppd.total_purchase, 0)
        + COALESCE(rs.total_return, 0)
        - COALESCE(sd.total_sale, 0),
    0) AS total_stock,

    -- ✅ total purchase cost
    COALESCE(ppd.total_purchase_cost, 0) AS total_purchase_cost,

    -- ✅ average purchase price
    COALESCE(ppd.avg_purchase_price, 0) AS avg_purchase_price

FROM product_inital_stock pis

LEFT JOIN (
    SELECT 
        product_id,
        SUM(quantity_per_pack * box_quantity) AS total_purchase,

   ---//////////////////////////////////////////////////////////////// total cost-->
        -- SUM((quantity_per_pack * box_quantity) * purchase_price) AS total_purchase_cost,

        -- -- avg purchase price
        -- CASE 
        --     WHEN SUM(quantity_per_pack * box_quantity) > 0 
        --     THEN SUM((quantity_per_pack * box_quantity) * purchase_price) 
        --          / SUM(quantity_per_pack * box_quantity)
        --     ELSE 0
        -- END AS avg_purchase_price
----////////////////////////////////////////////////////////////////////////

    FROM product_purchase_details
    GROUP BY product_id
) ppd ON ppd.product_id = pis.product_id

LEFT JOIN (
    SELECT product_id,
           SUM(product_quantity_sold) AS total_sale
    FROM sales_details
    GROUP BY product_id
) sd ON sd.product_id = pis.product_id

LEFT JOIN (
    SELECT product_id,
           SUM(return_qty) AS total_return
    FROM return_sales_details
    GROUP BY product_id
) rs ON rs.product_id = pis.product_id
')
 2 SYSTEMPATH\Database\BaseConnection.php(646): CodeIgniter\Database\BaseConnection->simpleQuery('SELECT
    pis.product_id,
    pis.product_name,
    pis.product_image,
    pis.sales_price_for_customer,
    pis.purchase_price,

    GREATEST(
        COALESCE(pis.productinitial_quantity, 0)
        + COALESCE(ppd.total_purchase, 0)
        + COALESCE(rs.total_return, 0)
        - COALESCE(sd.total_sale, 0),
    0) AS total_stock,

    -- ✅ total purchase cost
    COALESCE(ppd.total_purchase_cost, 0) AS total_purchase_cost,

    -- ✅ average purchase price
    COALESCE(ppd.avg_purchase_price, 0) AS avg_purchase_price

FROM product_inital_stock pis

LEFT JOIN (
    SELECT 
        product_id,
        SUM(quantity_per_pack * box_quantity) AS total_purchase,

   ---//////////////////////////////////////////////////////////////// total cost-->
        -- SUM((quantity_per_pack * box_quantity) * purchase_price) AS total_purchase_cost,

        -- -- avg purchase price
        -- CASE 
        --     WHEN SUM(quantity_per_pack * box_quantity) > 0 
        --     THEN SUM((quantity_per_pack * box_quantity) * purchase_price) 
        --          / SUM(quantity_per_pack * box_quantity)
        --     ELSE 0
        -- END AS avg_purchase_price
----////////////////////////////////////////////////////////////////////////

    FROM product_purchase_details
    GROUP BY product_id
) ppd ON ppd.product_id = pis.product_id

LEFT JOIN (
    SELECT product_id,
           SUM(product_quantity_sold) AS total_sale
    FROM sales_details
    GROUP BY product_id
) sd ON sd.product_id = pis.product_id

LEFT JOIN (
    SELECT product_id,
           SUM(return_qty) AS total_return
    FROM return_sales_details
    GROUP BY product_id
) rs ON rs.product_id = pis.product_id
')
 3 APPPATH\Controllers\pos.php(595): CodeIgniter\Database\BaseConnection->query('SELECT
    pis.product_id,
    pis.product_name,
    pis.product_image,
    pis.sales_price_for_customer,
    pis.purchase_price,

    GREATEST(
        COALESCE(pis.productinitial_quantity, 0)
        + COALESCE(ppd.total_purchase, 0)
        + COALESCE(rs.total_return, 0)
        - COALESCE(sd.total_sale, 0),
    0) AS total_stock,

    -- ✅ total purchase cost
    COALESCE(ppd.total_purchase_cost, 0) AS total_purchase_cost,

    -- ✅ average purchase price
    COALESCE(ppd.avg_purchase_price, 0) AS avg_purchase_price

FROM product_inital_stock pis

LEFT JOIN (
    SELECT 
        product_id,
        SUM(quantity_per_pack * box_quantity) AS total_purchase,

   ---//////////////////////////////////////////////////////////////// total cost-->
        -- SUM((quantity_per_pack * box_quantity) * purchase_price) AS total_purchase_cost,

        -- -- avg purchase price
        -- CASE 
        --     WHEN SUM(quantity_per_pack * box_quantity) > 0 
        --     THEN SUM((quantity_per_pack * box_quantity) * purchase_price) 
        --          / SUM(quantity_per_pack * box_quantity)
        --     ELSE 0
        -- END AS avg_purchase_price
----////////////////////////////////////////////////////////////////////////

    FROM product_purchase_details
    GROUP BY product_id
) ppd ON ppd.product_id = pis.product_id

LEFT JOIN (
    SELECT product_id,
           SUM(product_quantity_sold) AS total_sale
    FROM sales_details
    GROUP BY product_id
) sd ON sd.product_id = pis.product_id

LEFT JOIN (
    SELECT product_id,
           SUM(return_qty) AS total_return
    FROM return_sales_details
    GROUP BY product_id
) rs ON rs.product_id = pis.product_id
')
 4 APPPATH\Controllers\pos.php(37): App\Controllers\Pos->products()
 5 SYSTEMPATH\CodeIgniter.php(933): App\Controllers\Pos->index()
 6 SYSTEMPATH\CodeIgniter.php(507): CodeIgniter\CodeIgniter->runController(Object(App\Controllers\Pos))
 7 SYSTEMPATH\CodeIgniter.php(354): CodeIgniter\CodeIgniter->handleRequest(null, Object(Config\Cache), false)
 8 SYSTEMPATH\Boot.php(363): CodeIgniter\CodeIgniter->run()
 9 SYSTEMPATH\Boot.php(68): CodeIgniter\Boot::runCodeIgniter(Object(CodeIgniter\CodeIgniter))
10 FCPATH\index.php(59): CodeIgniter\Boot::bootWeb(Object(Config\Paths))
CRITICAL - 2026-04-29 06:42:44 --> [Caused by] mysqli_sql_exception: You have an error in your SQL syntax; check the manual that corresponds to your MySQL server version for the right syntax to use near '//////////////////////////////////////////////////////////////// total cost-->
' at line 28
in SYSTEMPATH\Database\MySQLi\Connection.php on line 327.
 1 SYSTEMPATH\Database\MySQLi\Connection.php(327): mysqli->query('SELECT
    pis.product_id,
    pis.product_name,
    pis.product_image,
    pis.sales_price_for_customer,
    pis.purchase_price,

    GREATEST(
        COALESCE(pis.productinitial_quantity, 0)
        + COALESCE(ppd.total_purchase, 0)
        + COALESCE(rs.total_return, 0)
        - COALESCE(sd.total_sale, 0),
    0) AS total_stock,

    -- ✅ total purchase cost
    COALESCE(ppd.total_purchase_cost, 0) AS total_purchase_cost,

    -- ✅ average purchase price
    COALESCE(ppd.avg_purchase_price, 0) AS avg_purchase_price

FROM product_inital_stock pis

LEFT JOIN (
    SELECT 
        product_id,
        SUM(quantity_per_pack * box_quantity) AS total_purchase,

   ---//////////////////////////////////////////////////////////////// total cost-->
        -- SUM((quantity_per_pack * box_quantity) * purchase_price) AS total_purchase_cost,

        -- -- avg purchase price
        -- CASE 
        --     WHEN SUM(quantity_per_pack * box_quantity) > 0 
        --     THEN SUM((quantity_per_pack * box_quantity) * purchase_price) 
        --          / SUM(quantity_per_pack * box_quantity)
        --     ELSE 0
        -- END AS avg_purchase_price
----////////////////////////////////////////////////////////////////////////

    FROM product_purchase_details
    GROUP BY product_id
) ppd ON ppd.product_id = pis.product_id

LEFT JOIN (
    SELECT product_id,
           SUM(product_quantity_sold) AS total_sale
    FROM sales_details
    GROUP BY product_id
) sd ON sd.product_id = pis.product_id

LEFT JOIN (
    SELECT product_id,
           SUM(return_qty) AS total_return
    FROM return_sales_details
    GROUP BY product_id
) rs ON rs.product_id = pis.product_id
', 0)
 2 SYSTEMPATH\Database\BaseConnection.php(729): CodeIgniter\Database\MySQLi\Connection->execute('SELECT
    pis.product_id,
    pis.product_name,
    pis.product_image,
    pis.sales_price_for_customer,
    pis.purchase_price,

    GREATEST(
        COALESCE(pis.productinitial_quantity, 0)
        + COALESCE(ppd.total_purchase, 0)
        + COALESCE(rs.total_return, 0)
        - COALESCE(sd.total_sale, 0),
    0) AS total_stock,

    -- ✅ total purchase cost
    COALESCE(ppd.total_purchase_cost, 0) AS total_purchase_cost,

    -- ✅ average purchase price
    COALESCE(ppd.avg_purchase_price, 0) AS avg_purchase_price

FROM product_inital_stock pis

LEFT JOIN (
    SELECT 
        product_id,
        SUM(quantity_per_pack * box_quantity) AS total_purchase,

   ---//////////////////////////////////////////////////////////////// total cost-->
        -- SUM((quantity_per_pack * box_quantity) * purchase_price) AS total_purchase_cost,

        -- -- avg purchase price
        -- CASE 
        --     WHEN SUM(quantity_per_pack * box_quantity) > 0 
        --     THEN SUM((quantity_per_pack * box_quantity) * purchase_price) 
        --          / SUM(quantity_per_pack * box_quantity)
        --     ELSE 0
        -- END AS avg_purchase_price
----////////////////////////////////////////////////////////////////////////

    FROM product_purchase_details
    GROUP BY product_id
) ppd ON ppd.product_id = pis.product_id

LEFT JOIN (
    SELECT product_id,
           SUM(product_quantity_sold) AS total_sale
    FROM sales_details
    GROUP BY product_id
) sd ON sd.product_id = pis.product_id

LEFT JOIN (
    SELECT product_id,
           SUM(return_qty) AS total_return
    FROM return_sales_details
    GROUP BY product_id
) rs ON rs.product_id = pis.product_id
')
 3 SYSTEMPATH\Database\BaseConnection.php(646): CodeIgniter\Database\BaseConnection->simpleQuery('SELECT
    pis.product_id,
    pis.product_name,
    pis.product_image,
    pis.sales_price_for_customer,
    pis.purchase_price,

    GREATEST(
        COALESCE(pis.productinitial_quantity, 0)
        + COALESCE(ppd.total_purchase, 0)
        + COALESCE(rs.total_return, 0)
        - COALESCE(sd.total_sale, 0),
    0) AS total_stock,

    -- ✅ total purchase cost
    COALESCE(ppd.total_purchase_cost, 0) AS total_purchase_cost,

    -- ✅ average purchase price
    COALESCE(ppd.avg_purchase_price, 0) AS avg_purchase_price

FROM product_inital_stock pis

LEFT JOIN (
    SELECT 
        product_id,
        SUM(quantity_per_pack * box_quantity) AS total_purchase,

   ---//////////////////////////////////////////////////////////////// total cost-->
        -- SUM((quantity_per_pack * box_quantity) * purchase_price) AS total_purchase_cost,

        -- -- avg purchase price
        -- CASE 
        --     WHEN SUM(quantity_per_pack * box_quantity) > 0 
        --     THEN SUM((quantity_per_pack * box_quantity) * purchase_price) 
        --          / SUM(quantity_per_pack * box_quantity)
        --     ELSE 0
        -- END AS avg_purchase_price
----////////////////////////////////////////////////////////////////////////

    FROM product_purchase_details
    GROUP BY product_id
) ppd ON ppd.product_id = pis.product_id

LEFT JOIN (
    SELECT product_id,
           SUM(product_quantity_sold) AS total_sale
    FROM sales_details
    GROUP BY product_id
) sd ON sd.product_id = pis.product_id

LEFT JOIN (
    SELECT product_id,
           SUM(return_qty) AS total_return
    FROM return_sales_details
    GROUP BY product_id
) rs ON rs.product_id = pis.product_id
')
 4 APPPATH\Controllers\pos.php(595): CodeIgniter\Database\BaseConnection->query('SELECT
    pis.product_id,
    pis.product_name,
    pis.product_image,
    pis.sales_price_for_customer,
    pis.purchase_price,

    GREATEST(
        COALESCE(pis.productinitial_quantity, 0)
        + COALESCE(ppd.total_purchase, 0)
        + COALESCE(rs.total_return, 0)
        - COALESCE(sd.total_sale, 0),
    0) AS total_stock,

    -- ✅ total purchase cost
    COALESCE(ppd.total_purchase_cost, 0) AS total_purchase_cost,

    -- ✅ average purchase price
    COALESCE(ppd.avg_purchase_price, 0) AS avg_purchase_price

FROM product_inital_stock pis

LEFT JOIN (
    SELECT 
        product_id,
        SUM(quantity_per_pack * box_quantity) AS total_purchase,

   ---//////////////////////////////////////////////////////////////// total cost-->
        -- SUM((quantity_per_pack * box_quantity) * purchase_price) AS total_purchase_cost,

        -- -- avg purchase price
        -- CASE 
        --     WHEN SUM(quantity_per_pack * box_quantity) > 0 
        --     THEN SUM((quantity_per_pack * box_quantity) * purchase_price) 
        --          / SUM(quantity_per_pack * box_quantity)
        --     ELSE 0
        -- END AS avg_purchase_price
----////////////////////////////////////////////////////////////////////////

    FROM product_purchase_details
    GROUP BY product_id
) ppd ON ppd.product_id = pis.product_id

LEFT JOIN (
    SELECT product_id,
           SUM(product_quantity_sold) AS total_sale
    FROM sales_details
    GROUP BY product_id
) sd ON sd.product_id = pis.product_id

LEFT JOIN (
    SELECT product_id,
           SUM(return_qty) AS total_return
    FROM return_sales_details
    GROUP BY product_id
) rs ON rs.product_id = pis.product_id
')
 5 APPPATH\Controllers\pos.php(37): App\Controllers\Pos->products()
 6 SYSTEMPATH\CodeIgniter.php(933): App\Controllers\Pos->index()
 7 SYSTEMPATH\CodeIgniter.php(507): CodeIgniter\CodeIgniter->runController(Object(App\Controllers\Pos))
 8 SYSTEMPATH\CodeIgniter.php(354): CodeIgniter\CodeIgniter->handleRequest(null, Object(Config\Cache), false)
 9 SYSTEMPATH\Boot.php(363): CodeIgniter\CodeIgniter->run()
10 SYSTEMPATH\Boot.php(68): CodeIgniter\Boot::runCodeIgniter(Object(CodeIgniter\CodeIgniter))
11 FCPATH\index.php(59): CodeIgniter\Boot::bootWeb(Object(Config\Paths))
ERROR - 2026-04-29 06:43:34 --> mysqli_sql_exception: You have an error in your SQL syntax; check the manual that corresponds to your MySQL server version for the right syntax to use near 'FROM product_purchase_details
    GROUP BY product_id
) ppd ON ppd.product_id ' at line 30 in C:\laragon\www\pharmacy-project\system\Database\MySQLi\Connection.php:327
Stack trace:
#0 C:\laragon\www\pharmacy-project\system\Database\MySQLi\Connection.php(327): mysqli->query('SELECT\r\n    pis...', 0)
#1 C:\laragon\www\pharmacy-project\system\Database\BaseConnection.php(729): CodeIgniter\Database\MySQLi\Connection->execute('SELECT\r\n    pis...')
#2 C:\laragon\www\pharmacy-project\system\Database\BaseConnection.php(646): CodeIgniter\Database\BaseConnection->simpleQuery('SELECT\r\n    pis...')
#3 C:\laragon\www\pharmacy-project\app\Controllers\pos.php(585): CodeIgniter\Database\BaseConnection->query('SELECT\r\n    pis...')
#4 C:\laragon\www\pharmacy-project\app\Controllers\pos.php(37): App\Controllers\Pos->products()
#5 C:\laragon\www\pharmacy-project\system\CodeIgniter.php(933): App\Controllers\Pos->index()
#6 C:\laragon\www\pharmacy-project\system\CodeIgniter.php(507): CodeIgniter\CodeIgniter->runController(Object(App\Controllers\Pos))
#7 C:\laragon\www\pharmacy-project\system\CodeIgniter.php(354): CodeIgniter\CodeIgniter->handleRequest(NULL, Object(Config\Cache), false)
#8 C:\laragon\www\pharmacy-project\system\Boot.php(363): CodeIgniter\CodeIgniter->run()
#9 C:\laragon\www\pharmacy-project\system\Boot.php(68): CodeIgniter\Boot::runCodeIgniter(Object(CodeIgniter\CodeIgniter))
#10 C:\laragon\www\pharmacy-project\index.php(59): CodeIgniter\Boot::bootWeb(Object(Config\Paths))
#11 {main}
CRITICAL - 2026-04-29 06:43:34 --> CodeIgniter\Database\Exceptions\DatabaseException: You have an error in your SQL syntax; check the manual that corresponds to your MySQL server version for the right syntax to use near 'FROM product_purchase_details
    GROUP BY product_id
) ppd ON ppd.product_id ' at line 30
[Method: GET, Route: pos]
in SYSTEMPATH\Database\BaseConnection.php on line 684.
 1 APPPATH\Controllers\pos.php(585): CodeIgniter\Database\BaseConnection->query('SELECT
    pis.product_id,
    pis.product_name,
    pis.product_image,
    pis.sales_price_for_customer,
    pis.purchase_price,

    GREATEST(
        COALESCE(pis.productinitial_quantity, 0)
        + COALESCE(ppd.total_purchase, 0)
        + COALESCE(rs.total_return, 0)
        - COALESCE(sd.total_sale, 0),
    0) AS total_stock,

    -- ✅ total purchase cost
    COALESCE(ppd.total_purchase_cost, 0) AS total_purchase_cost,

    -- ✅ average purchase price
    COALESCE(ppd.avg_purchase_price, 0) AS avg_purchase_price

FROM product_inital_stock pis

LEFT JOIN (
    SELECT 
        product_id,
        SUM(quantity_per_pack * box_quantity) AS total_purchase,



    FROM product_purchase_details
    GROUP BY product_id
) ppd ON ppd.product_id = pis.product_id

LEFT JOIN (
    SELECT product_id,
           SUM(product_quantity_sold) AS total_sale
    FROM sales_details
    GROUP BY product_id
) sd ON sd.product_id = pis.product_id

LEFT JOIN (
    SELECT product_id,
           SUM(return_qty) AS total_return
    FROM return_sales_details
    GROUP BY product_id
) rs ON rs.product_id = pis.product_id
')
 2 APPPATH\Controllers\pos.php(37): App\Controllers\Pos->products()
 3 SYSTEMPATH\CodeIgniter.php(933): App\Controllers\Pos->index()
 4 SYSTEMPATH\CodeIgniter.php(507): CodeIgniter\CodeIgniter->runController(Object(App\Controllers\Pos))
 5 SYSTEMPATH\CodeIgniter.php(354): CodeIgniter\CodeIgniter->handleRequest(null, Object(Config\Cache), false)
 6 SYSTEMPATH\Boot.php(363): CodeIgniter\CodeIgniter->run()
 7 SYSTEMPATH\Boot.php(68): CodeIgniter\Boot::runCodeIgniter(Object(CodeIgniter\CodeIgniter))
 8 FCPATH\index.php(59): CodeIgniter\Boot::bootWeb(Object(Config\Paths))
CRITICAL - 2026-04-29 06:43:34 --> [Caused by] CodeIgniter\Database\Exceptions\DatabaseException: You have an error in your SQL syntax; check the manual that corresponds to your MySQL server version for the right syntax to use near 'FROM product_purchase_details
    GROUP BY product_id
) ppd ON ppd.product_id ' at line 30
in SYSTEMPATH\Database\MySQLi\Connection.php on line 332.
 1 SYSTEMPATH\Database\BaseConnection.php(729): CodeIgniter\Database\MySQLi\Connection->execute('SELECT
    pis.product_id,
    pis.product_name,
    pis.product_image,
    pis.sales_price_for_customer,
    pis.purchase_price,

    GREATEST(
        COALESCE(pis.productinitial_quantity, 0)
        + COALESCE(ppd.total_purchase, 0)
        + COALESCE(rs.total_return, 0)
        - COALESCE(sd.total_sale, 0),
    0) AS total_stock,

    -- ✅ total purchase cost
    COALESCE(ppd.total_purchase_cost, 0) AS total_purchase_cost,

    -- ✅ average purchase price
    COALESCE(ppd.avg_purchase_price, 0) AS avg_purchase_price

FROM product_inital_stock pis

LEFT JOIN (
    SELECT 
        product_id,
        SUM(quantity_per_pack * box_quantity) AS total_purchase,



    FROM product_purchase_details
    GROUP BY product_id
) ppd ON ppd.product_id = pis.product_id

LEFT JOIN (
    SELECT product_id,
           SUM(product_quantity_sold) AS total_sale
    FROM sales_details
    GROUP BY product_id
) sd ON sd.product_id = pis.product_id

LEFT JOIN (
    SELECT product_id,
           SUM(return_qty) AS total_return
    FROM return_sales_details
    GROUP BY product_id
) rs ON rs.product_id = pis.product_id
')
 2 SYSTEMPATH\Database\BaseConnection.php(646): CodeIgniter\Database\BaseConnection->simpleQuery('SELECT
    pis.product_id,
    pis.product_name,
    pis.product_image,
    pis.sales_price_for_customer,
    pis.purchase_price,

    GREATEST(
        COALESCE(pis.productinitial_quantity, 0)
        + COALESCE(ppd.total_purchase, 0)
        + COALESCE(rs.total_return, 0)
        - COALESCE(sd.total_sale, 0),
    0) AS total_stock,

    -- ✅ total purchase cost
    COALESCE(ppd.total_purchase_cost, 0) AS total_purchase_cost,

    -- ✅ average purchase price
    COALESCE(ppd.avg_purchase_price, 0) AS avg_purchase_price

FROM product_inital_stock pis

LEFT JOIN (
    SELECT 
        product_id,
        SUM(quantity_per_pack * box_quantity) AS total_purchase,



    FROM product_purchase_details
    GROUP BY product_id
) ppd ON ppd.product_id = pis.product_id

LEFT JOIN (
    SELECT product_id,
           SUM(product_quantity_sold) AS total_sale
    FROM sales_details
    GROUP BY product_id
) sd ON sd.product_id = pis.product_id

LEFT JOIN (
    SELECT product_id,
           SUM(return_qty) AS total_return
    FROM return_sales_details
    GROUP BY product_id
) rs ON rs.product_id = pis.product_id
')
 3 APPPATH\Controllers\pos.php(585): CodeIgniter\Database\BaseConnection->query('SELECT
    pis.product_id,
    pis.product_name,
    pis.product_image,
    pis.sales_price_for_customer,
    pis.purchase_price,

    GREATEST(
        COALESCE(pis.productinitial_quantity, 0)
        + COALESCE(ppd.total_purchase, 0)
        + COALESCE(rs.total_return, 0)
        - COALESCE(sd.total_sale, 0),
    0) AS total_stock,

    -- ✅ total purchase cost
    COALESCE(ppd.total_purchase_cost, 0) AS total_purchase_cost,

    -- ✅ average purchase price
    COALESCE(ppd.avg_purchase_price, 0) AS avg_purchase_price

FROM product_inital_stock pis

LEFT JOIN (
    SELECT 
        product_id,
        SUM(quantity_per_pack * box_quantity) AS total_purchase,



    FROM product_purchase_details
    GROUP BY product_id
) ppd ON ppd.product_id = pis.product_id

LEFT JOIN (
    SELECT product_id,
           SUM(product_quantity_sold) AS total_sale
    FROM sales_details
    GROUP BY product_id
) sd ON sd.product_id = pis.product_id

LEFT JOIN (
    SELECT product_id,
           SUM(return_qty) AS total_return
    FROM return_sales_details
    GROUP BY product_id
) rs ON rs.product_id = pis.product_id
')
 4 APPPATH\Controllers\pos.php(37): App\Controllers\Pos->products()
 5 SYSTEMPATH\CodeIgniter.php(933): App\Controllers\Pos->index()
 6 SYSTEMPATH\CodeIgniter.php(507): CodeIgniter\CodeIgniter->runController(Object(App\Controllers\Pos))
 7 SYSTEMPATH\CodeIgniter.php(354): CodeIgniter\CodeIgniter->handleRequest(null, Object(Config\Cache), false)
 8 SYSTEMPATH\Boot.php(363): CodeIgniter\CodeIgniter->run()
 9 SYSTEMPATH\Boot.php(68): CodeIgniter\Boot::runCodeIgniter(Object(CodeIgniter\CodeIgniter))
10 FCPATH\index.php(59): CodeIgniter\Boot::bootWeb(Object(Config\Paths))
CRITICAL - 2026-04-29 06:43:34 --> [Caused by] mysqli_sql_exception: You have an error in your SQL syntax; check the manual that corresponds to your MySQL server version for the right syntax to use near 'FROM product_purchase_details
    GROUP BY product_id
) ppd ON ppd.product_id ' at line 30
in SYSTEMPATH\Database\MySQLi\Connection.php on line 327.
 1 SYSTEMPATH\Database\MySQLi\Connection.php(327): mysqli->query('SELECT
    pis.product_id,
    pis.product_name,
    pis.product_image,
    pis.sales_price_for_customer,
    pis.purchase_price,

    GREATEST(
        COALESCE(pis.productinitial_quantity, 0)
        + COALESCE(ppd.total_purchase, 0)
        + COALESCE(rs.total_return, 0)
        - COALESCE(sd.total_sale, 0),
    0) AS total_stock,

    -- ✅ total purchase cost
    COALESCE(ppd.total_purchase_cost, 0) AS total_purchase_cost,

    -- ✅ average purchase price
    COALESCE(ppd.avg_purchase_price, 0) AS avg_purchase_price

FROM product_inital_stock pis

LEFT JOIN (
    SELECT 
        product_id,
        SUM(quantity_per_pack * box_quantity) AS total_purchase,



    FROM product_purchase_details
    GROUP BY product_id
) ppd ON ppd.product_id = pis.product_id

LEFT JOIN (
    SELECT product_id,
           SUM(product_quantity_sold) AS total_sale
    FROM sales_details
    GROUP BY product_id
) sd ON sd.product_id = pis.product_id

LEFT JOIN (
    SELECT product_id,
           SUM(return_qty) AS total_return
    FROM return_sales_details
    GROUP BY product_id
) rs ON rs.product_id = pis.product_id
', 0)
 2 SYSTEMPATH\Database\BaseConnection.php(729): CodeIgniter\Database\MySQLi\Connection->execute('SELECT
    pis.product_id,
    pis.product_name,
    pis.product_image,
    pis.sales_price_for_customer,
    pis.purchase_price,

    GREATEST(
        COALESCE(pis.productinitial_quantity, 0)
        + COALESCE(ppd.total_purchase, 0)
        + COALESCE(rs.total_return, 0)
        - COALESCE(sd.total_sale, 0),
    0) AS total_stock,

    -- ✅ total purchase cost
    COALESCE(ppd.total_purchase_cost, 0) AS total_purchase_cost,

    -- ✅ average purchase price
    COALESCE(ppd.avg_purchase_price, 0) AS avg_purchase_price

FROM product_inital_stock pis

LEFT JOIN (
    SELECT 
        product_id,
        SUM(quantity_per_pack * box_quantity) AS total_purchase,



    FROM product_purchase_details
    GROUP BY product_id
) ppd ON ppd.product_id = pis.product_id

LEFT JOIN (
    SELECT product_id,
           SUM(product_quantity_sold) AS total_sale
    FROM sales_details
    GROUP BY product_id
) sd ON sd.product_id = pis.product_id

LEFT JOIN (
    SELECT product_id,
           SUM(return_qty) AS total_return
    FROM return_sales_details
    GROUP BY product_id
) rs ON rs.product_id = pis.product_id
')
 3 SYSTEMPATH\Database\BaseConnection.php(646): CodeIgniter\Database\BaseConnection->simpleQuery('SELECT
    pis.product_id,
    pis.product_name,
    pis.product_image,
    pis.sales_price_for_customer,
    pis.purchase_price,

    GREATEST(
        COALESCE(pis.productinitial_quantity, 0)
        + COALESCE(ppd.total_purchase, 0)
        + COALESCE(rs.total_return, 0)
        - COALESCE(sd.total_sale, 0),
    0) AS total_stock,

    -- ✅ total purchase cost
    COALESCE(ppd.total_purchase_cost, 0) AS total_purchase_cost,

    -- ✅ average purchase price
    COALESCE(ppd.avg_purchase_price, 0) AS avg_purchase_price

FROM product_inital_stock pis

LEFT JOIN (
    SELECT 
        product_id,
        SUM(quantity_per_pack * box_quantity) AS total_purchase,



    FROM product_purchase_details
    GROUP BY product_id
) ppd ON ppd.product_id = pis.product_id

LEFT JOIN (
    SELECT product_id,
           SUM(product_quantity_sold) AS total_sale
    FROM sales_details
    GROUP BY product_id
) sd ON sd.product_id = pis.product_id

LEFT JOIN (
    SELECT product_id,
           SUM(return_qty) AS total_return
    FROM return_sales_details
    GROUP BY product_id
) rs ON rs.product_id = pis.product_id
')
 4 APPPATH\Controllers\pos.php(585): CodeIgniter\Database\BaseConnection->query('SELECT
    pis.product_id,
    pis.product_name,
    pis.product_image,
    pis.sales_price_for_customer,
    pis.purchase_price,

    GREATEST(
        COALESCE(pis.productinitial_quantity, 0)
        + COALESCE(ppd.total_purchase, 0)
        + COALESCE(rs.total_return, 0)
        - COALESCE(sd.total_sale, 0),
    0) AS total_stock,

    -- ✅ total purchase cost
    COALESCE(ppd.total_purchase_cost, 0) AS total_purchase_cost,

    -- ✅ average purchase price
    COALESCE(ppd.avg_purchase_price, 0) AS avg_purchase_price

FROM product_inital_stock pis

LEFT JOIN (
    SELECT 
        product_id,
        SUM(quantity_per_pack * box_quantity) AS total_purchase,



    FROM product_purchase_details
    GROUP BY product_id
) ppd ON ppd.product_id = pis.product_id

LEFT JOIN (
    SELECT product_id,
           SUM(product_quantity_sold) AS total_sale
    FROM sales_details
    GROUP BY product_id
) sd ON sd.product_id = pis.product_id

LEFT JOIN (
    SELECT product_id,
           SUM(return_qty) AS total_return
    FROM return_sales_details
    GROUP BY product_id
) rs ON rs.product_id = pis.product_id
')
 5 APPPATH\Controllers\pos.php(37): App\Controllers\Pos->products()
 6 SYSTEMPATH\CodeIgniter.php(933): App\Controllers\Pos->index()
 7 SYSTEMPATH\CodeIgniter.php(507): CodeIgniter\CodeIgniter->runController(Object(App\Controllers\Pos))
 8 SYSTEMPATH\CodeIgniter.php(354): CodeIgniter\CodeIgniter->handleRequest(null, Object(Config\Cache), false)
 9 SYSTEMPATH\Boot.php(363): CodeIgniter\CodeIgniter->run()
10 SYSTEMPATH\Boot.php(68): CodeIgniter\Boot::runCodeIgniter(Object(CodeIgniter\CodeIgniter))
11 FCPATH\index.php(59): CodeIgniter\Boot::bootWeb(Object(Config\Paths))
ERROR - 2026-04-29 06:46:36 --> mysqli_sql_exception: You have an error in your SQL syntax; check the manual that corresponds to your MySQL server version for the right syntax to use near 'FROM product_purchase_details
    GROUP BY product_id
) ppd ON ppd.product_id ' at line 30 in C:\laragon\www\pharmacy-project\system\Database\MySQLi\Connection.php:327
Stack trace:
#0 C:\laragon\www\pharmacy-project\system\Database\MySQLi\Connection.php(327): mysqli->query('SELECT\r\n    pis...', 0)
#1 C:\laragon\www\pharmacy-project\system\Database\BaseConnection.php(729): CodeIgniter\Database\MySQLi\Connection->execute('SELECT\r\n    pis...')
#2 C:\laragon\www\pharmacy-project\system\Database\BaseConnection.php(646): CodeIgniter\Database\BaseConnection->simpleQuery('SELECT\r\n    pis...')
#3 C:\laragon\www\pharmacy-project\app\Controllers\pos.php(584): CodeIgniter\Database\BaseConnection->query('SELECT\r\n    pis...')
#4 C:\laragon\www\pharmacy-project\app\Controllers\pos.php(37): App\Controllers\Pos->products()
#5 C:\laragon\www\pharmacy-project\system\CodeIgniter.php(933): App\Controllers\Pos->index()
#6 C:\laragon\www\pharmacy-project\system\CodeIgniter.php(507): CodeIgniter\CodeIgniter->runController(Object(App\Controllers\Pos))
#7 C:\laragon\www\pharmacy-project\system\CodeIgniter.php(354): CodeIgniter\CodeIgniter->handleRequest(NULL, Object(Config\Cache), false)
#8 C:\laragon\www\pharmacy-project\system\Boot.php(363): CodeIgniter\CodeIgniter->run()
#9 C:\laragon\www\pharmacy-project\system\Boot.php(68): CodeIgniter\Boot::runCodeIgniter(Object(CodeIgniter\CodeIgniter))
#10 C:\laragon\www\pharmacy-project\index.php(59): CodeIgniter\Boot::bootWeb(Object(Config\Paths))
#11 {main}
CRITICAL - 2026-04-29 06:46:36 --> CodeIgniter\Database\Exceptions\DatabaseException: You have an error in your SQL syntax; check the manual that corresponds to your MySQL server version for the right syntax to use near 'FROM product_purchase_details
    GROUP BY product_id
) ppd ON ppd.product_id ' at line 30
[Method: GET, Route: pos]
in SYSTEMPATH\Database\BaseConnection.php on line 684.
 1 APPPATH\Controllers\pos.php(584): CodeIgniter\Database\BaseConnection->query('SELECT
    pis.product_id,
    pis.product_name,
    pis.product_image,
    pis.sales_price_for_customer,
    pis.purchase_price,

    GREATEST(
        COALESCE(pis.productinitial_quantity, 0)
        + COALESCE(ppd.total_purchase, 0)
        + COALESCE(rs.total_return, 0)
        - COALESCE(sd.total_sale, 0),
    0) AS total_stock,

    -- ✅ total purchase cost
    COALESCE(ppd.total_purchase_cost, 0) AS total_purchase_cost,

    -- ✅ average purchase price
    COALESCE(ppd.avg_purchase_price, 0) AS avg_purchase_price

FROM product_inital_stock pis

LEFT JOIN (
    SELECT
        product_id,
        SUM(quantity_per_pack * box_quantity) AS total_purchase,



    FROM product_purchase_details
    GROUP BY product_id
) ppd ON ppd.product_id = pis.product_id

LEFT JOIN (
    SELECT product_id,
           SUM(product_quantity_sold) AS total_sale
    FROM sales_details
    GROUP BY product_id
) sd ON sd.product_id = pis.product_id

LEFT JOIN (
    SELECT product_id,
           SUM(return_qty) AS total_return
    FROM return_sales_details
    GROUP BY product_id
) rs ON rs.product_id = pis.product_id
')
 2 APPPATH\Controllers\pos.php(37): App\Controllers\Pos->products()
 3 SYSTEMPATH\CodeIgniter.php(933): App\Controllers\Pos->index()
 4 SYSTEMPATH\CodeIgniter.php(507): CodeIgniter\CodeIgniter->runController(Object(App\Controllers\Pos))
 5 SYSTEMPATH\CodeIgniter.php(354): CodeIgniter\CodeIgniter->handleRequest(null, Object(Config\Cache), false)
 6 SYSTEMPATH\Boot.php(363): CodeIgniter\CodeIgniter->run()
 7 SYSTEMPATH\Boot.php(68): CodeIgniter\Boot::runCodeIgniter(Object(CodeIgniter\CodeIgniter))
 8 FCPATH\index.php(59): CodeIgniter\Boot::bootWeb(Object(Config\Paths))
CRITICAL - 2026-04-29 06:46:36 --> [Caused by] CodeIgniter\Database\Exceptions\DatabaseException: You have an error in your SQL syntax; check the manual that corresponds to your MySQL server version for the right syntax to use near 'FROM product_purchase_details
    GROUP BY product_id
) ppd ON ppd.product_id ' at line 30
in SYSTEMPATH\Database\MySQLi\Connection.php on line 332.
 1 SYSTEMPATH\Database\BaseConnection.php(729): CodeIgniter\Database\MySQLi\Connection->execute('SELECT
    pis.product_id,
    pis.product_name,
    pis.product_image,
    pis.sales_price_for_customer,
    pis.purchase_price,

    GREATEST(
        COALESCE(pis.productinitial_quantity, 0)
        + COALESCE(ppd.total_purchase, 0)
        + COALESCE(rs.total_return, 0)
        - COALESCE(sd.total_sale, 0),
    0) AS total_stock,

    -- ✅ total purchase cost
    COALESCE(ppd.total_purchase_cost, 0) AS total_purchase_cost,

    -- ✅ average purchase price
    COALESCE(ppd.avg_purchase_price, 0) AS avg_purchase_price

FROM product_inital_stock pis

LEFT JOIN (
    SELECT
        product_id,
        SUM(quantity_per_pack * box_quantity) AS total_purchase,



    FROM product_purchase_details
    GROUP BY product_id
) ppd ON ppd.product_id = pis.product_id

LEFT JOIN (
    SELECT product_id,
           SUM(product_quantity_sold) AS total_sale
    FROM sales_details
    GROUP BY product_id
) sd ON sd.product_id = pis.product_id

LEFT JOIN (
    SELECT product_id,
           SUM(return_qty) AS total_return
    FROM return_sales_details
    GROUP BY product_id
) rs ON rs.product_id = pis.product_id
')
 2 SYSTEMPATH\Database\BaseConnection.php(646): CodeIgniter\Database\BaseConnection->simpleQuery('SELECT
    pis.product_id,
    pis.product_name,
    pis.product_image,
    pis.sales_price_for_customer,
    pis.purchase_price,

    GREATEST(
        COALESCE(pis.productinitial_quantity, 0)
        + COALESCE(ppd.total_purchase, 0)
        + COALESCE(rs.total_return, 0)
        - COALESCE(sd.total_sale, 0),
    0) AS total_stock,

    -- ✅ total purchase cost
    COALESCE(ppd.total_purchase_cost, 0) AS total_purchase_cost,

    -- ✅ average purchase price
    COALESCE(ppd.avg_purchase_price, 0) AS avg_purchase_price

FROM product_inital_stock pis

LEFT JOIN (
    SELECT
        product_id,
        SUM(quantity_per_pack * box_quantity) AS total_purchase,



    FROM product_purchase_details
    GROUP BY product_id
) ppd ON ppd.product_id = pis.product_id

LEFT JOIN (
    SELECT product_id,
           SUM(product_quantity_sold) AS total_sale
    FROM sales_details
    GROUP BY product_id
) sd ON sd.product_id = pis.product_id

LEFT JOIN (
    SELECT product_id,
           SUM(return_qty) AS total_return
    FROM return_sales_details
    GROUP BY product_id
) rs ON rs.product_id = pis.product_id
')
 3 APPPATH\Controllers\pos.php(584): CodeIgniter\Database\BaseConnection->query('SELECT
    pis.product_id,
    pis.product_name,
    pis.product_image,
    pis.sales_price_for_customer,
    pis.purchase_price,

    GREATEST(
        COALESCE(pis.productinitial_quantity, 0)
        + COALESCE(ppd.total_purchase, 0)
        + COALESCE(rs.total_return, 0)
        - COALESCE(sd.total_sale, 0),
    0) AS total_stock,

    -- ✅ total purchase cost
    COALESCE(ppd.total_purchase_cost, 0) AS total_purchase_cost,

    -- ✅ average purchase price
    COALESCE(ppd.avg_purchase_price, 0) AS avg_purchase_price

FROM product_inital_stock pis

LEFT JOIN (
    SELECT
        product_id,
        SUM(quantity_per_pack * box_quantity) AS total_purchase,



    FROM product_purchase_details
    GROUP BY product_id
) ppd ON ppd.product_id = pis.product_id

LEFT JOIN (
    SELECT product_id,
           SUM(product_quantity_sold) AS total_sale
    FROM sales_details
    GROUP BY product_id
) sd ON sd.product_id = pis.product_id

LEFT JOIN (
    SELECT product_id,
           SUM(return_qty) AS total_return
    FROM return_sales_details
    GROUP BY product_id
) rs ON rs.product_id = pis.product_id
')
 4 APPPATH\Controllers\pos.php(37): App\Controllers\Pos->products()
 5 SYSTEMPATH\CodeIgniter.php(933): App\Controllers\Pos->index()
 6 SYSTEMPATH\CodeIgniter.php(507): CodeIgniter\CodeIgniter->runController(Object(App\Controllers\Pos))
 7 SYSTEMPATH\CodeIgniter.php(354): CodeIgniter\CodeIgniter->handleRequest(null, Object(Config\Cache), false)
 8 SYSTEMPATH\Boot.php(363): CodeIgniter\CodeIgniter->run()
 9 SYSTEMPATH\Boot.php(68): CodeIgniter\Boot::runCodeIgniter(Object(CodeIgniter\CodeIgniter))
10 FCPATH\index.php(59): CodeIgniter\Boot::bootWeb(Object(Config\Paths))
CRITICAL - 2026-04-29 06:46:36 --> [Caused by] mysqli_sql_exception: You have an error in your SQL syntax; check the manual that corresponds to your MySQL server version for the right syntax to use near 'FROM product_purchase_details
    GROUP BY product_id
) ppd ON ppd.product_id ' at line 30
in SYSTEMPATH\Database\MySQLi\Connection.php on line 327.
 1 SYSTEMPATH\Database\MySQLi\Connection.php(327): mysqli->query('SELECT
    pis.product_id,
    pis.product_name,
    pis.product_image,
    pis.sales_price_for_customer,
    pis.purchase_price,

    GREATEST(
        COALESCE(pis.productinitial_quantity, 0)
        + COALESCE(ppd.total_purchase, 0)
        + COALESCE(rs.total_return, 0)
        - COALESCE(sd.total_sale, 0),
    0) AS total_stock,

    -- ✅ total purchase cost
    COALESCE(ppd.total_purchase_cost, 0) AS total_purchase_cost,

    -- ✅ average purchase price
    COALESCE(ppd.avg_purchase_price, 0) AS avg_purchase_price

FROM product_inital_stock pis

LEFT JOIN (
    SELECT
        product_id,
        SUM(quantity_per_pack * box_quantity) AS total_purchase,



    FROM product_purchase_details
    GROUP BY product_id
) ppd ON ppd.product_id = pis.product_id

LEFT JOIN (
    SELECT product_id,
           SUM(product_quantity_sold) AS total_sale
    FROM sales_details
    GROUP BY product_id
) sd ON sd.product_id = pis.product_id

LEFT JOIN (
    SELECT product_id,
           SUM(return_qty) AS total_return
    FROM return_sales_details
    GROUP BY product_id
) rs ON rs.product_id = pis.product_id
', 0)
 2 SYSTEMPATH\Database\BaseConnection.php(729): CodeIgniter\Database\MySQLi\Connection->execute('SELECT
    pis.product_id,
    pis.product_name,
    pis.product_image,
    pis.sales_price_for_customer,
    pis.purchase_price,

    GREATEST(
        COALESCE(pis.productinitial_quantity, 0)
        + COALESCE(ppd.total_purchase, 0)
        + COALESCE(rs.total_return, 0)
        - COALESCE(sd.total_sale, 0),
    0) AS total_stock,

    -- ✅ total purchase cost
    COALESCE(ppd.total_purchase_cost, 0) AS total_purchase_cost,

    -- ✅ average purchase price
    COALESCE(ppd.avg_purchase_price, 0) AS avg_purchase_price

FROM product_inital_stock pis

LEFT JOIN (
    SELECT
        product_id,
        SUM(quantity_per_pack * box_quantity) AS total_purchase,



    FROM product_purchase_details
    GROUP BY product_id
) ppd ON ppd.product_id = pis.product_id

LEFT JOIN (
    SELECT product_id,
           SUM(product_quantity_sold) AS total_sale
    FROM sales_details
    GROUP BY product_id
) sd ON sd.product_id = pis.product_id

LEFT JOIN (
    SELECT product_id,
           SUM(return_qty) AS total_return
    FROM return_sales_details
    GROUP BY product_id
) rs ON rs.product_id = pis.product_id
')
 3 SYSTEMPATH\Database\BaseConnection.php(646): CodeIgniter\Database\BaseConnection->simpleQuery('SELECT
    pis.product_id,
    pis.product_name,
    pis.product_image,
    pis.sales_price_for_customer,
    pis.purchase_price,

    GREATEST(
        COALESCE(pis.productinitial_quantity, 0)
        + COALESCE(ppd.total_purchase, 0)
        + COALESCE(rs.total_return, 0)
        - COALESCE(sd.total_sale, 0),
    0) AS total_stock,

    -- ✅ total purchase cost
    COALESCE(ppd.total_purchase_cost, 0) AS total_purchase_cost,

    -- ✅ average purchase price
    COALESCE(ppd.avg_purchase_price, 0) AS avg_purchase_price

FROM product_inital_stock pis

LEFT JOIN (
    SELECT
        product_id,
        SUM(quantity_per_pack * box_quantity) AS total_purchase,



    FROM product_purchase_details
    GROUP BY product_id
) ppd ON ppd.product_id = pis.product_id

LEFT JOIN (
    SELECT product_id,
           SUM(product_quantity_sold) AS total_sale
    FROM sales_details
    GROUP BY product_id
) sd ON sd.product_id = pis.product_id

LEFT JOIN (
    SELECT product_id,
           SUM(return_qty) AS total_return
    FROM return_sales_details
    GROUP BY product_id
) rs ON rs.product_id = pis.product_id
')
 4 APPPATH\Controllers\pos.php(584): CodeIgniter\Database\BaseConnection->query('SELECT
    pis.product_id,
    pis.product_name,
    pis.product_image,
    pis.sales_price_for_customer,
    pis.purchase_price,

    GREATEST(
        COALESCE(pis.productinitial_quantity, 0)
        + COALESCE(ppd.total_purchase, 0)
        + COALESCE(rs.total_return, 0)
        - COALESCE(sd.total_sale, 0),
    0) AS total_stock,

    -- ✅ total purchase cost
    COALESCE(ppd.total_purchase_cost, 0) AS total_purchase_cost,

    -- ✅ average purchase price
    COALESCE(ppd.avg_purchase_price, 0) AS avg_purchase_price

FROM product_inital_stock pis

LEFT JOIN (
    SELECT
        product_id,
        SUM(quantity_per_pack * box_quantity) AS total_purchase,



    FROM product_purchase_details
    GROUP BY product_id
) ppd ON ppd.product_id = pis.product_id

LEFT JOIN (
    SELECT product_id,
           SUM(product_quantity_sold) AS total_sale
    FROM sales_details
    GROUP BY product_id
) sd ON sd.product_id = pis.product_id

LEFT JOIN (
    SELECT product_id,
           SUM(return_qty) AS total_return
    FROM return_sales_details
    GROUP BY product_id
) rs ON rs.product_id = pis.product_id
')
 5 APPPATH\Controllers\pos.php(37): App\Controllers\Pos->products()
 6 SYSTEMPATH\CodeIgniter.php(933): App\Controllers\Pos->index()
 7 SYSTEMPATH\CodeIgniter.php(507): CodeIgniter\CodeIgniter->runController(Object(App\Controllers\Pos))
 8 SYSTEMPATH\CodeIgniter.php(354): CodeIgniter\CodeIgniter->handleRequest(null, Object(Config\Cache), false)
 9 SYSTEMPATH\Boot.php(363): CodeIgniter\CodeIgniter->run()
10 SYSTEMPATH\Boot.php(68): CodeIgniter\Boot::runCodeIgniter(Object(CodeIgniter\CodeIgniter))
11 FCPATH\index.php(59): CodeIgniter\Boot::bootWeb(Object(Config\Paths))
ERROR - 2026-04-29 06:47:38 --> mysqli_sql_exception: You have an error in your SQL syntax; check the manual that corresponds to your MySQL server version for the right syntax to use near '//////////////////////////////////////////////////////////////// total cost
   ' at line 28 in C:\laragon\www\pharmacy-project\system\Database\MySQLi\Connection.php:327
Stack trace:
#0 C:\laragon\www\pharmacy-project\system\Database\MySQLi\Connection.php(327): mysqli->query('SELECT\r\n    pis...', 0)
#1 C:\laragon\www\pharmacy-project\system\Database\BaseConnection.php(729): CodeIgniter\Database\MySQLi\Connection->execute('SELECT\r\n    pis...')
#2 C:\laragon\www\pharmacy-project\system\Database\BaseConnection.php(646): CodeIgniter\Database\BaseConnection->simpleQuery('SELECT\r\n    pis...')
#3 C:\laragon\www\pharmacy-project\app\Controllers\pos.php(594): CodeIgniter\Database\BaseConnection->query('SELECT\r\n    pis...')
#4 C:\laragon\www\pharmacy-project\app\Controllers\pos.php(37): App\Controllers\Pos->products()
#5 C:\laragon\www\pharmacy-project\system\CodeIgniter.php(933): App\Controllers\Pos->index()
#6 C:\laragon\www\pharmacy-project\system\CodeIgniter.php(507): CodeIgniter\CodeIgniter->runController(Object(App\Controllers\Pos))
#7 C:\laragon\www\pharmacy-project\system\CodeIgniter.php(354): CodeIgniter\CodeIgniter->handleRequest(NULL, Object(Config\Cache), false)
#8 C:\laragon\www\pharmacy-project\system\Boot.php(363): CodeIgniter\CodeIgniter->run()
#9 C:\laragon\www\pharmacy-project\system\Boot.php(68): CodeIgniter\Boot::runCodeIgniter(Object(CodeIgniter\CodeIgniter))
#10 C:\laragon\www\pharmacy-project\index.php(59): CodeIgniter\Boot::bootWeb(Object(Config\Paths))
#11 {main}
CRITICAL - 2026-04-29 06:47:38 --> CodeIgniter\Database\Exceptions\DatabaseException: You have an error in your SQL syntax; check the manual that corresponds to your MySQL server version for the right syntax to use near '//////////////////////////////////////////////////////////////// total cost
   ' at line 28
[Method: GET, Route: pos]
in SYSTEMPATH\Database\BaseConnection.php on line 684.
 1 APPPATH\Controllers\pos.php(594): CodeIgniter\Database\BaseConnection->query('SELECT
    pis.product_id,
    pis.product_name,
    pis.product_image,
    pis.sales_price_for_customer,
    pis.purchase_price,

    GREATEST(
        COALESCE(pis.productinitial_quantity, 0)
        + COALESCE(ppd.total_purchase, 0)
        + COALESCE(rs.total_return, 0)
        - COALESCE(sd.total_sale, 0),
    0) AS total_stock,

    -- ✅ total purchase cost
    COALESCE(ppd.total_purchase_cost, 0) AS total_purchase_cost,

    -- ✅ average purchase price
    COALESCE(ppd.avg_purchase_price, 0) AS avg_purchase_price

FROM product_inital_stock pis

LEFT JOIN (
    SELECT 
        product_id,
        SUM(quantity_per_pack * box_quantity) AS total_purchase,

        --//////////////////////////////////////////////////////////////// total cost
        SUM((quantity_per_pack * box_quantity) * purchase_price) AS total_purchase_cost,

        -- avg purchase price
        CASE 
            WHEN SUM(quantity_per_pack * box_quantity) > 0 
            THEN SUM((quantity_per_pack * box_quantity) * purchase_price) 
                 / SUM(quantity_per_pack * box_quantity)
            ELSE 0
        END AS avg_purchase_price
----////////////////////////////////////////////////////////////////////////
    FROM product_purchase_details
    GROUP BY product_id
) ppd ON ppd.product_id = pis.product_id

LEFT JOIN (
    SELECT product_id,
           SUM(product_quantity_sold) AS total_sale
    FROM sales_details
    GROUP BY product_id
) sd ON sd.product_id = pis.product_id

LEFT JOIN (
    SELECT product_id,
           SUM(return_qty) AS total_return
    FROM return_sales_details
    GROUP BY product_id
) rs ON rs.product_id = pis.product_id
')
 2 APPPATH\Controllers\pos.php(37): App\Controllers\Pos->products()
 3 SYSTEMPATH\CodeIgniter.php(933): App\Controllers\Pos->index()
 4 SYSTEMPATH\CodeIgniter.php(507): CodeIgniter\CodeIgniter->runController(Object(App\Controllers\Pos))
 5 SYSTEMPATH\CodeIgniter.php(354): CodeIgniter\CodeIgniter->handleRequest(null, Object(Config\Cache), false)
 6 SYSTEMPATH\Boot.php(363): CodeIgniter\CodeIgniter->run()
 7 SYSTEMPATH\Boot.php(68): CodeIgniter\Boot::runCodeIgniter(Object(CodeIgniter\CodeIgniter))
 8 FCPATH\index.php(59): CodeIgniter\Boot::bootWeb(Object(Config\Paths))
CRITICAL - 2026-04-29 06:47:38 --> [Caused by] CodeIgniter\Database\Exceptions\DatabaseException: You have an error in your SQL syntax; check the manual that corresponds to your MySQL server version for the right syntax to use near '//////////////////////////////////////////////////////////////// total cost
   ' at line 28
in SYSTEMPATH\Database\MySQLi\Connection.php on line 332.
 1 SYSTEMPATH\Database\BaseConnection.php(729): CodeIgniter\Database\MySQLi\Connection->execute('SELECT
    pis.product_id,
    pis.product_name,
    pis.product_image,
    pis.sales_price_for_customer,
    pis.purchase_price,

    GREATEST(
        COALESCE(pis.productinitial_quantity, 0)
        + COALESCE(ppd.total_purchase, 0)
        + COALESCE(rs.total_return, 0)
        - COALESCE(sd.total_sale, 0),
    0) AS total_stock,

    -- ✅ total purchase cost
    COALESCE(ppd.total_purchase_cost, 0) AS total_purchase_cost,

    -- ✅ average purchase price
    COALESCE(ppd.avg_purchase_price, 0) AS avg_purchase_price

FROM product_inital_stock pis

LEFT JOIN (
    SELECT 
        product_id,
        SUM(quantity_per_pack * box_quantity) AS total_purchase,

        --//////////////////////////////////////////////////////////////// total cost
        SUM((quantity_per_pack * box_quantity) * purchase_price) AS total_purchase_cost,

        -- avg purchase price
        CASE 
            WHEN SUM(quantity_per_pack * box_quantity) > 0 
            THEN SUM((quantity_per_pack * box_quantity) * purchase_price) 
                 / SUM(quantity_per_pack * box_quantity)
            ELSE 0
        END AS avg_purchase_price
----////////////////////////////////////////////////////////////////////////
    FROM product_purchase_details
    GROUP BY product_id
) ppd ON ppd.product_id = pis.product_id

LEFT JOIN (
    SELECT product_id,
           SUM(product_quantity_sold) AS total_sale
    FROM sales_details
    GROUP BY product_id
) sd ON sd.product_id = pis.product_id

LEFT JOIN (
    SELECT product_id,
           SUM(return_qty) AS total_return
    FROM return_sales_details
    GROUP BY product_id
) rs ON rs.product_id = pis.product_id
')
 2 SYSTEMPATH\Database\BaseConnection.php(646): CodeIgniter\Database\BaseConnection->simpleQuery('SELECT
    pis.product_id,
    pis.product_name,
    pis.product_image,
    pis.sales_price_for_customer,
    pis.purchase_price,

    GREATEST(
        COALESCE(pis.productinitial_quantity, 0)
        + COALESCE(ppd.total_purchase, 0)
        + COALESCE(rs.total_return, 0)
        - COALESCE(sd.total_sale, 0),
    0) AS total_stock,

    -- ✅ total purchase cost
    COALESCE(ppd.total_purchase_cost, 0) AS total_purchase_cost,

    -- ✅ average purchase price
    COALESCE(ppd.avg_purchase_price, 0) AS avg_purchase_price

FROM product_inital_stock pis

LEFT JOIN (
    SELECT 
        product_id,
        SUM(quantity_per_pack * box_quantity) AS total_purchase,

        --//////////////////////////////////////////////////////////////// total cost
        SUM((quantity_per_pack * box_quantity) * purchase_price) AS total_purchase_cost,

        -- avg purchase price
        CASE 
            WHEN SUM(quantity_per_pack * box_quantity) > 0 
            THEN SUM((quantity_per_pack * box_quantity) * purchase_price) 
                 / SUM(quantity_per_pack * box_quantity)
            ELSE 0
        END AS avg_purchase_price
----////////////////////////////////////////////////////////////////////////
    FROM product_purchase_details
    GROUP BY product_id
) ppd ON ppd.product_id = pis.product_id

LEFT JOIN (
    SELECT product_id,
           SUM(product_quantity_sold) AS total_sale
    FROM sales_details
    GROUP BY product_id
) sd ON sd.product_id = pis.product_id

LEFT JOIN (
    SELECT product_id,
           SUM(return_qty) AS total_return
    FROM return_sales_details
    GROUP BY product_id
) rs ON rs.product_id = pis.product_id
')
 3 APPPATH\Controllers\pos.php(594): CodeIgniter\Database\BaseConnection->query('SELECT
    pis.product_id,
    pis.product_name,
    pis.product_image,
    pis.sales_price_for_customer,
    pis.purchase_price,

    GREATEST(
        COALESCE(pis.productinitial_quantity, 0)
        + COALESCE(ppd.total_purchase, 0)
        + COALESCE(rs.total_return, 0)
        - COALESCE(sd.total_sale, 0),
    0) AS total_stock,

    -- ✅ total purchase cost
    COALESCE(ppd.total_purchase_cost, 0) AS total_purchase_cost,

    -- ✅ average purchase price
    COALESCE(ppd.avg_purchase_price, 0) AS avg_purchase_price

FROM product_inital_stock pis

LEFT JOIN (
    SELECT 
        product_id,
        SUM(quantity_per_pack * box_quantity) AS total_purchase,

        --//////////////////////////////////////////////////////////////// total cost
        SUM((quantity_per_pack * box_quantity) * purchase_price) AS total_purchase_cost,

        -- avg purchase price
        CASE 
            WHEN SUM(quantity_per_pack * box_quantity) > 0 
            THEN SUM((quantity_per_pack * box_quantity) * purchase_price) 
                 / SUM(quantity_per_pack * box_quantity)
            ELSE 0
        END AS avg_purchase_price
----////////////////////////////////////////////////////////////////////////
    FROM product_purchase_details
    GROUP BY product_id
) ppd ON ppd.product_id = pis.product_id

LEFT JOIN (
    SELECT product_id,
           SUM(product_quantity_sold) AS total_sale
    FROM sales_details
    GROUP BY product_id
) sd ON sd.product_id = pis.product_id

LEFT JOIN (
    SELECT product_id,
           SUM(return_qty) AS total_return
    FROM return_sales_details
    GROUP BY product_id
) rs ON rs.product_id = pis.product_id
')
 4 APPPATH\Controllers\pos.php(37): App\Controllers\Pos->products()
 5 SYSTEMPATH\CodeIgniter.php(933): App\Controllers\Pos->index()
 6 SYSTEMPATH\CodeIgniter.php(507): CodeIgniter\CodeIgniter->runController(Object(App\Controllers\Pos))
 7 SYSTEMPATH\CodeIgniter.php(354): CodeIgniter\CodeIgniter->handleRequest(null, Object(Config\Cache), false)
 8 SYSTEMPATH\Boot.php(363): CodeIgniter\CodeIgniter->run()
 9 SYSTEMPATH\Boot.php(68): CodeIgniter\Boot::runCodeIgniter(Object(CodeIgniter\CodeIgniter))
10 FCPATH\index.php(59): CodeIgniter\Boot::bootWeb(Object(Config\Paths))
CRITICAL - 2026-04-29 06:47:38 --> [Caused by] mysqli_sql_exception: You have an error in your SQL syntax; check the manual that corresponds to your MySQL server version for the right syntax to use near '//////////////////////////////////////////////////////////////// total cost
   ' at line 28
in SYSTEMPATH\Database\MySQLi\Connection.php on line 327.
 1 SYSTEMPATH\Database\MySQLi\Connection.php(327): mysqli->query('SELECT
    pis.product_id,
    pis.product_name,
    pis.product_image,
    pis.sales_price_for_customer,
    pis.purchase_price,

    GREATEST(
        COALESCE(pis.productinitial_quantity, 0)
        + COALESCE(ppd.total_purchase, 0)
        + COALESCE(rs.total_return, 0)
        - COALESCE(sd.total_sale, 0),
    0) AS total_stock,

    -- ✅ total purchase cost
    COALESCE(ppd.total_purchase_cost, 0) AS total_purchase_cost,

    -- ✅ average purchase price
    COALESCE(ppd.avg_purchase_price, 0) AS avg_purchase_price

FROM product_inital_stock pis

LEFT JOIN (
    SELECT 
        product_id,
        SUM(quantity_per_pack * box_quantity) AS total_purchase,

        --//////////////////////////////////////////////////////////////// total cost
        SUM((quantity_per_pack * box_quantity) * purchase_price) AS total_purchase_cost,

        -- avg purchase price
        CASE 
            WHEN SUM(quantity_per_pack * box_quantity) > 0 
            THEN SUM((quantity_per_pack * box_quantity) * purchase_price) 
                 / SUM(quantity_per_pack * box_quantity)
            ELSE 0
        END AS avg_purchase_price
----////////////////////////////////////////////////////////////////////////
    FROM product_purchase_details
    GROUP BY product_id
) ppd ON ppd.product_id = pis.product_id

LEFT JOIN (
    SELECT product_id,
           SUM(product_quantity_sold) AS total_sale
    FROM sales_details
    GROUP BY product_id
) sd ON sd.product_id = pis.product_id

LEFT JOIN (
    SELECT product_id,
           SUM(return_qty) AS total_return
    FROM return_sales_details
    GROUP BY product_id
) rs ON rs.product_id = pis.product_id
', 0)
 2 SYSTEMPATH\Database\BaseConnection.php(729): CodeIgniter\Database\MySQLi\Connection->execute('SELECT
    pis.product_id,
    pis.product_name,
    pis.product_image,
    pis.sales_price_for_customer,
    pis.purchase_price,

    GREATEST(
        COALESCE(pis.productinitial_quantity, 0)
        + COALESCE(ppd.total_purchase, 0)
        + COALESCE(rs.total_return, 0)
        - COALESCE(sd.total_sale, 0),
    0) AS total_stock,

    -- ✅ total purchase cost
    COALESCE(ppd.total_purchase_cost, 0) AS total_purchase_cost,

    -- ✅ average purchase price
    COALESCE(ppd.avg_purchase_price, 0) AS avg_purchase_price

FROM product_inital_stock pis

LEFT JOIN (
    SELECT 
        product_id,
        SUM(quantity_per_pack * box_quantity) AS total_purchase,

        --//////////////////////////////////////////////////////////////// total cost
        SUM((quantity_per_pack * box_quantity) * purchase_price) AS total_purchase_cost,

        -- avg purchase price
        CASE 
            WHEN SUM(quantity_per_pack * box_quantity) > 0 
            THEN SUM((quantity_per_pack * box_quantity) * purchase_price) 
                 / SUM(quantity_per_pack * box_quantity)
            ELSE 0
        END AS avg_purchase_price
----////////////////////////////////////////////////////////////////////////
    FROM product_purchase_details
    GROUP BY product_id
) ppd ON ppd.product_id = pis.product_id

LEFT JOIN (
    SELECT product_id,
           SUM(product_quantity_sold) AS total_sale
    FROM sales_details
    GROUP BY product_id
) sd ON sd.product_id = pis.product_id

LEFT JOIN (
    SELECT product_id,
           SUM(return_qty) AS total_return
    FROM return_sales_details
    GROUP BY product_id
) rs ON rs.product_id = pis.product_id
')
 3 SYSTEMPATH\Database\BaseConnection.php(646): CodeIgniter\Database\BaseConnection->simpleQuery('SELECT
    pis.product_id,
    pis.product_name,
    pis.product_image,
    pis.sales_price_for_customer,
    pis.purchase_price,

    GREATEST(
        COALESCE(pis.productinitial_quantity, 0)
        + COALESCE(ppd.total_purchase, 0)
        + COALESCE(rs.total_return, 0)
        - COALESCE(sd.total_sale, 0),
    0) AS total_stock,

    -- ✅ total purchase cost
    COALESCE(ppd.total_purchase_cost, 0) AS total_purchase_cost,

    -- ✅ average purchase price
    COALESCE(ppd.avg_purchase_price, 0) AS avg_purchase_price

FROM product_inital_stock pis

LEFT JOIN (
    SELECT 
        product_id,
        SUM(quantity_per_pack * box_quantity) AS total_purchase,

        --//////////////////////////////////////////////////////////////// total cost
        SUM((quantity_per_pack * box_quantity) * purchase_price) AS total_purchase_cost,

        -- avg purchase price
        CASE 
            WHEN SUM(quantity_per_pack * box_quantity) > 0 
            THEN SUM((quantity_per_pack * box_quantity) * purchase_price) 
                 / SUM(quantity_per_pack * box_quantity)
            ELSE 0
        END AS avg_purchase_price
----////////////////////////////////////////////////////////////////////////
    FROM product_purchase_details
    GROUP BY product_id
) ppd ON ppd.product_id = pis.product_id

LEFT JOIN (
    SELECT product_id,
           SUM(product_quantity_sold) AS total_sale
    FROM sales_details
    GROUP BY product_id
) sd ON sd.product_id = pis.product_id

LEFT JOIN (
    SELECT product_id,
           SUM(return_qty) AS total_return
    FROM return_sales_details
    GROUP BY product_id
) rs ON rs.product_id = pis.product_id
')
 4 APPPATH\Controllers\pos.php(594): CodeIgniter\Database\BaseConnection->query('SELECT
    pis.product_id,
    pis.product_name,
    pis.product_image,
    pis.sales_price_for_customer,
    pis.purchase_price,

    GREATEST(
        COALESCE(pis.productinitial_quantity, 0)
        + COALESCE(ppd.total_purchase, 0)
        + COALESCE(rs.total_return, 0)
        - COALESCE(sd.total_sale, 0),
    0) AS total_stock,

    -- ✅ total purchase cost
    COALESCE(ppd.total_purchase_cost, 0) AS total_purchase_cost,

    -- ✅ average purchase price
    COALESCE(ppd.avg_purchase_price, 0) AS avg_purchase_price

FROM product_inital_stock pis

LEFT JOIN (
    SELECT 
        product_id,
        SUM(quantity_per_pack * box_quantity) AS total_purchase,

        --//////////////////////////////////////////////////////////////// total cost
        SUM((quantity_per_pack * box_quantity) * purchase_price) AS total_purchase_cost,

        -- avg purchase price
        CASE 
            WHEN SUM(quantity_per_pack * box_quantity) > 0 
            THEN SUM((quantity_per_pack * box_quantity) * purchase_price) 
                 / SUM(quantity_per_pack * box_quantity)
            ELSE 0
        END AS avg_purchase_price
----////////////////////////////////////////////////////////////////////////
    FROM product_purchase_details
    GROUP BY product_id
) ppd ON ppd.product_id = pis.product_id

LEFT JOIN (
    SELECT product_id,
           SUM(product_quantity_sold) AS total_sale
    FROM sales_details
    GROUP BY product_id
) sd ON sd.product_id = pis.product_id

LEFT JOIN (
    SELECT product_id,
           SUM(return_qty) AS total_return
    FROM return_sales_details
    GROUP BY product_id
) rs ON rs.product_id = pis.product_id
')
 5 APPPATH\Controllers\pos.php(37): App\Controllers\Pos->products()
 6 SYSTEMPATH\CodeIgniter.php(933): App\Controllers\Pos->index()
 7 SYSTEMPATH\CodeIgniter.php(507): CodeIgniter\CodeIgniter->runController(Object(App\Controllers\Pos))
 8 SYSTEMPATH\CodeIgniter.php(354): CodeIgniter\CodeIgniter->handleRequest(null, Object(Config\Cache), false)
 9 SYSTEMPATH\Boot.php(363): CodeIgniter\CodeIgniter->run()
10 SYSTEMPATH\Boot.php(68): CodeIgniter\Boot::runCodeIgniter(Object(CodeIgniter\CodeIgniter))
11 FCPATH\index.php(59): CodeIgniter\Boot::bootWeb(Object(Config\Paths))
DEBUG - 2026-04-29 06:48:36 --> Session: Class initialized using 'CodeIgniter\Session\Handlers\FileHandler' driver.
DEBUG - 2026-04-29 06:54:43 --> Session: Class initialized using 'CodeIgniter\Session\Handlers\FileHandler' driver.
DEBUG - 2026-04-29 06:55:05 --> Session: Class initialized using 'CodeIgniter\Session\Handlers\FileHandler' driver.
DEBUG - 2026-04-29 06:55:05 --> Session: Class initialized using 'CodeIgniter\Session\Handlers\FileHandler' driver.
DEBUG - 2026-04-29 07:05:40 --> Session: Class initialized using 'CodeIgniter\Session\Handlers\FileHandler' driver.
DEBUG - 2026-04-29 07:05:42 --> Session: Class initialized using 'CodeIgniter\Session\Handlers\FileHandler' driver.
DEBUG - 2026-04-29 07:13:01 --> Session: Class initialized using 'CodeIgniter\Session\Handlers\FileHandler' driver.
DEBUG - 2026-04-29 07:14:32 --> Session: Class initialized using 'CodeIgniter\Session\Handlers\FileHandler' driver.
DEBUG - 2026-04-29 07:29:11 --> Session: Class initialized using 'CodeIgniter\Session\Handlers\FileHandler' driver.
DEBUG - 2026-04-29 07:29:11 --> Session: Class initialized using 'CodeIgniter\Session\Handlers\FileHandler' driver.
DEBUG - 2026-04-29 07:30:01 --> Session: Class initialized using 'CodeIgniter\Session\Handlers\FileHandler' driver.
DEBUG - 2026-04-29 07:30:01 --> Session: Class initialized using 'CodeIgniter\Session\Handlers\FileHandler' driver.
DEBUG - 2026-04-29 07:30:26 --> Session: Class initialized using 'CodeIgniter\Session\Handlers\FileHandler' driver.
DEBUG - 2026-04-29 07:30:34 --> Session: Class initialized using 'CodeIgniter\Session\Handlers\FileHandler' driver.
DEBUG - 2026-04-29 07:30:35 --> Session: Class initialized using 'CodeIgniter\Session\Handlers\FileHandler' driver.
DEBUG - 2026-04-29 08:35:45 --> Session: Class initialized using 'CodeIgniter\Session\Handlers\FileHandler' driver.
