DEBUG - 2026-03-24 04:26:04 --> Session: Class initialized using 'CodeIgniter\Session\Handlers\FileHandler' driver.
DEBUG - 2026-03-24 04:26:06 --> Session: Class initialized using 'CodeIgniter\Session\Handlers\FileHandler' driver.
DEBUG - 2026-03-24 04:26:06 --> Session: Class initialized using 'CodeIgniter\Session\Handlers\FileHandler' driver.
DEBUG - 2026-03-24 04:26:10 --> Session: Class initialized using 'CodeIgniter\Session\Handlers\FileHandler' driver.
DEBUG - 2026-03-24 04:26:31 --> Session: Class initialized using 'CodeIgniter\Session\Handlers\FileHandler' driver.
DEBUG - 2026-03-24 04:26:35 --> Session: Class initialized using 'CodeIgniter\Session\Handlers\FileHandler' driver.
DEBUG - 2026-03-24 04:26:37 --> Session: Class initialized using 'CodeIgniter\Session\Handlers\FileHandler' driver.
ERROR - 2026-03-24 04:27:17 --> mysqli_sql_exception: Unknown column 'quantity' in 'field list' in C:\laragon\www\pharmacy-project\system\Database\MySQLi\Connection.php:327
Stack trace:
#0 C:\laragon\www\pharmacy-project\system\Database\MySQLi\Connection.php(327): mysqli->query('SELECT piq.*, p...', 0)
#1 C:\laragon\www\pharmacy-project\system\Database\BaseConnection.php(729): CodeIgniter\Database\MySQLi\Connection->execute('SELECT piq.*, p...')
#2 C:\laragon\www\pharmacy-project\system\Database\BaseConnection.php(646): CodeIgniter\Database\BaseConnection->simpleQuery('SELECT piq.*, p...')
#3 C:\laragon\www\pharmacy-project\app\Controllers\barcodegenerate.php(39): CodeIgniter\Database\BaseConnection->query('SELECT piq.*, p...')
#4 C:\laragon\www\pharmacy-project\system\CodeIgniter.php(933): App\Controllers\barcodegenerate->index()
#5 C:\laragon\www\pharmacy-project\system\CodeIgniter.php(507): CodeIgniter\CodeIgniter->runController(Object(App\Controllers\barcodegenerate))
#6 C:\laragon\www\pharmacy-project\system\CodeIgniter.php(354): CodeIgniter\CodeIgniter->handleRequest(NULL, Object(Config\Cache), false)
#7 C:\laragon\www\pharmacy-project\system\Boot.php(363): CodeIgniter\CodeIgniter->run()
#8 C:\laragon\www\pharmacy-project\system\Boot.php(68): CodeIgniter\Boot::runCodeIgniter(Object(CodeIgniter\CodeIgniter))
#9 C:\laragon\www\pharmacy-project\index.php(59): CodeIgniter\Boot::bootWeb(Object(Config\Paths))
#10 {main}
CRITICAL - 2026-03-24 04:27:17 --> CodeIgniter\Database\Exceptions\DatabaseException: Unknown column 'quantity' in 'field list'
[Method: GET, Route: barcodegenerate]
in SYSTEMPATH\Database\BaseConnection.php on line 684.
 1 APPPATH\Controllers\barcodegenerate.php(39): CodeIgniter\Database\BaseConnection->query('SELECT piq.*, productinitial_quantity + IFNULL(ppd.new_purchased,0) AS total_stock
        FROM product_inital_stock as piq
        LEFT JOIN (SELECT product_id,SUM(quantity) as new_purchased
        FROM product_purchase_details
        GROUP BY product_id) as ppd
        ON piq.product_id = ppd.product_id')
 2 SYSTEMPATH\CodeIgniter.php(933): App\Controllers\barcodegenerate->index()
 3 SYSTEMPATH\CodeIgniter.php(507): CodeIgniter\CodeIgniter->runController(Object(App\Controllers\barcodegenerate))
 4 SYSTEMPATH\CodeIgniter.php(354): CodeIgniter\CodeIgniter->handleRequest(null, Object(Config\Cache), false)
 5 SYSTEMPATH\Boot.php(363): CodeIgniter\CodeIgniter->run()
 6 SYSTEMPATH\Boot.php(68): CodeIgniter\Boot::runCodeIgniter(Object(CodeIgniter\CodeIgniter))
 7 FCPATH\index.php(59): CodeIgniter\Boot::bootWeb(Object(Config\Paths))
CRITICAL - 2026-03-24 04:27:17 --> [Caused by] CodeIgniter\Database\Exceptions\DatabaseException: Unknown column 'quantity' in 'field list'
in SYSTEMPATH\Database\MySQLi\Connection.php on line 332.
 1 SYSTEMPATH\Database\BaseConnection.php(729): CodeIgniter\Database\MySQLi\Connection->execute('SELECT piq.*, productinitial_quantity + IFNULL(ppd.new_purchased,0) AS total_stock
        FROM product_inital_stock as piq
        LEFT JOIN (SELECT product_id,SUM(quantity) as new_purchased
        FROM product_purchase_details
        GROUP BY product_id) as ppd
        ON piq.product_id = ppd.product_id')
 2 SYSTEMPATH\Database\BaseConnection.php(646): CodeIgniter\Database\BaseConnection->simpleQuery('SELECT piq.*, productinitial_quantity + IFNULL(ppd.new_purchased,0) AS total_stock
        FROM product_inital_stock as piq
        LEFT JOIN (SELECT product_id,SUM(quantity) as new_purchased
        FROM product_purchase_details
        GROUP BY product_id) as ppd
        ON piq.product_id = ppd.product_id')
 3 APPPATH\Controllers\barcodegenerate.php(39): CodeIgniter\Database\BaseConnection->query('SELECT piq.*, productinitial_quantity + IFNULL(ppd.new_purchased,0) AS total_stock
        FROM product_inital_stock as piq
        LEFT JOIN (SELECT product_id,SUM(quantity) as new_purchased
        FROM product_purchase_details
        GROUP BY product_id) as ppd
        ON piq.product_id = ppd.product_id')
 4 SYSTEMPATH\CodeIgniter.php(933): App\Controllers\barcodegenerate->index()
 5 SYSTEMPATH\CodeIgniter.php(507): CodeIgniter\CodeIgniter->runController(Object(App\Controllers\barcodegenerate))
 6 SYSTEMPATH\CodeIgniter.php(354): CodeIgniter\CodeIgniter->handleRequest(null, Object(Config\Cache), false)
 7 SYSTEMPATH\Boot.php(363): CodeIgniter\CodeIgniter->run()
 8 SYSTEMPATH\Boot.php(68): CodeIgniter\Boot::runCodeIgniter(Object(CodeIgniter\CodeIgniter))
 9 FCPATH\index.php(59): CodeIgniter\Boot::bootWeb(Object(Config\Paths))
CRITICAL - 2026-03-24 04:27:17 --> [Caused by] mysqli_sql_exception: Unknown column 'quantity' in 'field list'
in SYSTEMPATH\Database\MySQLi\Connection.php on line 327.
 1 SYSTEMPATH\Database\MySQLi\Connection.php(327): mysqli->query('SELECT piq.*, productinitial_quantity + IFNULL(ppd.new_purchased,0) AS total_stock
        FROM product_inital_stock as piq
        LEFT JOIN (SELECT product_id,SUM(quantity) as new_purchased
        FROM product_purchase_details
        GROUP BY product_id) as ppd
        ON piq.product_id = ppd.product_id', 0)
 2 SYSTEMPATH\Database\BaseConnection.php(729): CodeIgniter\Database\MySQLi\Connection->execute('SELECT piq.*, productinitial_quantity + IFNULL(ppd.new_purchased,0) AS total_stock
        FROM product_inital_stock as piq
        LEFT JOIN (SELECT product_id,SUM(quantity) as new_purchased
        FROM product_purchase_details
        GROUP BY product_id) as ppd
        ON piq.product_id = ppd.product_id')
 3 SYSTEMPATH\Database\BaseConnection.php(646): CodeIgniter\Database\BaseConnection->simpleQuery('SELECT piq.*, productinitial_quantity + IFNULL(ppd.new_purchased,0) AS total_stock
        FROM product_inital_stock as piq
        LEFT JOIN (SELECT product_id,SUM(quantity) as new_purchased
        FROM product_purchase_details
        GROUP BY product_id) as ppd
        ON piq.product_id = ppd.product_id')
 4 APPPATH\Controllers\barcodegenerate.php(39): CodeIgniter\Database\BaseConnection->query('SELECT piq.*, productinitial_quantity + IFNULL(ppd.new_purchased,0) AS total_stock
        FROM product_inital_stock as piq
        LEFT JOIN (SELECT product_id,SUM(quantity) as new_purchased
        FROM product_purchase_details
        GROUP BY product_id) as ppd
        ON piq.product_id = ppd.product_id')
 5 SYSTEMPATH\CodeIgniter.php(933): App\Controllers\barcodegenerate->index()
 6 SYSTEMPATH\CodeIgniter.php(507): CodeIgniter\CodeIgniter->runController(Object(App\Controllers\barcodegenerate))
 7 SYSTEMPATH\CodeIgniter.php(354): CodeIgniter\CodeIgniter->handleRequest(null, Object(Config\Cache), false)
 8 SYSTEMPATH\Boot.php(363): CodeIgniter\CodeIgniter->run()
 9 SYSTEMPATH\Boot.php(68): CodeIgniter\Boot::runCodeIgniter(Object(CodeIgniter\CodeIgniter))
10 FCPATH\index.php(59): CodeIgniter\Boot::bootWeb(Object(Config\Paths))
DEBUG - 2026-03-24 04:27:25 --> Session: Class initialized using 'CodeIgniter\Session\Handlers\FileHandler' driver.
ERROR - 2026-03-24 04:27:27 --> mysqli_sql_exception: Unknown column 'quantity' in 'field list' in C:\laragon\www\pharmacy-project\system\Database\MySQLi\Connection.php:327
Stack trace:
#0 C:\laragon\www\pharmacy-project\system\Database\MySQLi\Connection.php(327): mysqli->query('SELECT pis.*, (...', 0)
#1 C:\laragon\www\pharmacy-project\system\Database\BaseConnection.php(729): CodeIgniter\Database\MySQLi\Connection->execute('SELECT pis.*, (...')
#2 C:\laragon\www\pharmacy-project\system\Database\BaseConnection.php(646): CodeIgniter\Database\BaseConnection->simpleQuery('SELECT pis.*, (...')
#3 C:\laragon\www\pharmacy-project\app\Controllers\pos.php(272): CodeIgniter\Database\BaseConnection->query('SELECT pis.*, (...')
#4 C:\laragon\www\pharmacy-project\app\Controllers\pos.php(37): App\Controllers\Pos->products()
#5 C:\laragon\www\pharmacy-project\system\CodeIgniter.php(933): App\Controllers\Pos->index()
#6 C:\laragon\www\pharmacy-project\system\CodeIgniter.php(507): CodeIgniter\CodeIgniter->runController(Object(App\Controllers\Pos))
#7 C:\laragon\www\pharmacy-project\system\CodeIgniter.php(354): CodeIgniter\CodeIgniter->handleRequest(NULL, Object(Config\Cache), false)
#8 C:\laragon\www\pharmacy-project\system\Boot.php(363): CodeIgniter\CodeIgniter->run()
#9 C:\laragon\www\pharmacy-project\system\Boot.php(68): CodeIgniter\Boot::runCodeIgniter(Object(CodeIgniter\CodeIgniter))
#10 C:\laragon\www\pharmacy-project\index.php(59): CodeIgniter\Boot::bootWeb(Object(Config\Paths))
#11 {main}
CRITICAL - 2026-03-24 04:27:27 --> CodeIgniter\Database\Exceptions\DatabaseException: Unknown column 'quantity' in 'field list'
[Method: GET, Route: pos]
in SYSTEMPATH\Database\BaseConnection.php on line 684.
 1 APPPATH\Controllers\pos.php(272): CodeIgniter\Database\BaseConnection->query('SELECT pis.*, (productinitial_quantity + IFNULL(ppd.new_purchased,0)) - IFNULL(sd.total_sale,0)  AS total_stock
                FROM product_inital_stock as pis

                LEFT JOIN (SELECT product_id,SUM(product_quantity_sold) as total_sale
                                FROM sales_details
                                GROUP BY product_id) as sd
                ON pis.product_id = sd.product_id

                LEFT JOIN (SELECT product_id,SUM(quantity) as new_purchased
                FROM product_purchase_details
                GROUP BY product_id) as ppd
                ON pis.product_id = ppd.product_id ')
 2 APPPATH\Controllers\pos.php(37): App\Controllers\Pos->products()
 3 SYSTEMPATH\CodeIgniter.php(933): App\Controllers\Pos->index()
 4 SYSTEMPATH\CodeIgniter.php(507): CodeIgniter\CodeIgniter->runController(Object(App\Controllers\Pos))
 5 SYSTEMPATH\CodeIgniter.php(354): CodeIgniter\CodeIgniter->handleRequest(null, Object(Config\Cache), false)
 6 SYSTEMPATH\Boot.php(363): CodeIgniter\CodeIgniter->run()
 7 SYSTEMPATH\Boot.php(68): CodeIgniter\Boot::runCodeIgniter(Object(CodeIgniter\CodeIgniter))
 8 FCPATH\index.php(59): CodeIgniter\Boot::bootWeb(Object(Config\Paths))
CRITICAL - 2026-03-24 04:27:27 --> [Caused by] CodeIgniter\Database\Exceptions\DatabaseException: Unknown column 'quantity' in 'field list'
in SYSTEMPATH\Database\MySQLi\Connection.php on line 332.
 1 SYSTEMPATH\Database\BaseConnection.php(729): CodeIgniter\Database\MySQLi\Connection->execute('SELECT pis.*, (productinitial_quantity + IFNULL(ppd.new_purchased,0)) - IFNULL(sd.total_sale,0)  AS total_stock
                FROM product_inital_stock as pis

                LEFT JOIN (SELECT product_id,SUM(product_quantity_sold) as total_sale
                                FROM sales_details
                                GROUP BY product_id) as sd
                ON pis.product_id = sd.product_id

                LEFT JOIN (SELECT product_id,SUM(quantity) as new_purchased
                FROM product_purchase_details
                GROUP BY product_id) as ppd
                ON pis.product_id = ppd.product_id ')
 2 SYSTEMPATH\Database\BaseConnection.php(646): CodeIgniter\Database\BaseConnection->simpleQuery('SELECT pis.*, (productinitial_quantity + IFNULL(ppd.new_purchased,0)) - IFNULL(sd.total_sale,0)  AS total_stock
                FROM product_inital_stock as pis

                LEFT JOIN (SELECT product_id,SUM(product_quantity_sold) as total_sale
                                FROM sales_details
                                GROUP BY product_id) as sd
                ON pis.product_id = sd.product_id

                LEFT JOIN (SELECT product_id,SUM(quantity) as new_purchased
                FROM product_purchase_details
                GROUP BY product_id) as ppd
                ON pis.product_id = ppd.product_id ')
 3 APPPATH\Controllers\pos.php(272): CodeIgniter\Database\BaseConnection->query('SELECT pis.*, (productinitial_quantity + IFNULL(ppd.new_purchased,0)) - IFNULL(sd.total_sale,0)  AS total_stock
                FROM product_inital_stock as pis

                LEFT JOIN (SELECT product_id,SUM(product_quantity_sold) as total_sale
                                FROM sales_details
                                GROUP BY product_id) as sd
                ON pis.product_id = sd.product_id

                LEFT JOIN (SELECT product_id,SUM(quantity) as new_purchased
                FROM product_purchase_details
                GROUP BY product_id) as ppd
                ON pis.product_id = ppd.product_id ')
 4 APPPATH\Controllers\pos.php(37): App\Controllers\Pos->products()
 5 SYSTEMPATH\CodeIgniter.php(933): App\Controllers\Pos->index()
 6 SYSTEMPATH\CodeIgniter.php(507): CodeIgniter\CodeIgniter->runController(Object(App\Controllers\Pos))
 7 SYSTEMPATH\CodeIgniter.php(354): CodeIgniter\CodeIgniter->handleRequest(null, Object(Config\Cache), false)
 8 SYSTEMPATH\Boot.php(363): CodeIgniter\CodeIgniter->run()
 9 SYSTEMPATH\Boot.php(68): CodeIgniter\Boot::runCodeIgniter(Object(CodeIgniter\CodeIgniter))
10 FCPATH\index.php(59): CodeIgniter\Boot::bootWeb(Object(Config\Paths))
CRITICAL - 2026-03-24 04:27:27 --> [Caused by] mysqli_sql_exception: Unknown column 'quantity' in 'field list'
in SYSTEMPATH\Database\MySQLi\Connection.php on line 327.
 1 SYSTEMPATH\Database\MySQLi\Connection.php(327): mysqli->query('SELECT pis.*, (productinitial_quantity + IFNULL(ppd.new_purchased,0)) - IFNULL(sd.total_sale,0)  AS total_stock
                FROM product_inital_stock as pis

                LEFT JOIN (SELECT product_id,SUM(product_quantity_sold) as total_sale
                                FROM sales_details
                                GROUP BY product_id) as sd
                ON pis.product_id = sd.product_id

                LEFT JOIN (SELECT product_id,SUM(quantity) as new_purchased
                FROM product_purchase_details
                GROUP BY product_id) as ppd
                ON pis.product_id = ppd.product_id ', 0)
 2 SYSTEMPATH\Database\BaseConnection.php(729): CodeIgniter\Database\MySQLi\Connection->execute('SELECT pis.*, (productinitial_quantity + IFNULL(ppd.new_purchased,0)) - IFNULL(sd.total_sale,0)  AS total_stock
                FROM product_inital_stock as pis

                LEFT JOIN (SELECT product_id,SUM(product_quantity_sold) as total_sale
                                FROM sales_details
                                GROUP BY product_id) as sd
                ON pis.product_id = sd.product_id

                LEFT JOIN (SELECT product_id,SUM(quantity) as new_purchased
                FROM product_purchase_details
                GROUP BY product_id) as ppd
                ON pis.product_id = ppd.product_id ')
 3 SYSTEMPATH\Database\BaseConnection.php(646): CodeIgniter\Database\BaseConnection->simpleQuery('SELECT pis.*, (productinitial_quantity + IFNULL(ppd.new_purchased,0)) - IFNULL(sd.total_sale,0)  AS total_stock
                FROM product_inital_stock as pis

                LEFT JOIN (SELECT product_id,SUM(product_quantity_sold) as total_sale
                                FROM sales_details
                                GROUP BY product_id) as sd
                ON pis.product_id = sd.product_id

                LEFT JOIN (SELECT product_id,SUM(quantity) as new_purchased
                FROM product_purchase_details
                GROUP BY product_id) as ppd
                ON pis.product_id = ppd.product_id ')
 4 APPPATH\Controllers\pos.php(272): CodeIgniter\Database\BaseConnection->query('SELECT pis.*, (productinitial_quantity + IFNULL(ppd.new_purchased,0)) - IFNULL(sd.total_sale,0)  AS total_stock
                FROM product_inital_stock as pis

                LEFT JOIN (SELECT product_id,SUM(product_quantity_sold) as total_sale
                                FROM sales_details
                                GROUP BY product_id) as sd
                ON pis.product_id = sd.product_id

                LEFT JOIN (SELECT product_id,SUM(quantity) as new_purchased
                FROM product_purchase_details
                GROUP BY product_id) as ppd
                ON pis.product_id = ppd.product_id ')
 5 APPPATH\Controllers\pos.php(37): App\Controllers\Pos->products()
 6 SYSTEMPATH\CodeIgniter.php(933): App\Controllers\Pos->index()
 7 SYSTEMPATH\CodeIgniter.php(507): CodeIgniter\CodeIgniter->runController(Object(App\Controllers\Pos))
 8 SYSTEMPATH\CodeIgniter.php(354): CodeIgniter\CodeIgniter->handleRequest(null, Object(Config\Cache), false)
 9 SYSTEMPATH\Boot.php(363): CodeIgniter\CodeIgniter->run()
10 SYSTEMPATH\Boot.php(68): CodeIgniter\Boot::runCodeIgniter(Object(CodeIgniter\CodeIgniter))
11 FCPATH\index.php(59): CodeIgniter\Boot::bootWeb(Object(Config\Paths))
DEBUG - 2026-03-24 04:59:52 --> Session: Class initialized using 'CodeIgniter\Session\Handlers\FileHandler' driver.
DEBUG - 2026-03-24 05:00:55 --> Session: Class initialized using 'CodeIgniter\Session\Handlers\FileHandler' driver.
DEBUG - 2026-03-24 05:02:03 --> Session: Class initialized using 'CodeIgniter\Session\Handlers\FileHandler' driver.
DEBUG - 2026-03-24 05:30:40 --> Session: Class initialized using 'CodeIgniter\Session\Handlers\FileHandler' driver.
DEBUG - 2026-03-24 05:30:44 --> Session: Class initialized using 'CodeIgniter\Session\Handlers\FileHandler' driver.
DEBUG - 2026-03-24 05:31:12 --> Session: Class initialized using 'CodeIgniter\Session\Handlers\FileHandler' driver.
DEBUG - 2026-03-24 05:31:25 --> Session: Class initialized using 'CodeIgniter\Session\Handlers\FileHandler' driver.
DEBUG - 2026-03-24 05:31:35 --> Session: Class initialized using 'CodeIgniter\Session\Handlers\FileHandler' driver.
DEBUG - 2026-03-24 05:31:39 --> Session: Class initialized using 'CodeIgniter\Session\Handlers\FileHandler' driver.
DEBUG - 2026-03-24 05:38:50 --> Session: Class initialized using 'CodeIgniter\Session\Handlers\FileHandler' driver.
DEBUG - 2026-03-24 05:38:51 --> Session: Class initialized using 'CodeIgniter\Session\Handlers\FileHandler' driver.
DEBUG - 2026-03-24 05:40:55 --> Session: Class initialized using 'CodeIgniter\Session\Handlers\FileHandler' driver.
DEBUG - 2026-03-24 05:40:57 --> Session: Class initialized using 'CodeIgniter\Session\Handlers\FileHandler' driver.
DEBUG - 2026-03-24 05:48:31 --> Session: Class initialized using 'CodeIgniter\Session\Handlers\FileHandler' driver.
DEBUG - 2026-03-24 05:49:29 --> Session: Class initialized using 'CodeIgniter\Session\Handlers\FileHandler' driver.
DEBUG - 2026-03-24 05:49:32 --> Session: Class initialized using 'CodeIgniter\Session\Handlers\FileHandler' driver.
DEBUG - 2026-03-24 05:53:31 --> Session: Class initialized using 'CodeIgniter\Session\Handlers\FileHandler' driver.
DEBUG - 2026-03-24 05:54:48 --> Session: Class initialized using 'CodeIgniter\Session\Handlers\FileHandler' driver.
DEBUG - 2026-03-24 05:54:50 --> Session: Class initialized using 'CodeIgniter\Session\Handlers\FileHandler' driver.
DEBUG - 2026-03-24 06:21:13 --> Session: Class initialized using 'CodeIgniter\Session\Handlers\FileHandler' driver.
DEBUG - 2026-03-24 06:21:36 --> Session: Class initialized using 'CodeIgniter\Session\Handlers\FileHandler' driver.
DEBUG - 2026-03-24 06:21:39 --> Session: Class initialized using 'CodeIgniter\Session\Handlers\FileHandler' driver.
DEBUG - 2026-03-24 06:23:06 --> Session: Class initialized using 'CodeIgniter\Session\Handlers\FileHandler' driver.
DEBUG - 2026-03-24 06:24:33 --> Session: Class initialized using 'CodeIgniter\Session\Handlers\FileHandler' driver.
CRITICAL - 2026-03-24 06:24:33 --> ErrorException: Undefined variable $vat_on_total
[Method: POST, Route: purchase-product]
in APPPATH\Controllers\Purchase.php on line 138.
 1 APPPATH\Controllers\Purchase.php(138): CodeIgniter\Debug\Exceptions->errorHandler(2, 'Undefined variable $vat_on_total', 'C:\\laragon\\www\\pharmacy-project\\app\\Controllers\\Purchase.php', 138)
 2 SYSTEMPATH\CodeIgniter.php(933): App\Controllers\Purchase->purchase_product()
 3 SYSTEMPATH\CodeIgniter.php(507): CodeIgniter\CodeIgniter->runController(Object(App\Controllers\Purchase))
 4 SYSTEMPATH\CodeIgniter.php(354): CodeIgniter\CodeIgniter->handleRequest(null, Object(Config\Cache), false)
 5 SYSTEMPATH\Boot.php(363): CodeIgniter\CodeIgniter->run()
 6 SYSTEMPATH\Boot.php(68): CodeIgniter\Boot::runCodeIgniter(Object(CodeIgniter\CodeIgniter))
 7 FCPATH\index.php(59): CodeIgniter\Boot::bootWeb(Object(Config\Paths))
DEBUG - 2026-03-24 06:25:46 --> Session: Class initialized using 'CodeIgniter\Session\Handlers\FileHandler' driver.
DEBUG - 2026-03-24 06:25:48 --> Session: Class initialized using 'CodeIgniter\Session\Handlers\FileHandler' driver.
ERROR - 2026-03-24 06:28:20 --> mysqli_sql_exception: Unknown column 'quantity' in 'field list' in C:\laragon\www\pharmacy-project\system\Database\MySQLi\Connection.php:327
Stack trace:
#0 C:\laragon\www\pharmacy-project\system\Database\MySQLi\Connection.php(327): mysqli->query('SELECT pis.*, (...', 0)
#1 C:\laragon\www\pharmacy-project\system\Database\BaseConnection.php(729): CodeIgniter\Database\MySQLi\Connection->execute('SELECT pis.*, (...')
#2 C:\laragon\www\pharmacy-project\system\Database\BaseConnection.php(646): CodeIgniter\Database\BaseConnection->simpleQuery('SELECT pis.*, (...')
#3 C:\laragon\www\pharmacy-project\app\Controllers\pos.php(272): CodeIgniter\Database\BaseConnection->query('SELECT pis.*, (...')
#4 C:\laragon\www\pharmacy-project\app\Controllers\pos.php(37): App\Controllers\Pos->products()
#5 C:\laragon\www\pharmacy-project\system\CodeIgniter.php(933): App\Controllers\Pos->index()
#6 C:\laragon\www\pharmacy-project\system\CodeIgniter.php(507): CodeIgniter\CodeIgniter->runController(Object(App\Controllers\Pos))
#7 C:\laragon\www\pharmacy-project\system\CodeIgniter.php(354): CodeIgniter\CodeIgniter->handleRequest(NULL, Object(Config\Cache), false)
#8 C:\laragon\www\pharmacy-project\system\Boot.php(363): CodeIgniter\CodeIgniter->run()
#9 C:\laragon\www\pharmacy-project\system\Boot.php(68): CodeIgniter\Boot::runCodeIgniter(Object(CodeIgniter\CodeIgniter))
#10 C:\laragon\www\pharmacy-project\index.php(59): CodeIgniter\Boot::bootWeb(Object(Config\Paths))
#11 {main}
CRITICAL - 2026-03-24 06:28:20 --> CodeIgniter\Database\Exceptions\DatabaseException: Unknown column 'quantity' in 'field list'
[Method: GET, Route: pos]
in SYSTEMPATH\Database\BaseConnection.php on line 684.
 1 APPPATH\Controllers\pos.php(272): CodeIgniter\Database\BaseConnection->query('SELECT pis.*, (productinitial_quantity + IFNULL(ppd.new_purchased,0)) - IFNULL(sd.total_sale,0)  AS total_stock
                FROM product_inital_stock as pis

                LEFT JOIN (SELECT product_id,SUM(product_quantity_sold) as total_sale
                                FROM sales_details
                                GROUP BY product_id) as sd
                ON pis.product_id = sd.product_id

                LEFT JOIN (SELECT product_id,SUM(quantity) as new_purchased
                FROM product_purchase_details
                GROUP BY product_id) as ppd
                ON pis.product_id = ppd.product_id ')
 2 APPPATH\Controllers\pos.php(37): App\Controllers\Pos->products()
 3 SYSTEMPATH\CodeIgniter.php(933): App\Controllers\Pos->index()
 4 SYSTEMPATH\CodeIgniter.php(507): CodeIgniter\CodeIgniter->runController(Object(App\Controllers\Pos))
 5 SYSTEMPATH\CodeIgniter.php(354): CodeIgniter\CodeIgniter->handleRequest(null, Object(Config\Cache), false)
 6 SYSTEMPATH\Boot.php(363): CodeIgniter\CodeIgniter->run()
 7 SYSTEMPATH\Boot.php(68): CodeIgniter\Boot::runCodeIgniter(Object(CodeIgniter\CodeIgniter))
 8 FCPATH\index.php(59): CodeIgniter\Boot::bootWeb(Object(Config\Paths))
CRITICAL - 2026-03-24 06:28:20 --> [Caused by] CodeIgniter\Database\Exceptions\DatabaseException: Unknown column 'quantity' in 'field list'
in SYSTEMPATH\Database\MySQLi\Connection.php on line 332.
 1 SYSTEMPATH\Database\BaseConnection.php(729): CodeIgniter\Database\MySQLi\Connection->execute('SELECT pis.*, (productinitial_quantity + IFNULL(ppd.new_purchased,0)) - IFNULL(sd.total_sale,0)  AS total_stock
                FROM product_inital_stock as pis

                LEFT JOIN (SELECT product_id,SUM(product_quantity_sold) as total_sale
                                FROM sales_details
                                GROUP BY product_id) as sd
                ON pis.product_id = sd.product_id

                LEFT JOIN (SELECT product_id,SUM(quantity) as new_purchased
                FROM product_purchase_details
                GROUP BY product_id) as ppd
                ON pis.product_id = ppd.product_id ')
 2 SYSTEMPATH\Database\BaseConnection.php(646): CodeIgniter\Database\BaseConnection->simpleQuery('SELECT pis.*, (productinitial_quantity + IFNULL(ppd.new_purchased,0)) - IFNULL(sd.total_sale,0)  AS total_stock
                FROM product_inital_stock as pis

                LEFT JOIN (SELECT product_id,SUM(product_quantity_sold) as total_sale
                                FROM sales_details
                                GROUP BY product_id) as sd
                ON pis.product_id = sd.product_id

                LEFT JOIN (SELECT product_id,SUM(quantity) as new_purchased
                FROM product_purchase_details
                GROUP BY product_id) as ppd
                ON pis.product_id = ppd.product_id ')
 3 APPPATH\Controllers\pos.php(272): CodeIgniter\Database\BaseConnection->query('SELECT pis.*, (productinitial_quantity + IFNULL(ppd.new_purchased,0)) - IFNULL(sd.total_sale,0)  AS total_stock
                FROM product_inital_stock as pis

                LEFT JOIN (SELECT product_id,SUM(product_quantity_sold) as total_sale
                                FROM sales_details
                                GROUP BY product_id) as sd
                ON pis.product_id = sd.product_id

                LEFT JOIN (SELECT product_id,SUM(quantity) as new_purchased
                FROM product_purchase_details
                GROUP BY product_id) as ppd
                ON pis.product_id = ppd.product_id ')
 4 APPPATH\Controllers\pos.php(37): App\Controllers\Pos->products()
 5 SYSTEMPATH\CodeIgniter.php(933): App\Controllers\Pos->index()
 6 SYSTEMPATH\CodeIgniter.php(507): CodeIgniter\CodeIgniter->runController(Object(App\Controllers\Pos))
 7 SYSTEMPATH\CodeIgniter.php(354): CodeIgniter\CodeIgniter->handleRequest(null, Object(Config\Cache), false)
 8 SYSTEMPATH\Boot.php(363): CodeIgniter\CodeIgniter->run()
 9 SYSTEMPATH\Boot.php(68): CodeIgniter\Boot::runCodeIgniter(Object(CodeIgniter\CodeIgniter))
10 FCPATH\index.php(59): CodeIgniter\Boot::bootWeb(Object(Config\Paths))
CRITICAL - 2026-03-24 06:28:20 --> [Caused by] mysqli_sql_exception: Unknown column 'quantity' in 'field list'
in SYSTEMPATH\Database\MySQLi\Connection.php on line 327.
 1 SYSTEMPATH\Database\MySQLi\Connection.php(327): mysqli->query('SELECT pis.*, (productinitial_quantity + IFNULL(ppd.new_purchased,0)) - IFNULL(sd.total_sale,0)  AS total_stock
                FROM product_inital_stock as pis

                LEFT JOIN (SELECT product_id,SUM(product_quantity_sold) as total_sale
                                FROM sales_details
                                GROUP BY product_id) as sd
                ON pis.product_id = sd.product_id

                LEFT JOIN (SELECT product_id,SUM(quantity) as new_purchased
                FROM product_purchase_details
                GROUP BY product_id) as ppd
                ON pis.product_id = ppd.product_id ', 0)
 2 SYSTEMPATH\Database\BaseConnection.php(729): CodeIgniter\Database\MySQLi\Connection->execute('SELECT pis.*, (productinitial_quantity + IFNULL(ppd.new_purchased,0)) - IFNULL(sd.total_sale,0)  AS total_stock
                FROM product_inital_stock as pis

                LEFT JOIN (SELECT product_id,SUM(product_quantity_sold) as total_sale
                                FROM sales_details
                                GROUP BY product_id) as sd
                ON pis.product_id = sd.product_id

                LEFT JOIN (SELECT product_id,SUM(quantity) as new_purchased
                FROM product_purchase_details
                GROUP BY product_id) as ppd
                ON pis.product_id = ppd.product_id ')
 3 SYSTEMPATH\Database\BaseConnection.php(646): CodeIgniter\Database\BaseConnection->simpleQuery('SELECT pis.*, (productinitial_quantity + IFNULL(ppd.new_purchased,0)) - IFNULL(sd.total_sale,0)  AS total_stock
                FROM product_inital_stock as pis

                LEFT JOIN (SELECT product_id,SUM(product_quantity_sold) as total_sale
                                FROM sales_details
                                GROUP BY product_id) as sd
                ON pis.product_id = sd.product_id

                LEFT JOIN (SELECT product_id,SUM(quantity) as new_purchased
                FROM product_purchase_details
                GROUP BY product_id) as ppd
                ON pis.product_id = ppd.product_id ')
 4 APPPATH\Controllers\pos.php(272): CodeIgniter\Database\BaseConnection->query('SELECT pis.*, (productinitial_quantity + IFNULL(ppd.new_purchased,0)) - IFNULL(sd.total_sale,0)  AS total_stock
                FROM product_inital_stock as pis

                LEFT JOIN (SELECT product_id,SUM(product_quantity_sold) as total_sale
                                FROM sales_details
                                GROUP BY product_id) as sd
                ON pis.product_id = sd.product_id

                LEFT JOIN (SELECT product_id,SUM(quantity) as new_purchased
                FROM product_purchase_details
                GROUP BY product_id) as ppd
                ON pis.product_id = ppd.product_id ')
 5 APPPATH\Controllers\pos.php(37): App\Controllers\Pos->products()
 6 SYSTEMPATH\CodeIgniter.php(933): App\Controllers\Pos->index()
 7 SYSTEMPATH\CodeIgniter.php(507): CodeIgniter\CodeIgniter->runController(Object(App\Controllers\Pos))
 8 SYSTEMPATH\CodeIgniter.php(354): CodeIgniter\CodeIgniter->handleRequest(null, Object(Config\Cache), false)
 9 SYSTEMPATH\Boot.php(363): CodeIgniter\CodeIgniter->run()
10 SYSTEMPATH\Boot.php(68): CodeIgniter\Boot::runCodeIgniter(Object(CodeIgniter\CodeIgniter))
11 FCPATH\index.php(59): CodeIgniter\Boot::bootWeb(Object(Config\Paths))
DEBUG - 2026-03-24 06:37:23 --> Session: Class initialized using 'CodeIgniter\Session\Handlers\FileHandler' driver.
DEBUG - 2026-03-24 06:37:45 --> Session: Class initialized using 'CodeIgniter\Session\Handlers\FileHandler' driver.
DEBUG - 2026-03-24 06:38:00 --> Session: Class initialized using 'CodeIgniter\Session\Handlers\FileHandler' driver.
DEBUG - 2026-03-24 06:44:11 --> Session: Class initialized using 'CodeIgniter\Session\Handlers\FileHandler' driver.
DEBUG - 2026-03-24 06:45:10 --> Session: Class initialized using 'CodeIgniter\Session\Handlers\FileHandler' driver.
DEBUG - 2026-03-24 06:46:59 --> Session: Class initialized using 'CodeIgniter\Session\Handlers\FileHandler' driver.
DEBUG - 2026-03-24 06:47:26 --> Session: Class initialized using 'CodeIgniter\Session\Handlers\FileHandler' driver.
DEBUG - 2026-03-24 06:47:26 --> Session: Class initialized using 'CodeIgniter\Session\Handlers\FileHandler' driver.
CRITICAL - 2026-03-24 06:58:25 --> ErrorException: Undefined array key "cus_first_name"
[Method: GET, Route: invoice/703]
in APPPATH\Views\report\sales-invoice.php on line 106.
 1 APPPATH\Views\report\sales-invoice.php(106): CodeIgniter\Debug\Exceptions->errorHandler(2, 'Undefined array key "cus_first_name"', 'C:\\laragon\\www\\pharmacy-project\\app\\Views\\report\\sales-invoice.php', 106)
 2 SYSTEMPATH\View\View.php(226): include('C:\\laragon\\www\\pharmacy-project\\app\\Views\\report\\sales-invoice.php')
 3 SYSTEMPATH\View\View.php(229): CodeIgniter\View\View->CodeIgniter\View\{closure}()
 4 SYSTEMPATH\Common.php(1167): CodeIgniter\View\View->render('report/sales-invoice', [], true)
 5 APPPATH\Controllers\PdfController.php(112): view('report/sales-invoice', [...])
 6 SYSTEMPATH\CodeIgniter.php(933): App\Controllers\PdfController->invoice('703')
 7 SYSTEMPATH\CodeIgniter.php(507): CodeIgniter\CodeIgniter->runController(Object(App\Controllers\PdfController))
 8 SYSTEMPATH\CodeIgniter.php(354): CodeIgniter\CodeIgniter->handleRequest(null, Object(Config\Cache), false)
 9 SYSTEMPATH\Boot.php(363): CodeIgniter\CodeIgniter->run()
10 SYSTEMPATH\Boot.php(68): CodeIgniter\Boot::runCodeIgniter(Object(CodeIgniter\CodeIgniter))
11 FCPATH\index.php(59): CodeIgniter\Boot::bootWeb(Object(Config\Paths))
DEBUG - 2026-03-24 07:10:26 --> Session: Class initialized using 'CodeIgniter\Session\Handlers\FileHandler' driver.
DEBUG - 2026-03-24 07:10:27 --> Session: Class initialized using 'CodeIgniter\Session\Handlers\FileHandler' driver.
CRITICAL - 2026-03-24 07:52:12 --> ErrorException: Undefined array key "cus_first_name"
[Method: GET, Route: invoice/704]
in APPPATH\Views\report\sales-invoice.php on line 106.
 1 APPPATH\Views\report\sales-invoice.php(106): CodeIgniter\Debug\Exceptions->errorHandler(2, 'Undefined array key "cus_first_name"', 'C:\\laragon\\www\\pharmacy-project\\app\\Views\\report\\sales-invoice.php', 106)
 2 SYSTEMPATH\View\View.php(226): include('C:\\laragon\\www\\pharmacy-project\\app\\Views\\report\\sales-invoice.php')
 3 SYSTEMPATH\View\View.php(229): CodeIgniter\View\View->CodeIgniter\View\{closure}()
 4 SYSTEMPATH\Common.php(1167): CodeIgniter\View\View->render('report/sales-invoice', [], true)
 5 APPPATH\Controllers\PdfController.php(144): view('report/sales-invoice', [...])
 6 SYSTEMPATH\CodeIgniter.php(933): App\Controllers\PdfController->invoice('704')
 7 SYSTEMPATH\CodeIgniter.php(507): CodeIgniter\CodeIgniter->runController(Object(App\Controllers\PdfController))
 8 SYSTEMPATH\CodeIgniter.php(354): CodeIgniter\CodeIgniter->handleRequest(null, Object(Config\Cache), false)
 9 SYSTEMPATH\Boot.php(363): CodeIgniter\CodeIgniter->run()
10 SYSTEMPATH\Boot.php(68): CodeIgniter\Boot::runCodeIgniter(Object(CodeIgniter\CodeIgniter))
11 FCPATH\index.php(59): CodeIgniter\Boot::bootWeb(Object(Config\Paths))
CRITICAL - 2026-03-24 07:55:52 --> ParseError: Unclosed '{' on line 107
[Method: GET, Route: invoice/704]
in APPPATH\Views\report\sales-invoice.php on line 218.
 1 SYSTEMPATH\View\View.php(229): CodeIgniter\View\View->CodeIgniter\View\{closure}()
 2 SYSTEMPATH\Common.php(1167): CodeIgniter\View\View->render('report/sales-invoice', [], true)
 3 APPPATH\Controllers\PdfController.php(142): view('report/sales-invoice', [...])
 4 SYSTEMPATH\CodeIgniter.php(933): App\Controllers\PdfController->invoice('704')
 5 SYSTEMPATH\CodeIgniter.php(507): CodeIgniter\CodeIgniter->runController(Object(App\Controllers\PdfController))
 6 SYSTEMPATH\CodeIgniter.php(354): CodeIgniter\CodeIgniter->handleRequest(null, Object(Config\Cache), false)
 7 SYSTEMPATH\Boot.php(363): CodeIgniter\CodeIgniter->run()
 8 SYSTEMPATH\Boot.php(68): CodeIgniter\Boot::runCodeIgniter(Object(CodeIgniter\CodeIgniter))
 9 FCPATH\index.php(59): CodeIgniter\Boot::bootWeb(Object(Config\Paths))
CRITICAL - 2026-03-24 07:56:15 --> ParseError: Unclosed '{' on line 107
[Method: GET, Route: invoice/704]
in APPPATH\Views\report\sales-invoice.php on line 218.
 1 SYSTEMPATH\View\View.php(229): CodeIgniter\View\View->CodeIgniter\View\{closure}()
 2 SYSTEMPATH\Common.php(1167): CodeIgniter\View\View->render('report/sales-invoice', [], true)
 3 APPPATH\Controllers\PdfController.php(142): view('report/sales-invoice', [...])
 4 SYSTEMPATH\CodeIgniter.php(933): App\Controllers\PdfController->invoice('704')
 5 SYSTEMPATH\CodeIgniter.php(507): CodeIgniter\CodeIgniter->runController(Object(App\Controllers\PdfController))
 6 SYSTEMPATH\CodeIgniter.php(354): CodeIgniter\CodeIgniter->handleRequest(null, Object(Config\Cache), false)
 7 SYSTEMPATH\Boot.php(363): CodeIgniter\CodeIgniter->run()
 8 SYSTEMPATH\Boot.php(68): CodeIgniter\Boot::runCodeIgniter(Object(CodeIgniter\CodeIgniter))
 9 FCPATH\index.php(59): CodeIgniter\Boot::bootWeb(Object(Config\Paths))
DEBUG - 2026-03-24 07:59:01 --> Session: Class initialized using 'CodeIgniter\Session\Handlers\FileHandler' driver.
DEBUG - 2026-03-24 07:59:55 --> Session: Class initialized using 'CodeIgniter\Session\Handlers\FileHandler' driver.
DEBUG - 2026-03-24 07:59:57 --> Session: Class initialized using 'CodeIgniter\Session\Handlers\FileHandler' driver.
DEBUG - 2026-03-24 08:00:55 --> Session: Class initialized using 'CodeIgniter\Session\Handlers\FileHandler' driver.
DEBUG - 2026-03-24 08:02:16 --> Session: Class initialized using 'CodeIgniter\Session\Handlers\FileHandler' driver.
DEBUG - 2026-03-24 08:02:49 --> Session: Class initialized using 'CodeIgniter\Session\Handlers\FileHandler' driver.
DEBUG - 2026-03-24 08:02:53 --> Session: Class initialized using 'CodeIgniter\Session\Handlers\FileHandler' driver.
DEBUG - 2026-03-24 08:03:08 --> Session: Class initialized using 'CodeIgniter\Session\Handlers\FileHandler' driver.
DEBUG - 2026-03-24 08:03:13 --> Session: Class initialized using 'CodeIgniter\Session\Handlers\FileHandler' driver.
DEBUG - 2026-03-24 08:32:03 --> Session: Class initialized using 'CodeIgniter\Session\Handlers\FileHandler' driver.
DEBUG - 2026-03-24 08:32:21 --> Session: Class initialized using 'CodeIgniter\Session\Handlers\FileHandler' driver.
DEBUG - 2026-03-24 08:32:35 --> Session: Class initialized using 'CodeIgniter\Session\Handlers\FileHandler' driver.
DEBUG - 2026-03-24 08:32:53 --> Session: Class initialized using 'CodeIgniter\Session\Handlers\FileHandler' driver.
DEBUG - 2026-03-24 08:33:21 --> Session: Class initialized using 'CodeIgniter\Session\Handlers\FileHandler' driver.
DEBUG - 2026-03-24 08:33:25 --> Session: Class initialized using 'CodeIgniter\Session\Handlers\FileHandler' driver.
DEBUG - 2026-03-24 08:33:41 --> Session: Class initialized using 'CodeIgniter\Session\Handlers\FileHandler' driver.
DEBUG - 2026-03-24 08:34:03 --> Session: Class initialized using 'CodeIgniter\Session\Handlers\FileHandler' driver.
DEBUG - 2026-03-24 08:34:03 --> Session: Class initialized using 'CodeIgniter\Session\Handlers\FileHandler' driver.
DEBUG - 2026-03-24 08:34:07 --> Session: Class initialized using 'CodeIgniter\Session\Handlers\FileHandler' driver.
DEBUG - 2026-03-24 08:34:08 --> Session: Class initialized using 'CodeIgniter\Session\Handlers\FileHandler' driver.
DEBUG - 2026-03-24 08:34:47 --> Session: Class initialized using 'CodeIgniter\Session\Handlers\FileHandler' driver.
DEBUG - 2026-03-24 08:35:07 --> Session: Class initialized using 'CodeIgniter\Session\Handlers\FileHandler' driver.
DEBUG - 2026-03-24 08:35:07 --> Session: Class initialized using 'CodeIgniter\Session\Handlers\FileHandler' driver.
DEBUG - 2026-03-24 08:35:17 --> Session: Class initialized using 'CodeIgniter\Session\Handlers\FileHandler' driver.
DEBUG - 2026-03-24 08:35:19 --> Session: Class initialized using 'CodeIgniter\Session\Handlers\FileHandler' driver.
DEBUG - 2026-03-24 08:35:59 --> Session: Class initialized using 'CodeIgniter\Session\Handlers\FileHandler' driver.
DEBUG - 2026-03-24 08:35:59 --> Session: Class initialized using 'CodeIgniter\Session\Handlers\FileHandler' driver.
DEBUG - 2026-03-24 08:36:02 --> Session: Class initialized using 'CodeIgniter\Session\Handlers\FileHandler' driver.
DEBUG - 2026-03-24 08:36:04 --> Session: Class initialized using 'CodeIgniter\Session\Handlers\FileHandler' driver.
DEBUG - 2026-03-24 08:36:31 --> Session: Class initialized using 'CodeIgniter\Session\Handlers\FileHandler' driver.
DEBUG - 2026-03-24 08:36:46 --> Session: Class initialized using 'CodeIgniter\Session\Handlers\FileHandler' driver.
DEBUG - 2026-03-24 08:37:05 --> Session: Class initialized using 'CodeIgniter\Session\Handlers\FileHandler' driver.
DEBUG - 2026-03-24 08:58:02 --> Session: Class initialized using 'CodeIgniter\Session\Handlers\FileHandler' driver.
DEBUG - 2026-03-24 08:58:03 --> Session: Class initialized using 'CodeIgniter\Session\Handlers\FileHandler' driver.
DEBUG - 2026-03-24 08:58:08 --> Session: Class initialized using 'CodeIgniter\Session\Handlers\FileHandler' driver.
DEBUG - 2026-03-24 08:58:20 --> Session: Class initialized using 'CodeIgniter\Session\Handlers\FileHandler' driver.
DEBUG - 2026-03-24 08:58:21 --> Session: Class initialized using 'CodeIgniter\Session\Handlers\FileHandler' driver.
DEBUG - 2026-03-24 08:58:23 --> Session: Class initialized using 'CodeIgniter\Session\Handlers\FileHandler' driver.
DEBUG - 2026-03-24 08:58:25 --> Session: Class initialized using 'CodeIgniter\Session\Handlers\FileHandler' driver.
DEBUG - 2026-03-24 08:58:28 --> Session: Class initialized using 'CodeIgniter\Session\Handlers\FileHandler' driver.
DEBUG - 2026-03-24 08:58:37 --> Session: Class initialized using 'CodeIgniter\Session\Handlers\FileHandler' driver.
DEBUG - 2026-03-24 08:58:40 --> Session: Class initialized using 'CodeIgniter\Session\Handlers\FileHandler' driver.
DEBUG - 2026-03-24 08:58:42 --> Session: Class initialized using 'CodeIgniter\Session\Handlers\FileHandler' driver.
DEBUG - 2026-03-24 08:58:52 --> Session: Class initialized using 'CodeIgniter\Session\Handlers\FileHandler' driver.
DEBUG - 2026-03-24 08:59:03 --> Session: Class initialized using 'CodeIgniter\Session\Handlers\FileHandler' driver.
DEBUG - 2026-03-24 08:59:07 --> Session: Class initialized using 'CodeIgniter\Session\Handlers\FileHandler' driver.
DEBUG - 2026-03-24 09:01:31 --> Session: Class initialized using 'CodeIgniter\Session\Handlers\FileHandler' driver.
DEBUG - 2026-03-24 09:01:45 --> Session: Class initialized using 'CodeIgniter\Session\Handlers\FileHandler' driver.
DEBUG - 2026-03-24 09:03:00 --> Session: Class initialized using 'CodeIgniter\Session\Handlers\FileHandler' driver.
DEBUG - 2026-03-24 09:03:11 --> Session: Class initialized using 'CodeIgniter\Session\Handlers\FileHandler' driver.
ERROR - 2026-03-24 09:04:15 --> mysqli_sql_exception: Unknown column 'quantity' in 'field list' in C:\laragon\www\pharmacy-project\system\Database\MySQLi\Connection.php:327
Stack trace:
#0 C:\laragon\www\pharmacy-project\system\Database\MySQLi\Connection.php(327): mysqli->query('SELECT pis.*, (...', 0)
#1 C:\laragon\www\pharmacy-project\system\Database\BaseConnection.php(729): CodeIgniter\Database\MySQLi\Connection->execute('SELECT pis.*, (...')
#2 C:\laragon\www\pharmacy-project\system\Database\BaseConnection.php(646): CodeIgniter\Database\BaseConnection->simpleQuery('SELECT pis.*, (...')
#3 C:\laragon\www\pharmacy-project\app\Controllers\pos.php(272): CodeIgniter\Database\BaseConnection->query('SELECT pis.*, (...')
#4 C:\laragon\www\pharmacy-project\app\Controllers\pos.php(37): App\Controllers\Pos->products()
#5 C:\laragon\www\pharmacy-project\system\CodeIgniter.php(933): App\Controllers\Pos->index()
#6 C:\laragon\www\pharmacy-project\system\CodeIgniter.php(507): CodeIgniter\CodeIgniter->runController(Object(App\Controllers\Pos))
#7 C:\laragon\www\pharmacy-project\system\CodeIgniter.php(354): CodeIgniter\CodeIgniter->handleRequest(NULL, Object(Config\Cache), false)
#8 C:\laragon\www\pharmacy-project\system\Boot.php(363): CodeIgniter\CodeIgniter->run()
#9 C:\laragon\www\pharmacy-project\system\Boot.php(68): CodeIgniter\Boot::runCodeIgniter(Object(CodeIgniter\CodeIgniter))
#10 C:\laragon\www\pharmacy-project\index.php(59): CodeIgniter\Boot::bootWeb(Object(Config\Paths))
#11 {main}
CRITICAL - 2026-03-24 09:04:15 --> CodeIgniter\Database\Exceptions\DatabaseException: Unknown column 'quantity' in 'field list'
[Method: GET, Route: pos]
in SYSTEMPATH\Database\BaseConnection.php on line 684.
 1 APPPATH\Controllers\pos.php(272): CodeIgniter\Database\BaseConnection->query('SELECT pis.*, (productinitial_quantity + IFNULL(ppd.new_purchased,0)) - IFNULL(sd.total_sale,0)  AS total_stock
                FROM product_inital_stock as pis

                LEFT JOIN (SELECT product_id,SUM(product_quantity_sold) as total_sale
                                FROM sales_details
                                GROUP BY product_id) as sd
                ON pis.product_id = sd.product_id

                LEFT JOIN (SELECT product_id,SUM(quantity) as new_purchased
                FROM product_purchase_details
                GROUP BY product_id) as ppd
                ON pis.product_id = ppd.product_id ')
 2 APPPATH\Controllers\pos.php(37): App\Controllers\Pos->products()
 3 SYSTEMPATH\CodeIgniter.php(933): App\Controllers\Pos->index()
 4 SYSTEMPATH\CodeIgniter.php(507): CodeIgniter\CodeIgniter->runController(Object(App\Controllers\Pos))
 5 SYSTEMPATH\CodeIgniter.php(354): CodeIgniter\CodeIgniter->handleRequest(null, Object(Config\Cache), false)
 6 SYSTEMPATH\Boot.php(363): CodeIgniter\CodeIgniter->run()
 7 SYSTEMPATH\Boot.php(68): CodeIgniter\Boot::runCodeIgniter(Object(CodeIgniter\CodeIgniter))
 8 FCPATH\index.php(59): CodeIgniter\Boot::bootWeb(Object(Config\Paths))
CRITICAL - 2026-03-24 09:04:15 --> [Caused by] CodeIgniter\Database\Exceptions\DatabaseException: Unknown column 'quantity' in 'field list'
in SYSTEMPATH\Database\MySQLi\Connection.php on line 332.
 1 SYSTEMPATH\Database\BaseConnection.php(729): CodeIgniter\Database\MySQLi\Connection->execute('SELECT pis.*, (productinitial_quantity + IFNULL(ppd.new_purchased,0)) - IFNULL(sd.total_sale,0)  AS total_stock
                FROM product_inital_stock as pis

                LEFT JOIN (SELECT product_id,SUM(product_quantity_sold) as total_sale
                                FROM sales_details
                                GROUP BY product_id) as sd
                ON pis.product_id = sd.product_id

                LEFT JOIN (SELECT product_id,SUM(quantity) as new_purchased
                FROM product_purchase_details
                GROUP BY product_id) as ppd
                ON pis.product_id = ppd.product_id ')
 2 SYSTEMPATH\Database\BaseConnection.php(646): CodeIgniter\Database\BaseConnection->simpleQuery('SELECT pis.*, (productinitial_quantity + IFNULL(ppd.new_purchased,0)) - IFNULL(sd.total_sale,0)  AS total_stock
                FROM product_inital_stock as pis

                LEFT JOIN (SELECT product_id,SUM(product_quantity_sold) as total_sale
                                FROM sales_details
                                GROUP BY product_id) as sd
                ON pis.product_id = sd.product_id

                LEFT JOIN (SELECT product_id,SUM(quantity) as new_purchased
                FROM product_purchase_details
                GROUP BY product_id) as ppd
                ON pis.product_id = ppd.product_id ')
 3 APPPATH\Controllers\pos.php(272): CodeIgniter\Database\BaseConnection->query('SELECT pis.*, (productinitial_quantity + IFNULL(ppd.new_purchased,0)) - IFNULL(sd.total_sale,0)  AS total_stock
                FROM product_inital_stock as pis

                LEFT JOIN (SELECT product_id,SUM(product_quantity_sold) as total_sale
                                FROM sales_details
                                GROUP BY product_id) as sd
                ON pis.product_id = sd.product_id

                LEFT JOIN (SELECT product_id,SUM(quantity) as new_purchased
                FROM product_purchase_details
                GROUP BY product_id) as ppd
                ON pis.product_id = ppd.product_id ')
 4 APPPATH\Controllers\pos.php(37): App\Controllers\Pos->products()
 5 SYSTEMPATH\CodeIgniter.php(933): App\Controllers\Pos->index()
 6 SYSTEMPATH\CodeIgniter.php(507): CodeIgniter\CodeIgniter->runController(Object(App\Controllers\Pos))
 7 SYSTEMPATH\CodeIgniter.php(354): CodeIgniter\CodeIgniter->handleRequest(null, Object(Config\Cache), false)
 8 SYSTEMPATH\Boot.php(363): CodeIgniter\CodeIgniter->run()
 9 SYSTEMPATH\Boot.php(68): CodeIgniter\Boot::runCodeIgniter(Object(CodeIgniter\CodeIgniter))
10 FCPATH\index.php(59): CodeIgniter\Boot::bootWeb(Object(Config\Paths))
CRITICAL - 2026-03-24 09:04:15 --> [Caused by] mysqli_sql_exception: Unknown column 'quantity' in 'field list'
in SYSTEMPATH\Database\MySQLi\Connection.php on line 327.
 1 SYSTEMPATH\Database\MySQLi\Connection.php(327): mysqli->query('SELECT pis.*, (productinitial_quantity + IFNULL(ppd.new_purchased,0)) - IFNULL(sd.total_sale,0)  AS total_stock
                FROM product_inital_stock as pis

                LEFT JOIN (SELECT product_id,SUM(product_quantity_sold) as total_sale
                                FROM sales_details
                                GROUP BY product_id) as sd
                ON pis.product_id = sd.product_id

                LEFT JOIN (SELECT product_id,SUM(quantity) as new_purchased
                FROM product_purchase_details
                GROUP BY product_id) as ppd
                ON pis.product_id = ppd.product_id ', 0)
 2 SYSTEMPATH\Database\BaseConnection.php(729): CodeIgniter\Database\MySQLi\Connection->execute('SELECT pis.*, (productinitial_quantity + IFNULL(ppd.new_purchased,0)) - IFNULL(sd.total_sale,0)  AS total_stock
                FROM product_inital_stock as pis

                LEFT JOIN (SELECT product_id,SUM(product_quantity_sold) as total_sale
                                FROM sales_details
                                GROUP BY product_id) as sd
                ON pis.product_id = sd.product_id

                LEFT JOIN (SELECT product_id,SUM(quantity) as new_purchased
                FROM product_purchase_details
                GROUP BY product_id) as ppd
                ON pis.product_id = ppd.product_id ')
 3 SYSTEMPATH\Database\BaseConnection.php(646): CodeIgniter\Database\BaseConnection->simpleQuery('SELECT pis.*, (productinitial_quantity + IFNULL(ppd.new_purchased,0)) - IFNULL(sd.total_sale,0)  AS total_stock
                FROM product_inital_stock as pis

                LEFT JOIN (SELECT product_id,SUM(product_quantity_sold) as total_sale
                                FROM sales_details
                                GROUP BY product_id) as sd
                ON pis.product_id = sd.product_id

                LEFT JOIN (SELECT product_id,SUM(quantity) as new_purchased
                FROM product_purchase_details
                GROUP BY product_id) as ppd
                ON pis.product_id = ppd.product_id ')
 4 APPPATH\Controllers\pos.php(272): CodeIgniter\Database\BaseConnection->query('SELECT pis.*, (productinitial_quantity + IFNULL(ppd.new_purchased,0)) - IFNULL(sd.total_sale,0)  AS total_stock
                FROM product_inital_stock as pis

                LEFT JOIN (SELECT product_id,SUM(product_quantity_sold) as total_sale
                                FROM sales_details
                                GROUP BY product_id) as sd
                ON pis.product_id = sd.product_id

                LEFT JOIN (SELECT product_id,SUM(quantity) as new_purchased
                FROM product_purchase_details
                GROUP BY product_id) as ppd
                ON pis.product_id = ppd.product_id ')
 5 APPPATH\Controllers\pos.php(37): App\Controllers\Pos->products()
 6 SYSTEMPATH\CodeIgniter.php(933): App\Controllers\Pos->index()
 7 SYSTEMPATH\CodeIgniter.php(507): CodeIgniter\CodeIgniter->runController(Object(App\Controllers\Pos))
 8 SYSTEMPATH\CodeIgniter.php(354): CodeIgniter\CodeIgniter->handleRequest(null, Object(Config\Cache), false)
 9 SYSTEMPATH\Boot.php(363): CodeIgniter\CodeIgniter->run()
10 SYSTEMPATH\Boot.php(68): CodeIgniter\Boot::runCodeIgniter(Object(CodeIgniter\CodeIgniter))
11 FCPATH\index.php(59): CodeIgniter\Boot::bootWeb(Object(Config\Paths))
DEBUG - 2026-03-24 09:05:04 --> Session: Class initialized using 'CodeIgniter\Session\Handlers\FileHandler' driver.
DEBUG - 2026-03-24 09:05:13 --> Session: Class initialized using 'CodeIgniter\Session\Handlers\FileHandler' driver.
DEBUG - 2026-03-24 09:05:22 --> Session: Class initialized using 'CodeIgniter\Session\Handlers\FileHandler' driver.
DEBUG - 2026-03-24 09:05:51 --> Session: Class initialized using 'CodeIgniter\Session\Handlers\FileHandler' driver.
DEBUG - 2026-03-24 09:06:01 --> Session: Class initialized using 'CodeIgniter\Session\Handlers\FileHandler' driver.
DEBUG - 2026-03-24 09:06:01 --> Session: Class initialized using 'CodeIgniter\Session\Handlers\FileHandler' driver.
DEBUG - 2026-03-24 09:06:04 --> Session: Class initialized using 'CodeIgniter\Session\Handlers\FileHandler' driver.
DEBUG - 2026-03-24 09:06:14 --> Session: Class initialized using 'CodeIgniter\Session\Handlers\FileHandler' driver.
DEBUG - 2026-03-24 09:06:32 --> Session: Class initialized using 'CodeIgniter\Session\Handlers\FileHandler' driver.
DEBUG - 2026-03-24 09:07:04 --> Session: Class initialized using 'CodeIgniter\Session\Handlers\FileHandler' driver.
DEBUG - 2026-03-24 09:07:31 --> Session: Class initialized using 'CodeIgniter\Session\Handlers\FileHandler' driver.
DEBUG - 2026-03-24 09:07:44 --> Session: Class initialized using 'CodeIgniter\Session\Handlers\FileHandler' driver.
DEBUG - 2026-03-24 10:17:37 --> Session: Class initialized using 'CodeIgniter\Session\Handlers\FileHandler' driver.
DEBUG - 2026-03-24 10:17:39 --> Session: Class initialized using 'CodeIgniter\Session\Handlers\FileHandler' driver.
DEBUG - 2026-03-24 10:17:39 --> Session: Class initialized using 'CodeIgniter\Session\Handlers\FileHandler' driver.
DEBUG - 2026-03-24 10:17:43 --> Session: Class initialized using 'CodeIgniter\Session\Handlers\FileHandler' driver.
DEBUG - 2026-03-24 10:19:30 --> Session: Class initialized using 'CodeIgniter\Session\Handlers\FileHandler' driver.
DEBUG - 2026-03-24 10:19:30 --> Session: Class initialized using 'CodeIgniter\Session\Handlers\FileHandler' driver.
DEBUG - 2026-03-24 10:19:34 --> Session: Class initialized using 'CodeIgniter\Session\Handlers\FileHandler' driver.
ERROR - 2026-03-24 10:20:00 --> mysqli_sql_exception: Unknown column 'ppd.quantity' in 'field list' in C:\laragon\www\pharmacy-project\system\Database\MySQLi\Connection.php:327
Stack trace:
#0 C:\laragon\www\pharmacy-project\system\Database\MySQLi\Connection.php(327): mysqli->query('SELECT  \r\n    p...', 0)
#1 C:\laragon\www\pharmacy-project\system\Database\BaseConnection.php(729): CodeIgniter\Database\MySQLi\Connection->execute('SELECT  \r\n    p...')
#2 C:\laragon\www\pharmacy-project\system\Database\BaseConnection.php(646): CodeIgniter\Database\BaseConnection->simpleQuery('SELECT  \r\n    p...')
#3 C:\laragon\www\pharmacy-project\app\Controllers\Stockreport.php(76): CodeIgniter\Database\BaseConnection->query('SELECT  \r\n    p...')
#4 C:\laragon\www\pharmacy-project\system\CodeIgniter.php(933): App\Controllers\Stockreport->index()
#5 C:\laragon\www\pharmacy-project\system\CodeIgniter.php(507): CodeIgniter\CodeIgniter->runController(Object(App\Controllers\Stockreport))
#6 C:\laragon\www\pharmacy-project\system\CodeIgniter.php(354): CodeIgniter\CodeIgniter->handleRequest(NULL, Object(Config\Cache), false)
#7 C:\laragon\www\pharmacy-project\system\Boot.php(363): CodeIgniter\CodeIgniter->run()
#8 C:\laragon\www\pharmacy-project\system\Boot.php(68): CodeIgniter\Boot::runCodeIgniter(Object(CodeIgniter\CodeIgniter))
#9 C:\laragon\www\pharmacy-project\index.php(59): CodeIgniter\Boot::bootWeb(Object(Config\Paths))
#10 {main}
CRITICAL - 2026-03-24 10:20:00 --> CodeIgniter\Database\Exceptions\DatabaseException: Unknown column 'ppd.quantity' in 'field list'
[Method: GET, Route: stockreport]
in SYSTEMPATH\Database\BaseConnection.php on line 684.
 1 APPPATH\Controllers\Stockreport.php(76): CodeIgniter\Database\BaseConnection->query('SELECT  
    pis.product_id, 
    pis.product_name, 
    pis.buying_unit_price AS buyingPrice,
    pis.selling_unit_price AS sellingPrice, 
    pis.tax_perchantage AS tAX,
    pis.productinitial_quantity AS initial_stock,
    IFNULL(ppd_data.totalPurchase, 0) AS newPurchase,
    IFNULL(sd_data.totalSale, 0) AS TotalSale,
    u.user_name AS purchaser_name  -- ✅ Added purchaser name
FROM 
    product_inital_stock AS pis
LEFT JOIN 
    (
        SELECT 
            ppd.product_id, 
            SUM(ppd.quantity) AS totalPurchase,
            MAX(pp.purchaser_id) AS purchaser_id  -- ✅ Representative purchaser (if multiple purchases)
        FROM  
            product_purchase_details AS ppd
        LEFT JOIN product_purchase AS pp 
            ON ppd.purchase_invoice_id = pp.purchase_invoice
        GROUP BY 
            ppd.product_id
    ) AS ppd_data 
    ON pis.product_id = ppd_data.product_id
LEFT JOIN
    (
        SELECT  
            sd.product_id, 
            SUM(sd.product_quantity_sold) AS totalSale
        FROM    
            sales_details AS sd
        GROUP BY 
            sd.product_id
    ) AS sd_data 
    ON sd_data.product_id = pis.product_id
LEFT JOIN 
    user AS u 
    ON u.user_id = ppd_data.purchaser_id')
 2 SYSTEMPATH\CodeIgniter.php(933): App\Controllers\Stockreport->index()
 3 SYSTEMPATH\CodeIgniter.php(507): CodeIgniter\CodeIgniter->runController(Object(App\Controllers\Stockreport))
 4 SYSTEMPATH\CodeIgniter.php(354): CodeIgniter\CodeIgniter->handleRequest(null, Object(Config\Cache), false)
 5 SYSTEMPATH\Boot.php(363): CodeIgniter\CodeIgniter->run()
 6 SYSTEMPATH\Boot.php(68): CodeIgniter\Boot::runCodeIgniter(Object(CodeIgniter\CodeIgniter))
 7 FCPATH\index.php(59): CodeIgniter\Boot::bootWeb(Object(Config\Paths))
CRITICAL - 2026-03-24 10:20:00 --> [Caused by] CodeIgniter\Database\Exceptions\DatabaseException: Unknown column 'ppd.quantity' in 'field list'
in SYSTEMPATH\Database\MySQLi\Connection.php on line 332.
 1 SYSTEMPATH\Database\BaseConnection.php(729): CodeIgniter\Database\MySQLi\Connection->execute('SELECT  
    pis.product_id, 
    pis.product_name, 
    pis.buying_unit_price AS buyingPrice,
    pis.selling_unit_price AS sellingPrice, 
    pis.tax_perchantage AS tAX,
    pis.productinitial_quantity AS initial_stock,
    IFNULL(ppd_data.totalPurchase, 0) AS newPurchase,
    IFNULL(sd_data.totalSale, 0) AS TotalSale,
    u.user_name AS purchaser_name  -- ✅ Added purchaser name
FROM 
    product_inital_stock AS pis
LEFT JOIN 
    (
        SELECT 
            ppd.product_id, 
            SUM(ppd.quantity) AS totalPurchase,
            MAX(pp.purchaser_id) AS purchaser_id  -- ✅ Representative purchaser (if multiple purchases)
        FROM  
            product_purchase_details AS ppd
        LEFT JOIN product_purchase AS pp 
            ON ppd.purchase_invoice_id = pp.purchase_invoice
        GROUP BY 
            ppd.product_id
    ) AS ppd_data 
    ON pis.product_id = ppd_data.product_id
LEFT JOIN
    (
        SELECT  
            sd.product_id, 
            SUM(sd.product_quantity_sold) AS totalSale
        FROM    
            sales_details AS sd
        GROUP BY 
            sd.product_id
    ) AS sd_data 
    ON sd_data.product_id = pis.product_id
LEFT JOIN 
    user AS u 
    ON u.user_id = ppd_data.purchaser_id')
 2 SYSTEMPATH\Database\BaseConnection.php(646): CodeIgniter\Database\BaseConnection->simpleQuery('SELECT  
    pis.product_id, 
    pis.product_name, 
    pis.buying_unit_price AS buyingPrice,
    pis.selling_unit_price AS sellingPrice, 
    pis.tax_perchantage AS tAX,
    pis.productinitial_quantity AS initial_stock,
    IFNULL(ppd_data.totalPurchase, 0) AS newPurchase,
    IFNULL(sd_data.totalSale, 0) AS TotalSale,
    u.user_name AS purchaser_name  -- ✅ Added purchaser name
FROM 
    product_inital_stock AS pis
LEFT JOIN 
    (
        SELECT 
            ppd.product_id, 
            SUM(ppd.quantity) AS totalPurchase,
            MAX(pp.purchaser_id) AS purchaser_id  -- ✅ Representative purchaser (if multiple purchases)
        FROM  
            product_purchase_details AS ppd
        LEFT JOIN product_purchase AS pp 
            ON ppd.purchase_invoice_id = pp.purchase_invoice
        GROUP BY 
            ppd.product_id
    ) AS ppd_data 
    ON pis.product_id = ppd_data.product_id
LEFT JOIN
    (
        SELECT  
            sd.product_id, 
            SUM(sd.product_quantity_sold) AS totalSale
        FROM    
            sales_details AS sd
        GROUP BY 
            sd.product_id
    ) AS sd_data 
    ON sd_data.product_id = pis.product_id
LEFT JOIN 
    user AS u 
    ON u.user_id = ppd_data.purchaser_id')
 3 APPPATH\Controllers\Stockreport.php(76): CodeIgniter\Database\BaseConnection->query('SELECT  
    pis.product_id, 
    pis.product_name, 
    pis.buying_unit_price AS buyingPrice,
    pis.selling_unit_price AS sellingPrice, 
    pis.tax_perchantage AS tAX,
    pis.productinitial_quantity AS initial_stock,
    IFNULL(ppd_data.totalPurchase, 0) AS newPurchase,
    IFNULL(sd_data.totalSale, 0) AS TotalSale,
    u.user_name AS purchaser_name  -- ✅ Added purchaser name
FROM 
    product_inital_stock AS pis
LEFT JOIN 
    (
        SELECT 
            ppd.product_id, 
            SUM(ppd.quantity) AS totalPurchase,
            MAX(pp.purchaser_id) AS purchaser_id  -- ✅ Representative purchaser (if multiple purchases)
        FROM  
            product_purchase_details AS ppd
        LEFT JOIN product_purchase AS pp 
            ON ppd.purchase_invoice_id = pp.purchase_invoice
        GROUP BY 
            ppd.product_id
    ) AS ppd_data 
    ON pis.product_id = ppd_data.product_id
LEFT JOIN
    (
        SELECT  
            sd.product_id, 
            SUM(sd.product_quantity_sold) AS totalSale
        FROM    
            sales_details AS sd
        GROUP BY 
            sd.product_id
    ) AS sd_data 
    ON sd_data.product_id = pis.product_id
LEFT JOIN 
    user AS u 
    ON u.user_id = ppd_data.purchaser_id')
 4 SYSTEMPATH\CodeIgniter.php(933): App\Controllers\Stockreport->index()
 5 SYSTEMPATH\CodeIgniter.php(507): CodeIgniter\CodeIgniter->runController(Object(App\Controllers\Stockreport))
 6 SYSTEMPATH\CodeIgniter.php(354): CodeIgniter\CodeIgniter->handleRequest(null, Object(Config\Cache), false)
 7 SYSTEMPATH\Boot.php(363): CodeIgniter\CodeIgniter->run()
 8 SYSTEMPATH\Boot.php(68): CodeIgniter\Boot::runCodeIgniter(Object(CodeIgniter\CodeIgniter))
 9 FCPATH\index.php(59): CodeIgniter\Boot::bootWeb(Object(Config\Paths))
CRITICAL - 2026-03-24 10:20:00 --> [Caused by] mysqli_sql_exception: Unknown column 'ppd.quantity' in 'field list'
in SYSTEMPATH\Database\MySQLi\Connection.php on line 327.
 1 SYSTEMPATH\Database\MySQLi\Connection.php(327): mysqli->query('SELECT  
    pis.product_id, 
    pis.product_name, 
    pis.buying_unit_price AS buyingPrice,
    pis.selling_unit_price AS sellingPrice, 
    pis.tax_perchantage AS tAX,
    pis.productinitial_quantity AS initial_stock,
    IFNULL(ppd_data.totalPurchase, 0) AS newPurchase,
    IFNULL(sd_data.totalSale, 0) AS TotalSale,
    u.user_name AS purchaser_name  -- ✅ Added purchaser name
FROM 
    product_inital_stock AS pis
LEFT JOIN 
    (
        SELECT 
            ppd.product_id, 
            SUM(ppd.quantity) AS totalPurchase,
            MAX(pp.purchaser_id) AS purchaser_id  -- ✅ Representative purchaser (if multiple purchases)
        FROM  
            product_purchase_details AS ppd
        LEFT JOIN product_purchase AS pp 
            ON ppd.purchase_invoice_id = pp.purchase_invoice
        GROUP BY 
            ppd.product_id
    ) AS ppd_data 
    ON pis.product_id = ppd_data.product_id
LEFT JOIN
    (
        SELECT  
            sd.product_id, 
            SUM(sd.product_quantity_sold) AS totalSale
        FROM    
            sales_details AS sd
        GROUP BY 
            sd.product_id
    ) AS sd_data 
    ON sd_data.product_id = pis.product_id
LEFT JOIN 
    user AS u 
    ON u.user_id = ppd_data.purchaser_id', 0)
 2 SYSTEMPATH\Database\BaseConnection.php(729): CodeIgniter\Database\MySQLi\Connection->execute('SELECT  
    pis.product_id, 
    pis.product_name, 
    pis.buying_unit_price AS buyingPrice,
    pis.selling_unit_price AS sellingPrice, 
    pis.tax_perchantage AS tAX,
    pis.productinitial_quantity AS initial_stock,
    IFNULL(ppd_data.totalPurchase, 0) AS newPurchase,
    IFNULL(sd_data.totalSale, 0) AS TotalSale,
    u.user_name AS purchaser_name  -- ✅ Added purchaser name
FROM 
    product_inital_stock AS pis
LEFT JOIN 
    (
        SELECT 
            ppd.product_id, 
            SUM(ppd.quantity) AS totalPurchase,
            MAX(pp.purchaser_id) AS purchaser_id  -- ✅ Representative purchaser (if multiple purchases)
        FROM  
            product_purchase_details AS ppd
        LEFT JOIN product_purchase AS pp 
            ON ppd.purchase_invoice_id = pp.purchase_invoice
        GROUP BY 
            ppd.product_id
    ) AS ppd_data 
    ON pis.product_id = ppd_data.product_id
LEFT JOIN
    (
        SELECT  
            sd.product_id, 
            SUM(sd.product_quantity_sold) AS totalSale
        FROM    
            sales_details AS sd
        GROUP BY 
            sd.product_id
    ) AS sd_data 
    ON sd_data.product_id = pis.product_id
LEFT JOIN 
    user AS u 
    ON u.user_id = ppd_data.purchaser_id')
 3 SYSTEMPATH\Database\BaseConnection.php(646): CodeIgniter\Database\BaseConnection->simpleQuery('SELECT  
    pis.product_id, 
    pis.product_name, 
    pis.buying_unit_price AS buyingPrice,
    pis.selling_unit_price AS sellingPrice, 
    pis.tax_perchantage AS tAX,
    pis.productinitial_quantity AS initial_stock,
    IFNULL(ppd_data.totalPurchase, 0) AS newPurchase,
    IFNULL(sd_data.totalSale, 0) AS TotalSale,
    u.user_name AS purchaser_name  -- ✅ Added purchaser name
FROM 
    product_inital_stock AS pis
LEFT JOIN 
    (
        SELECT 
            ppd.product_id, 
            SUM(ppd.quantity) AS totalPurchase,
            MAX(pp.purchaser_id) AS purchaser_id  -- ✅ Representative purchaser (if multiple purchases)
        FROM  
            product_purchase_details AS ppd
        LEFT JOIN product_purchase AS pp 
            ON ppd.purchase_invoice_id = pp.purchase_invoice
        GROUP BY 
            ppd.product_id
    ) AS ppd_data 
    ON pis.product_id = ppd_data.product_id
LEFT JOIN
    (
        SELECT  
            sd.product_id, 
            SUM(sd.product_quantity_sold) AS totalSale
        FROM    
            sales_details AS sd
        GROUP BY 
            sd.product_id
    ) AS sd_data 
    ON sd_data.product_id = pis.product_id
LEFT JOIN 
    user AS u 
    ON u.user_id = ppd_data.purchaser_id')
 4 APPPATH\Controllers\Stockreport.php(76): CodeIgniter\Database\BaseConnection->query('SELECT  
    pis.product_id, 
    pis.product_name, 
    pis.buying_unit_price AS buyingPrice,
    pis.selling_unit_price AS sellingPrice, 
    pis.tax_perchantage AS tAX,
    pis.productinitial_quantity AS initial_stock,
    IFNULL(ppd_data.totalPurchase, 0) AS newPurchase,
    IFNULL(sd_data.totalSale, 0) AS TotalSale,
    u.user_name AS purchaser_name  -- ✅ Added purchaser name
FROM 
    product_inital_stock AS pis
LEFT JOIN 
    (
        SELECT 
            ppd.product_id, 
            SUM(ppd.quantity) AS totalPurchase,
            MAX(pp.purchaser_id) AS purchaser_id  -- ✅ Representative purchaser (if multiple purchases)
        FROM  
            product_purchase_details AS ppd
        LEFT JOIN product_purchase AS pp 
            ON ppd.purchase_invoice_id = pp.purchase_invoice
        GROUP BY 
            ppd.product_id
    ) AS ppd_data 
    ON pis.product_id = ppd_data.product_id
LEFT JOIN
    (
        SELECT  
            sd.product_id, 
            SUM(sd.product_quantity_sold) AS totalSale
        FROM    
            sales_details AS sd
        GROUP BY 
            sd.product_id
    ) AS sd_data 
    ON sd_data.product_id = pis.product_id
LEFT JOIN 
    user AS u 
    ON u.user_id = ppd_data.purchaser_id')
 5 SYSTEMPATH\CodeIgniter.php(933): App\Controllers\Stockreport->index()
 6 SYSTEMPATH\CodeIgniter.php(507): CodeIgniter\CodeIgniter->runController(Object(App\Controllers\Stockreport))
 7 SYSTEMPATH\CodeIgniter.php(354): CodeIgniter\CodeIgniter->handleRequest(null, Object(Config\Cache), false)
 8 SYSTEMPATH\Boot.php(363): CodeIgniter\CodeIgniter->run()
 9 SYSTEMPATH\Boot.php(68): CodeIgniter\Boot::runCodeIgniter(Object(CodeIgniter\CodeIgniter))
10 FCPATH\index.php(59): CodeIgniter\Boot::bootWeb(Object(Config\Paths))
ERROR - 2026-03-24 10:24:26 --> mysqli_sql_exception: You have an error in your SQL syntax; check the manual that corresponds to your MySQL server version for the right syntax to use near '(quantity_per_pack * box_quantity)) AS totalPurchase,
            MAX(pp.purcha' at line 17 in C:\laragon\www\pharmacy-project\system\Database\MySQLi\Connection.php:327
Stack trace:
#0 C:\laragon\www\pharmacy-project\system\Database\MySQLi\Connection.php(327): mysqli->query('SELECT  \r\n    p...', 0)
#1 C:\laragon\www\pharmacy-project\system\Database\BaseConnection.php(729): CodeIgniter\Database\MySQLi\Connection->execute('SELECT  \r\n    p...')
#2 C:\laragon\www\pharmacy-project\system\Database\BaseConnection.php(646): CodeIgniter\Database\BaseConnection->simpleQuery('SELECT  \r\n    p...')
#3 C:\laragon\www\pharmacy-project\app\Controllers\Stockreport.php(76): CodeIgniter\Database\BaseConnection->query('SELECT  \r\n    p...')
#4 C:\laragon\www\pharmacy-project\system\CodeIgniter.php(933): App\Controllers\Stockreport->index()
#5 C:\laragon\www\pharmacy-project\system\CodeIgniter.php(507): CodeIgniter\CodeIgniter->runController(Object(App\Controllers\Stockreport))
#6 C:\laragon\www\pharmacy-project\system\CodeIgniter.php(354): CodeIgniter\CodeIgniter->handleRequest(NULL, Object(Config\Cache), false)
#7 C:\laragon\www\pharmacy-project\system\Boot.php(363): CodeIgniter\CodeIgniter->run()
#8 C:\laragon\www\pharmacy-project\system\Boot.php(68): CodeIgniter\Boot::runCodeIgniter(Object(CodeIgniter\CodeIgniter))
#9 C:\laragon\www\pharmacy-project\index.php(59): CodeIgniter\Boot::bootWeb(Object(Config\Paths))
#10 {main}
CRITICAL - 2026-03-24 10:24:26 --> CodeIgniter\Database\Exceptions\DatabaseException: You have an error in your SQL syntax; check the manual that corresponds to your MySQL server version for the right syntax to use near '(quantity_per_pack * box_quantity)) AS totalPurchase,
            MAX(pp.purcha' at line 17
[Method: GET, Route: stockreport]
in SYSTEMPATH\Database\BaseConnection.php on line 684.
 1 APPPATH\Controllers\Stockreport.php(76): CodeIgniter\Database\BaseConnection->query('SELECT  
    pis.product_id, 
    pis.product_name, 
    pis.buying_unit_price AS buyingPrice,
    pis.selling_unit_price AS sellingPrice, 
    pis.tax_perchantage AS tAX,
    pis.productinitial_quantity AS initial_stock,
    IFNULL(ppd_data.totalPurchase, 0) AS newPurchase,
    IFNULL(sd_data.totalSale, 0) AS TotalSale,
    u.user_name AS purchaser_name  -- ✅ Added purchaser name
FROM 
    product_inital_stock AS pis
LEFT JOIN 
    (
        SELECT 
            ppd.product_id, 
            SUM(ppd.(quantity_per_pack * box_quantity)) AS totalPurchase,
            MAX(pp.purchaser_id) AS purchaser_id  -- ✅ Representative purchaser (if multiple purchases)
        FROM  
            product_purchase_details AS ppd
        LEFT JOIN product_purchase AS pp 
            ON ppd.purchase_invoice_id = pp.purchase_invoice
        GROUP BY 
            ppd.product_id
    ) AS ppd_data 
    ON pis.product_id = ppd_data.product_id
LEFT JOIN
    (
        SELECT  
            sd.product_id, 
            SUM(sd.product_quantity_sold) AS totalSale
        FROM    
            sales_details AS sd
        GROUP BY 
            sd.product_id
    ) AS sd_data 
    ON sd_data.product_id = pis.product_id
LEFT JOIN 
    user AS u 
    ON u.user_id = ppd_data.purchaser_id')
 2 SYSTEMPATH\CodeIgniter.php(933): App\Controllers\Stockreport->index()
 3 SYSTEMPATH\CodeIgniter.php(507): CodeIgniter\CodeIgniter->runController(Object(App\Controllers\Stockreport))
 4 SYSTEMPATH\CodeIgniter.php(354): CodeIgniter\CodeIgniter->handleRequest(null, Object(Config\Cache), false)
 5 SYSTEMPATH\Boot.php(363): CodeIgniter\CodeIgniter->run()
 6 SYSTEMPATH\Boot.php(68): CodeIgniter\Boot::runCodeIgniter(Object(CodeIgniter\CodeIgniter))
 7 FCPATH\index.php(59): CodeIgniter\Boot::bootWeb(Object(Config\Paths))
CRITICAL - 2026-03-24 10:24:26 --> [Caused by] CodeIgniter\Database\Exceptions\DatabaseException: You have an error in your SQL syntax; check the manual that corresponds to your MySQL server version for the right syntax to use near '(quantity_per_pack * box_quantity)) AS totalPurchase,
            MAX(pp.purcha' at line 17
in SYSTEMPATH\Database\MySQLi\Connection.php on line 332.
 1 SYSTEMPATH\Database\BaseConnection.php(729): CodeIgniter\Database\MySQLi\Connection->execute('SELECT  
    pis.product_id, 
    pis.product_name, 
    pis.buying_unit_price AS buyingPrice,
    pis.selling_unit_price AS sellingPrice, 
    pis.tax_perchantage AS tAX,
    pis.productinitial_quantity AS initial_stock,
    IFNULL(ppd_data.totalPurchase, 0) AS newPurchase,
    IFNULL(sd_data.totalSale, 0) AS TotalSale,
    u.user_name AS purchaser_name  -- ✅ Added purchaser name
FROM 
    product_inital_stock AS pis
LEFT JOIN 
    (
        SELECT 
            ppd.product_id, 
            SUM(ppd.(quantity_per_pack * box_quantity)) AS totalPurchase,
            MAX(pp.purchaser_id) AS purchaser_id  -- ✅ Representative purchaser (if multiple purchases)
        FROM  
            product_purchase_details AS ppd
        LEFT JOIN product_purchase AS pp 
            ON ppd.purchase_invoice_id = pp.purchase_invoice
        GROUP BY 
            ppd.product_id
    ) AS ppd_data 
    ON pis.product_id = ppd_data.product_id
LEFT JOIN
    (
        SELECT  
            sd.product_id, 
            SUM(sd.product_quantity_sold) AS totalSale
        FROM    
            sales_details AS sd
        GROUP BY 
            sd.product_id
    ) AS sd_data 
    ON sd_data.product_id = pis.product_id
LEFT JOIN 
    user AS u 
    ON u.user_id = ppd_data.purchaser_id')
 2 SYSTEMPATH\Database\BaseConnection.php(646): CodeIgniter\Database\BaseConnection->simpleQuery('SELECT  
    pis.product_id, 
    pis.product_name, 
    pis.buying_unit_price AS buyingPrice,
    pis.selling_unit_price AS sellingPrice, 
    pis.tax_perchantage AS tAX,
    pis.productinitial_quantity AS initial_stock,
    IFNULL(ppd_data.totalPurchase, 0) AS newPurchase,
    IFNULL(sd_data.totalSale, 0) AS TotalSale,
    u.user_name AS purchaser_name  -- ✅ Added purchaser name
FROM 
    product_inital_stock AS pis
LEFT JOIN 
    (
        SELECT 
            ppd.product_id, 
            SUM(ppd.(quantity_per_pack * box_quantity)) AS totalPurchase,
            MAX(pp.purchaser_id) AS purchaser_id  -- ✅ Representative purchaser (if multiple purchases)
        FROM  
            product_purchase_details AS ppd
        LEFT JOIN product_purchase AS pp 
            ON ppd.purchase_invoice_id = pp.purchase_invoice
        GROUP BY 
            ppd.product_id
    ) AS ppd_data 
    ON pis.product_id = ppd_data.product_id
LEFT JOIN
    (
        SELECT  
            sd.product_id, 
            SUM(sd.product_quantity_sold) AS totalSale
        FROM    
            sales_details AS sd
        GROUP BY 
            sd.product_id
    ) AS sd_data 
    ON sd_data.product_id = pis.product_id
LEFT JOIN 
    user AS u 
    ON u.user_id = ppd_data.purchaser_id')
 3 APPPATH\Controllers\Stockreport.php(76): CodeIgniter\Database\BaseConnection->query('SELECT  
    pis.product_id, 
    pis.product_name, 
    pis.buying_unit_price AS buyingPrice,
    pis.selling_unit_price AS sellingPrice, 
    pis.tax_perchantage AS tAX,
    pis.productinitial_quantity AS initial_stock,
    IFNULL(ppd_data.totalPurchase, 0) AS newPurchase,
    IFNULL(sd_data.totalSale, 0) AS TotalSale,
    u.user_name AS purchaser_name  -- ✅ Added purchaser name
FROM 
    product_inital_stock AS pis
LEFT JOIN 
    (
        SELECT 
            ppd.product_id, 
            SUM(ppd.(quantity_per_pack * box_quantity)) AS totalPurchase,
            MAX(pp.purchaser_id) AS purchaser_id  -- ✅ Representative purchaser (if multiple purchases)
        FROM  
            product_purchase_details AS ppd
        LEFT JOIN product_purchase AS pp 
            ON ppd.purchase_invoice_id = pp.purchase_invoice
        GROUP BY 
            ppd.product_id
    ) AS ppd_data 
    ON pis.product_id = ppd_data.product_id
LEFT JOIN
    (
        SELECT  
            sd.product_id, 
            SUM(sd.product_quantity_sold) AS totalSale
        FROM    
            sales_details AS sd
        GROUP BY 
            sd.product_id
    ) AS sd_data 
    ON sd_data.product_id = pis.product_id
LEFT JOIN 
    user AS u 
    ON u.user_id = ppd_data.purchaser_id')
 4 SYSTEMPATH\CodeIgniter.php(933): App\Controllers\Stockreport->index()
 5 SYSTEMPATH\CodeIgniter.php(507): CodeIgniter\CodeIgniter->runController(Object(App\Controllers\Stockreport))
 6 SYSTEMPATH\CodeIgniter.php(354): CodeIgniter\CodeIgniter->handleRequest(null, Object(Config\Cache), false)
 7 SYSTEMPATH\Boot.php(363): CodeIgniter\CodeIgniter->run()
 8 SYSTEMPATH\Boot.php(68): CodeIgniter\Boot::runCodeIgniter(Object(CodeIgniter\CodeIgniter))
 9 FCPATH\index.php(59): CodeIgniter\Boot::bootWeb(Object(Config\Paths))
CRITICAL - 2026-03-24 10:24:26 --> [Caused by] mysqli_sql_exception: You have an error in your SQL syntax; check the manual that corresponds to your MySQL server version for the right syntax to use near '(quantity_per_pack * box_quantity)) AS totalPurchase,
            MAX(pp.purcha' at line 17
in SYSTEMPATH\Database\MySQLi\Connection.php on line 327.
 1 SYSTEMPATH\Database\MySQLi\Connection.php(327): mysqli->query('SELECT  
    pis.product_id, 
    pis.product_name, 
    pis.buying_unit_price AS buyingPrice,
    pis.selling_unit_price AS sellingPrice, 
    pis.tax_perchantage AS tAX,
    pis.productinitial_quantity AS initial_stock,
    IFNULL(ppd_data.totalPurchase, 0) AS newPurchase,
    IFNULL(sd_data.totalSale, 0) AS TotalSale,
    u.user_name AS purchaser_name  -- ✅ Added purchaser name
FROM 
    product_inital_stock AS pis
LEFT JOIN 
    (
        SELECT 
            ppd.product_id, 
            SUM(ppd.(quantity_per_pack * box_quantity)) AS totalPurchase,
            MAX(pp.purchaser_id) AS purchaser_id  -- ✅ Representative purchaser (if multiple purchases)
        FROM  
            product_purchase_details AS ppd
        LEFT JOIN product_purchase AS pp 
            ON ppd.purchase_invoice_id = pp.purchase_invoice
        GROUP BY 
            ppd.product_id
    ) AS ppd_data 
    ON pis.product_id = ppd_data.product_id
LEFT JOIN
    (
        SELECT  
            sd.product_id, 
            SUM(sd.product_quantity_sold) AS totalSale
        FROM    
            sales_details AS sd
        GROUP BY 
            sd.product_id
    ) AS sd_data 
    ON sd_data.product_id = pis.product_id
LEFT JOIN 
    user AS u 
    ON u.user_id = ppd_data.purchaser_id', 0)
 2 SYSTEMPATH\Database\BaseConnection.php(729): CodeIgniter\Database\MySQLi\Connection->execute('SELECT  
    pis.product_id, 
    pis.product_name, 
    pis.buying_unit_price AS buyingPrice,
    pis.selling_unit_price AS sellingPrice, 
    pis.tax_perchantage AS tAX,
    pis.productinitial_quantity AS initial_stock,
    IFNULL(ppd_data.totalPurchase, 0) AS newPurchase,
    IFNULL(sd_data.totalSale, 0) AS TotalSale,
    u.user_name AS purchaser_name  -- ✅ Added purchaser name
FROM 
    product_inital_stock AS pis
LEFT JOIN 
    (
        SELECT 
            ppd.product_id, 
            SUM(ppd.(quantity_per_pack * box_quantity)) AS totalPurchase,
            MAX(pp.purchaser_id) AS purchaser_id  -- ✅ Representative purchaser (if multiple purchases)
        FROM  
            product_purchase_details AS ppd
        LEFT JOIN product_purchase AS pp 
            ON ppd.purchase_invoice_id = pp.purchase_invoice
        GROUP BY 
            ppd.product_id
    ) AS ppd_data 
    ON pis.product_id = ppd_data.product_id
LEFT JOIN
    (
        SELECT  
            sd.product_id, 
            SUM(sd.product_quantity_sold) AS totalSale
        FROM    
            sales_details AS sd
        GROUP BY 
            sd.product_id
    ) AS sd_data 
    ON sd_data.product_id = pis.product_id
LEFT JOIN 
    user AS u 
    ON u.user_id = ppd_data.purchaser_id')
 3 SYSTEMPATH\Database\BaseConnection.php(646): CodeIgniter\Database\BaseConnection->simpleQuery('SELECT  
    pis.product_id, 
    pis.product_name, 
    pis.buying_unit_price AS buyingPrice,
    pis.selling_unit_price AS sellingPrice, 
    pis.tax_perchantage AS tAX,
    pis.productinitial_quantity AS initial_stock,
    IFNULL(ppd_data.totalPurchase, 0) AS newPurchase,
    IFNULL(sd_data.totalSale, 0) AS TotalSale,
    u.user_name AS purchaser_name  -- ✅ Added purchaser name
FROM 
    product_inital_stock AS pis
LEFT JOIN 
    (
        SELECT 
            ppd.product_id, 
            SUM(ppd.(quantity_per_pack * box_quantity)) AS totalPurchase,
            MAX(pp.purchaser_id) AS purchaser_id  -- ✅ Representative purchaser (if multiple purchases)
        FROM  
            product_purchase_details AS ppd
        LEFT JOIN product_purchase AS pp 
            ON ppd.purchase_invoice_id = pp.purchase_invoice
        GROUP BY 
            ppd.product_id
    ) AS ppd_data 
    ON pis.product_id = ppd_data.product_id
LEFT JOIN
    (
        SELECT  
            sd.product_id, 
            SUM(sd.product_quantity_sold) AS totalSale
        FROM    
            sales_details AS sd
        GROUP BY 
            sd.product_id
    ) AS sd_data 
    ON sd_data.product_id = pis.product_id
LEFT JOIN 
    user AS u 
    ON u.user_id = ppd_data.purchaser_id')
 4 APPPATH\Controllers\Stockreport.php(76): CodeIgniter\Database\BaseConnection->query('SELECT  
    pis.product_id, 
    pis.product_name, 
    pis.buying_unit_price AS buyingPrice,
    pis.selling_unit_price AS sellingPrice, 
    pis.tax_perchantage AS tAX,
    pis.productinitial_quantity AS initial_stock,
    IFNULL(ppd_data.totalPurchase, 0) AS newPurchase,
    IFNULL(sd_data.totalSale, 0) AS TotalSale,
    u.user_name AS purchaser_name  -- ✅ Added purchaser name
FROM 
    product_inital_stock AS pis
LEFT JOIN 
    (
        SELECT 
            ppd.product_id, 
            SUM(ppd.(quantity_per_pack * box_quantity)) AS totalPurchase,
            MAX(pp.purchaser_id) AS purchaser_id  -- ✅ Representative purchaser (if multiple purchases)
        FROM  
            product_purchase_details AS ppd
        LEFT JOIN product_purchase AS pp 
            ON ppd.purchase_invoice_id = pp.purchase_invoice
        GROUP BY 
            ppd.product_id
    ) AS ppd_data 
    ON pis.product_id = ppd_data.product_id
LEFT JOIN
    (
        SELECT  
            sd.product_id, 
            SUM(sd.product_quantity_sold) AS totalSale
        FROM    
            sales_details AS sd
        GROUP BY 
            sd.product_id
    ) AS sd_data 
    ON sd_data.product_id = pis.product_id
LEFT JOIN 
    user AS u 
    ON u.user_id = ppd_data.purchaser_id')
 5 SYSTEMPATH\CodeIgniter.php(933): App\Controllers\Stockreport->index()
 6 SYSTEMPATH\CodeIgniter.php(507): CodeIgniter\CodeIgniter->runController(Object(App\Controllers\Stockreport))
 7 SYSTEMPATH\CodeIgniter.php(354): CodeIgniter\CodeIgniter->handleRequest(null, Object(Config\Cache), false)
 8 SYSTEMPATH\Boot.php(363): CodeIgniter\CodeIgniter->run()
 9 SYSTEMPATH\Boot.php(68): CodeIgniter\Boot::runCodeIgniter(Object(CodeIgniter\CodeIgniter))
10 FCPATH\index.php(59): CodeIgniter\Boot::bootWeb(Object(Config\Paths))
ERROR - 2026-03-24 10:25:29 --> mysqli_sql_exception: Unknown column 'pis.buying_unit_price' in 'field list' in C:\laragon\www\pharmacy-project\system\Database\MySQLi\Connection.php:327
Stack trace:
#0 C:\laragon\www\pharmacy-project\system\Database\MySQLi\Connection.php(327): mysqli->query('SELECT  \r\n    p...', 0)
#1 C:\laragon\www\pharmacy-project\system\Database\BaseConnection.php(729): CodeIgniter\Database\MySQLi\Connection->execute('SELECT  \r\n    p...')
#2 C:\laragon\www\pharmacy-project\system\Database\BaseConnection.php(646): CodeIgniter\Database\BaseConnection->simpleQuery('SELECT  \r\n    p...')
#3 C:\laragon\www\pharmacy-project\app\Controllers\Stockreport.php(76): CodeIgniter\Database\BaseConnection->query('SELECT  \r\n    p...')
#4 C:\laragon\www\pharmacy-project\system\CodeIgniter.php(933): App\Controllers\Stockreport->index()
#5 C:\laragon\www\pharmacy-project\system\CodeIgniter.php(507): CodeIgniter\CodeIgniter->runController(Object(App\Controllers\Stockreport))
#6 C:\laragon\www\pharmacy-project\system\CodeIgniter.php(354): CodeIgniter\CodeIgniter->handleRequest(NULL, Object(Config\Cache), false)
#7 C:\laragon\www\pharmacy-project\system\Boot.php(363): CodeIgniter\CodeIgniter->run()
#8 C:\laragon\www\pharmacy-project\system\Boot.php(68): CodeIgniter\Boot::runCodeIgniter(Object(CodeIgniter\CodeIgniter))
#9 C:\laragon\www\pharmacy-project\index.php(59): CodeIgniter\Boot::bootWeb(Object(Config\Paths))
#10 {main}
CRITICAL - 2026-03-24 10:25:29 --> CodeIgniter\Database\Exceptions\DatabaseException: Unknown column 'pis.buying_unit_price' in 'field list'
[Method: GET, Route: stockreport]
in SYSTEMPATH\Database\BaseConnection.php on line 684.
 1 APPPATH\Controllers\Stockreport.php(76): CodeIgniter\Database\BaseConnection->query('SELECT  
    pis.product_id, 
    pis.product_name, 
    pis.buying_unit_price AS buyingPrice,
    pis.selling_unit_price AS sellingPrice, 
    pis.tax_perchantage AS tAX,
    pis.productinitial_quantity AS initial_stock,
    IFNULL(ppd_data.totalPurchase, 0) AS newPurchase,
    IFNULL(sd_data.totalSale, 0) AS TotalSale,
    u.user_name AS purchaser_name  -- ✅ Added purchaser name
FROM 
    product_inital_stock AS pis
LEFT JOIN 
    (
        SELECT 
            ppd.product_id, 
            SUM(ppd.quantity_per_pack * box_quantity) AS totalPurchase,
            MAX(pp.purchaser_id) AS purchaser_id  -- ✅ Representative purchaser (if multiple purchases)
        FROM  
            product_purchase_details AS ppd
        LEFT JOIN product_purchase AS pp 
            ON ppd.purchase_invoice_id = pp.purchase_invoice
        GROUP BY 
            ppd.product_id
    ) AS ppd_data 
    ON pis.product_id = ppd_data.product_id
LEFT JOIN
    (
        SELECT  
            sd.product_id, 
            SUM(sd.product_quantity_sold) AS totalSale
        FROM    
            sales_details AS sd
        GROUP BY 
            sd.product_id
    ) AS sd_data 
    ON sd_data.product_id = pis.product_id
LEFT JOIN 
    user AS u 
    ON u.user_id = ppd_data.purchaser_id')
 2 SYSTEMPATH\CodeIgniter.php(933): App\Controllers\Stockreport->index()
 3 SYSTEMPATH\CodeIgniter.php(507): CodeIgniter\CodeIgniter->runController(Object(App\Controllers\Stockreport))
 4 SYSTEMPATH\CodeIgniter.php(354): CodeIgniter\CodeIgniter->handleRequest(null, Object(Config\Cache), false)
 5 SYSTEMPATH\Boot.php(363): CodeIgniter\CodeIgniter->run()
 6 SYSTEMPATH\Boot.php(68): CodeIgniter\Boot::runCodeIgniter(Object(CodeIgniter\CodeIgniter))
 7 FCPATH\index.php(59): CodeIgniter\Boot::bootWeb(Object(Config\Paths))
CRITICAL - 2026-03-24 10:25:29 --> [Caused by] CodeIgniter\Database\Exceptions\DatabaseException: Unknown column 'pis.buying_unit_price' in 'field list'
in SYSTEMPATH\Database\MySQLi\Connection.php on line 332.
 1 SYSTEMPATH\Database\BaseConnection.php(729): CodeIgniter\Database\MySQLi\Connection->execute('SELECT  
    pis.product_id, 
    pis.product_name, 
    pis.buying_unit_price AS buyingPrice,
    pis.selling_unit_price AS sellingPrice, 
    pis.tax_perchantage AS tAX,
    pis.productinitial_quantity AS initial_stock,
    IFNULL(ppd_data.totalPurchase, 0) AS newPurchase,
    IFNULL(sd_data.totalSale, 0) AS TotalSale,
    u.user_name AS purchaser_name  -- ✅ Added purchaser name
FROM 
    product_inital_stock AS pis
LEFT JOIN 
    (
        SELECT 
            ppd.product_id, 
            SUM(ppd.quantity_per_pack * box_quantity) AS totalPurchase,
            MAX(pp.purchaser_id) AS purchaser_id  -- ✅ Representative purchaser (if multiple purchases)
        FROM  
            product_purchase_details AS ppd
        LEFT JOIN product_purchase AS pp 
            ON ppd.purchase_invoice_id = pp.purchase_invoice
        GROUP BY 
            ppd.product_id
    ) AS ppd_data 
    ON pis.product_id = ppd_data.product_id
LEFT JOIN
    (
        SELECT  
            sd.product_id, 
            SUM(sd.product_quantity_sold) AS totalSale
        FROM    
            sales_details AS sd
        GROUP BY 
            sd.product_id
    ) AS sd_data 
    ON sd_data.product_id = pis.product_id
LEFT JOIN 
    user AS u 
    ON u.user_id = ppd_data.purchaser_id')
 2 SYSTEMPATH\Database\BaseConnection.php(646): CodeIgniter\Database\BaseConnection->simpleQuery('SELECT  
    pis.product_id, 
    pis.product_name, 
    pis.buying_unit_price AS buyingPrice,
    pis.selling_unit_price AS sellingPrice, 
    pis.tax_perchantage AS tAX,
    pis.productinitial_quantity AS initial_stock,
    IFNULL(ppd_data.totalPurchase, 0) AS newPurchase,
    IFNULL(sd_data.totalSale, 0) AS TotalSale,
    u.user_name AS purchaser_name  -- ✅ Added purchaser name
FROM 
    product_inital_stock AS pis
LEFT JOIN 
    (
        SELECT 
            ppd.product_id, 
            SUM(ppd.quantity_per_pack * box_quantity) AS totalPurchase,
            MAX(pp.purchaser_id) AS purchaser_id  -- ✅ Representative purchaser (if multiple purchases)
        FROM  
            product_purchase_details AS ppd
        LEFT JOIN product_purchase AS pp 
            ON ppd.purchase_invoice_id = pp.purchase_invoice
        GROUP BY 
            ppd.product_id
    ) AS ppd_data 
    ON pis.product_id = ppd_data.product_id
LEFT JOIN
    (
        SELECT  
            sd.product_id, 
            SUM(sd.product_quantity_sold) AS totalSale
        FROM    
            sales_details AS sd
        GROUP BY 
            sd.product_id
    ) AS sd_data 
    ON sd_data.product_id = pis.product_id
LEFT JOIN 
    user AS u 
    ON u.user_id = ppd_data.purchaser_id')
 3 APPPATH\Controllers\Stockreport.php(76): CodeIgniter\Database\BaseConnection->query('SELECT  
    pis.product_id, 
    pis.product_name, 
    pis.buying_unit_price AS buyingPrice,
    pis.selling_unit_price AS sellingPrice, 
    pis.tax_perchantage AS tAX,
    pis.productinitial_quantity AS initial_stock,
    IFNULL(ppd_data.totalPurchase, 0) AS newPurchase,
    IFNULL(sd_data.totalSale, 0) AS TotalSale,
    u.user_name AS purchaser_name  -- ✅ Added purchaser name
FROM 
    product_inital_stock AS pis
LEFT JOIN 
    (
        SELECT 
            ppd.product_id, 
            SUM(ppd.quantity_per_pack * box_quantity) AS totalPurchase,
            MAX(pp.purchaser_id) AS purchaser_id  -- ✅ Representative purchaser (if multiple purchases)
        FROM  
            product_purchase_details AS ppd
        LEFT JOIN product_purchase AS pp 
            ON ppd.purchase_invoice_id = pp.purchase_invoice
        GROUP BY 
            ppd.product_id
    ) AS ppd_data 
    ON pis.product_id = ppd_data.product_id
LEFT JOIN
    (
        SELECT  
            sd.product_id, 
            SUM(sd.product_quantity_sold) AS totalSale
        FROM    
            sales_details AS sd
        GROUP BY 
            sd.product_id
    ) AS sd_data 
    ON sd_data.product_id = pis.product_id
LEFT JOIN 
    user AS u 
    ON u.user_id = ppd_data.purchaser_id')
 4 SYSTEMPATH\CodeIgniter.php(933): App\Controllers\Stockreport->index()
 5 SYSTEMPATH\CodeIgniter.php(507): CodeIgniter\CodeIgniter->runController(Object(App\Controllers\Stockreport))
 6 SYSTEMPATH\CodeIgniter.php(354): CodeIgniter\CodeIgniter->handleRequest(null, Object(Config\Cache), false)
 7 SYSTEMPATH\Boot.php(363): CodeIgniter\CodeIgniter->run()
 8 SYSTEMPATH\Boot.php(68): CodeIgniter\Boot::runCodeIgniter(Object(CodeIgniter\CodeIgniter))
 9 FCPATH\index.php(59): CodeIgniter\Boot::bootWeb(Object(Config\Paths))
CRITICAL - 2026-03-24 10:25:29 --> [Caused by] mysqli_sql_exception: Unknown column 'pis.buying_unit_price' in 'field list'
in SYSTEMPATH\Database\MySQLi\Connection.php on line 327.
 1 SYSTEMPATH\Database\MySQLi\Connection.php(327): mysqli->query('SELECT  
    pis.product_id, 
    pis.product_name, 
    pis.buying_unit_price AS buyingPrice,
    pis.selling_unit_price AS sellingPrice, 
    pis.tax_perchantage AS tAX,
    pis.productinitial_quantity AS initial_stock,
    IFNULL(ppd_data.totalPurchase, 0) AS newPurchase,
    IFNULL(sd_data.totalSale, 0) AS TotalSale,
    u.user_name AS purchaser_name  -- ✅ Added purchaser name
FROM 
    product_inital_stock AS pis
LEFT JOIN 
    (
        SELECT 
            ppd.product_id, 
            SUM(ppd.quantity_per_pack * box_quantity) AS totalPurchase,
            MAX(pp.purchaser_id) AS purchaser_id  -- ✅ Representative purchaser (if multiple purchases)
        FROM  
            product_purchase_details AS ppd
        LEFT JOIN product_purchase AS pp 
            ON ppd.purchase_invoice_id = pp.purchase_invoice
        GROUP BY 
            ppd.product_id
    ) AS ppd_data 
    ON pis.product_id = ppd_data.product_id
LEFT JOIN
    (
        SELECT  
            sd.product_id, 
            SUM(sd.product_quantity_sold) AS totalSale
        FROM    
            sales_details AS sd
        GROUP BY 
            sd.product_id
    ) AS sd_data 
    ON sd_data.product_id = pis.product_id
LEFT JOIN 
    user AS u 
    ON u.user_id = ppd_data.purchaser_id', 0)
 2 SYSTEMPATH\Database\BaseConnection.php(729): CodeIgniter\Database\MySQLi\Connection->execute('SELECT  
    pis.product_id, 
    pis.product_name, 
    pis.buying_unit_price AS buyingPrice,
    pis.selling_unit_price AS sellingPrice, 
    pis.tax_perchantage AS tAX,
    pis.productinitial_quantity AS initial_stock,
    IFNULL(ppd_data.totalPurchase, 0) AS newPurchase,
    IFNULL(sd_data.totalSale, 0) AS TotalSale,
    u.user_name AS purchaser_name  -- ✅ Added purchaser name
FROM 
    product_inital_stock AS pis
LEFT JOIN 
    (
        SELECT 
            ppd.product_id, 
            SUM(ppd.quantity_per_pack * box_quantity) AS totalPurchase,
            MAX(pp.purchaser_id) AS purchaser_id  -- ✅ Representative purchaser (if multiple purchases)
        FROM  
            product_purchase_details AS ppd
        LEFT JOIN product_purchase AS pp 
            ON ppd.purchase_invoice_id = pp.purchase_invoice
        GROUP BY 
            ppd.product_id
    ) AS ppd_data 
    ON pis.product_id = ppd_data.product_id
LEFT JOIN
    (
        SELECT  
            sd.product_id, 
            SUM(sd.product_quantity_sold) AS totalSale
        FROM    
            sales_details AS sd
        GROUP BY 
            sd.product_id
    ) AS sd_data 
    ON sd_data.product_id = pis.product_id
LEFT JOIN 
    user AS u 
    ON u.user_id = ppd_data.purchaser_id')
 3 SYSTEMPATH\Database\BaseConnection.php(646): CodeIgniter\Database\BaseConnection->simpleQuery('SELECT  
    pis.product_id, 
    pis.product_name, 
    pis.buying_unit_price AS buyingPrice,
    pis.selling_unit_price AS sellingPrice, 
    pis.tax_perchantage AS tAX,
    pis.productinitial_quantity AS initial_stock,
    IFNULL(ppd_data.totalPurchase, 0) AS newPurchase,
    IFNULL(sd_data.totalSale, 0) AS TotalSale,
    u.user_name AS purchaser_name  -- ✅ Added purchaser name
FROM 
    product_inital_stock AS pis
LEFT JOIN 
    (
        SELECT 
            ppd.product_id, 
            SUM(ppd.quantity_per_pack * box_quantity) AS totalPurchase,
            MAX(pp.purchaser_id) AS purchaser_id  -- ✅ Representative purchaser (if multiple purchases)
        FROM  
            product_purchase_details AS ppd
        LEFT JOIN product_purchase AS pp 
            ON ppd.purchase_invoice_id = pp.purchase_invoice
        GROUP BY 
            ppd.product_id
    ) AS ppd_data 
    ON pis.product_id = ppd_data.product_id
LEFT JOIN
    (
        SELECT  
            sd.product_id, 
            SUM(sd.product_quantity_sold) AS totalSale
        FROM    
            sales_details AS sd
        GROUP BY 
            sd.product_id
    ) AS sd_data 
    ON sd_data.product_id = pis.product_id
LEFT JOIN 
    user AS u 
    ON u.user_id = ppd_data.purchaser_id')
 4 APPPATH\Controllers\Stockreport.php(76): CodeIgniter\Database\BaseConnection->query('SELECT  
    pis.product_id, 
    pis.product_name, 
    pis.buying_unit_price AS buyingPrice,
    pis.selling_unit_price AS sellingPrice, 
    pis.tax_perchantage AS tAX,
    pis.productinitial_quantity AS initial_stock,
    IFNULL(ppd_data.totalPurchase, 0) AS newPurchase,
    IFNULL(sd_data.totalSale, 0) AS TotalSale,
    u.user_name AS purchaser_name  -- ✅ Added purchaser name
FROM 
    product_inital_stock AS pis
LEFT JOIN 
    (
        SELECT 
            ppd.product_id, 
            SUM(ppd.quantity_per_pack * box_quantity) AS totalPurchase,
            MAX(pp.purchaser_id) AS purchaser_id  -- ✅ Representative purchaser (if multiple purchases)
        FROM  
            product_purchase_details AS ppd
        LEFT JOIN product_purchase AS pp 
            ON ppd.purchase_invoice_id = pp.purchase_invoice
        GROUP BY 
            ppd.product_id
    ) AS ppd_data 
    ON pis.product_id = ppd_data.product_id
LEFT JOIN
    (
        SELECT  
            sd.product_id, 
            SUM(sd.product_quantity_sold) AS totalSale
        FROM    
            sales_details AS sd
        GROUP BY 
            sd.product_id
    ) AS sd_data 
    ON sd_data.product_id = pis.product_id
LEFT JOIN 
    user AS u 
    ON u.user_id = ppd_data.purchaser_id')
 5 SYSTEMPATH\CodeIgniter.php(933): App\Controllers\Stockreport->index()
 6 SYSTEMPATH\CodeIgniter.php(507): CodeIgniter\CodeIgniter->runController(Object(App\Controllers\Stockreport))
 7 SYSTEMPATH\CodeIgniter.php(354): CodeIgniter\CodeIgniter->handleRequest(null, Object(Config\Cache), false)
 8 SYSTEMPATH\Boot.php(363): CodeIgniter\CodeIgniter->run()
 9 SYSTEMPATH\Boot.php(68): CodeIgniter\Boot::runCodeIgniter(Object(CodeIgniter\CodeIgniter))
10 FCPATH\index.php(59): CodeIgniter\Boot::bootWeb(Object(Config\Paths))
ERROR - 2026-03-24 10:27:55 --> mysqli_sql_exception: Unknown column 'pis.tax_perchantage' in 'field list' in C:\laragon\www\pharmacy-project\system\Database\MySQLi\Connection.php:327
Stack trace:
#0 C:\laragon\www\pharmacy-project\system\Database\MySQLi\Connection.php(327): mysqli->query('SELECT  \r\n    p...', 0)
#1 C:\laragon\www\pharmacy-project\system\Database\BaseConnection.php(729): CodeIgniter\Database\MySQLi\Connection->execute('SELECT  \r\n    p...')
#2 C:\laragon\www\pharmacy-project\system\Database\BaseConnection.php(646): CodeIgniter\Database\BaseConnection->simpleQuery('SELECT  \r\n    p...')
#3 C:\laragon\www\pharmacy-project\app\Controllers\Stockreport.php(76): CodeIgniter\Database\BaseConnection->query('SELECT  \r\n    p...')
#4 C:\laragon\www\pharmacy-project\system\CodeIgniter.php(933): App\Controllers\Stockreport->index()
#5 C:\laragon\www\pharmacy-project\system\CodeIgniter.php(507): CodeIgniter\CodeIgniter->runController(Object(App\Controllers\Stockreport))
#6 C:\laragon\www\pharmacy-project\system\CodeIgniter.php(354): CodeIgniter\CodeIgniter->handleRequest(NULL, Object(Config\Cache), false)
#7 C:\laragon\www\pharmacy-project\system\Boot.php(363): CodeIgniter\CodeIgniter->run()
#8 C:\laragon\www\pharmacy-project\system\Boot.php(68): CodeIgniter\Boot::runCodeIgniter(Object(CodeIgniter\CodeIgniter))
#9 C:\laragon\www\pharmacy-project\index.php(59): CodeIgniter\Boot::bootWeb(Object(Config\Paths))
#10 {main}
CRITICAL - 2026-03-24 10:27:55 --> CodeIgniter\Database\Exceptions\DatabaseException: Unknown column 'pis.tax_perchantage' in 'field list'
[Method: GET, Route: stockreport]
in SYSTEMPATH\Database\BaseConnection.php on line 684.
 1 APPPATH\Controllers\Stockreport.php(76): CodeIgniter\Database\BaseConnection->query('SELECT  
    pis.product_id, 
    pis.product_name, 
    pis.purchase_price AS buyingPrice,
    pis.sales_price AS sellingPrice, 
    pis.tax_perchantage AS tAX,
    pis.productinitial_quantity AS initial_stock,
    IFNULL(ppd_data.totalPurchase, 0) AS newPurchase,
    IFNULL(sd_data.totalSale, 0) AS TotalSale,
    u.user_name AS purchaser_name  -- ✅ Added purchaser name
FROM 
    product_inital_stock AS pis
LEFT JOIN 
    (
        SELECT 
            ppd.product_id, 
            SUM(ppd.quantity_per_pack * box_quantity) AS totalPurchase,
            MAX(pp.purchaser_id) AS purchaser_id  -- ✅ Representative purchaser (if multiple purchases)
        FROM  
            product_purchase_details AS ppd
        LEFT JOIN product_purchase AS pp 
            ON ppd.purchase_invoice_id = pp.purchase_invoice
        GROUP BY 
            ppd.product_id
    ) AS ppd_data 
    ON pis.product_id = ppd_data.product_id
LEFT JOIN
    (
        SELECT  
            sd.product_id, 
            SUM(sd.product_quantity_sold) AS totalSale
        FROM    
            sales_details AS sd
        GROUP BY 
            sd.product_id
    ) AS sd_data 
    ON sd_data.product_id = pis.product_id
LEFT JOIN 
    user AS u 
    ON u.user_id = ppd_data.purchaser_id')
 2 SYSTEMPATH\CodeIgniter.php(933): App\Controllers\Stockreport->index()
 3 SYSTEMPATH\CodeIgniter.php(507): CodeIgniter\CodeIgniter->runController(Object(App\Controllers\Stockreport))
 4 SYSTEMPATH\CodeIgniter.php(354): CodeIgniter\CodeIgniter->handleRequest(null, Object(Config\Cache), false)
 5 SYSTEMPATH\Boot.php(363): CodeIgniter\CodeIgniter->run()
 6 SYSTEMPATH\Boot.php(68): CodeIgniter\Boot::runCodeIgniter(Object(CodeIgniter\CodeIgniter))
 7 FCPATH\index.php(59): CodeIgniter\Boot::bootWeb(Object(Config\Paths))
CRITICAL - 2026-03-24 10:27:55 --> [Caused by] CodeIgniter\Database\Exceptions\DatabaseException: Unknown column 'pis.tax_perchantage' in 'field list'
in SYSTEMPATH\Database\MySQLi\Connection.php on line 332.
 1 SYSTEMPATH\Database\BaseConnection.php(729): CodeIgniter\Database\MySQLi\Connection->execute('SELECT  
    pis.product_id, 
    pis.product_name, 
    pis.purchase_price AS buyingPrice,
    pis.sales_price AS sellingPrice, 
    pis.tax_perchantage AS tAX,
    pis.productinitial_quantity AS initial_stock,
    IFNULL(ppd_data.totalPurchase, 0) AS newPurchase,
    IFNULL(sd_data.totalSale, 0) AS TotalSale,
    u.user_name AS purchaser_name  -- ✅ Added purchaser name
FROM 
    product_inital_stock AS pis
LEFT JOIN 
    (
        SELECT 
            ppd.product_id, 
            SUM(ppd.quantity_per_pack * box_quantity) AS totalPurchase,
            MAX(pp.purchaser_id) AS purchaser_id  -- ✅ Representative purchaser (if multiple purchases)
        FROM  
            product_purchase_details AS ppd
        LEFT JOIN product_purchase AS pp 
            ON ppd.purchase_invoice_id = pp.purchase_invoice
        GROUP BY 
            ppd.product_id
    ) AS ppd_data 
    ON pis.product_id = ppd_data.product_id
LEFT JOIN
    (
        SELECT  
            sd.product_id, 
            SUM(sd.product_quantity_sold) AS totalSale
        FROM    
            sales_details AS sd
        GROUP BY 
            sd.product_id
    ) AS sd_data 
    ON sd_data.product_id = pis.product_id
LEFT JOIN 
    user AS u 
    ON u.user_id = ppd_data.purchaser_id')
 2 SYSTEMPATH\Database\BaseConnection.php(646): CodeIgniter\Database\BaseConnection->simpleQuery('SELECT  
    pis.product_id, 
    pis.product_name, 
    pis.purchase_price AS buyingPrice,
    pis.sales_price AS sellingPrice, 
    pis.tax_perchantage AS tAX,
    pis.productinitial_quantity AS initial_stock,
    IFNULL(ppd_data.totalPurchase, 0) AS newPurchase,
    IFNULL(sd_data.totalSale, 0) AS TotalSale,
    u.user_name AS purchaser_name  -- ✅ Added purchaser name
FROM 
    product_inital_stock AS pis
LEFT JOIN 
    (
        SELECT 
            ppd.product_id, 
            SUM(ppd.quantity_per_pack * box_quantity) AS totalPurchase,
            MAX(pp.purchaser_id) AS purchaser_id  -- ✅ Representative purchaser (if multiple purchases)
        FROM  
            product_purchase_details AS ppd
        LEFT JOIN product_purchase AS pp 
            ON ppd.purchase_invoice_id = pp.purchase_invoice
        GROUP BY 
            ppd.product_id
    ) AS ppd_data 
    ON pis.product_id = ppd_data.product_id
LEFT JOIN
    (
        SELECT  
            sd.product_id, 
            SUM(sd.product_quantity_sold) AS totalSale
        FROM    
            sales_details AS sd
        GROUP BY 
            sd.product_id
    ) AS sd_data 
    ON sd_data.product_id = pis.product_id
LEFT JOIN 
    user AS u 
    ON u.user_id = ppd_data.purchaser_id')
 3 APPPATH\Controllers\Stockreport.php(76): CodeIgniter\Database\BaseConnection->query('SELECT  
    pis.product_id, 
    pis.product_name, 
    pis.purchase_price AS buyingPrice,
    pis.sales_price AS sellingPrice, 
    pis.tax_perchantage AS tAX,
    pis.productinitial_quantity AS initial_stock,
    IFNULL(ppd_data.totalPurchase, 0) AS newPurchase,
    IFNULL(sd_data.totalSale, 0) AS TotalSale,
    u.user_name AS purchaser_name  -- ✅ Added purchaser name
FROM 
    product_inital_stock AS pis
LEFT JOIN 
    (
        SELECT 
            ppd.product_id, 
            SUM(ppd.quantity_per_pack * box_quantity) AS totalPurchase,
            MAX(pp.purchaser_id) AS purchaser_id  -- ✅ Representative purchaser (if multiple purchases)
        FROM  
            product_purchase_details AS ppd
        LEFT JOIN product_purchase AS pp 
            ON ppd.purchase_invoice_id = pp.purchase_invoice
        GROUP BY 
            ppd.product_id
    ) AS ppd_data 
    ON pis.product_id = ppd_data.product_id
LEFT JOIN
    (
        SELECT  
            sd.product_id, 
            SUM(sd.product_quantity_sold) AS totalSale
        FROM    
            sales_details AS sd
        GROUP BY 
            sd.product_id
    ) AS sd_data 
    ON sd_data.product_id = pis.product_id
LEFT JOIN 
    user AS u 
    ON u.user_id = ppd_data.purchaser_id')
 4 SYSTEMPATH\CodeIgniter.php(933): App\Controllers\Stockreport->index()
 5 SYSTEMPATH\CodeIgniter.php(507): CodeIgniter\CodeIgniter->runController(Object(App\Controllers\Stockreport))
 6 SYSTEMPATH\CodeIgniter.php(354): CodeIgniter\CodeIgniter->handleRequest(null, Object(Config\Cache), false)
 7 SYSTEMPATH\Boot.php(363): CodeIgniter\CodeIgniter->run()
 8 SYSTEMPATH\Boot.php(68): CodeIgniter\Boot::runCodeIgniter(Object(CodeIgniter\CodeIgniter))
 9 FCPATH\index.php(59): CodeIgniter\Boot::bootWeb(Object(Config\Paths))
CRITICAL - 2026-03-24 10:27:55 --> [Caused by] mysqli_sql_exception: Unknown column 'pis.tax_perchantage' in 'field list'
in SYSTEMPATH\Database\MySQLi\Connection.php on line 327.
 1 SYSTEMPATH\Database\MySQLi\Connection.php(327): mysqli->query('SELECT  
    pis.product_id, 
    pis.product_name, 
    pis.purchase_price AS buyingPrice,
    pis.sales_price AS sellingPrice, 
    pis.tax_perchantage AS tAX,
    pis.productinitial_quantity AS initial_stock,
    IFNULL(ppd_data.totalPurchase, 0) AS newPurchase,
    IFNULL(sd_data.totalSale, 0) AS TotalSale,
    u.user_name AS purchaser_name  -- ✅ Added purchaser name
FROM 
    product_inital_stock AS pis
LEFT JOIN 
    (
        SELECT 
            ppd.product_id, 
            SUM(ppd.quantity_per_pack * box_quantity) AS totalPurchase,
            MAX(pp.purchaser_id) AS purchaser_id  -- ✅ Representative purchaser (if multiple purchases)
        FROM  
            product_purchase_details AS ppd
        LEFT JOIN product_purchase AS pp 
            ON ppd.purchase_invoice_id = pp.purchase_invoice
        GROUP BY 
            ppd.product_id
    ) AS ppd_data 
    ON pis.product_id = ppd_data.product_id
LEFT JOIN
    (
        SELECT  
            sd.product_id, 
            SUM(sd.product_quantity_sold) AS totalSale
        FROM    
            sales_details AS sd
        GROUP BY 
            sd.product_id
    ) AS sd_data 
    ON sd_data.product_id = pis.product_id
LEFT JOIN 
    user AS u 
    ON u.user_id = ppd_data.purchaser_id', 0)
 2 SYSTEMPATH\Database\BaseConnection.php(729): CodeIgniter\Database\MySQLi\Connection->execute('SELECT  
    pis.product_id, 
    pis.product_name, 
    pis.purchase_price AS buyingPrice,
    pis.sales_price AS sellingPrice, 
    pis.tax_perchantage AS tAX,
    pis.productinitial_quantity AS initial_stock,
    IFNULL(ppd_data.totalPurchase, 0) AS newPurchase,
    IFNULL(sd_data.totalSale, 0) AS TotalSale,
    u.user_name AS purchaser_name  -- ✅ Added purchaser name
FROM 
    product_inital_stock AS pis
LEFT JOIN 
    (
        SELECT 
            ppd.product_id, 
            SUM(ppd.quantity_per_pack * box_quantity) AS totalPurchase,
            MAX(pp.purchaser_id) AS purchaser_id  -- ✅ Representative purchaser (if multiple purchases)
        FROM  
            product_purchase_details AS ppd
        LEFT JOIN product_purchase AS pp 
            ON ppd.purchase_invoice_id = pp.purchase_invoice
        GROUP BY 
            ppd.product_id
    ) AS ppd_data 
    ON pis.product_id = ppd_data.product_id
LEFT JOIN
    (
        SELECT  
            sd.product_id, 
            SUM(sd.product_quantity_sold) AS totalSale
        FROM    
            sales_details AS sd
        GROUP BY 
            sd.product_id
    ) AS sd_data 
    ON sd_data.product_id = pis.product_id
LEFT JOIN 
    user AS u 
    ON u.user_id = ppd_data.purchaser_id')
 3 SYSTEMPATH\Database\BaseConnection.php(646): CodeIgniter\Database\BaseConnection->simpleQuery('SELECT  
    pis.product_id, 
    pis.product_name, 
    pis.purchase_price AS buyingPrice,
    pis.sales_price AS sellingPrice, 
    pis.tax_perchantage AS tAX,
    pis.productinitial_quantity AS initial_stock,
    IFNULL(ppd_data.totalPurchase, 0) AS newPurchase,
    IFNULL(sd_data.totalSale, 0) AS TotalSale,
    u.user_name AS purchaser_name  -- ✅ Added purchaser name
FROM 
    product_inital_stock AS pis
LEFT JOIN 
    (
        SELECT 
            ppd.product_id, 
            SUM(ppd.quantity_per_pack * box_quantity) AS totalPurchase,
            MAX(pp.purchaser_id) AS purchaser_id  -- ✅ Representative purchaser (if multiple purchases)
        FROM  
            product_purchase_details AS ppd
        LEFT JOIN product_purchase AS pp 
            ON ppd.purchase_invoice_id = pp.purchase_invoice
        GROUP BY 
            ppd.product_id
    ) AS ppd_data 
    ON pis.product_id = ppd_data.product_id
LEFT JOIN
    (
        SELECT  
            sd.product_id, 
            SUM(sd.product_quantity_sold) AS totalSale
        FROM    
            sales_details AS sd
        GROUP BY 
            sd.product_id
    ) AS sd_data 
    ON sd_data.product_id = pis.product_id
LEFT JOIN 
    user AS u 
    ON u.user_id = ppd_data.purchaser_id')
 4 APPPATH\Controllers\Stockreport.php(76): CodeIgniter\Database\BaseConnection->query('SELECT  
    pis.product_id, 
    pis.product_name, 
    pis.purchase_price AS buyingPrice,
    pis.sales_price AS sellingPrice, 
    pis.tax_perchantage AS tAX,
    pis.productinitial_quantity AS initial_stock,
    IFNULL(ppd_data.totalPurchase, 0) AS newPurchase,
    IFNULL(sd_data.totalSale, 0) AS TotalSale,
    u.user_name AS purchaser_name  -- ✅ Added purchaser name
FROM 
    product_inital_stock AS pis
LEFT JOIN 
    (
        SELECT 
            ppd.product_id, 
            SUM(ppd.quantity_per_pack * box_quantity) AS totalPurchase,
            MAX(pp.purchaser_id) AS purchaser_id  -- ✅ Representative purchaser (if multiple purchases)
        FROM  
            product_purchase_details AS ppd
        LEFT JOIN product_purchase AS pp 
            ON ppd.purchase_invoice_id = pp.purchase_invoice
        GROUP BY 
            ppd.product_id
    ) AS ppd_data 
    ON pis.product_id = ppd_data.product_id
LEFT JOIN
    (
        SELECT  
            sd.product_id, 
            SUM(sd.product_quantity_sold) AS totalSale
        FROM    
            sales_details AS sd
        GROUP BY 
            sd.product_id
    ) AS sd_data 
    ON sd_data.product_id = pis.product_id
LEFT JOIN 
    user AS u 
    ON u.user_id = ppd_data.purchaser_id')
 5 SYSTEMPATH\CodeIgniter.php(933): App\Controllers\Stockreport->index()
 6 SYSTEMPATH\CodeIgniter.php(507): CodeIgniter\CodeIgniter->runController(Object(App\Controllers\Stockreport))
 7 SYSTEMPATH\CodeIgniter.php(354): CodeIgniter\CodeIgniter->handleRequest(null, Object(Config\Cache), false)
 8 SYSTEMPATH\Boot.php(363): CodeIgniter\CodeIgniter->run()
 9 SYSTEMPATH\Boot.php(68): CodeIgniter\Boot::runCodeIgniter(Object(CodeIgniter\CodeIgniter))
10 FCPATH\index.php(59): CodeIgniter\Boot::bootWeb(Object(Config\Paths))
CRITICAL - 2026-03-24 10:31:26 --> ErrorException: Undefined array key "tAX"
[Method: GET, Route: stockreport]
in APPPATH\Views\report\stock_report.php on line 46.
 1 APPPATH\Views\report\stock_report.php(46): CodeIgniter\Debug\Exceptions->errorHandler(2, 'Undefined array key "tAX"', 'C:\\laragon\\www\\pharmacy-project\\app\\Views\\report\\stock_report.php', 46)
 2 SYSTEMPATH\View\View.php(226): include('C:\\laragon\\www\\pharmacy-project\\app\\Views\\report\\stock_report.php')
 3 SYSTEMPATH\View\View.php(229): CodeIgniter\View\View->CodeIgniter\View\{closure}()
 4 SYSTEMPATH\Common.php(1167): CodeIgniter\View\View->render('report/stock_report', [], true)
 5 APPPATH\Controllers\Stockreport.php(83): view('report/stock_report', [...])
 6 SYSTEMPATH\CodeIgniter.php(933): App\Controllers\Stockreport->index()
 7 SYSTEMPATH\CodeIgniter.php(507): CodeIgniter\CodeIgniter->runController(Object(App\Controllers\Stockreport))
 8 SYSTEMPATH\CodeIgniter.php(354): CodeIgniter\CodeIgniter->handleRequest(null, Object(Config\Cache), false)
 9 SYSTEMPATH\Boot.php(363): CodeIgniter\CodeIgniter->run()
10 SYSTEMPATH\Boot.php(68): CodeIgniter\Boot::runCodeIgniter(Object(CodeIgniter\CodeIgniter))
11 FCPATH\index.php(59): CodeIgniter\Boot::bootWeb(Object(Config\Paths))
CRITICAL - 2026-03-24 10:32:08 --> ErrorException: Undefined array key "tAX"
[Method: GET, Route: stockreport]
in APPPATH\Views\report\stock_report.php on line 46.
 1 APPPATH\Views\report\stock_report.php(46): CodeIgniter\Debug\Exceptions->errorHandler(2, 'Undefined array key "tAX"', 'C:\\laragon\\www\\pharmacy-project\\app\\Views\\report\\stock_report.php', 46)
 2 SYSTEMPATH\View\View.php(226): include('C:\\laragon\\www\\pharmacy-project\\app\\Views\\report\\stock_report.php')
 3 SYSTEMPATH\View\View.php(229): CodeIgniter\View\View->CodeIgniter\View\{closure}()
 4 SYSTEMPATH\Common.php(1167): CodeIgniter\View\View->render('report/stock_report', [], true)
 5 APPPATH\Controllers\Stockreport.php(85): view('report/stock_report', [...])
 6 SYSTEMPATH\CodeIgniter.php(933): App\Controllers\Stockreport->index()
 7 SYSTEMPATH\CodeIgniter.php(507): CodeIgniter\CodeIgniter->runController(Object(App\Controllers\Stockreport))
 8 SYSTEMPATH\CodeIgniter.php(354): CodeIgniter\CodeIgniter->handleRequest(null, Object(Config\Cache), false)
 9 SYSTEMPATH\Boot.php(363): CodeIgniter\CodeIgniter->run()
10 SYSTEMPATH\Boot.php(68): CodeIgniter\Boot::runCodeIgniter(Object(CodeIgniter\CodeIgniter))
11 FCPATH\index.php(59): CodeIgniter\Boot::bootWeb(Object(Config\Paths))
CRITICAL - 2026-03-24 10:32:09 --> ErrorException: Undefined array key "tAX"
[Method: GET, Route: stockreport]
in APPPATH\Views\report\stock_report.php on line 46.
 1 APPPATH\Views\report\stock_report.php(46): CodeIgniter\Debug\Exceptions->errorHandler(2, 'Undefined array key "tAX"', 'C:\\laragon\\www\\pharmacy-project\\app\\Views\\report\\stock_report.php', 46)
 2 SYSTEMPATH\View\View.php(226): include('C:\\laragon\\www\\pharmacy-project\\app\\Views\\report\\stock_report.php')
 3 SYSTEMPATH\View\View.php(229): CodeIgniter\View\View->CodeIgniter\View\{closure}()
 4 SYSTEMPATH\Common.php(1167): CodeIgniter\View\View->render('report/stock_report', [], true)
 5 APPPATH\Controllers\Stockreport.php(85): view('report/stock_report', [...])
 6 SYSTEMPATH\CodeIgniter.php(933): App\Controllers\Stockreport->index()
 7 SYSTEMPATH\CodeIgniter.php(507): CodeIgniter\CodeIgniter->runController(Object(App\Controllers\Stockreport))
 8 SYSTEMPATH\CodeIgniter.php(354): CodeIgniter\CodeIgniter->handleRequest(null, Object(Config\Cache), false)
 9 SYSTEMPATH\Boot.php(363): CodeIgniter\CodeIgniter->run()
10 SYSTEMPATH\Boot.php(68): CodeIgniter\Boot::runCodeIgniter(Object(CodeIgniter\CodeIgniter))
11 FCPATH\index.php(59): CodeIgniter\Boot::bootWeb(Object(Config\Paths))
DEBUG - 2026-03-24 10:32:33 --> Session: Class initialized using 'CodeIgniter\Session\Handlers\FileHandler' driver.
DEBUG - 2026-03-24 10:36:29 --> Session: Class initialized using 'CodeIgniter\Session\Handlers\FileHandler' driver.
DEBUG - 2026-03-24 10:36:42 --> Session: Class initialized using 'CodeIgniter\Session\Handlers\FileHandler' driver.
CRITICAL - 2026-03-24 10:39:18 --> ErrorException: Undefined array key "purchase_price"
[Method: GET, Route: stockreport]
in APPPATH\Views\report\stock_report.php on line 46.
 1 APPPATH\Views\report\stock_report.php(46): CodeIgniter\Debug\Exceptions->errorHandler(2, 'Undefined array key "purchase_price"', 'C:\\laragon\\www\\pharmacy-project\\app\\Views\\report\\stock_report.php', 46)
 2 SYSTEMPATH\View\View.php(226): include('C:\\laragon\\www\\pharmacy-project\\app\\Views\\report\\stock_report.php')
 3 SYSTEMPATH\View\View.php(229): CodeIgniter\View\View->CodeIgniter\View\{closure}()
 4 SYSTEMPATH\Common.php(1167): CodeIgniter\View\View->render('report/stock_report', [], true)
 5 APPPATH\Controllers\Stockreport.php(86): view('report/stock_report', [...])
 6 SYSTEMPATH\CodeIgniter.php(933): App\Controllers\Stockreport->index()
 7 SYSTEMPATH\CodeIgniter.php(507): CodeIgniter\CodeIgniter->runController(Object(App\Controllers\Stockreport))
 8 SYSTEMPATH\CodeIgniter.php(354): CodeIgniter\CodeIgniter->handleRequest(null, Object(Config\Cache), false)
 9 SYSTEMPATH\Boot.php(363): CodeIgniter\CodeIgniter->run()
10 SYSTEMPATH\Boot.php(68): CodeIgniter\Boot::runCodeIgniter(Object(CodeIgniter\CodeIgniter))
11 FCPATH\index.php(59): CodeIgniter\Boot::bootWeb(Object(Config\Paths))
CRITICAL - 2026-03-24 10:39:43 --> ErrorException: Undefined array key "sellingPrice"
[Method: GET, Route: stockreport]
in APPPATH\Views\report\stock_report.php on line 42.
 1 APPPATH\Views\report\stock_report.php(42): CodeIgniter\Debug\Exceptions->errorHandler(2, 'Undefined array key "sellingPrice"', 'C:\\laragon\\www\\pharmacy-project\\app\\Views\\report\\stock_report.php', 42)
 2 SYSTEMPATH\View\View.php(226): include('C:\\laragon\\www\\pharmacy-project\\app\\Views\\report\\stock_report.php')
 3 SYSTEMPATH\View\View.php(229): CodeIgniter\View\View->CodeIgniter\View\{closure}()
 4 SYSTEMPATH\Common.php(1167): CodeIgniter\View\View->render('report/stock_report', [], true)
 5 APPPATH\Controllers\Stockreport.php(87): view('report/stock_report', [...])
 6 SYSTEMPATH\CodeIgniter.php(933): App\Controllers\Stockreport->index()
 7 SYSTEMPATH\CodeIgniter.php(507): CodeIgniter\CodeIgniter->runController(Object(App\Controllers\Stockreport))
 8 SYSTEMPATH\CodeIgniter.php(354): CodeIgniter\CodeIgniter->handleRequest(null, Object(Config\Cache), false)
 9 SYSTEMPATH\Boot.php(363): CodeIgniter\CodeIgniter->run()
10 SYSTEMPATH\Boot.php(68): CodeIgniter\Boot::runCodeIgniter(Object(CodeIgniter\CodeIgniter))
11 FCPATH\index.php(59): CodeIgniter\Boot::bootWeb(Object(Config\Paths))
DEBUG - 2026-03-24 10:40:41 --> Session: Class initialized using 'CodeIgniter\Session\Handlers\FileHandler' driver.
DEBUG - 2026-03-24 10:41:57 --> Session: Class initialized using 'CodeIgniter\Session\Handlers\FileHandler' driver.
DEBUG - 2026-03-24 10:43:56 --> Session: Class initialized using 'CodeIgniter\Session\Handlers\FileHandler' driver.
ERROR - 2026-03-24 10:47:41 --> mysqli_sql_exception: Unknown column 'tx.tax_amount' in 'field list' in C:\laragon\www\pharmacy-project\system\Database\MySQLi\Connection.php:327
Stack trace:
#0 C:\laragon\www\pharmacy-project\system\Database\MySQLi\Connection.php(327): mysqli->query('SELECT  \r\n    p...', 0)
#1 C:\laragon\www\pharmacy-project\system\Database\BaseConnection.php(729): CodeIgniter\Database\MySQLi\Connection->execute('SELECT  \r\n    p...')
#2 C:\laragon\www\pharmacy-project\system\Database\BaseConnection.php(646): CodeIgniter\Database\BaseConnection->simpleQuery('SELECT  \r\n    p...')
#3 C:\laragon\www\pharmacy-project\app\Controllers\Stockreport.php(86): CodeIgniter\Database\BaseConnection->query('SELECT  \r\n    p...')
#4 C:\laragon\www\pharmacy-project\system\CodeIgniter.php(933): App\Controllers\Stockreport->index()
#5 C:\laragon\www\pharmacy-project\system\CodeIgniter.php(507): CodeIgniter\CodeIgniter->runController(Object(App\Controllers\Stockreport))
#6 C:\laragon\www\pharmacy-project\system\CodeIgniter.php(354): CodeIgniter\CodeIgniter->handleRequest(NULL, Object(Config\Cache), false)
#7 C:\laragon\www\pharmacy-project\system\Boot.php(363): CodeIgniter\CodeIgniter->run()
#8 C:\laragon\www\pharmacy-project\system\Boot.php(68): CodeIgniter\Boot::runCodeIgniter(Object(CodeIgniter\CodeIgniter))
#9 C:\laragon\www\pharmacy-project\index.php(59): CodeIgniter\Boot::bootWeb(Object(Config\Paths))
#10 {main}
CRITICAL - 2026-03-24 10:47:41 --> CodeIgniter\Database\Exceptions\DatabaseException: Unknown column 'tx.tax_amount' in 'field list'
[Method: GET, Route: stockreport]
in SYSTEMPATH\Database\BaseConnection.php on line 684.
 1 APPPATH\Controllers\Stockreport.php(86): CodeIgniter\Database\BaseConnection->query('SELECT  
    pis.product_id, 
    pis.product_name, 
    pis.base_price,
    pis.purchase_price ,
    pis.sales_price,
    pis.profit_margin,
    tx.tax_percentage AS tAX,
                tx.tax_amount, 
    -- pis.tax_perchantage AS tAX,
    pis.productinitial_quantity AS initial_stock,
    IFNULL(ppd_data.totalPurchase, 0) AS newPurchase,
    IFNULL(sd_data.totalSale, 0) AS TotalSale,
    u.user_name AS purchaser_name  -- ✅ Added purchaser name
FROM 
    product_inital_stock AS pis

    LEFT JOIN tax as tx  ON pis.tax_id = tx.tax_id 
    
LEFT JOIN 
    (
        SELECT 
            ppd.product_id, 
            SUM(ppd.quantity_per_pack * box_quantity) AS totalPurchase,
            MAX(pp.purchaser_id) AS purchaser_id  -- ✅ Representative purchaser (if multiple purchases)
        FROM  
            product_purchase_details AS ppd
        LEFT JOIN product_purchase AS pp 
            ON ppd.purchase_invoice_id = pp.purchase_invoice
        GROUP BY 
            ppd.product_id
    ) AS ppd_data 
    ON pis.product_id = ppd_data.product_id

 

LEFT JOIN
    (
        SELECT  
            sd.product_id, 
            SUM(sd.product_quantity_sold) AS totalSale
        FROM    
            sales_details AS sd
        GROUP BY 
            sd.product_id
    ) AS sd_data 
    ON sd_data.product_id = pis.product_id
LEFT JOIN 
    user AS u 
    ON u.user_id = ppd_data.purchaser_id')
 2 SYSTEMPATH\CodeIgniter.php(933): App\Controllers\Stockreport->index()
 3 SYSTEMPATH\CodeIgniter.php(507): CodeIgniter\CodeIgniter->runController(Object(App\Controllers\Stockreport))
 4 SYSTEMPATH\CodeIgniter.php(354): CodeIgniter\CodeIgniter->handleRequest(null, Object(Config\Cache), false)
 5 SYSTEMPATH\Boot.php(363): CodeIgniter\CodeIgniter->run()
 6 SYSTEMPATH\Boot.php(68): CodeIgniter\Boot::runCodeIgniter(Object(CodeIgniter\CodeIgniter))
 7 FCPATH\index.php(59): CodeIgniter\Boot::bootWeb(Object(Config\Paths))
CRITICAL - 2026-03-24 10:47:41 --> [Caused by] CodeIgniter\Database\Exceptions\DatabaseException: Unknown column 'tx.tax_amount' in 'field list'
in SYSTEMPATH\Database\MySQLi\Connection.php on line 332.
 1 SYSTEMPATH\Database\BaseConnection.php(729): CodeIgniter\Database\MySQLi\Connection->execute('SELECT  
    pis.product_id, 
    pis.product_name, 
    pis.base_price,
    pis.purchase_price ,
    pis.sales_price,
    pis.profit_margin,
    tx.tax_percentage AS tAX,
                tx.tax_amount, 
    -- pis.tax_perchantage AS tAX,
    pis.productinitial_quantity AS initial_stock,
    IFNULL(ppd_data.totalPurchase, 0) AS newPurchase,
    IFNULL(sd_data.totalSale, 0) AS TotalSale,
    u.user_name AS purchaser_name  -- ✅ Added purchaser name
FROM 
    product_inital_stock AS pis

    LEFT JOIN tax as tx  ON pis.tax_id = tx.tax_id 
    
LEFT JOIN 
    (
        SELECT 
            ppd.product_id, 
            SUM(ppd.quantity_per_pack * box_quantity) AS totalPurchase,
            MAX(pp.purchaser_id) AS purchaser_id  -- ✅ Representative purchaser (if multiple purchases)
        FROM  
            product_purchase_details AS ppd
        LEFT JOIN product_purchase AS pp 
            ON ppd.purchase_invoice_id = pp.purchase_invoice
        GROUP BY 
            ppd.product_id
    ) AS ppd_data 
    ON pis.product_id = ppd_data.product_id

 

LEFT JOIN
    (
        SELECT  
            sd.product_id, 
            SUM(sd.product_quantity_sold) AS totalSale
        FROM    
            sales_details AS sd
        GROUP BY 
            sd.product_id
    ) AS sd_data 
    ON sd_data.product_id = pis.product_id
LEFT JOIN 
    user AS u 
    ON u.user_id = ppd_data.purchaser_id')
 2 SYSTEMPATH\Database\BaseConnection.php(646): CodeIgniter\Database\BaseConnection->simpleQuery('SELECT  
    pis.product_id, 
    pis.product_name, 
    pis.base_price,
    pis.purchase_price ,
    pis.sales_price,
    pis.profit_margin,
    tx.tax_percentage AS tAX,
                tx.tax_amount, 
    -- pis.tax_perchantage AS tAX,
    pis.productinitial_quantity AS initial_stock,
    IFNULL(ppd_data.totalPurchase, 0) AS newPurchase,
    IFNULL(sd_data.totalSale, 0) AS TotalSale,
    u.user_name AS purchaser_name  -- ✅ Added purchaser name
FROM 
    product_inital_stock AS pis

    LEFT JOIN tax as tx  ON pis.tax_id = tx.tax_id 
    
LEFT JOIN 
    (
        SELECT 
            ppd.product_id, 
            SUM(ppd.quantity_per_pack * box_quantity) AS totalPurchase,
            MAX(pp.purchaser_id) AS purchaser_id  -- ✅ Representative purchaser (if multiple purchases)
        FROM  
            product_purchase_details AS ppd
        LEFT JOIN product_purchase AS pp 
            ON ppd.purchase_invoice_id = pp.purchase_invoice
        GROUP BY 
            ppd.product_id
    ) AS ppd_data 
    ON pis.product_id = ppd_data.product_id

 

LEFT JOIN
    (
        SELECT  
            sd.product_id, 
            SUM(sd.product_quantity_sold) AS totalSale
        FROM    
            sales_details AS sd
        GROUP BY 
            sd.product_id
    ) AS sd_data 
    ON sd_data.product_id = pis.product_id
LEFT JOIN 
    user AS u 
    ON u.user_id = ppd_data.purchaser_id')
 3 APPPATH\Controllers\Stockreport.php(86): CodeIgniter\Database\BaseConnection->query('SELECT  
    pis.product_id, 
    pis.product_name, 
    pis.base_price,
    pis.purchase_price ,
    pis.sales_price,
    pis.profit_margin,
    tx.tax_percentage AS tAX,
                tx.tax_amount, 
    -- pis.tax_perchantage AS tAX,
    pis.productinitial_quantity AS initial_stock,
    IFNULL(ppd_data.totalPurchase, 0) AS newPurchase,
    IFNULL(sd_data.totalSale, 0) AS TotalSale,
    u.user_name AS purchaser_name  -- ✅ Added purchaser name
FROM 
    product_inital_stock AS pis

    LEFT JOIN tax as tx  ON pis.tax_id = tx.tax_id 
    
LEFT JOIN 
    (
        SELECT 
            ppd.product_id, 
            SUM(ppd.quantity_per_pack * box_quantity) AS totalPurchase,
            MAX(pp.purchaser_id) AS purchaser_id  -- ✅ Representative purchaser (if multiple purchases)
        FROM  
            product_purchase_details AS ppd
        LEFT JOIN product_purchase AS pp 
            ON ppd.purchase_invoice_id = pp.purchase_invoice
        GROUP BY 
            ppd.product_id
    ) AS ppd_data 
    ON pis.product_id = ppd_data.product_id

 

LEFT JOIN
    (
        SELECT  
            sd.product_id, 
            SUM(sd.product_quantity_sold) AS totalSale
        FROM    
            sales_details AS sd
        GROUP BY 
            sd.product_id
    ) AS sd_data 
    ON sd_data.product_id = pis.product_id
LEFT JOIN 
    user AS u 
    ON u.user_id = ppd_data.purchaser_id')
 4 SYSTEMPATH\CodeIgniter.php(933): App\Controllers\Stockreport->index()
 5 SYSTEMPATH\CodeIgniter.php(507): CodeIgniter\CodeIgniter->runController(Object(App\Controllers\Stockreport))
 6 SYSTEMPATH\CodeIgniter.php(354): CodeIgniter\CodeIgniter->handleRequest(null, Object(Config\Cache), false)
 7 SYSTEMPATH\Boot.php(363): CodeIgniter\CodeIgniter->run()
 8 SYSTEMPATH\Boot.php(68): CodeIgniter\Boot::runCodeIgniter(Object(CodeIgniter\CodeIgniter))
 9 FCPATH\index.php(59): CodeIgniter\Boot::bootWeb(Object(Config\Paths))
CRITICAL - 2026-03-24 10:47:41 --> [Caused by] mysqli_sql_exception: Unknown column 'tx.tax_amount' in 'field list'
in SYSTEMPATH\Database\MySQLi\Connection.php on line 327.
 1 SYSTEMPATH\Database\MySQLi\Connection.php(327): mysqli->query('SELECT  
    pis.product_id, 
    pis.product_name, 
    pis.base_price,
    pis.purchase_price ,
    pis.sales_price,
    pis.profit_margin,
    tx.tax_percentage AS tAX,
                tx.tax_amount, 
    -- pis.tax_perchantage AS tAX,
    pis.productinitial_quantity AS initial_stock,
    IFNULL(ppd_data.totalPurchase, 0) AS newPurchase,
    IFNULL(sd_data.totalSale, 0) AS TotalSale,
    u.user_name AS purchaser_name  -- ✅ Added purchaser name
FROM 
    product_inital_stock AS pis

    LEFT JOIN tax as tx  ON pis.tax_id = tx.tax_id 
    
LEFT JOIN 
    (
        SELECT 
            ppd.product_id, 
            SUM(ppd.quantity_per_pack * box_quantity) AS totalPurchase,
            MAX(pp.purchaser_id) AS purchaser_id  -- ✅ Representative purchaser (if multiple purchases)
        FROM  
            product_purchase_details AS ppd
        LEFT JOIN product_purchase AS pp 
            ON ppd.purchase_invoice_id = pp.purchase_invoice
        GROUP BY 
            ppd.product_id
    ) AS ppd_data 
    ON pis.product_id = ppd_data.product_id

 

LEFT JOIN
    (
        SELECT  
            sd.product_id, 
            SUM(sd.product_quantity_sold) AS totalSale
        FROM    
            sales_details AS sd
        GROUP BY 
            sd.product_id
    ) AS sd_data 
    ON sd_data.product_id = pis.product_id
LEFT JOIN 
    user AS u 
    ON u.user_id = ppd_data.purchaser_id', 0)
 2 SYSTEMPATH\Database\BaseConnection.php(729): CodeIgniter\Database\MySQLi\Connection->execute('SELECT  
    pis.product_id, 
    pis.product_name, 
    pis.base_price,
    pis.purchase_price ,
    pis.sales_price,
    pis.profit_margin,
    tx.tax_percentage AS tAX,
                tx.tax_amount, 
    -- pis.tax_perchantage AS tAX,
    pis.productinitial_quantity AS initial_stock,
    IFNULL(ppd_data.totalPurchase, 0) AS newPurchase,
    IFNULL(sd_data.totalSale, 0) AS TotalSale,
    u.user_name AS purchaser_name  -- ✅ Added purchaser name
FROM 
    product_inital_stock AS pis

    LEFT JOIN tax as tx  ON pis.tax_id = tx.tax_id 
    
LEFT JOIN 
    (
        SELECT 
            ppd.product_id, 
            SUM(ppd.quantity_per_pack * box_quantity) AS totalPurchase,
            MAX(pp.purchaser_id) AS purchaser_id  -- ✅ Representative purchaser (if multiple purchases)
        FROM  
            product_purchase_details AS ppd
        LEFT JOIN product_purchase AS pp 
            ON ppd.purchase_invoice_id = pp.purchase_invoice
        GROUP BY 
            ppd.product_id
    ) AS ppd_data 
    ON pis.product_id = ppd_data.product_id

 

LEFT JOIN
    (
        SELECT  
            sd.product_id, 
            SUM(sd.product_quantity_sold) AS totalSale
        FROM    
            sales_details AS sd
        GROUP BY 
            sd.product_id
    ) AS sd_data 
    ON sd_data.product_id = pis.product_id
LEFT JOIN 
    user AS u 
    ON u.user_id = ppd_data.purchaser_id')
 3 SYSTEMPATH\Database\BaseConnection.php(646): CodeIgniter\Database\BaseConnection->simpleQuery('SELECT  
    pis.product_id, 
    pis.product_name, 
    pis.base_price,
    pis.purchase_price ,
    pis.sales_price,
    pis.profit_margin,
    tx.tax_percentage AS tAX,
                tx.tax_amount, 
    -- pis.tax_perchantage AS tAX,
    pis.productinitial_quantity AS initial_stock,
    IFNULL(ppd_data.totalPurchase, 0) AS newPurchase,
    IFNULL(sd_data.totalSale, 0) AS TotalSale,
    u.user_name AS purchaser_name  -- ✅ Added purchaser name
FROM 
    product_inital_stock AS pis

    LEFT JOIN tax as tx  ON pis.tax_id = tx.tax_id 
    
LEFT JOIN 
    (
        SELECT 
            ppd.product_id, 
            SUM(ppd.quantity_per_pack * box_quantity) AS totalPurchase,
            MAX(pp.purchaser_id) AS purchaser_id  -- ✅ Representative purchaser (if multiple purchases)
        FROM  
            product_purchase_details AS ppd
        LEFT JOIN product_purchase AS pp 
            ON ppd.purchase_invoice_id = pp.purchase_invoice
        GROUP BY 
            ppd.product_id
    ) AS ppd_data 
    ON pis.product_id = ppd_data.product_id

 

LEFT JOIN
    (
        SELECT  
            sd.product_id, 
            SUM(sd.product_quantity_sold) AS totalSale
        FROM    
            sales_details AS sd
        GROUP BY 
            sd.product_id
    ) AS sd_data 
    ON sd_data.product_id = pis.product_id
LEFT JOIN 
    user AS u 
    ON u.user_id = ppd_data.purchaser_id')
 4 APPPATH\Controllers\Stockreport.php(86): CodeIgniter\Database\BaseConnection->query('SELECT  
    pis.product_id, 
    pis.product_name, 
    pis.base_price,
    pis.purchase_price ,
    pis.sales_price,
    pis.profit_margin,
    tx.tax_percentage AS tAX,
                tx.tax_amount, 
    -- pis.tax_perchantage AS tAX,
    pis.productinitial_quantity AS initial_stock,
    IFNULL(ppd_data.totalPurchase, 0) AS newPurchase,
    IFNULL(sd_data.totalSale, 0) AS TotalSale,
    u.user_name AS purchaser_name  -- ✅ Added purchaser name
FROM 
    product_inital_stock AS pis

    LEFT JOIN tax as tx  ON pis.tax_id = tx.tax_id 
    
LEFT JOIN 
    (
        SELECT 
            ppd.product_id, 
            SUM(ppd.quantity_per_pack * box_quantity) AS totalPurchase,
            MAX(pp.purchaser_id) AS purchaser_id  -- ✅ Representative purchaser (if multiple purchases)
        FROM  
            product_purchase_details AS ppd
        LEFT JOIN product_purchase AS pp 
            ON ppd.purchase_invoice_id = pp.purchase_invoice
        GROUP BY 
            ppd.product_id
    ) AS ppd_data 
    ON pis.product_id = ppd_data.product_id

 

LEFT JOIN
    (
        SELECT  
            sd.product_id, 
            SUM(sd.product_quantity_sold) AS totalSale
        FROM    
            sales_details AS sd
        GROUP BY 
            sd.product_id
    ) AS sd_data 
    ON sd_data.product_id = pis.product_id
LEFT JOIN 
    user AS u 
    ON u.user_id = ppd_data.purchaser_id')
 5 SYSTEMPATH\CodeIgniter.php(933): App\Controllers\Stockreport->index()
 6 SYSTEMPATH\CodeIgniter.php(507): CodeIgniter\CodeIgniter->runController(Object(App\Controllers\Stockreport))
 7 SYSTEMPATH\CodeIgniter.php(354): CodeIgniter\CodeIgniter->handleRequest(null, Object(Config\Cache), false)
 8 SYSTEMPATH\Boot.php(363): CodeIgniter\CodeIgniter->run()
 9 SYSTEMPATH\Boot.php(68): CodeIgniter\Boot::runCodeIgniter(Object(CodeIgniter\CodeIgniter))
10 FCPATH\index.php(59): CodeIgniter\Boot::bootWeb(Object(Config\Paths))
DEBUG - 2026-03-24 10:48:25 --> Session: Class initialized using 'CodeIgniter\Session\Handlers\FileHandler' driver.
DEBUG - 2026-03-24 13:52:54 --> Session: Class initialized using 'CodeIgniter\Session\Handlers\FileHandler' driver.
DEBUG - 2026-03-24 13:53:04 --> Session: Class initialized using 'CodeIgniter\Session\Handlers\FileHandler' driver.
DEBUG - 2026-03-24 13:53:05 --> Session: Class initialized using 'CodeIgniter\Session\Handlers\FileHandler' driver.
DEBUG - 2026-03-24 13:53:11 --> Session: Class initialized using 'CodeIgniter\Session\Handlers\FileHandler' driver.
DEBUG - 2026-03-24 13:54:44 --> Session: Class initialized using 'CodeIgniter\Session\Handlers\FileHandler' driver.
DEBUG - 2026-03-24 15:27:22 --> Session: Class initialized using 'CodeIgniter\Session\Handlers\FileHandler' driver.
DEBUG - 2026-03-24 15:27:25 --> Session: Class initialized using 'CodeIgniter\Session\Handlers\FileHandler' driver.
DEBUG - 2026-03-24 15:28:49 --> Session: Class initialized using 'CodeIgniter\Session\Handlers\FileHandler' driver.
DEBUG - 2026-03-24 15:29:13 --> Session: Class initialized using 'CodeIgniter\Session\Handlers\FileHandler' driver.
DEBUG - 2026-03-24 15:29:25 --> Session: Class initialized using 'CodeIgniter\Session\Handlers\FileHandler' driver.
DEBUG - 2026-03-24 15:29:42 --> Session: Class initialized using 'CodeIgniter\Session\Handlers\FileHandler' driver.
DEBUG - 2026-03-24 15:29:50 --> Session: Class initialized using 'CodeIgniter\Session\Handlers\FileHandler' driver.
DEBUG - 2026-03-24 15:29:57 --> Session: Class initialized using 'CodeIgniter\Session\Handlers\FileHandler' driver.
DEBUG - 2026-03-24 15:30:05 --> Session: Class initialized using 'CodeIgniter\Session\Handlers\FileHandler' driver.
DEBUG - 2026-03-24 15:30:12 --> Session: Class initialized using 'CodeIgniter\Session\Handlers\FileHandler' driver.
DEBUG - 2026-03-24 15:30:19 --> Session: Class initialized using 'CodeIgniter\Session\Handlers\FileHandler' driver.
DEBUG - 2026-03-24 15:30:25 --> Session: Class initialized using 'CodeIgniter\Session\Handlers\FileHandler' driver.
DEBUG - 2026-03-24 15:30:29 --> Session: Class initialized using 'CodeIgniter\Session\Handlers\FileHandler' driver.
DEBUG - 2026-03-24 15:30:46 --> Session: Class initialized using 'CodeIgniter\Session\Handlers\FileHandler' driver.
DEBUG - 2026-03-24 15:30:50 --> Session: Class initialized using 'CodeIgniter\Session\Handlers\FileHandler' driver.
DEBUG - 2026-03-24 15:31:03 --> Session: Class initialized using 'CodeIgniter\Session\Handlers\FileHandler' driver.
DEBUG - 2026-03-24 15:31:08 --> Session: Class initialized using 'CodeIgniter\Session\Handlers\FileHandler' driver.
DEBUG - 2026-03-24 15:31:11 --> Session: Class initialized using 'CodeIgniter\Session\Handlers\FileHandler' driver.
DEBUG - 2026-03-24 15:31:29 --> Session: Class initialized using 'CodeIgniter\Session\Handlers\FileHandler' driver.
DEBUG - 2026-03-24 15:31:33 --> Session: Class initialized using 'CodeIgniter\Session\Handlers\FileHandler' driver.
DEBUG - 2026-03-24 15:31:55 --> Session: Class initialized using 'CodeIgniter\Session\Handlers\FileHandler' driver.
DEBUG - 2026-03-24 15:32:01 --> Session: Class initialized using 'CodeIgniter\Session\Handlers\FileHandler' driver.
DEBUG - 2026-03-24 15:32:26 --> Session: Class initialized using 'CodeIgniter\Session\Handlers\FileHandler' driver.
DEBUG - 2026-03-24 15:32:29 --> Session: Class initialized using 'CodeIgniter\Session\Handlers\FileHandler' driver.
DEBUG - 2026-03-24 15:34:49 --> Session: Class initialized using 'CodeIgniter\Session\Handlers\FileHandler' driver.
DEBUG - 2026-03-24 15:34:57 --> Session: Class initialized using 'CodeIgniter\Session\Handlers\FileHandler' driver.
DEBUG - 2026-03-24 15:35:57 --> Session: Class initialized using 'CodeIgniter\Session\Handlers\FileHandler' driver.
DEBUG - 2026-03-24 15:36:00 --> Session: Class initialized using 'CodeIgniter\Session\Handlers\FileHandler' driver.
DEBUG - 2026-03-24 15:36:04 --> Session: Class initialized using 'CodeIgniter\Session\Handlers\FileHandler' driver.
