DEBUG - 2026-07-24 05:24:14 --> Session: Class initialized using 'CodeIgniter\Session\Handlers\FileHandler' driver.
DEBUG - 2026-07-24 05:24:23 --> Session: Class initialized using 'CodeIgniter\Session\Handlers\FileHandler' driver.
DEBUG - 2026-07-24 05:24:23 --> Session: Class initialized using 'CodeIgniter\Session\Handlers\FileHandler' driver.
DEBUG - 2026-07-24 05:26:56 --> Session: Class initialized using 'CodeIgniter\Session\Handlers\FileHandler' driver.
DEBUG - 2026-07-24 05:27:19 --> Session: Class initialized using 'CodeIgniter\Session\Handlers\FileHandler' driver.
DEBUG - 2026-07-24 05:27:25 --> Session: Class initialized using 'CodeIgniter\Session\Handlers\FileHandler' driver.
DEBUG - 2026-07-24 05:27:33 --> Session: Class initialized using 'CodeIgniter\Session\Handlers\FileHandler' driver.
DEBUG - 2026-07-24 05:27:39 --> Session: Class initialized using 'CodeIgniter\Session\Handlers\FileHandler' driver.
DEBUG - 2026-07-24 05:30:09 --> Session: Class initialized using 'CodeIgniter\Session\Handlers\FileHandler' driver.
DEBUG - 2026-07-24 05:30:12 --> Session: Class initialized using 'CodeIgniter\Session\Handlers\FileHandler' driver.
DEBUG - 2026-07-24 05:30:34 --> Session: Class initialized using 'CodeIgniter\Session\Handlers\FileHandler' driver.
DEBUG - 2026-07-24 05:30:34 --> Session: Class initialized using 'CodeIgniter\Session\Handlers\FileHandler' driver.
DEBUG - 2026-07-24 05:30:35 --> Session: Class initialized using 'CodeIgniter\Session\Handlers\FileHandler' driver.
DEBUG - 2026-07-24 05:32:32 --> Session: Class initialized using 'CodeIgniter\Session\Handlers\FileHandler' driver.
DEBUG - 2026-07-24 05:33:17 --> Session: Class initialized using 'CodeIgniter\Session\Handlers\FileHandler' driver.
DEBUG - 2026-07-24 05:33:17 --> Session: Class initialized using 'CodeIgniter\Session\Handlers\FileHandler' driver.
DEBUG - 2026-07-24 06:59:16 --> Session: Class initialized using 'CodeIgniter\Session\Handlers\FileHandler' driver.
CRITICAL - 2026-07-24 06:59:17 --> ErrorException: Undefined array key "cus_first_name"
[Method: GET, Route: pos]
in APPPATH\Views\pos\pos_add.php on line 192.
 1 APPPATH\Views\pos\pos_add.php(192): CodeIgniter\Debug\Exceptions->errorHandler(2, 'Undefined array key "cus_first_name"', 'C:\\laragon\\www\\pharmacy-project\\app\\Views\\pos\\pos_add.php', 192)
 2 SYSTEMPATH\View\View.php(226): include('C:\\laragon\\www\\pharmacy-project\\app\\Views\\pos\\pos_add.php')
 3 SYSTEMPATH\View\View.php(229): CodeIgniter\View\View->CodeIgniter\View\{closure}()
 4 SYSTEMPATH\Common.php(1167): CodeIgniter\View\View->render('pos/pos_add', [], true)
 5 APPPATH\Controllers\PosController.php(67): view('pos/pos_add', [...])
 6 SYSTEMPATH\CodeIgniter.php(933): App\Controllers\PosController->index()
 7 SYSTEMPATH\CodeIgniter.php(507): CodeIgniter\CodeIgniter->runController(Object(App\Controllers\PosController))
 8 SYSTEMPATH\CodeIgniter.php(354): CodeIgniter\CodeIgniter->handleRequest(null, Object(Config\Cache), false)
 9 SYSTEMPATH\Boot.php(363): CodeIgniter\CodeIgniter->run()
10 SYSTEMPATH\Boot.php(68): CodeIgniter\Boot::runCodeIgniter(Object(CodeIgniter\CodeIgniter))
11 FCPATH\index.php(59): CodeIgniter\Boot::bootWeb(Object(Config\Paths))
DEBUG - 2026-07-24 07:00:23 --> Session: Class initialized using 'CodeIgniter\Session\Handlers\FileHandler' driver.
ERROR - 2026-07-24 07:00:23 --> mysqli_sql_exception: Unknown column 'due_invoice_no' in 'field list' in C:\laragon\www\pharmacy-project\system\Database\MySQLi\Connection.php:327
Stack trace:
#0 C:\laragon\www\pharmacy-project\system\Database\MySQLi\Connection.php(327): mysqli->query('SELECT\r\n       ...', 0)
#1 C:\laragon\www\pharmacy-project\system\Database\BaseConnection.php(729): CodeIgniter\Database\MySQLi\Connection->execute('SELECT\r\n       ...')
#2 C:\laragon\www\pharmacy-project\system\Database\BaseConnection.php(646): CodeIgniter\Database\BaseConnection->simpleQuery('SELECT\r\n       ...')
#3 C:\laragon\www\pharmacy-project\app\Controllers\SaleReturnListController.php(86): CodeIgniter\Database\BaseConnection->query('SELECT\r\n       ...')
#4 C:\laragon\www\pharmacy-project\system\CodeIgniter.php(933): App\Controllers\SaleReturnListController->index()
#5 C:\laragon\www\pharmacy-project\system\CodeIgniter.php(507): CodeIgniter\CodeIgniter->runController(Object(App\Controllers\SaleReturnListController))
#6 C:\laragon\www\pharmacy-project\system\CodeIgniter.php(354): CodeIgniter\CodeIgniter->handleRequest(NULL, Object(Config\Cache), false)
#7 C:\laragon\www\pharmacy-project\system\Boot.php(363): CodeIgniter\CodeIgniter->run()
#8 C:\laragon\www\pharmacy-project\system\Boot.php(68): CodeIgniter\Boot::runCodeIgniter(Object(CodeIgniter\CodeIgniter))
#9 C:\laragon\www\pharmacy-project\index.php(59): CodeIgniter\Boot::bootWeb(Object(Config\Paths))
#10 {main}
CRITICAL - 2026-07-24 07:00:23 --> CodeIgniter\Database\Exceptions\DatabaseException: Unknown column 'due_invoice_no' in 'field list'
[Method: GET, Route: return]
in SYSTEMPATH\Database\BaseConnection.php on line 684.
 1 APPPATH\Controllers\SaleReturnListController.php(86): CodeIgniter\Database\BaseConnection->query('SELECT
                    s.sales_invoice,
                    s.sales_date,
                    s.seller_id,
                    u.user_name AS seller_name,
                    sd.total_sale,
                    s.product_vat,
                    s.product_discount,
                    s.other_charge_on_all,
                    s.paid_amount,
    
                    IFNULL(cd.customer_due,0) AS customer_due,
                    IFNULL(cd.total_due_paid,0) AS due_paid_amount,
                    (s.paid_amount + IFNULL(cd.total_due_paid,0)) AS total_paid,
                    s.due_amount,
    
                    CASE
                        WHEN s.customer_type REGEXP \'^[0-9]+$\'
                        THEN c.cus_first_name
                        ELSE s.customer_type
                    END AS customer_name,
    
                    CASE
                        WHEN s.customer_type = \'Walk-In-Customer\' THEN \'Fully Paid\'
                        WHEN IFNULL(cd.customer_due,0)=0 THEN \'Fully Paid\'
                        ELSE \'Partially Paid\'
                    END AS payment_status
    
                FROM sales s
    
                LEFT JOIN
                (
                    SELECT
    
                        sales_details_invoice,
    
                        SUM(total_sale_price) AS total_sale
    
                    FROM sales_details
    
                    GROUP BY sales_details_invoice
    
                ) sd
                    ON s.sales_invoice = sd.sales_details_invoice
    
                LEFT JOIN
                (
                    SELECT
                        due_invoice_no,
                        SUM(due_amount - due_paid_amount) AS customer_due,
                        SUM(due_paid_amount) AS total_due_paid
                    FROM customer_due
                    GROUP BY due_invoice_no
                ) cd
                    ON s.sales_invoice = cd.due_invoice_no
    
                LEFT JOIN customer c
                    ON c.customer_id = s.customer_type
                    AND s.customer_type REGEXP \'^[0-9]+$\'
    
                LEFT JOIN user u
                    ON u.user_id = s.seller_id
    
                WHERE s.return_status <> \'FULL\'
    
                ORDER BY s.sales_date DESC,
                         s.sales_invoice DESC')
 2 SYSTEMPATH\CodeIgniter.php(933): App\Controllers\SaleReturnListController->index()
 3 SYSTEMPATH\CodeIgniter.php(507): CodeIgniter\CodeIgniter->runController(Object(App\Controllers\SaleReturnListController))
 4 SYSTEMPATH\CodeIgniter.php(354): CodeIgniter\CodeIgniter->handleRequest(null, Object(Config\Cache), false)
 5 SYSTEMPATH\Boot.php(363): CodeIgniter\CodeIgniter->run()
 6 SYSTEMPATH\Boot.php(68): CodeIgniter\Boot::runCodeIgniter(Object(CodeIgniter\CodeIgniter))
 7 FCPATH\index.php(59): CodeIgniter\Boot::bootWeb(Object(Config\Paths))
CRITICAL - 2026-07-24 07:00:23 --> [Caused by] CodeIgniter\Database\Exceptions\DatabaseException: Unknown column 'due_invoice_no' in 'field list'
in SYSTEMPATH\Database\MySQLi\Connection.php on line 332.
 1 SYSTEMPATH\Database\BaseConnection.php(729): CodeIgniter\Database\MySQLi\Connection->execute('SELECT
                    s.sales_invoice,
                    s.sales_date,
                    s.seller_id,
                    u.user_name AS seller_name,
                    sd.total_sale,
                    s.product_vat,
                    s.product_discount,
                    s.other_charge_on_all,
                    s.paid_amount,
    
                    IFNULL(cd.customer_due,0) AS customer_due,
                    IFNULL(cd.total_due_paid,0) AS due_paid_amount,
                    (s.paid_amount + IFNULL(cd.total_due_paid,0)) AS total_paid,
                    s.due_amount,
    
                    CASE
                        WHEN s.customer_type REGEXP \'^[0-9]+$\'
                        THEN c.cus_first_name
                        ELSE s.customer_type
                    END AS customer_name,
    
                    CASE
                        WHEN s.customer_type = \'Walk-In-Customer\' THEN \'Fully Paid\'
                        WHEN IFNULL(cd.customer_due,0)=0 THEN \'Fully Paid\'
                        ELSE \'Partially Paid\'
                    END AS payment_status
    
                FROM sales s
    
                LEFT JOIN
                (
                    SELECT
    
                        sales_details_invoice,
    
                        SUM(total_sale_price) AS total_sale
    
                    FROM sales_details
    
                    GROUP BY sales_details_invoice
    
                ) sd
                    ON s.sales_invoice = sd.sales_details_invoice
    
                LEFT JOIN
                (
                    SELECT
                        due_invoice_no,
                        SUM(due_amount - due_paid_amount) AS customer_due,
                        SUM(due_paid_amount) AS total_due_paid
                    FROM customer_due
                    GROUP BY due_invoice_no
                ) cd
                    ON s.sales_invoice = cd.due_invoice_no
    
                LEFT JOIN customer c
                    ON c.customer_id = s.customer_type
                    AND s.customer_type REGEXP \'^[0-9]+$\'
    
                LEFT JOIN user u
                    ON u.user_id = s.seller_id
    
                WHERE s.return_status <> \'FULL\'
    
                ORDER BY s.sales_date DESC,
                         s.sales_invoice DESC')
 2 SYSTEMPATH\Database\BaseConnection.php(646): CodeIgniter\Database\BaseConnection->simpleQuery('SELECT
                    s.sales_invoice,
                    s.sales_date,
                    s.seller_id,
                    u.user_name AS seller_name,
                    sd.total_sale,
                    s.product_vat,
                    s.product_discount,
                    s.other_charge_on_all,
                    s.paid_amount,
    
                    IFNULL(cd.customer_due,0) AS customer_due,
                    IFNULL(cd.total_due_paid,0) AS due_paid_amount,
                    (s.paid_amount + IFNULL(cd.total_due_paid,0)) AS total_paid,
                    s.due_amount,
    
                    CASE
                        WHEN s.customer_type REGEXP \'^[0-9]+$\'
                        THEN c.cus_first_name
                        ELSE s.customer_type
                    END AS customer_name,
    
                    CASE
                        WHEN s.customer_type = \'Walk-In-Customer\' THEN \'Fully Paid\'
                        WHEN IFNULL(cd.customer_due,0)=0 THEN \'Fully Paid\'
                        ELSE \'Partially Paid\'
                    END AS payment_status
    
                FROM sales s
    
                LEFT JOIN
                (
                    SELECT
    
                        sales_details_invoice,
    
                        SUM(total_sale_price) AS total_sale
    
                    FROM sales_details
    
                    GROUP BY sales_details_invoice
    
                ) sd
                    ON s.sales_invoice = sd.sales_details_invoice
    
                LEFT JOIN
                (
                    SELECT
                        due_invoice_no,
                        SUM(due_amount - due_paid_amount) AS customer_due,
                        SUM(due_paid_amount) AS total_due_paid
                    FROM customer_due
                    GROUP BY due_invoice_no
                ) cd
                    ON s.sales_invoice = cd.due_invoice_no
    
                LEFT JOIN customer c
                    ON c.customer_id = s.customer_type
                    AND s.customer_type REGEXP \'^[0-9]+$\'
    
                LEFT JOIN user u
                    ON u.user_id = s.seller_id
    
                WHERE s.return_status <> \'FULL\'
    
                ORDER BY s.sales_date DESC,
                         s.sales_invoice DESC')
 3 APPPATH\Controllers\SaleReturnListController.php(86): CodeIgniter\Database\BaseConnection->query('SELECT
                    s.sales_invoice,
                    s.sales_date,
                    s.seller_id,
                    u.user_name AS seller_name,
                    sd.total_sale,
                    s.product_vat,
                    s.product_discount,
                    s.other_charge_on_all,
                    s.paid_amount,
    
                    IFNULL(cd.customer_due,0) AS customer_due,
                    IFNULL(cd.total_due_paid,0) AS due_paid_amount,
                    (s.paid_amount + IFNULL(cd.total_due_paid,0)) AS total_paid,
                    s.due_amount,
    
                    CASE
                        WHEN s.customer_type REGEXP \'^[0-9]+$\'
                        THEN c.cus_first_name
                        ELSE s.customer_type
                    END AS customer_name,
    
                    CASE
                        WHEN s.customer_type = \'Walk-In-Customer\' THEN \'Fully Paid\'
                        WHEN IFNULL(cd.customer_due,0)=0 THEN \'Fully Paid\'
                        ELSE \'Partially Paid\'
                    END AS payment_status
    
                FROM sales s
    
                LEFT JOIN
                (
                    SELECT
    
                        sales_details_invoice,
    
                        SUM(total_sale_price) AS total_sale
    
                    FROM sales_details
    
                    GROUP BY sales_details_invoice
    
                ) sd
                    ON s.sales_invoice = sd.sales_details_invoice
    
                LEFT JOIN
                (
                    SELECT
                        due_invoice_no,
                        SUM(due_amount - due_paid_amount) AS customer_due,
                        SUM(due_paid_amount) AS total_due_paid
                    FROM customer_due
                    GROUP BY due_invoice_no
                ) cd
                    ON s.sales_invoice = cd.due_invoice_no
    
                LEFT JOIN customer c
                    ON c.customer_id = s.customer_type
                    AND s.customer_type REGEXP \'^[0-9]+$\'
    
                LEFT JOIN user u
                    ON u.user_id = s.seller_id
    
                WHERE s.return_status <> \'FULL\'
    
                ORDER BY s.sales_date DESC,
                         s.sales_invoice DESC')
 4 SYSTEMPATH\CodeIgniter.php(933): App\Controllers\SaleReturnListController->index()
 5 SYSTEMPATH\CodeIgniter.php(507): CodeIgniter\CodeIgniter->runController(Object(App\Controllers\SaleReturnListController))
 6 SYSTEMPATH\CodeIgniter.php(354): CodeIgniter\CodeIgniter->handleRequest(null, Object(Config\Cache), false)
 7 SYSTEMPATH\Boot.php(363): CodeIgniter\CodeIgniter->run()
 8 SYSTEMPATH\Boot.php(68): CodeIgniter\Boot::runCodeIgniter(Object(CodeIgniter\CodeIgniter))
 9 FCPATH\index.php(59): CodeIgniter\Boot::bootWeb(Object(Config\Paths))
CRITICAL - 2026-07-24 07:00:23 --> [Caused by] mysqli_sql_exception: Unknown column 'due_invoice_no' in 'field list'
in SYSTEMPATH\Database\MySQLi\Connection.php on line 327.
 1 SYSTEMPATH\Database\MySQLi\Connection.php(327): mysqli->query('SELECT
                    s.sales_invoice,
                    s.sales_date,
                    s.seller_id,
                    u.user_name AS seller_name,
                    sd.total_sale,
                    s.product_vat,
                    s.product_discount,
                    s.other_charge_on_all,
                    s.paid_amount,
    
                    IFNULL(cd.customer_due,0) AS customer_due,
                    IFNULL(cd.total_due_paid,0) AS due_paid_amount,
                    (s.paid_amount + IFNULL(cd.total_due_paid,0)) AS total_paid,
                    s.due_amount,
    
                    CASE
                        WHEN s.customer_type REGEXP \'^[0-9]+$\'
                        THEN c.cus_first_name
                        ELSE s.customer_type
                    END AS customer_name,
    
                    CASE
                        WHEN s.customer_type = \'Walk-In-Customer\' THEN \'Fully Paid\'
                        WHEN IFNULL(cd.customer_due,0)=0 THEN \'Fully Paid\'
                        ELSE \'Partially Paid\'
                    END AS payment_status
    
                FROM sales s
    
                LEFT JOIN
                (
                    SELECT
    
                        sales_details_invoice,
    
                        SUM(total_sale_price) AS total_sale
    
                    FROM sales_details
    
                    GROUP BY sales_details_invoice
    
                ) sd
                    ON s.sales_invoice = sd.sales_details_invoice
    
                LEFT JOIN
                (
                    SELECT
                        due_invoice_no,
                        SUM(due_amount - due_paid_amount) AS customer_due,
                        SUM(due_paid_amount) AS total_due_paid
                    FROM customer_due
                    GROUP BY due_invoice_no
                ) cd
                    ON s.sales_invoice = cd.due_invoice_no
    
                LEFT JOIN customer c
                    ON c.customer_id = s.customer_type
                    AND s.customer_type REGEXP \'^[0-9]+$\'
    
                LEFT JOIN user u
                    ON u.user_id = s.seller_id
    
                WHERE s.return_status <> \'FULL\'
    
                ORDER BY s.sales_date DESC,
                         s.sales_invoice DESC', 0)
 2 SYSTEMPATH\Database\BaseConnection.php(729): CodeIgniter\Database\MySQLi\Connection->execute('SELECT
                    s.sales_invoice,
                    s.sales_date,
                    s.seller_id,
                    u.user_name AS seller_name,
                    sd.total_sale,
                    s.product_vat,
                    s.product_discount,
                    s.other_charge_on_all,
                    s.paid_amount,
    
                    IFNULL(cd.customer_due,0) AS customer_due,
                    IFNULL(cd.total_due_paid,0) AS due_paid_amount,
                    (s.paid_amount + IFNULL(cd.total_due_paid,0)) AS total_paid,
                    s.due_amount,
    
                    CASE
                        WHEN s.customer_type REGEXP \'^[0-9]+$\'
                        THEN c.cus_first_name
                        ELSE s.customer_type
                    END AS customer_name,
    
                    CASE
                        WHEN s.customer_type = \'Walk-In-Customer\' THEN \'Fully Paid\'
                        WHEN IFNULL(cd.customer_due,0)=0 THEN \'Fully Paid\'
                        ELSE \'Partially Paid\'
                    END AS payment_status
    
                FROM sales s
    
                LEFT JOIN
                (
                    SELECT
    
                        sales_details_invoice,
    
                        SUM(total_sale_price) AS total_sale
    
                    FROM sales_details
    
                    GROUP BY sales_details_invoice
    
                ) sd
                    ON s.sales_invoice = sd.sales_details_invoice
    
                LEFT JOIN
                (
                    SELECT
                        due_invoice_no,
                        SUM(due_amount - due_paid_amount) AS customer_due,
                        SUM(due_paid_amount) AS total_due_paid
                    FROM customer_due
                    GROUP BY due_invoice_no
                ) cd
                    ON s.sales_invoice = cd.due_invoice_no
    
                LEFT JOIN customer c
                    ON c.customer_id = s.customer_type
                    AND s.customer_type REGEXP \'^[0-9]+$\'
    
                LEFT JOIN user u
                    ON u.user_id = s.seller_id
    
                WHERE s.return_status <> \'FULL\'
    
                ORDER BY s.sales_date DESC,
                         s.sales_invoice DESC')
 3 SYSTEMPATH\Database\BaseConnection.php(646): CodeIgniter\Database\BaseConnection->simpleQuery('SELECT
                    s.sales_invoice,
                    s.sales_date,
                    s.seller_id,
                    u.user_name AS seller_name,
                    sd.total_sale,
                    s.product_vat,
                    s.product_discount,
                    s.other_charge_on_all,
                    s.paid_amount,
    
                    IFNULL(cd.customer_due,0) AS customer_due,
                    IFNULL(cd.total_due_paid,0) AS due_paid_amount,
                    (s.paid_amount + IFNULL(cd.total_due_paid,0)) AS total_paid,
                    s.due_amount,
    
                    CASE
                        WHEN s.customer_type REGEXP \'^[0-9]+$\'
                        THEN c.cus_first_name
                        ELSE s.customer_type
                    END AS customer_name,
    
                    CASE
                        WHEN s.customer_type = \'Walk-In-Customer\' THEN \'Fully Paid\'
                        WHEN IFNULL(cd.customer_due,0)=0 THEN \'Fully Paid\'
                        ELSE \'Partially Paid\'
                    END AS payment_status
    
                FROM sales s
    
                LEFT JOIN
                (
                    SELECT
    
                        sales_details_invoice,
    
                        SUM(total_sale_price) AS total_sale
    
                    FROM sales_details
    
                    GROUP BY sales_details_invoice
    
                ) sd
                    ON s.sales_invoice = sd.sales_details_invoice
    
                LEFT JOIN
                (
                    SELECT
                        due_invoice_no,
                        SUM(due_amount - due_paid_amount) AS customer_due,
                        SUM(due_paid_amount) AS total_due_paid
                    FROM customer_due
                    GROUP BY due_invoice_no
                ) cd
                    ON s.sales_invoice = cd.due_invoice_no
    
                LEFT JOIN customer c
                    ON c.customer_id = s.customer_type
                    AND s.customer_type REGEXP \'^[0-9]+$\'
    
                LEFT JOIN user u
                    ON u.user_id = s.seller_id
    
                WHERE s.return_status <> \'FULL\'
    
                ORDER BY s.sales_date DESC,
                         s.sales_invoice DESC')
 4 APPPATH\Controllers\SaleReturnListController.php(86): CodeIgniter\Database\BaseConnection->query('SELECT
                    s.sales_invoice,
                    s.sales_date,
                    s.seller_id,
                    u.user_name AS seller_name,
                    sd.total_sale,
                    s.product_vat,
                    s.product_discount,
                    s.other_charge_on_all,
                    s.paid_amount,
    
                    IFNULL(cd.customer_due,0) AS customer_due,
                    IFNULL(cd.total_due_paid,0) AS due_paid_amount,
                    (s.paid_amount + IFNULL(cd.total_due_paid,0)) AS total_paid,
                    s.due_amount,
    
                    CASE
                        WHEN s.customer_type REGEXP \'^[0-9]+$\'
                        THEN c.cus_first_name
                        ELSE s.customer_type
                    END AS customer_name,
    
                    CASE
                        WHEN s.customer_type = \'Walk-In-Customer\' THEN \'Fully Paid\'
                        WHEN IFNULL(cd.customer_due,0)=0 THEN \'Fully Paid\'
                        ELSE \'Partially Paid\'
                    END AS payment_status
    
                FROM sales s
    
                LEFT JOIN
                (
                    SELECT
    
                        sales_details_invoice,
    
                        SUM(total_sale_price) AS total_sale
    
                    FROM sales_details
    
                    GROUP BY sales_details_invoice
    
                ) sd
                    ON s.sales_invoice = sd.sales_details_invoice
    
                LEFT JOIN
                (
                    SELECT
                        due_invoice_no,
                        SUM(due_amount - due_paid_amount) AS customer_due,
                        SUM(due_paid_amount) AS total_due_paid
                    FROM customer_due
                    GROUP BY due_invoice_no
                ) cd
                    ON s.sales_invoice = cd.due_invoice_no
    
                LEFT JOIN customer c
                    ON c.customer_id = s.customer_type
                    AND s.customer_type REGEXP \'^[0-9]+$\'
    
                LEFT JOIN user u
                    ON u.user_id = s.seller_id
    
                WHERE s.return_status <> \'FULL\'
    
                ORDER BY s.sales_date DESC,
                         s.sales_invoice DESC')
 5 SYSTEMPATH\CodeIgniter.php(933): App\Controllers\SaleReturnListController->index()
 6 SYSTEMPATH\CodeIgniter.php(507): CodeIgniter\CodeIgniter->runController(Object(App\Controllers\SaleReturnListController))
 7 SYSTEMPATH\CodeIgniter.php(354): CodeIgniter\CodeIgniter->handleRequest(null, Object(Config\Cache), false)
 8 SYSTEMPATH\Boot.php(363): CodeIgniter\CodeIgniter->run()
 9 SYSTEMPATH\Boot.php(68): CodeIgniter\Boot::runCodeIgniter(Object(CodeIgniter\CodeIgniter))
10 FCPATH\index.php(59): CodeIgniter\Boot::bootWeb(Object(Config\Paths))
DEBUG - 2026-07-24 07:00:24 --> Session: Class initialized using 'CodeIgniter\Session\Handlers\FileHandler' driver.
DEBUG - 2026-07-24 07:00:25 --> Session: Class initialized using 'CodeIgniter\Session\Handlers\FileHandler' driver.
DEBUG - 2026-07-24 07:00:25 --> Session: Class initialized using 'CodeIgniter\Session\Handlers\FileHandler' driver.
DEBUG - 2026-07-24 07:00:28 --> Session: Class initialized using 'CodeIgniter\Session\Handlers\FileHandler' driver.
DEBUG - 2026-07-24 07:00:31 --> Session: Class initialized using 'CodeIgniter\Session\Handlers\FileHandler' driver.
DEBUG - 2026-07-24 09:23:16 --> Session: Class initialized using 'CodeIgniter\Session\Handlers\FileHandler' driver.
DEBUG - 2026-07-24 09:23:23 --> Session: Class initialized using 'CodeIgniter\Session\Handlers\FileHandler' driver.
DEBUG - 2026-07-24 09:23:23 --> Session: Class initialized using 'CodeIgniter\Session\Handlers\FileHandler' driver.
DEBUG - 2026-07-24 09:27:36 --> Session: Class initialized using 'CodeIgniter\Session\Handlers\FileHandler' driver.
CRITICAL - 2026-07-24 09:27:36 --> ErrorException: Undefined array key "cus_group_name"
[Method: GET, Route: customer-group]
in APPPATH\Views\customer\customer_group_add.php on line 42.
 1 APPPATH\Views\customer\customer_group_add.php(42): CodeIgniter\Debug\Exceptions->errorHandler(2, 'Undefined array key "cus_group_name"', 'C:\\laragon\\www\\pharmacy-project\\app\\Views\\customer\\customer_group_add.php', 42)
 2 SYSTEMPATH\View\View.php(226): include('C:\\laragon\\www\\pharmacy-project\\app\\Views\\customer\\customer_group_add.php')
 3 SYSTEMPATH\View\View.php(229): CodeIgniter\View\View->CodeIgniter\View\{closure}()
 4 SYSTEMPATH\Common.php(1167): CodeIgniter\View\View->render('customer/customer_group_add', [], true)
 5 APPPATH\Controllers\CustomerGroupController.php(23): view('customer/customer_group_add', [...])
 6 SYSTEMPATH\CodeIgniter.php(933): App\Controllers\CustomerGroupController->index()
 7 SYSTEMPATH\CodeIgniter.php(507): CodeIgniter\CodeIgniter->runController(Object(App\Controllers\CustomerGroupController))
 8 SYSTEMPATH\CodeIgniter.php(354): CodeIgniter\CodeIgniter->handleRequest(null, Object(Config\Cache), false)
 9 SYSTEMPATH\Boot.php(363): CodeIgniter\CodeIgniter->run()
10 SYSTEMPATH\Boot.php(68): CodeIgniter\Boot::runCodeIgniter(Object(CodeIgniter\CodeIgniter))
11 FCPATH\index.php(59): CodeIgniter\Boot::bootWeb(Object(Config\Paths))
DEBUG - 2026-07-24 09:34:33 --> Session: Class initialized using 'CodeIgniter\Session\Handlers\FileHandler' driver.
CRITICAL - 2026-07-24 09:34:33 --> ErrorException: Undefined array key "cus_group_name"
[Method: GET, Route: customer-group]
in APPPATH\Views\customer\customer_group_add.php on line 45.
 1 APPPATH\Views\customer\customer_group_add.php(45): CodeIgniter\Debug\Exceptions->errorHandler(2, 'Undefined array key "cus_group_name"', 'C:\\laragon\\www\\pharmacy-project\\app\\Views\\customer\\customer_group_add.php', 45)
 2 SYSTEMPATH\View\View.php(226): include('C:\\laragon\\www\\pharmacy-project\\app\\Views\\customer\\customer_group_add.php')
 3 SYSTEMPATH\View\View.php(229): CodeIgniter\View\View->CodeIgniter\View\{closure}()
 4 SYSTEMPATH\Common.php(1167): CodeIgniter\View\View->render('customer/customer_group_add', [], true)
 5 APPPATH\Controllers\CustomerGroupController.php(21): view('customer/customer_group_add', [...])
 6 SYSTEMPATH\CodeIgniter.php(933): App\Controllers\CustomerGroupController->index()
 7 SYSTEMPATH\CodeIgniter.php(507): CodeIgniter\CodeIgniter->runController(Object(App\Controllers\CustomerGroupController))
 8 SYSTEMPATH\CodeIgniter.php(354): CodeIgniter\CodeIgniter->handleRequest(null, Object(Config\Cache), false)
 9 SYSTEMPATH\Boot.php(363): CodeIgniter\CodeIgniter->run()
10 SYSTEMPATH\Boot.php(68): CodeIgniter\Boot::runCodeIgniter(Object(CodeIgniter\CodeIgniter))
11 FCPATH\index.php(59): CodeIgniter\Boot::bootWeb(Object(Config\Paths))
DEBUG - 2026-07-24 09:34:39 --> Session: Class initialized using 'CodeIgniter\Session\Handlers\FileHandler' driver.
CRITICAL - 2026-07-24 09:34:40 --> ErrorException: Undefined array key "cus_group_name"
[Method: GET, Route: customer-group]
in APPPATH\Views\customer\customer_group_add.php on line 45.
 1 APPPATH\Views\customer\customer_group_add.php(45): CodeIgniter\Debug\Exceptions->errorHandler(2, 'Undefined array key "cus_group_name"', 'C:\\laragon\\www\\pharmacy-project\\app\\Views\\customer\\customer_group_add.php', 45)
 2 SYSTEMPATH\View\View.php(226): include('C:\\laragon\\www\\pharmacy-project\\app\\Views\\customer\\customer_group_add.php')
 3 SYSTEMPATH\View\View.php(229): CodeIgniter\View\View->CodeIgniter\View\{closure}()
 4 SYSTEMPATH\Common.php(1167): CodeIgniter\View\View->render('customer/customer_group_add', [], true)
 5 APPPATH\Controllers\CustomerGroupController.php(21): view('customer/customer_group_add', [...])
 6 SYSTEMPATH\CodeIgniter.php(933): App\Controllers\CustomerGroupController->index()
 7 SYSTEMPATH\CodeIgniter.php(507): CodeIgniter\CodeIgniter->runController(Object(App\Controllers\CustomerGroupController))
 8 SYSTEMPATH\CodeIgniter.php(354): CodeIgniter\CodeIgniter->handleRequest(null, Object(Config\Cache), false)
 9 SYSTEMPATH\Boot.php(363): CodeIgniter\CodeIgniter->run()
10 SYSTEMPATH\Boot.php(68): CodeIgniter\Boot::runCodeIgniter(Object(CodeIgniter\CodeIgniter))
11 FCPATH\index.php(59): CodeIgniter\Boot::bootWeb(Object(Config\Paths))
DEBUG - 2026-07-24 09:35:40 --> Session: Class initialized using 'CodeIgniter\Session\Handlers\FileHandler' driver.
DEBUG - 2026-07-24 09:35:42 --> Session: Class initialized using 'CodeIgniter\Session\Handlers\FileHandler' driver.
DEBUG - 2026-07-24 09:40:25 --> Session: Class initialized using 'CodeIgniter\Session\Handlers\FileHandler' driver.
DEBUG - 2026-07-24 09:40:39 --> Session: Class initialized using 'CodeIgniter\Session\Handlers\FileHandler' driver.
DEBUG - 2026-07-24 09:40:40 --> Session: Class initialized using 'CodeIgniter\Session\Handlers\FileHandler' driver.
DEBUG - 2026-07-24 09:56:44 --> Session: Class initialized using 'CodeIgniter\Session\Handlers\FileHandler' driver.
DEBUG - 2026-07-24 09:56:46 --> Session: Class initialized using 'CodeIgniter\Session\Handlers\FileHandler' driver.
DEBUG - 2026-07-24 09:56:48 --> Session: Class initialized using 'CodeIgniter\Session\Handlers\FileHandler' driver.
DEBUG - 2026-07-24 09:57:16 --> Session: Class initialized using 'CodeIgniter\Session\Handlers\FileHandler' driver.
DEBUG - 2026-07-24 09:57:33 --> Session: Class initialized using 'CodeIgniter\Session\Handlers\FileHandler' driver.
DEBUG - 2026-07-24 10:11:25 --> Session: Class initialized using 'CodeIgniter\Session\Handlers\FileHandler' driver.
DEBUG - 2026-07-24 10:11:40 --> Session: Class initialized using 'CodeIgniter\Session\Handlers\FileHandler' driver.
DEBUG - 2026-07-24 10:15:27 --> Session: Class initialized using 'CodeIgniter\Session\Handlers\FileHandler' driver.
DEBUG - 2026-07-24 10:15:39 --> Session: Class initialized using 'CodeIgniter\Session\Handlers\FileHandler' driver.
DEBUG - 2026-07-24 10:15:42 --> Session: Class initialized using 'CodeIgniter\Session\Handlers\FileHandler' driver.
DEBUG - 2026-07-24 10:18:39 --> Session: Class initialized using 'CodeIgniter\Session\Handlers\FileHandler' driver.
DEBUG - 2026-07-24 10:18:52 --> Session: Class initialized using 'CodeIgniter\Session\Handlers\FileHandler' driver.
DEBUG - 2026-07-24 10:18:55 --> Session: Class initialized using 'CodeIgniter\Session\Handlers\FileHandler' driver.
DEBUG - 2026-07-24 10:25:04 --> Session: Class initialized using 'CodeIgniter\Session\Handlers\FileHandler' driver.
DEBUG - 2026-07-24 10:25:12 --> Session: Class initialized using 'CodeIgniter\Session\Handlers\FileHandler' driver.
DEBUG - 2026-07-24 10:25:14 --> Session: Class initialized using 'CodeIgniter\Session\Handlers\FileHandler' driver.
DEBUG - 2026-07-24 10:26:28 --> Session: Class initialized using 'CodeIgniter\Session\Handlers\FileHandler' driver.
DEBUG - 2026-07-24 10:26:32 --> Session: Class initialized using 'CodeIgniter\Session\Handlers\FileHandler' driver.
DEBUG - 2026-07-24 10:26:34 --> Session: Class initialized using 'CodeIgniter\Session\Handlers\FileHandler' driver.
DEBUG - 2026-07-24 10:26:38 --> Session: Class initialized using 'CodeIgniter\Session\Handlers\FileHandler' driver.
DEBUG - 2026-07-24 10:26:40 --> Session: Class initialized using 'CodeIgniter\Session\Handlers\FileHandler' driver.
DEBUG - 2026-07-24 10:26:46 --> Session: Class initialized using 'CodeIgniter\Session\Handlers\FileHandler' driver.
DEBUG - 2026-07-24 10:26:48 --> Session: Class initialized using 'CodeIgniter\Session\Handlers\FileHandler' driver.
DEBUG - 2026-07-24 10:26:56 --> Session: Class initialized using 'CodeIgniter\Session\Handlers\FileHandler' driver.
DEBUG - 2026-07-24 10:26:57 --> Session: Class initialized using 'CodeIgniter\Session\Handlers\FileHandler' driver.
DEBUG - 2026-07-24 10:27:02 --> Session: Class initialized using 'CodeIgniter\Session\Handlers\FileHandler' driver.
DEBUG - 2026-07-24 10:27:04 --> Session: Class initialized using 'CodeIgniter\Session\Handlers\FileHandler' driver.
DEBUG - 2026-07-24 10:27:12 --> Session: Class initialized using 'CodeIgniter\Session\Handlers\FileHandler' driver.
DEBUG - 2026-07-24 10:27:14 --> Session: Class initialized using 'CodeIgniter\Session\Handlers\FileHandler' driver.
DEBUG - 2026-07-24 10:27:20 --> Session: Class initialized using 'CodeIgniter\Session\Handlers\FileHandler' driver.
DEBUG - 2026-07-24 10:27:23 --> Session: Class initialized using 'CodeIgniter\Session\Handlers\FileHandler' driver.
DEBUG - 2026-07-24 10:33:20 --> Session: Class initialized using 'CodeIgniter\Session\Handlers\FileHandler' driver.
CRITICAL - 2026-07-24 10:33:20 --> ErrorException: Undefined array key "cus_first_name"
[Method: GET, Route: pos]
in APPPATH\Views\pos\pos_add.php on line 192.
 1 APPPATH\Views\pos\pos_add.php(192): CodeIgniter\Debug\Exceptions->errorHandler(2, 'Undefined array key "cus_first_name"', 'C:\\laragon\\www\\pharmacy-project\\app\\Views\\pos\\pos_add.php', 192)
 2 SYSTEMPATH\View\View.php(226): include('C:\\laragon\\www\\pharmacy-project\\app\\Views\\pos\\pos_add.php')
 3 SYSTEMPATH\View\View.php(229): CodeIgniter\View\View->CodeIgniter\View\{closure}()
 4 SYSTEMPATH\Common.php(1167): CodeIgniter\View\View->render('pos/pos_add', [], true)
 5 APPPATH\Controllers\PosController.php(67): view('pos/pos_add', [...])
 6 SYSTEMPATH\CodeIgniter.php(933): App\Controllers\PosController->index()
 7 SYSTEMPATH\CodeIgniter.php(507): CodeIgniter\CodeIgniter->runController(Object(App\Controllers\PosController))
 8 SYSTEMPATH\CodeIgniter.php(354): CodeIgniter\CodeIgniter->handleRequest(null, Object(Config\Cache), false)
 9 SYSTEMPATH\Boot.php(363): CodeIgniter\CodeIgniter->run()
10 SYSTEMPATH\Boot.php(68): CodeIgniter\Boot::runCodeIgniter(Object(CodeIgniter\CodeIgniter))
11 FCPATH\index.php(59): CodeIgniter\Boot::bootWeb(Object(Config\Paths))
DEBUG - 2026-07-24 10:45:07 --> Session: Class initialized using 'CodeIgniter\Session\Handlers\FileHandler' driver.
DEBUG - 2026-07-24 10:49:09 --> Session: Class initialized using 'CodeIgniter\Session\Handlers\FileHandler' driver.
DEBUG - 2026-07-24 10:49:25 --> Session: Class initialized using 'CodeIgniter\Session\Handlers\FileHandler' driver.
DEBUG - 2026-07-24 10:50:26 --> Session: Class initialized using 'CodeIgniter\Session\Handlers\FileHandler' driver.
DEBUG - 2026-07-24 10:52:00 --> Session: Class initialized using 'CodeIgniter\Session\Handlers\FileHandler' driver.
DEBUG - 2026-07-24 10:52:01 --> Session: Class initialized using 'CodeIgniter\Session\Handlers\FileHandler' driver.
DEBUG - 2026-07-24 10:52:03 --> Session: Class initialized using 'CodeIgniter\Session\Handlers\FileHandler' driver.
DEBUG - 2026-07-24 10:52:44 --> Session: Class initialized using 'CodeIgniter\Session\Handlers\FileHandler' driver.
DEBUG - 2026-07-24 11:04:31 --> Session: Class initialized using 'CodeIgniter\Session\Handlers\FileHandler' driver.
DEBUG - 2026-07-24 11:04:32 --> Session: Class initialized using 'CodeIgniter\Session\Handlers\FileHandler' driver.
DEBUG - 2026-07-24 11:04:38 --> Session: Class initialized using 'CodeIgniter\Session\Handlers\FileHandler' driver.
DEBUG - 2026-07-24 11:04:48 --> Session: Class initialized using 'CodeIgniter\Session\Handlers\FileHandler' driver.
DEBUG - 2026-07-24 11:04:49 --> Session: Class initialized using 'CodeIgniter\Session\Handlers\FileHandler' driver.
DEBUG - 2026-07-24 11:04:49 --> Session: Class initialized using 'CodeIgniter\Session\Handlers\FileHandler' driver.
DEBUG - 2026-07-24 11:04:49 --> Session: Class initialized using 'CodeIgniter\Session\Handlers\FileHandler' driver.
DEBUG - 2026-07-24 11:04:49 --> Session: Class initialized using 'CodeIgniter\Session\Handlers\FileHandler' driver.
DEBUG - 2026-07-24 11:04:50 --> Session: Class initialized using 'CodeIgniter\Session\Handlers\FileHandler' driver.
DEBUG - 2026-07-24 11:04:50 --> Session: Class initialized using 'CodeIgniter\Session\Handlers\FileHandler' driver.
DEBUG - 2026-07-24 11:04:50 --> Session: Class initialized using 'CodeIgniter\Session\Handlers\FileHandler' driver.
DEBUG - 2026-07-24 11:04:50 --> Session: Class initialized using 'CodeIgniter\Session\Handlers\FileHandler' driver.
DEBUG - 2026-07-24 11:04:50 --> Session: Class initialized using 'CodeIgniter\Session\Handlers\FileHandler' driver.
DEBUG - 2026-07-24 11:04:50 --> Session: Class initialized using 'CodeIgniter\Session\Handlers\FileHandler' driver.
DEBUG - 2026-07-24 11:04:50 --> Session: Class initialized using 'CodeIgniter\Session\Handlers\FileHandler' driver.
DEBUG - 2026-07-24 11:04:50 --> Session: Class initialized using 'CodeIgniter\Session\Handlers\FileHandler' driver.
DEBUG - 2026-07-24 11:04:51 --> Session: Class initialized using 'CodeIgniter\Session\Handlers\FileHandler' driver.
DEBUG - 2026-07-24 11:04:51 --> Session: Class initialized using 'CodeIgniter\Session\Handlers\FileHandler' driver.
DEBUG - 2026-07-24 11:04:51 --> Session: Class initialized using 'CodeIgniter\Session\Handlers\FileHandler' driver.
DEBUG - 2026-07-24 11:04:51 --> Session: Class initialized using 'CodeIgniter\Session\Handlers\FileHandler' driver.
DEBUG - 2026-07-24 11:04:51 --> Session: Class initialized using 'CodeIgniter\Session\Handlers\FileHandler' driver.
DEBUG - 2026-07-24 11:04:51 --> Session: Class initialized using 'CodeIgniter\Session\Handlers\FileHandler' driver.
DEBUG - 2026-07-24 11:10:46 --> Session: Class initialized using 'CodeIgniter\Session\Handlers\FileHandler' driver.
DEBUG - 2026-07-24 11:10:59 --> Session: Class initialized using 'CodeIgniter\Session\Handlers\FileHandler' driver.
ERROR - 2026-07-24 11:10:59 --> mysqli_sql_exception: Unknown column 'customer_type' in 'field list' in C:\laragon\www\pharmacy-project\system\Database\MySQLi\Connection.php:327
Stack trace:
#0 C:\laragon\www\pharmacy-project\system\Database\MySQLi\Connection.php(327): mysqli->query('INSERT INTO `sa...', 0)
#1 C:\laragon\www\pharmacy-project\system\Database\BaseConnection.php(729): CodeIgniter\Database\MySQLi\Connection->execute('INSERT INTO `sa...')
#2 C:\laragon\www\pharmacy-project\system\Database\BaseConnection.php(646): CodeIgniter\Database\BaseConnection->simpleQuery('INSERT INTO `sa...')
#3 C:\laragon\www\pharmacy-project\system\Database\BaseBuilder.php(2345): CodeIgniter\Database\BaseConnection->query('INSERT INTO `sa...', Array, false)
#4 C:\laragon\www\pharmacy-project\system\Model.php(394): CodeIgniter\Database\BaseBuilder->insert()
#5 C:\laragon\www\pharmacy-project\system\BaseModel.php(838): CodeIgniter\Model->doInsert(Array)
#6 C:\laragon\www\pharmacy-project\system\Model.php(797): CodeIgniter\BaseModel->insert(Array, true)
#7 C:\laragon\www\pharmacy-project\app\Controllers\PosController.php(188): CodeIgniter\Model->insert(Array)
#8 C:\laragon\www\pharmacy-project\system\CodeIgniter.php(933): App\Controllers\PosController->sale()
#9 C:\laragon\www\pharmacy-project\system\CodeIgniter.php(507): CodeIgniter\CodeIgniter->runController(Object(App\Controllers\PosController))
#10 C:\laragon\www\pharmacy-project\system\CodeIgniter.php(354): CodeIgniter\CodeIgniter->handleRequest(NULL, Object(Config\Cache), false)
#11 C:\laragon\www\pharmacy-project\system\Boot.php(363): CodeIgniter\CodeIgniter->run()
#12 C:\laragon\www\pharmacy-project\system\Boot.php(68): CodeIgniter\Boot::runCodeIgniter(Object(CodeIgniter\CodeIgniter))
#13 C:\laragon\www\pharmacy-project\index.php(59): CodeIgniter\Boot::bootWeb(Object(Config\Paths))
#14 {main}
DEBUG - 2026-07-24 11:10:59 --> Session: Class initialized using 'CodeIgniter\Session\Handlers\FileHandler' driver.
DEBUG - 2026-07-24 11:11:19 --> Session: Class initialized using 'CodeIgniter\Session\Handlers\FileHandler' driver.
ERROR - 2026-07-24 11:11:19 --> mysqli_sql_exception: Unknown column 'customer_type' in 'field list' in C:\laragon\www\pharmacy-project\system\Database\MySQLi\Connection.php:327
Stack trace:
#0 C:\laragon\www\pharmacy-project\system\Database\MySQLi\Connection.php(327): mysqli->query('INSERT INTO `sa...', 0)
#1 C:\laragon\www\pharmacy-project\system\Database\BaseConnection.php(729): CodeIgniter\Database\MySQLi\Connection->execute('INSERT INTO `sa...')
#2 C:\laragon\www\pharmacy-project\system\Database\BaseConnection.php(646): CodeIgniter\Database\BaseConnection->simpleQuery('INSERT INTO `sa...')
#3 C:\laragon\www\pharmacy-project\system\Database\BaseBuilder.php(2345): CodeIgniter\Database\BaseConnection->query('INSERT INTO `sa...', Array, false)
#4 C:\laragon\www\pharmacy-project\system\Model.php(394): CodeIgniter\Database\BaseBuilder->insert()
#5 C:\laragon\www\pharmacy-project\system\BaseModel.php(838): CodeIgniter\Model->doInsert(Array)
#6 C:\laragon\www\pharmacy-project\system\Model.php(797): CodeIgniter\BaseModel->insert(Array, true)
#7 C:\laragon\www\pharmacy-project\app\Controllers\PosController.php(188): CodeIgniter\Model->insert(Array)
#8 C:\laragon\www\pharmacy-project\system\CodeIgniter.php(933): App\Controllers\PosController->sale()
#9 C:\laragon\www\pharmacy-project\system\CodeIgniter.php(507): CodeIgniter\CodeIgniter->runController(Object(App\Controllers\PosController))
#10 C:\laragon\www\pharmacy-project\system\CodeIgniter.php(354): CodeIgniter\CodeIgniter->handleRequest(NULL, Object(Config\Cache), false)
#11 C:\laragon\www\pharmacy-project\system\Boot.php(363): CodeIgniter\CodeIgniter->run()
#12 C:\laragon\www\pharmacy-project\system\Boot.php(68): CodeIgniter\Boot::runCodeIgniter(Object(CodeIgniter\CodeIgniter))
#13 C:\laragon\www\pharmacy-project\index.php(59): CodeIgniter\Boot::bootWeb(Object(Config\Paths))
#14 {main}
DEBUG - 2026-07-24 11:11:19 --> Session: Class initialized using 'CodeIgniter\Session\Handlers\FileHandler' driver.
DEBUG - 2026-07-24 11:11:48 --> Session: Class initialized using 'CodeIgniter\Session\Handlers\FileHandler' driver.
DEBUG - 2026-07-24 11:12:06 --> Session: Class initialized using 'CodeIgniter\Session\Handlers\FileHandler' driver.
ERROR - 2026-07-24 11:12:06 --> mysqli_sql_exception: Unknown column 'customer_type' in 'field list' in C:\laragon\www\pharmacy-project\system\Database\MySQLi\Connection.php:327
Stack trace:
#0 C:\laragon\www\pharmacy-project\system\Database\MySQLi\Connection.php(327): mysqli->query('INSERT INTO `sa...', 0)
#1 C:\laragon\www\pharmacy-project\system\Database\BaseConnection.php(729): CodeIgniter\Database\MySQLi\Connection->execute('INSERT INTO `sa...')
#2 C:\laragon\www\pharmacy-project\system\Database\BaseConnection.php(646): CodeIgniter\Database\BaseConnection->simpleQuery('INSERT INTO `sa...')
#3 C:\laragon\www\pharmacy-project\system\Database\BaseBuilder.php(2345): CodeIgniter\Database\BaseConnection->query('INSERT INTO `sa...', Array, false)
#4 C:\laragon\www\pharmacy-project\system\Model.php(394): CodeIgniter\Database\BaseBuilder->insert()
#5 C:\laragon\www\pharmacy-project\system\BaseModel.php(838): CodeIgniter\Model->doInsert(Array)
#6 C:\laragon\www\pharmacy-project\system\Model.php(797): CodeIgniter\BaseModel->insert(Array, true)
#7 C:\laragon\www\pharmacy-project\app\Controllers\PosController.php(188): CodeIgniter\Model->insert(Array)
#8 C:\laragon\www\pharmacy-project\system\CodeIgniter.php(933): App\Controllers\PosController->sale()
#9 C:\laragon\www\pharmacy-project\system\CodeIgniter.php(507): CodeIgniter\CodeIgniter->runController(Object(App\Controllers\PosController))
#10 C:\laragon\www\pharmacy-project\system\CodeIgniter.php(354): CodeIgniter\CodeIgniter->handleRequest(NULL, Object(Config\Cache), false)
#11 C:\laragon\www\pharmacy-project\system\Boot.php(363): CodeIgniter\CodeIgniter->run()
#12 C:\laragon\www\pharmacy-project\system\Boot.php(68): CodeIgniter\Boot::runCodeIgniter(Object(CodeIgniter\CodeIgniter))
#13 C:\laragon\www\pharmacy-project\index.php(59): CodeIgniter\Boot::bootWeb(Object(Config\Paths))
#14 {main}
DEBUG - 2026-07-24 11:12:06 --> Session: Class initialized using 'CodeIgniter\Session\Handlers\FileHandler' driver.
DEBUG - 2026-07-24 11:12:45 --> Session: Class initialized using 'CodeIgniter\Session\Handlers\FileHandler' driver.
DEBUG - 2026-07-24 11:12:53 --> Session: Class initialized using 'CodeIgniter\Session\Handlers\FileHandler' driver.
ERROR - 2026-07-24 11:12:53 --> mysqli_sql_exception: Unknown column 'customer_type' in 'field list' in C:\laragon\www\pharmacy-project\system\Database\MySQLi\Connection.php:327
Stack trace:
#0 C:\laragon\www\pharmacy-project\system\Database\MySQLi\Connection.php(327): mysqli->query('INSERT INTO `sa...', 0)
#1 C:\laragon\www\pharmacy-project\system\Database\BaseConnection.php(729): CodeIgniter\Database\MySQLi\Connection->execute('INSERT INTO `sa...')
#2 C:\laragon\www\pharmacy-project\system\Database\BaseConnection.php(646): CodeIgniter\Database\BaseConnection->simpleQuery('INSERT INTO `sa...')
#3 C:\laragon\www\pharmacy-project\system\Database\BaseBuilder.php(2345): CodeIgniter\Database\BaseConnection->query('INSERT INTO `sa...', Array, false)
#4 C:\laragon\www\pharmacy-project\system\Model.php(394): CodeIgniter\Database\BaseBuilder->insert()
#5 C:\laragon\www\pharmacy-project\system\BaseModel.php(838): CodeIgniter\Model->doInsert(Array)
#6 C:\laragon\www\pharmacy-project\system\Model.php(797): CodeIgniter\BaseModel->insert(Array, true)
#7 C:\laragon\www\pharmacy-project\app\Controllers\PosController.php(188): CodeIgniter\Model->insert(Array)
#8 C:\laragon\www\pharmacy-project\system\CodeIgniter.php(933): App\Controllers\PosController->sale()
#9 C:\laragon\www\pharmacy-project\system\CodeIgniter.php(507): CodeIgniter\CodeIgniter->runController(Object(App\Controllers\PosController))
#10 C:\laragon\www\pharmacy-project\system\CodeIgniter.php(354): CodeIgniter\CodeIgniter->handleRequest(NULL, Object(Config\Cache), false)
#11 C:\laragon\www\pharmacy-project\system\Boot.php(363): CodeIgniter\CodeIgniter->run()
#12 C:\laragon\www\pharmacy-project\system\Boot.php(68): CodeIgniter\Boot::runCodeIgniter(Object(CodeIgniter\CodeIgniter))
#13 C:\laragon\www\pharmacy-project\index.php(59): CodeIgniter\Boot::bootWeb(Object(Config\Paths))
#14 {main}
DEBUG - 2026-07-24 11:12:53 --> Session: Class initialized using 'CodeIgniter\Session\Handlers\FileHandler' driver.
DEBUG - 2026-07-24 11:45:17 --> Session: Class initialized using 'CodeIgniter\Session\Handlers\FileHandler' driver.
DEBUG - 2026-07-24 11:45:34 --> Session: Class initialized using 'CodeIgniter\Session\Handlers\FileHandler' driver.
ERROR - 2026-07-24 11:45:34 --> mysqli_sql_exception: Unknown column 'customer_type' in 'field list' in C:\laragon\www\pharmacy-project\system\Database\MySQLi\Connection.php:327
Stack trace:
#0 C:\laragon\www\pharmacy-project\system\Database\MySQLi\Connection.php(327): mysqli->query('INSERT INTO `sa...', 0)
#1 C:\laragon\www\pharmacy-project\system\Database\BaseConnection.php(729): CodeIgniter\Database\MySQLi\Connection->execute('INSERT INTO `sa...')
#2 C:\laragon\www\pharmacy-project\system\Database\BaseConnection.php(646): CodeIgniter\Database\BaseConnection->simpleQuery('INSERT INTO `sa...')
#3 C:\laragon\www\pharmacy-project\system\Database\BaseBuilder.php(2345): CodeIgniter\Database\BaseConnection->query('INSERT INTO `sa...', Array, false)
#4 C:\laragon\www\pharmacy-project\system\Model.php(394): CodeIgniter\Database\BaseBuilder->insert()
#5 C:\laragon\www\pharmacy-project\system\BaseModel.php(838): CodeIgniter\Model->doInsert(Array)
#6 C:\laragon\www\pharmacy-project\system\Model.php(797): CodeIgniter\BaseModel->insert(Array, true)
#7 C:\laragon\www\pharmacy-project\app\Controllers\PosController.php(188): CodeIgniter\Model->insert(Array)
#8 C:\laragon\www\pharmacy-project\system\CodeIgniter.php(933): App\Controllers\PosController->sale()
#9 C:\laragon\www\pharmacy-project\system\CodeIgniter.php(507): CodeIgniter\CodeIgniter->runController(Object(App\Controllers\PosController))
#10 C:\laragon\www\pharmacy-project\system\CodeIgniter.php(354): CodeIgniter\CodeIgniter->handleRequest(NULL, Object(Config\Cache), false)
#11 C:\laragon\www\pharmacy-project\system\Boot.php(363): CodeIgniter\CodeIgniter->run()
#12 C:\laragon\www\pharmacy-project\system\Boot.php(68): CodeIgniter\Boot::runCodeIgniter(Object(CodeIgniter\CodeIgniter))
#13 C:\laragon\www\pharmacy-project\index.php(59): CodeIgniter\Boot::bootWeb(Object(Config\Paths))
#14 {main}
DEBUG - 2026-07-24 11:45:34 --> Session: Class initialized using 'CodeIgniter\Session\Handlers\FileHandler' driver.
DEBUG - 2026-07-24 11:59:51 --> Session: Class initialized using 'CodeIgniter\Session\Handlers\FileHandler' driver.
DEBUG - 2026-07-24 12:00:04 --> Session: Class initialized using 'CodeIgniter\Session\Handlers\FileHandler' driver.
ERROR - 2026-07-24 12:00:04 --> mysqli_sql_exception: Unknown column 'customer_type' in 'field list' in C:\laragon\www\pharmacy-project\system\Database\MySQLi\Connection.php:327
Stack trace:
#0 C:\laragon\www\pharmacy-project\system\Database\MySQLi\Connection.php(327): mysqli->query('INSERT INTO `sa...', 0)
#1 C:\laragon\www\pharmacy-project\system\Database\BaseConnection.php(729): CodeIgniter\Database\MySQLi\Connection->execute('INSERT INTO `sa...')
#2 C:\laragon\www\pharmacy-project\system\Database\BaseConnection.php(646): CodeIgniter\Database\BaseConnection->simpleQuery('INSERT INTO `sa...')
#3 C:\laragon\www\pharmacy-project\system\Database\BaseBuilder.php(2345): CodeIgniter\Database\BaseConnection->query('INSERT INTO `sa...', Array, false)
#4 C:\laragon\www\pharmacy-project\system\Model.php(394): CodeIgniter\Database\BaseBuilder->insert()
#5 C:\laragon\www\pharmacy-project\system\BaseModel.php(838): CodeIgniter\Model->doInsert(Array)
#6 C:\laragon\www\pharmacy-project\system\Model.php(797): CodeIgniter\BaseModel->insert(Array, true)
#7 C:\laragon\www\pharmacy-project\app\Controllers\PosController.php(188): CodeIgniter\Model->insert(Array)
#8 C:\laragon\www\pharmacy-project\system\CodeIgniter.php(933): App\Controllers\PosController->sale()
#9 C:\laragon\www\pharmacy-project\system\CodeIgniter.php(507): CodeIgniter\CodeIgniter->runController(Object(App\Controllers\PosController))
#10 C:\laragon\www\pharmacy-project\system\CodeIgniter.php(354): CodeIgniter\CodeIgniter->handleRequest(NULL, Object(Config\Cache), false)
#11 C:\laragon\www\pharmacy-project\system\Boot.php(363): CodeIgniter\CodeIgniter->run()
#12 C:\laragon\www\pharmacy-project\system\Boot.php(68): CodeIgniter\Boot::runCodeIgniter(Object(CodeIgniter\CodeIgniter))
#13 C:\laragon\www\pharmacy-project\index.php(59): CodeIgniter\Boot::bootWeb(Object(Config\Paths))
#14 {main}
DEBUG - 2026-07-24 12:00:04 --> Session: Class initialized using 'CodeIgniter\Session\Handlers\FileHandler' driver.
DEBUG - 2026-07-24 12:07:56 --> Session: Class initialized using 'CodeIgniter\Session\Handlers\FileHandler' driver.
DEBUG - 2026-07-24 12:08:10 --> Session: Class initialized using 'CodeIgniter\Session\Handlers\FileHandler' driver.
DEBUG - 2026-07-24 12:08:11 --> Session: Class initialized using 'CodeIgniter\Session\Handlers\FileHandler' driver.
ERROR - 2026-07-24 12:08:11 --> mysqli_sql_exception: Unknown column 'sales.customer_type' in 'field list' in C:\laragon\www\pharmacy-project\system\Database\MySQLi\Connection.php:327
Stack trace:
#0 C:\laragon\www\pharmacy-project\system\Database\MySQLi\Connection.php(327): mysqli->query('SELECT `sales`....', 0)
#1 C:\laragon\www\pharmacy-project\system\Database\BaseConnection.php(729): CodeIgniter\Database\MySQLi\Connection->execute('SELECT `sales`....')
#2 C:\laragon\www\pharmacy-project\system\Database\BaseConnection.php(646): CodeIgniter\Database\BaseConnection->simpleQuery('SELECT `sales`....')
#3 C:\laragon\www\pharmacy-project\system\Database\BaseBuilder.php(1649): CodeIgniter\Database\BaseConnection->query('SELECT `sales`....', Array, false)
#4 C:\laragon\www\pharmacy-project\app\Controllers\PdfController.php(33): CodeIgniter\Database\BaseBuilder->get()
#5 C:\laragon\www\pharmacy-project\system\CodeIgniter.php(933): App\Controllers\PdfController->invoice('786')
#6 C:\laragon\www\pharmacy-project\system\CodeIgniter.php(507): CodeIgniter\CodeIgniter->runController(Object(App\Controllers\PdfController))
#7 C:\laragon\www\pharmacy-project\system\CodeIgniter.php(354): CodeIgniter\CodeIgniter->handleRequest(NULL, Object(Config\Cache), false)
#8 C:\laragon\www\pharmacy-project\system\Boot.php(363): CodeIgniter\CodeIgniter->run()
#9 C:\laragon\www\pharmacy-project\system\Boot.php(68): CodeIgniter\Boot::runCodeIgniter(Object(CodeIgniter\CodeIgniter))
#10 C:\laragon\www\pharmacy-project\index.php(59): CodeIgniter\Boot::bootWeb(Object(Config\Paths))
#11 {main}
CRITICAL - 2026-07-24 12:08:11 --> CodeIgniter\Database\Exceptions\DatabaseException: Unknown column 'sales.customer_type' in 'field list'
[Method: GET, Route: invoice/786]
in SYSTEMPATH\Database\BaseConnection.php on line 684.
 1 SYSTEMPATH\Database\BaseBuilder.php(1649): CodeIgniter\Database\BaseConnection->query('SELECT `sales`.*, CASE
                WHEN sales.customer_type = \'Walk-In-Customer\'
                THEN \'Walk-In-Customer\'
                ELSE CONCAT(customer.cus_first_name, \' \', customer.cus_last_name)
            END AS customer_name, `customer`.`cus_phone`, `customer`.`cus_address`
FROM `sales`
LEFT JOIN `customer` ON `customer`.`customer_id` = `sales`.`customer_type`
WHERE `sales`.`sales_id` = :sales.sales_id:', [...], false)
 2 APPPATH\Controllers\PdfController.php(33): CodeIgniter\Database\BaseBuilder->get()
 3 SYSTEMPATH\CodeIgniter.php(933): App\Controllers\PdfController->invoice('786')
 4 SYSTEMPATH\CodeIgniter.php(507): CodeIgniter\CodeIgniter->runController(Object(App\Controllers\PdfController))
 5 SYSTEMPATH\CodeIgniter.php(354): CodeIgniter\CodeIgniter->handleRequest(null, Object(Config\Cache), false)
 6 SYSTEMPATH\Boot.php(363): CodeIgniter\CodeIgniter->run()
 7 SYSTEMPATH\Boot.php(68): CodeIgniter\Boot::runCodeIgniter(Object(CodeIgniter\CodeIgniter))
 8 FCPATH\index.php(59): CodeIgniter\Boot::bootWeb(Object(Config\Paths))
CRITICAL - 2026-07-24 12:08:11 --> [Caused by] CodeIgniter\Database\Exceptions\DatabaseException: Unknown column 'sales.customer_type' in 'field list'
in SYSTEMPATH\Database\MySQLi\Connection.php on line 332.
 1 SYSTEMPATH\Database\BaseConnection.php(729): CodeIgniter\Database\MySQLi\Connection->execute('SELECT `sales`.*, CASE
                WHEN sales.customer_type = \'Walk-In-Customer\'
                THEN \'Walk-In-Customer\'
                ELSE CONCAT(customer.cus_first_name, \' \', customer.cus_last_name)
            END AS customer_name, `customer`.`cus_phone`, `customer`.`cus_address`
FROM `sales`
LEFT JOIN `customer` ON `customer`.`customer_id` = `sales`.`customer_type`
WHERE `sales`.`sales_id` = \'786\'')
 2 SYSTEMPATH\Database\BaseConnection.php(646): CodeIgniter\Database\BaseConnection->simpleQuery('SELECT `sales`.*, CASE
                WHEN sales.customer_type = \'Walk-In-Customer\'
                THEN \'Walk-In-Customer\'
                ELSE CONCAT(customer.cus_first_name, \' \', customer.cus_last_name)
            END AS customer_name, `customer`.`cus_phone`, `customer`.`cus_address`
FROM `sales`
LEFT JOIN `customer` ON `customer`.`customer_id` = `sales`.`customer_type`
WHERE `sales`.`sales_id` = \'786\'')
 3 SYSTEMPATH\Database\BaseBuilder.php(1649): CodeIgniter\Database\BaseConnection->query('SELECT `sales`.*, CASE
                WHEN sales.customer_type = \'Walk-In-Customer\'
                THEN \'Walk-In-Customer\'
                ELSE CONCAT(customer.cus_first_name, \' \', customer.cus_last_name)
            END AS customer_name, `customer`.`cus_phone`, `customer`.`cus_address`
FROM `sales`
LEFT JOIN `customer` ON `customer`.`customer_id` = `sales`.`customer_type`
WHERE `sales`.`sales_id` = :sales.sales_id:', [...], false)
 4 APPPATH\Controllers\PdfController.php(33): CodeIgniter\Database\BaseBuilder->get()
 5 SYSTEMPATH\CodeIgniter.php(933): App\Controllers\PdfController->invoice('786')
 6 SYSTEMPATH\CodeIgniter.php(507): CodeIgniter\CodeIgniter->runController(Object(App\Controllers\PdfController))
 7 SYSTEMPATH\CodeIgniter.php(354): CodeIgniter\CodeIgniter->handleRequest(null, Object(Config\Cache), false)
 8 SYSTEMPATH\Boot.php(363): CodeIgniter\CodeIgniter->run()
 9 SYSTEMPATH\Boot.php(68): CodeIgniter\Boot::runCodeIgniter(Object(CodeIgniter\CodeIgniter))
10 FCPATH\index.php(59): CodeIgniter\Boot::bootWeb(Object(Config\Paths))
CRITICAL - 2026-07-24 12:08:11 --> [Caused by] mysqli_sql_exception: Unknown column 'sales.customer_type' in 'field list'
in SYSTEMPATH\Database\MySQLi\Connection.php on line 327.
 1 SYSTEMPATH\Database\MySQLi\Connection.php(327): mysqli->query('SELECT `sales`.*, CASE
                WHEN sales.customer_type = \'Walk-In-Customer\'
                THEN \'Walk-In-Customer\'
                ELSE CONCAT(customer.cus_first_name, \' \', customer.cus_last_name)
            END AS customer_name, `customer`.`cus_phone`, `customer`.`cus_address`
FROM `sales`
LEFT JOIN `customer` ON `customer`.`customer_id` = `sales`.`customer_type`
WHERE `sales`.`sales_id` = \'786\'', 0)
 2 SYSTEMPATH\Database\BaseConnection.php(729): CodeIgniter\Database\MySQLi\Connection->execute('SELECT `sales`.*, CASE
                WHEN sales.customer_type = \'Walk-In-Customer\'
                THEN \'Walk-In-Customer\'
                ELSE CONCAT(customer.cus_first_name, \' \', customer.cus_last_name)
            END AS customer_name, `customer`.`cus_phone`, `customer`.`cus_address`
FROM `sales`
LEFT JOIN `customer` ON `customer`.`customer_id` = `sales`.`customer_type`
WHERE `sales`.`sales_id` = \'786\'')
 3 SYSTEMPATH\Database\BaseConnection.php(646): CodeIgniter\Database\BaseConnection->simpleQuery('SELECT `sales`.*, CASE
                WHEN sales.customer_type = \'Walk-In-Customer\'
                THEN \'Walk-In-Customer\'
                ELSE CONCAT(customer.cus_first_name, \' \', customer.cus_last_name)
            END AS customer_name, `customer`.`cus_phone`, `customer`.`cus_address`
FROM `sales`
LEFT JOIN `customer` ON `customer`.`customer_id` = `sales`.`customer_type`
WHERE `sales`.`sales_id` = \'786\'')
 4 SYSTEMPATH\Database\BaseBuilder.php(1649): CodeIgniter\Database\BaseConnection->query('SELECT `sales`.*, CASE
                WHEN sales.customer_type = \'Walk-In-Customer\'
                THEN \'Walk-In-Customer\'
                ELSE CONCAT(customer.cus_first_name, \' \', customer.cus_last_name)
            END AS customer_name, `customer`.`cus_phone`, `customer`.`cus_address`
FROM `sales`
LEFT JOIN `customer` ON `customer`.`customer_id` = `sales`.`customer_type`
WHERE `sales`.`sales_id` = :sales.sales_id:', [...], false)
 5 APPPATH\Controllers\PdfController.php(33): CodeIgniter\Database\BaseBuilder->get()
 6 SYSTEMPATH\CodeIgniter.php(933): App\Controllers\PdfController->invoice('786')
 7 SYSTEMPATH\CodeIgniter.php(507): CodeIgniter\CodeIgniter->runController(Object(App\Controllers\PdfController))
 8 SYSTEMPATH\CodeIgniter.php(354): CodeIgniter\CodeIgniter->handleRequest(null, Object(Config\Cache), false)
 9 SYSTEMPATH\Boot.php(363): CodeIgniter\CodeIgniter->run()
10 SYSTEMPATH\Boot.php(68): CodeIgniter\Boot::runCodeIgniter(Object(CodeIgniter\CodeIgniter))
11 FCPATH\index.php(59): CodeIgniter\Boot::bootWeb(Object(Config\Paths))
DEBUG - 2026-07-24 12:08:11 --> Session: Class initialized using 'CodeIgniter\Session\Handlers\FileHandler' driver.
DEBUG - 2026-07-24 12:10:03 --> Session: Class initialized using 'CodeIgniter\Session\Handlers\FileHandler' driver.
ERROR - 2026-07-24 12:10:03 --> mysqli_sql_exception: Unknown column 'sales.customer_type' in 'field list' in C:\laragon\www\pharmacy-project\system\Database\MySQLi\Connection.php:327
Stack trace:
#0 C:\laragon\www\pharmacy-project\system\Database\MySQLi\Connection.php(327): mysqli->query('SELECT `sales`....', 0)
#1 C:\laragon\www\pharmacy-project\system\Database\BaseConnection.php(729): CodeIgniter\Database\MySQLi\Connection->execute('SELECT `sales`....')
#2 C:\laragon\www\pharmacy-project\system\Database\BaseConnection.php(646): CodeIgniter\Database\BaseConnection->simpleQuery('SELECT `sales`....')
#3 C:\laragon\www\pharmacy-project\system\Database\BaseBuilder.php(1649): CodeIgniter\Database\BaseConnection->query('SELECT `sales`....', Array, false)
#4 C:\laragon\www\pharmacy-project\app\Controllers\PdfController.php(33): CodeIgniter\Database\BaseBuilder->get()
#5 C:\laragon\www\pharmacy-project\system\CodeIgniter.php(933): App\Controllers\PdfController->invoice('786')
#6 C:\laragon\www\pharmacy-project\system\CodeIgniter.php(507): CodeIgniter\CodeIgniter->runController(Object(App\Controllers\PdfController))
#7 C:\laragon\www\pharmacy-project\system\CodeIgniter.php(354): CodeIgniter\CodeIgniter->handleRequest(NULL, Object(Config\Cache), false)
#8 C:\laragon\www\pharmacy-project\system\Boot.php(363): CodeIgniter\CodeIgniter->run()
#9 C:\laragon\www\pharmacy-project\system\Boot.php(68): CodeIgniter\Boot::runCodeIgniter(Object(CodeIgniter\CodeIgniter))
#10 C:\laragon\www\pharmacy-project\index.php(59): CodeIgniter\Boot::bootWeb(Object(Config\Paths))
#11 {main}
CRITICAL - 2026-07-24 12:10:03 --> CodeIgniter\Database\Exceptions\DatabaseException: Unknown column 'sales.customer_type' in 'field list'
[Method: GET, Route: invoice/786]
in SYSTEMPATH\Database\BaseConnection.php on line 684.
 1 SYSTEMPATH\Database\BaseBuilder.php(1649): CodeIgniter\Database\BaseConnection->query('SELECT `sales`.*, CASE
                WHEN sales.customer_type = \'Walk-In-Customer\'
                THEN \'Walk-In-Customer\'
                ELSE CONCAT(customer.cus_first_name, \' \', customer.cus_last_name)
            END AS customer_name, `customer`.`cus_phone`, `customer`.`cus_address`
FROM `sales`
LEFT JOIN `customer` ON `customer`.`customer_id` = `sales`.`customer_id`
WHERE `sales`.`sales_id` = :sales.sales_id:', [...], false)
 2 APPPATH\Controllers\PdfController.php(33): CodeIgniter\Database\BaseBuilder->get()
 3 SYSTEMPATH\CodeIgniter.php(933): App\Controllers\PdfController->invoice('786')
 4 SYSTEMPATH\CodeIgniter.php(507): CodeIgniter\CodeIgniter->runController(Object(App\Controllers\PdfController))
 5 SYSTEMPATH\CodeIgniter.php(354): CodeIgniter\CodeIgniter->handleRequest(null, Object(Config\Cache), false)
 6 SYSTEMPATH\Boot.php(363): CodeIgniter\CodeIgniter->run()
 7 SYSTEMPATH\Boot.php(68): CodeIgniter\Boot::runCodeIgniter(Object(CodeIgniter\CodeIgniter))
 8 FCPATH\index.php(59): CodeIgniter\Boot::bootWeb(Object(Config\Paths))
CRITICAL - 2026-07-24 12:10:03 --> [Caused by] CodeIgniter\Database\Exceptions\DatabaseException: Unknown column 'sales.customer_type' in 'field list'
in SYSTEMPATH\Database\MySQLi\Connection.php on line 332.
 1 SYSTEMPATH\Database\BaseConnection.php(729): CodeIgniter\Database\MySQLi\Connection->execute('SELECT `sales`.*, CASE
                WHEN sales.customer_type = \'Walk-In-Customer\'
                THEN \'Walk-In-Customer\'
                ELSE CONCAT(customer.cus_first_name, \' \', customer.cus_last_name)
            END AS customer_name, `customer`.`cus_phone`, `customer`.`cus_address`
FROM `sales`
LEFT JOIN `customer` ON `customer`.`customer_id` = `sales`.`customer_id`
WHERE `sales`.`sales_id` = \'786\'')
 2 SYSTEMPATH\Database\BaseConnection.php(646): CodeIgniter\Database\BaseConnection->simpleQuery('SELECT `sales`.*, CASE
                WHEN sales.customer_type = \'Walk-In-Customer\'
                THEN \'Walk-In-Customer\'
                ELSE CONCAT(customer.cus_first_name, \' \', customer.cus_last_name)
            END AS customer_name, `customer`.`cus_phone`, `customer`.`cus_address`
FROM `sales`
LEFT JOIN `customer` ON `customer`.`customer_id` = `sales`.`customer_id`
WHERE `sales`.`sales_id` = \'786\'')
 3 SYSTEMPATH\Database\BaseBuilder.php(1649): CodeIgniter\Database\BaseConnection->query('SELECT `sales`.*, CASE
                WHEN sales.customer_type = \'Walk-In-Customer\'
                THEN \'Walk-In-Customer\'
                ELSE CONCAT(customer.cus_first_name, \' \', customer.cus_last_name)
            END AS customer_name, `customer`.`cus_phone`, `customer`.`cus_address`
FROM `sales`
LEFT JOIN `customer` ON `customer`.`customer_id` = `sales`.`customer_id`
WHERE `sales`.`sales_id` = :sales.sales_id:', [...], false)
 4 APPPATH\Controllers\PdfController.php(33): CodeIgniter\Database\BaseBuilder->get()
 5 SYSTEMPATH\CodeIgniter.php(933): App\Controllers\PdfController->invoice('786')
 6 SYSTEMPATH\CodeIgniter.php(507): CodeIgniter\CodeIgniter->runController(Object(App\Controllers\PdfController))
 7 SYSTEMPATH\CodeIgniter.php(354): CodeIgniter\CodeIgniter->handleRequest(null, Object(Config\Cache), false)
 8 SYSTEMPATH\Boot.php(363): CodeIgniter\CodeIgniter->run()
 9 SYSTEMPATH\Boot.php(68): CodeIgniter\Boot::runCodeIgniter(Object(CodeIgniter\CodeIgniter))
10 FCPATH\index.php(59): CodeIgniter\Boot::bootWeb(Object(Config\Paths))
CRITICAL - 2026-07-24 12:10:03 --> [Caused by] mysqli_sql_exception: Unknown column 'sales.customer_type' in 'field list'
in SYSTEMPATH\Database\MySQLi\Connection.php on line 327.
 1 SYSTEMPATH\Database\MySQLi\Connection.php(327): mysqli->query('SELECT `sales`.*, CASE
                WHEN sales.customer_type = \'Walk-In-Customer\'
                THEN \'Walk-In-Customer\'
                ELSE CONCAT(customer.cus_first_name, \' \', customer.cus_last_name)
            END AS customer_name, `customer`.`cus_phone`, `customer`.`cus_address`
FROM `sales`
LEFT JOIN `customer` ON `customer`.`customer_id` = `sales`.`customer_id`
WHERE `sales`.`sales_id` = \'786\'', 0)
 2 SYSTEMPATH\Database\BaseConnection.php(729): CodeIgniter\Database\MySQLi\Connection->execute('SELECT `sales`.*, CASE
                WHEN sales.customer_type = \'Walk-In-Customer\'
                THEN \'Walk-In-Customer\'
                ELSE CONCAT(customer.cus_first_name, \' \', customer.cus_last_name)
            END AS customer_name, `customer`.`cus_phone`, `customer`.`cus_address`
FROM `sales`
LEFT JOIN `customer` ON `customer`.`customer_id` = `sales`.`customer_id`
WHERE `sales`.`sales_id` = \'786\'')
 3 SYSTEMPATH\Database\BaseConnection.php(646): CodeIgniter\Database\BaseConnection->simpleQuery('SELECT `sales`.*, CASE
                WHEN sales.customer_type = \'Walk-In-Customer\'
                THEN \'Walk-In-Customer\'
                ELSE CONCAT(customer.cus_first_name, \' \', customer.cus_last_name)
            END AS customer_name, `customer`.`cus_phone`, `customer`.`cus_address`
FROM `sales`
LEFT JOIN `customer` ON `customer`.`customer_id` = `sales`.`customer_id`
WHERE `sales`.`sales_id` = \'786\'')
 4 SYSTEMPATH\Database\BaseBuilder.php(1649): CodeIgniter\Database\BaseConnection->query('SELECT `sales`.*, CASE
                WHEN sales.customer_type = \'Walk-In-Customer\'
                THEN \'Walk-In-Customer\'
                ELSE CONCAT(customer.cus_first_name, \' \', customer.cus_last_name)
            END AS customer_name, `customer`.`cus_phone`, `customer`.`cus_address`
FROM `sales`
LEFT JOIN `customer` ON `customer`.`customer_id` = `sales`.`customer_id`
WHERE `sales`.`sales_id` = :sales.sales_id:', [...], false)
 5 APPPATH\Controllers\PdfController.php(33): CodeIgniter\Database\BaseBuilder->get()
 6 SYSTEMPATH\CodeIgniter.php(933): App\Controllers\PdfController->invoice('786')
 7 SYSTEMPATH\CodeIgniter.php(507): CodeIgniter\CodeIgniter->runController(Object(App\Controllers\PdfController))
 8 SYSTEMPATH\CodeIgniter.php(354): CodeIgniter\CodeIgniter->handleRequest(null, Object(Config\Cache), false)
 9 SYSTEMPATH\Boot.php(363): CodeIgniter\CodeIgniter->run()
10 SYSTEMPATH\Boot.php(68): CodeIgniter\Boot::runCodeIgniter(Object(CodeIgniter\CodeIgniter))
11 FCPATH\index.php(59): CodeIgniter\Boot::bootWeb(Object(Config\Paths))
DEBUG - 2026-07-24 12:10:05 --> Session: Class initialized using 'CodeIgniter\Session\Handlers\FileHandler' driver.
ERROR - 2026-07-24 12:10:05 --> mysqli_sql_exception: Unknown column 'sales.customer_type' in 'field list' in C:\laragon\www\pharmacy-project\system\Database\MySQLi\Connection.php:327
Stack trace:
#0 C:\laragon\www\pharmacy-project\system\Database\MySQLi\Connection.php(327): mysqli->query('SELECT `sales`....', 0)
#1 C:\laragon\www\pharmacy-project\system\Database\BaseConnection.php(729): CodeIgniter\Database\MySQLi\Connection->execute('SELECT `sales`....')
#2 C:\laragon\www\pharmacy-project\system\Database\BaseConnection.php(646): CodeIgniter\Database\BaseConnection->simpleQuery('SELECT `sales`....')
#3 C:\laragon\www\pharmacy-project\system\Database\BaseBuilder.php(1649): CodeIgniter\Database\BaseConnection->query('SELECT `sales`....', Array, false)
#4 C:\laragon\www\pharmacy-project\app\Controllers\PdfController.php(33): CodeIgniter\Database\BaseBuilder->get()
#5 C:\laragon\www\pharmacy-project\system\CodeIgniter.php(933): App\Controllers\PdfController->invoice('786')
#6 C:\laragon\www\pharmacy-project\system\CodeIgniter.php(507): CodeIgniter\CodeIgniter->runController(Object(App\Controllers\PdfController))
#7 C:\laragon\www\pharmacy-project\system\CodeIgniter.php(354): CodeIgniter\CodeIgniter->handleRequest(NULL, Object(Config\Cache), false)
#8 C:\laragon\www\pharmacy-project\system\Boot.php(363): CodeIgniter\CodeIgniter->run()
#9 C:\laragon\www\pharmacy-project\system\Boot.php(68): CodeIgniter\Boot::runCodeIgniter(Object(CodeIgniter\CodeIgniter))
#10 C:\laragon\www\pharmacy-project\index.php(59): CodeIgniter\Boot::bootWeb(Object(Config\Paths))
#11 {main}
CRITICAL - 2026-07-24 12:10:05 --> CodeIgniter\Database\Exceptions\DatabaseException: Unknown column 'sales.customer_type' in 'field list'
[Method: GET, Route: invoice/786]
in SYSTEMPATH\Database\BaseConnection.php on line 684.
 1 SYSTEMPATH\Database\BaseBuilder.php(1649): CodeIgniter\Database\BaseConnection->query('SELECT `sales`.*, CASE
                WHEN sales.customer_type = \'Walk-In-Customer\'
                THEN \'Walk-In-Customer\'
                ELSE CONCAT(customer.cus_first_name, \' \', customer.cus_last_name)
            END AS customer_name, `customer`.`cus_phone`, `customer`.`cus_address`
FROM `sales`
LEFT JOIN `customer` ON `customer`.`customer_id` = `sales`.`customer_id`
WHERE `sales`.`sales_id` = :sales.sales_id:', [...], false)
 2 APPPATH\Controllers\PdfController.php(33): CodeIgniter\Database\BaseBuilder->get()
 3 SYSTEMPATH\CodeIgniter.php(933): App\Controllers\PdfController->invoice('786')
 4 SYSTEMPATH\CodeIgniter.php(507): CodeIgniter\CodeIgniter->runController(Object(App\Controllers\PdfController))
 5 SYSTEMPATH\CodeIgniter.php(354): CodeIgniter\CodeIgniter->handleRequest(null, Object(Config\Cache), false)
 6 SYSTEMPATH\Boot.php(363): CodeIgniter\CodeIgniter->run()
 7 SYSTEMPATH\Boot.php(68): CodeIgniter\Boot::runCodeIgniter(Object(CodeIgniter\CodeIgniter))
 8 FCPATH\index.php(59): CodeIgniter\Boot::bootWeb(Object(Config\Paths))
CRITICAL - 2026-07-24 12:10:05 --> [Caused by] CodeIgniter\Database\Exceptions\DatabaseException: Unknown column 'sales.customer_type' in 'field list'
in SYSTEMPATH\Database\MySQLi\Connection.php on line 332.
 1 SYSTEMPATH\Database\BaseConnection.php(729): CodeIgniter\Database\MySQLi\Connection->execute('SELECT `sales`.*, CASE
                WHEN sales.customer_type = \'Walk-In-Customer\'
                THEN \'Walk-In-Customer\'
                ELSE CONCAT(customer.cus_first_name, \' \', customer.cus_last_name)
            END AS customer_name, `customer`.`cus_phone`, `customer`.`cus_address`
FROM `sales`
LEFT JOIN `customer` ON `customer`.`customer_id` = `sales`.`customer_id`
WHERE `sales`.`sales_id` = \'786\'')
 2 SYSTEMPATH\Database\BaseConnection.php(646): CodeIgniter\Database\BaseConnection->simpleQuery('SELECT `sales`.*, CASE
                WHEN sales.customer_type = \'Walk-In-Customer\'
                THEN \'Walk-In-Customer\'
                ELSE CONCAT(customer.cus_first_name, \' \', customer.cus_last_name)
            END AS customer_name, `customer`.`cus_phone`, `customer`.`cus_address`
FROM `sales`
LEFT JOIN `customer` ON `customer`.`customer_id` = `sales`.`customer_id`
WHERE `sales`.`sales_id` = \'786\'')
 3 SYSTEMPATH\Database\BaseBuilder.php(1649): CodeIgniter\Database\BaseConnection->query('SELECT `sales`.*, CASE
                WHEN sales.customer_type = \'Walk-In-Customer\'
                THEN \'Walk-In-Customer\'
                ELSE CONCAT(customer.cus_first_name, \' \', customer.cus_last_name)
            END AS customer_name, `customer`.`cus_phone`, `customer`.`cus_address`
FROM `sales`
LEFT JOIN `customer` ON `customer`.`customer_id` = `sales`.`customer_id`
WHERE `sales`.`sales_id` = :sales.sales_id:', [...], false)
 4 APPPATH\Controllers\PdfController.php(33): CodeIgniter\Database\BaseBuilder->get()
 5 SYSTEMPATH\CodeIgniter.php(933): App\Controllers\PdfController->invoice('786')
 6 SYSTEMPATH\CodeIgniter.php(507): CodeIgniter\CodeIgniter->runController(Object(App\Controllers\PdfController))
 7 SYSTEMPATH\CodeIgniter.php(354): CodeIgniter\CodeIgniter->handleRequest(null, Object(Config\Cache), false)
 8 SYSTEMPATH\Boot.php(363): CodeIgniter\CodeIgniter->run()
 9 SYSTEMPATH\Boot.php(68): CodeIgniter\Boot::runCodeIgniter(Object(CodeIgniter\CodeIgniter))
10 FCPATH\index.php(59): CodeIgniter\Boot::bootWeb(Object(Config\Paths))
CRITICAL - 2026-07-24 12:10:05 --> [Caused by] mysqli_sql_exception: Unknown column 'sales.customer_type' in 'field list'
in SYSTEMPATH\Database\MySQLi\Connection.php on line 327.
 1 SYSTEMPATH\Database\MySQLi\Connection.php(327): mysqli->query('SELECT `sales`.*, CASE
                WHEN sales.customer_type = \'Walk-In-Customer\'
                THEN \'Walk-In-Customer\'
                ELSE CONCAT(customer.cus_first_name, \' \', customer.cus_last_name)
            END AS customer_name, `customer`.`cus_phone`, `customer`.`cus_address`
FROM `sales`
LEFT JOIN `customer` ON `customer`.`customer_id` = `sales`.`customer_id`
WHERE `sales`.`sales_id` = \'786\'', 0)
 2 SYSTEMPATH\Database\BaseConnection.php(729): CodeIgniter\Database\MySQLi\Connection->execute('SELECT `sales`.*, CASE
                WHEN sales.customer_type = \'Walk-In-Customer\'
                THEN \'Walk-In-Customer\'
                ELSE CONCAT(customer.cus_first_name, \' \', customer.cus_last_name)
            END AS customer_name, `customer`.`cus_phone`, `customer`.`cus_address`
FROM `sales`
LEFT JOIN `customer` ON `customer`.`customer_id` = `sales`.`customer_id`
WHERE `sales`.`sales_id` = \'786\'')
 3 SYSTEMPATH\Database\BaseConnection.php(646): CodeIgniter\Database\BaseConnection->simpleQuery('SELECT `sales`.*, CASE
                WHEN sales.customer_type = \'Walk-In-Customer\'
                THEN \'Walk-In-Customer\'
                ELSE CONCAT(customer.cus_first_name, \' \', customer.cus_last_name)
            END AS customer_name, `customer`.`cus_phone`, `customer`.`cus_address`
FROM `sales`
LEFT JOIN `customer` ON `customer`.`customer_id` = `sales`.`customer_id`
WHERE `sales`.`sales_id` = \'786\'')
 4 SYSTEMPATH\Database\BaseBuilder.php(1649): CodeIgniter\Database\BaseConnection->query('SELECT `sales`.*, CASE
                WHEN sales.customer_type = \'Walk-In-Customer\'
                THEN \'Walk-In-Customer\'
                ELSE CONCAT(customer.cus_first_name, \' \', customer.cus_last_name)
            END AS customer_name, `customer`.`cus_phone`, `customer`.`cus_address`
FROM `sales`
LEFT JOIN `customer` ON `customer`.`customer_id` = `sales`.`customer_id`
WHERE `sales`.`sales_id` = :sales.sales_id:', [...], false)
 5 APPPATH\Controllers\PdfController.php(33): CodeIgniter\Database\BaseBuilder->get()
 6 SYSTEMPATH\CodeIgniter.php(933): App\Controllers\PdfController->invoice('786')
 7 SYSTEMPATH\CodeIgniter.php(507): CodeIgniter\CodeIgniter->runController(Object(App\Controllers\PdfController))
 8 SYSTEMPATH\CodeIgniter.php(354): CodeIgniter\CodeIgniter->handleRequest(null, Object(Config\Cache), false)
 9 SYSTEMPATH\Boot.php(363): CodeIgniter\CodeIgniter->run()
10 SYSTEMPATH\Boot.php(68): CodeIgniter\Boot::runCodeIgniter(Object(CodeIgniter\CodeIgniter))
11 FCPATH\index.php(59): CodeIgniter\Boot::bootWeb(Object(Config\Paths))
DEBUG - 2026-07-24 12:10:07 --> Session: Class initialized using 'CodeIgniter\Session\Handlers\FileHandler' driver.
ERROR - 2026-07-24 12:10:07 --> mysqli_sql_exception: Unknown column 'sales.customer_type' in 'field list' in C:\laragon\www\pharmacy-project\system\Database\MySQLi\Connection.php:327
Stack trace:
#0 C:\laragon\www\pharmacy-project\system\Database\MySQLi\Connection.php(327): mysqli->query('SELECT `sales`....', 0)
#1 C:\laragon\www\pharmacy-project\system\Database\BaseConnection.php(729): CodeIgniter\Database\MySQLi\Connection->execute('SELECT `sales`....')
#2 C:\laragon\www\pharmacy-project\system\Database\BaseConnection.php(646): CodeIgniter\Database\BaseConnection->simpleQuery('SELECT `sales`....')
#3 C:\laragon\www\pharmacy-project\system\Database\BaseBuilder.php(1649): CodeIgniter\Database\BaseConnection->query('SELECT `sales`....', Array, false)
#4 C:\laragon\www\pharmacy-project\app\Controllers\PdfController.php(33): CodeIgniter\Database\BaseBuilder->get()
#5 C:\laragon\www\pharmacy-project\system\CodeIgniter.php(933): App\Controllers\PdfController->invoice('786')
#6 C:\laragon\www\pharmacy-project\system\CodeIgniter.php(507): CodeIgniter\CodeIgniter->runController(Object(App\Controllers\PdfController))
#7 C:\laragon\www\pharmacy-project\system\CodeIgniter.php(354): CodeIgniter\CodeIgniter->handleRequest(NULL, Object(Config\Cache), false)
#8 C:\laragon\www\pharmacy-project\system\Boot.php(363): CodeIgniter\CodeIgniter->run()
#9 C:\laragon\www\pharmacy-project\system\Boot.php(68): CodeIgniter\Boot::runCodeIgniter(Object(CodeIgniter\CodeIgniter))
#10 C:\laragon\www\pharmacy-project\index.php(59): CodeIgniter\Boot::bootWeb(Object(Config\Paths))
#11 {main}
CRITICAL - 2026-07-24 12:10:07 --> CodeIgniter\Database\Exceptions\DatabaseException: Unknown column 'sales.customer_type' in 'field list'
[Method: GET, Route: invoice/786]
in SYSTEMPATH\Database\BaseConnection.php on line 684.
 1 SYSTEMPATH\Database\BaseBuilder.php(1649): CodeIgniter\Database\BaseConnection->query('SELECT `sales`.*, CASE
                WHEN sales.customer_type = \'Walk-In-Customer\'
                THEN \'Walk-In-Customer\'
                ELSE CONCAT(customer.cus_first_name, \' \', customer.cus_last_name)
            END AS customer_name, `customer`.`cus_phone`, `customer`.`cus_address`
FROM `sales`
LEFT JOIN `customer` ON `customer`.`customer_id` = `sales`.`customer_id`
WHERE `sales`.`sales_id` = :sales.sales_id:', [...], false)
 2 APPPATH\Controllers\PdfController.php(33): CodeIgniter\Database\BaseBuilder->get()
 3 SYSTEMPATH\CodeIgniter.php(933): App\Controllers\PdfController->invoice('786')
 4 SYSTEMPATH\CodeIgniter.php(507): CodeIgniter\CodeIgniter->runController(Object(App\Controllers\PdfController))
 5 SYSTEMPATH\CodeIgniter.php(354): CodeIgniter\CodeIgniter->handleRequest(null, Object(Config\Cache), false)
 6 SYSTEMPATH\Boot.php(363): CodeIgniter\CodeIgniter->run()
 7 SYSTEMPATH\Boot.php(68): CodeIgniter\Boot::runCodeIgniter(Object(CodeIgniter\CodeIgniter))
 8 FCPATH\index.php(59): CodeIgniter\Boot::bootWeb(Object(Config\Paths))
CRITICAL - 2026-07-24 12:10:07 --> [Caused by] CodeIgniter\Database\Exceptions\DatabaseException: Unknown column 'sales.customer_type' in 'field list'
in SYSTEMPATH\Database\MySQLi\Connection.php on line 332.
 1 SYSTEMPATH\Database\BaseConnection.php(729): CodeIgniter\Database\MySQLi\Connection->execute('SELECT `sales`.*, CASE
                WHEN sales.customer_type = \'Walk-In-Customer\'
                THEN \'Walk-In-Customer\'
                ELSE CONCAT(customer.cus_first_name, \' \', customer.cus_last_name)
            END AS customer_name, `customer`.`cus_phone`, `customer`.`cus_address`
FROM `sales`
LEFT JOIN `customer` ON `customer`.`customer_id` = `sales`.`customer_id`
WHERE `sales`.`sales_id` = \'786\'')
 2 SYSTEMPATH\Database\BaseConnection.php(646): CodeIgniter\Database\BaseConnection->simpleQuery('SELECT `sales`.*, CASE
                WHEN sales.customer_type = \'Walk-In-Customer\'
                THEN \'Walk-In-Customer\'
                ELSE CONCAT(customer.cus_first_name, \' \', customer.cus_last_name)
            END AS customer_name, `customer`.`cus_phone`, `customer`.`cus_address`
FROM `sales`
LEFT JOIN `customer` ON `customer`.`customer_id` = `sales`.`customer_id`
WHERE `sales`.`sales_id` = \'786\'')
 3 SYSTEMPATH\Database\BaseBuilder.php(1649): CodeIgniter\Database\BaseConnection->query('SELECT `sales`.*, CASE
                WHEN sales.customer_type = \'Walk-In-Customer\'
                THEN \'Walk-In-Customer\'
                ELSE CONCAT(customer.cus_first_name, \' \', customer.cus_last_name)
            END AS customer_name, `customer`.`cus_phone`, `customer`.`cus_address`
FROM `sales`
LEFT JOIN `customer` ON `customer`.`customer_id` = `sales`.`customer_id`
WHERE `sales`.`sales_id` = :sales.sales_id:', [...], false)
 4 APPPATH\Controllers\PdfController.php(33): CodeIgniter\Database\BaseBuilder->get()
 5 SYSTEMPATH\CodeIgniter.php(933): App\Controllers\PdfController->invoice('786')
 6 SYSTEMPATH\CodeIgniter.php(507): CodeIgniter\CodeIgniter->runController(Object(App\Controllers\PdfController))
 7 SYSTEMPATH\CodeIgniter.php(354): CodeIgniter\CodeIgniter->handleRequest(null, Object(Config\Cache), false)
 8 SYSTEMPATH\Boot.php(363): CodeIgniter\CodeIgniter->run()
 9 SYSTEMPATH\Boot.php(68): CodeIgniter\Boot::runCodeIgniter(Object(CodeIgniter\CodeIgniter))
10 FCPATH\index.php(59): CodeIgniter\Boot::bootWeb(Object(Config\Paths))
CRITICAL - 2026-07-24 12:10:07 --> [Caused by] mysqli_sql_exception: Unknown column 'sales.customer_type' in 'field list'
in SYSTEMPATH\Database\MySQLi\Connection.php on line 327.
 1 SYSTEMPATH\Database\MySQLi\Connection.php(327): mysqli->query('SELECT `sales`.*, CASE
                WHEN sales.customer_type = \'Walk-In-Customer\'
                THEN \'Walk-In-Customer\'
                ELSE CONCAT(customer.cus_first_name, \' \', customer.cus_last_name)
            END AS customer_name, `customer`.`cus_phone`, `customer`.`cus_address`
FROM `sales`
LEFT JOIN `customer` ON `customer`.`customer_id` = `sales`.`customer_id`
WHERE `sales`.`sales_id` = \'786\'', 0)
 2 SYSTEMPATH\Database\BaseConnection.php(729): CodeIgniter\Database\MySQLi\Connection->execute('SELECT `sales`.*, CASE
                WHEN sales.customer_type = \'Walk-In-Customer\'
                THEN \'Walk-In-Customer\'
                ELSE CONCAT(customer.cus_first_name, \' \', customer.cus_last_name)
            END AS customer_name, `customer`.`cus_phone`, `customer`.`cus_address`
FROM `sales`
LEFT JOIN `customer` ON `customer`.`customer_id` = `sales`.`customer_id`
WHERE `sales`.`sales_id` = \'786\'')
 3 SYSTEMPATH\Database\BaseConnection.php(646): CodeIgniter\Database\BaseConnection->simpleQuery('SELECT `sales`.*, CASE
                WHEN sales.customer_type = \'Walk-In-Customer\'
                THEN \'Walk-In-Customer\'
                ELSE CONCAT(customer.cus_first_name, \' \', customer.cus_last_name)
            END AS customer_name, `customer`.`cus_phone`, `customer`.`cus_address`
FROM `sales`
LEFT JOIN `customer` ON `customer`.`customer_id` = `sales`.`customer_id`
WHERE `sales`.`sales_id` = \'786\'')
 4 SYSTEMPATH\Database\BaseBuilder.php(1649): CodeIgniter\Database\BaseConnection->query('SELECT `sales`.*, CASE
                WHEN sales.customer_type = \'Walk-In-Customer\'
                THEN \'Walk-In-Customer\'
                ELSE CONCAT(customer.cus_first_name, \' \', customer.cus_last_name)
            END AS customer_name, `customer`.`cus_phone`, `customer`.`cus_address`
FROM `sales`
LEFT JOIN `customer` ON `customer`.`customer_id` = `sales`.`customer_id`
WHERE `sales`.`sales_id` = :sales.sales_id:', [...], false)
 5 APPPATH\Controllers\PdfController.php(33): CodeIgniter\Database\BaseBuilder->get()
 6 SYSTEMPATH\CodeIgniter.php(933): App\Controllers\PdfController->invoice('786')
 7 SYSTEMPATH\CodeIgniter.php(507): CodeIgniter\CodeIgniter->runController(Object(App\Controllers\PdfController))
 8 SYSTEMPATH\CodeIgniter.php(354): CodeIgniter\CodeIgniter->handleRequest(null, Object(Config\Cache), false)
 9 SYSTEMPATH\Boot.php(363): CodeIgniter\CodeIgniter->run()
10 SYSTEMPATH\Boot.php(68): CodeIgniter\Boot::runCodeIgniter(Object(CodeIgniter\CodeIgniter))
11 FCPATH\index.php(59): CodeIgniter\Boot::bootWeb(Object(Config\Paths))
DEBUG - 2026-07-24 12:10:08 --> Session: Class initialized using 'CodeIgniter\Session\Handlers\FileHandler' driver.
ERROR - 2026-07-24 12:10:08 --> mysqli_sql_exception: Unknown column 'sales.customer_type' in 'field list' in C:\laragon\www\pharmacy-project\system\Database\MySQLi\Connection.php:327
Stack trace:
#0 C:\laragon\www\pharmacy-project\system\Database\MySQLi\Connection.php(327): mysqli->query('SELECT `sales`....', 0)
#1 C:\laragon\www\pharmacy-project\system\Database\BaseConnection.php(729): CodeIgniter\Database\MySQLi\Connection->execute('SELECT `sales`....')
#2 C:\laragon\www\pharmacy-project\system\Database\BaseConnection.php(646): CodeIgniter\Database\BaseConnection->simpleQuery('SELECT `sales`....')
#3 C:\laragon\www\pharmacy-project\system\Database\BaseBuilder.php(1649): CodeIgniter\Database\BaseConnection->query('SELECT `sales`....', Array, false)
#4 C:\laragon\www\pharmacy-project\app\Controllers\PdfController.php(33): CodeIgniter\Database\BaseBuilder->get()
#5 C:\laragon\www\pharmacy-project\system\CodeIgniter.php(933): App\Controllers\PdfController->invoice('786')
#6 C:\laragon\www\pharmacy-project\system\CodeIgniter.php(507): CodeIgniter\CodeIgniter->runController(Object(App\Controllers\PdfController))
#7 C:\laragon\www\pharmacy-project\system\CodeIgniter.php(354): CodeIgniter\CodeIgniter->handleRequest(NULL, Object(Config\Cache), false)
#8 C:\laragon\www\pharmacy-project\system\Boot.php(363): CodeIgniter\CodeIgniter->run()
#9 C:\laragon\www\pharmacy-project\system\Boot.php(68): CodeIgniter\Boot::runCodeIgniter(Object(CodeIgniter\CodeIgniter))
#10 C:\laragon\www\pharmacy-project\index.php(59): CodeIgniter\Boot::bootWeb(Object(Config\Paths))
#11 {main}
CRITICAL - 2026-07-24 12:10:08 --> CodeIgniter\Database\Exceptions\DatabaseException: Unknown column 'sales.customer_type' in 'field list'
[Method: GET, Route: invoice/786]
in SYSTEMPATH\Database\BaseConnection.php on line 684.
 1 SYSTEMPATH\Database\BaseBuilder.php(1649): CodeIgniter\Database\BaseConnection->query('SELECT `sales`.*, CASE
                WHEN sales.customer_type = \'Walk-In-Customer\'
                THEN \'Walk-In-Customer\'
                ELSE CONCAT(customer.cus_first_name, \' \', customer.cus_last_name)
            END AS customer_name, `customer`.`cus_phone`, `customer`.`cus_address`
FROM `sales`
LEFT JOIN `customer` ON `customer`.`customer_id` = `sales`.`customer_id`
WHERE `sales`.`sales_id` = :sales.sales_id:', [...], false)
 2 APPPATH\Controllers\PdfController.php(33): CodeIgniter\Database\BaseBuilder->get()
 3 SYSTEMPATH\CodeIgniter.php(933): App\Controllers\PdfController->invoice('786')
 4 SYSTEMPATH\CodeIgniter.php(507): CodeIgniter\CodeIgniter->runController(Object(App\Controllers\PdfController))
 5 SYSTEMPATH\CodeIgniter.php(354): CodeIgniter\CodeIgniter->handleRequest(null, Object(Config\Cache), false)
 6 SYSTEMPATH\Boot.php(363): CodeIgniter\CodeIgniter->run()
 7 SYSTEMPATH\Boot.php(68): CodeIgniter\Boot::runCodeIgniter(Object(CodeIgniter\CodeIgniter))
 8 FCPATH\index.php(59): CodeIgniter\Boot::bootWeb(Object(Config\Paths))
CRITICAL - 2026-07-24 12:10:08 --> [Caused by] CodeIgniter\Database\Exceptions\DatabaseException: Unknown column 'sales.customer_type' in 'field list'
in SYSTEMPATH\Database\MySQLi\Connection.php on line 332.
 1 SYSTEMPATH\Database\BaseConnection.php(729): CodeIgniter\Database\MySQLi\Connection->execute('SELECT `sales`.*, CASE
                WHEN sales.customer_type = \'Walk-In-Customer\'
                THEN \'Walk-In-Customer\'
                ELSE CONCAT(customer.cus_first_name, \' \', customer.cus_last_name)
            END AS customer_name, `customer`.`cus_phone`, `customer`.`cus_address`
FROM `sales`
LEFT JOIN `customer` ON `customer`.`customer_id` = `sales`.`customer_id`
WHERE `sales`.`sales_id` = \'786\'')
 2 SYSTEMPATH\Database\BaseConnection.php(646): CodeIgniter\Database\BaseConnection->simpleQuery('SELECT `sales`.*, CASE
                WHEN sales.customer_type = \'Walk-In-Customer\'
                THEN \'Walk-In-Customer\'
                ELSE CONCAT(customer.cus_first_name, \' \', customer.cus_last_name)
            END AS customer_name, `customer`.`cus_phone`, `customer`.`cus_address`
FROM `sales`
LEFT JOIN `customer` ON `customer`.`customer_id` = `sales`.`customer_id`
WHERE `sales`.`sales_id` = \'786\'')
 3 SYSTEMPATH\Database\BaseBuilder.php(1649): CodeIgniter\Database\BaseConnection->query('SELECT `sales`.*, CASE
                WHEN sales.customer_type = \'Walk-In-Customer\'
                THEN \'Walk-In-Customer\'
                ELSE CONCAT(customer.cus_first_name, \' \', customer.cus_last_name)
            END AS customer_name, `customer`.`cus_phone`, `customer`.`cus_address`
FROM `sales`
LEFT JOIN `customer` ON `customer`.`customer_id` = `sales`.`customer_id`
WHERE `sales`.`sales_id` = :sales.sales_id:', [...], false)
 4 APPPATH\Controllers\PdfController.php(33): CodeIgniter\Database\BaseBuilder->get()
 5 SYSTEMPATH\CodeIgniter.php(933): App\Controllers\PdfController->invoice('786')
 6 SYSTEMPATH\CodeIgniter.php(507): CodeIgniter\CodeIgniter->runController(Object(App\Controllers\PdfController))
 7 SYSTEMPATH\CodeIgniter.php(354): CodeIgniter\CodeIgniter->handleRequest(null, Object(Config\Cache), false)
 8 SYSTEMPATH\Boot.php(363): CodeIgniter\CodeIgniter->run()
 9 SYSTEMPATH\Boot.php(68): CodeIgniter\Boot::runCodeIgniter(Object(CodeIgniter\CodeIgniter))
10 FCPATH\index.php(59): CodeIgniter\Boot::bootWeb(Object(Config\Paths))
CRITICAL - 2026-07-24 12:10:08 --> [Caused by] mysqli_sql_exception: Unknown column 'sales.customer_type' in 'field list'
in SYSTEMPATH\Database\MySQLi\Connection.php on line 327.
 1 SYSTEMPATH\Database\MySQLi\Connection.php(327): mysqli->query('SELECT `sales`.*, CASE
                WHEN sales.customer_type = \'Walk-In-Customer\'
                THEN \'Walk-In-Customer\'
                ELSE CONCAT(customer.cus_first_name, \' \', customer.cus_last_name)
            END AS customer_name, `customer`.`cus_phone`, `customer`.`cus_address`
FROM `sales`
LEFT JOIN `customer` ON `customer`.`customer_id` = `sales`.`customer_id`
WHERE `sales`.`sales_id` = \'786\'', 0)
 2 SYSTEMPATH\Database\BaseConnection.php(729): CodeIgniter\Database\MySQLi\Connection->execute('SELECT `sales`.*, CASE
                WHEN sales.customer_type = \'Walk-In-Customer\'
                THEN \'Walk-In-Customer\'
                ELSE CONCAT(customer.cus_first_name, \' \', customer.cus_last_name)
            END AS customer_name, `customer`.`cus_phone`, `customer`.`cus_address`
FROM `sales`
LEFT JOIN `customer` ON `customer`.`customer_id` = `sales`.`customer_id`
WHERE `sales`.`sales_id` = \'786\'')
 3 SYSTEMPATH\Database\BaseConnection.php(646): CodeIgniter\Database\BaseConnection->simpleQuery('SELECT `sales`.*, CASE
                WHEN sales.customer_type = \'Walk-In-Customer\'
                THEN \'Walk-In-Customer\'
                ELSE CONCAT(customer.cus_first_name, \' \', customer.cus_last_name)
            END AS customer_name, `customer`.`cus_phone`, `customer`.`cus_address`
FROM `sales`
LEFT JOIN `customer` ON `customer`.`customer_id` = `sales`.`customer_id`
WHERE `sales`.`sales_id` = \'786\'')
 4 SYSTEMPATH\Database\BaseBuilder.php(1649): CodeIgniter\Database\BaseConnection->query('SELECT `sales`.*, CASE
                WHEN sales.customer_type = \'Walk-In-Customer\'
                THEN \'Walk-In-Customer\'
                ELSE CONCAT(customer.cus_first_name, \' \', customer.cus_last_name)
            END AS customer_name, `customer`.`cus_phone`, `customer`.`cus_address`
FROM `sales`
LEFT JOIN `customer` ON `customer`.`customer_id` = `sales`.`customer_id`
WHERE `sales`.`sales_id` = :sales.sales_id:', [...], false)
 5 APPPATH\Controllers\PdfController.php(33): CodeIgniter\Database\BaseBuilder->get()
 6 SYSTEMPATH\CodeIgniter.php(933): App\Controllers\PdfController->invoice('786')
 7 SYSTEMPATH\CodeIgniter.php(507): CodeIgniter\CodeIgniter->runController(Object(App\Controllers\PdfController))
 8 SYSTEMPATH\CodeIgniter.php(354): CodeIgniter\CodeIgniter->handleRequest(null, Object(Config\Cache), false)
 9 SYSTEMPATH\Boot.php(363): CodeIgniter\CodeIgniter->run()
10 SYSTEMPATH\Boot.php(68): CodeIgniter\Boot::runCodeIgniter(Object(CodeIgniter\CodeIgniter))
11 FCPATH\index.php(59): CodeIgniter\Boot::bootWeb(Object(Config\Paths))
DEBUG - 2026-07-24 12:20:03 --> Session: Class initialized using 'CodeIgniter\Session\Handlers\FileHandler' driver.
DEBUG - 2026-07-24 12:20:04 --> Session: Class initialized using 'CodeIgniter\Session\Handlers\FileHandler' driver.
DEBUG - 2026-07-24 12:20:04 --> Session: Class initialized using 'CodeIgniter\Session\Handlers\FileHandler' driver.
ERROR - 2026-07-24 12:20:04 --> mysqli_sql_exception: Unknown column 'sales.customer_type' in 'field list' in C:\laragon\www\pharmacy-project\system\Database\MySQLi\Connection.php:327
Stack trace:
#0 C:\laragon\www\pharmacy-project\system\Database\MySQLi\Connection.php(327): mysqli->query('SELECT `sales`....', 0)
#1 C:\laragon\www\pharmacy-project\system\Database\BaseConnection.php(729): CodeIgniter\Database\MySQLi\Connection->execute('SELECT `sales`....')
#2 C:\laragon\www\pharmacy-project\system\Database\BaseConnection.php(646): CodeIgniter\Database\BaseConnection->simpleQuery('SELECT `sales`....')
#3 C:\laragon\www\pharmacy-project\system\Database\BaseBuilder.php(1649): CodeIgniter\Database\BaseConnection->query('SELECT `sales`....', Array, false)
#4 C:\laragon\www\pharmacy-project\app\Controllers\PdfController.php(33): CodeIgniter\Database\BaseBuilder->get()
#5 C:\laragon\www\pharmacy-project\system\CodeIgniter.php(933): App\Controllers\PdfController->invoice('787')
#6 C:\laragon\www\pharmacy-project\system\CodeIgniter.php(507): CodeIgniter\CodeIgniter->runController(Object(App\Controllers\PdfController))
#7 C:\laragon\www\pharmacy-project\system\CodeIgniter.php(354): CodeIgniter\CodeIgniter->handleRequest(NULL, Object(Config\Cache), false)
#8 C:\laragon\www\pharmacy-project\system\Boot.php(363): CodeIgniter\CodeIgniter->run()
#9 C:\laragon\www\pharmacy-project\system\Boot.php(68): CodeIgniter\Boot::runCodeIgniter(Object(CodeIgniter\CodeIgniter))
#10 C:\laragon\www\pharmacy-project\index.php(59): CodeIgniter\Boot::bootWeb(Object(Config\Paths))
#11 {main}
CRITICAL - 2026-07-24 12:20:04 --> CodeIgniter\Database\Exceptions\DatabaseException: Unknown column 'sales.customer_type' in 'field list'
[Method: GET, Route: invoice/787]
in SYSTEMPATH\Database\BaseConnection.php on line 684.
 1 SYSTEMPATH\Database\BaseBuilder.php(1649): CodeIgniter\Database\BaseConnection->query('SELECT `sales`.*, CASE
                WHEN sales.customer_type = \'Walk-In-Customer\'
                THEN \'Walk-In-Customer\'
                ELSE CONCAT(customer.cus_first_name, \' \', customer.cus_last_name)
            END AS customer_name, `customer`.`cus_phone`, `customer`.`cus_address`
FROM `sales`
LEFT JOIN `customer` ON `customer`.`customer_id` = `sales`.`customer_id`
WHERE `sales`.`sales_id` = :sales.sales_id:', [...], false)
 2 APPPATH\Controllers\PdfController.php(33): CodeIgniter\Database\BaseBuilder->get()
 3 SYSTEMPATH\CodeIgniter.php(933): App\Controllers\PdfController->invoice('787')
 4 SYSTEMPATH\CodeIgniter.php(507): CodeIgniter\CodeIgniter->runController(Object(App\Controllers\PdfController))
 5 SYSTEMPATH\CodeIgniter.php(354): CodeIgniter\CodeIgniter->handleRequest(null, Object(Config\Cache), false)
 6 SYSTEMPATH\Boot.php(363): CodeIgniter\CodeIgniter->run()
 7 SYSTEMPATH\Boot.php(68): CodeIgniter\Boot::runCodeIgniter(Object(CodeIgniter\CodeIgniter))
 8 FCPATH\index.php(59): CodeIgniter\Boot::bootWeb(Object(Config\Paths))
CRITICAL - 2026-07-24 12:20:04 --> [Caused by] CodeIgniter\Database\Exceptions\DatabaseException: Unknown column 'sales.customer_type' in 'field list'
in SYSTEMPATH\Database\MySQLi\Connection.php on line 332.
 1 SYSTEMPATH\Database\BaseConnection.php(729): CodeIgniter\Database\MySQLi\Connection->execute('SELECT `sales`.*, CASE
                WHEN sales.customer_type = \'Walk-In-Customer\'
                THEN \'Walk-In-Customer\'
                ELSE CONCAT(customer.cus_first_name, \' \', customer.cus_last_name)
            END AS customer_name, `customer`.`cus_phone`, `customer`.`cus_address`
FROM `sales`
LEFT JOIN `customer` ON `customer`.`customer_id` = `sales`.`customer_id`
WHERE `sales`.`sales_id` = \'787\'')
 2 SYSTEMPATH\Database\BaseConnection.php(646): CodeIgniter\Database\BaseConnection->simpleQuery('SELECT `sales`.*, CASE
                WHEN sales.customer_type = \'Walk-In-Customer\'
                THEN \'Walk-In-Customer\'
                ELSE CONCAT(customer.cus_first_name, \' \', customer.cus_last_name)
            END AS customer_name, `customer`.`cus_phone`, `customer`.`cus_address`
FROM `sales`
LEFT JOIN `customer` ON `customer`.`customer_id` = `sales`.`customer_id`
WHERE `sales`.`sales_id` = \'787\'')
 3 SYSTEMPATH\Database\BaseBuilder.php(1649): CodeIgniter\Database\BaseConnection->query('SELECT `sales`.*, CASE
                WHEN sales.customer_type = \'Walk-In-Customer\'
                THEN \'Walk-In-Customer\'
                ELSE CONCAT(customer.cus_first_name, \' \', customer.cus_last_name)
            END AS customer_name, `customer`.`cus_phone`, `customer`.`cus_address`
FROM `sales`
LEFT JOIN `customer` ON `customer`.`customer_id` = `sales`.`customer_id`
WHERE `sales`.`sales_id` = :sales.sales_id:', [...], false)
 4 APPPATH\Controllers\PdfController.php(33): CodeIgniter\Database\BaseBuilder->get()
 5 SYSTEMPATH\CodeIgniter.php(933): App\Controllers\PdfController->invoice('787')
 6 SYSTEMPATH\CodeIgniter.php(507): CodeIgniter\CodeIgniter->runController(Object(App\Controllers\PdfController))
 7 SYSTEMPATH\CodeIgniter.php(354): CodeIgniter\CodeIgniter->handleRequest(null, Object(Config\Cache), false)
 8 SYSTEMPATH\Boot.php(363): CodeIgniter\CodeIgniter->run()
 9 SYSTEMPATH\Boot.php(68): CodeIgniter\Boot::runCodeIgniter(Object(CodeIgniter\CodeIgniter))
10 FCPATH\index.php(59): CodeIgniter\Boot::bootWeb(Object(Config\Paths))
CRITICAL - 2026-07-24 12:20:04 --> [Caused by] mysqli_sql_exception: Unknown column 'sales.customer_type' in 'field list'
in SYSTEMPATH\Database\MySQLi\Connection.php on line 327.
 1 SYSTEMPATH\Database\MySQLi\Connection.php(327): mysqli->query('SELECT `sales`.*, CASE
                WHEN sales.customer_type = \'Walk-In-Customer\'
                THEN \'Walk-In-Customer\'
                ELSE CONCAT(customer.cus_first_name, \' \', customer.cus_last_name)
            END AS customer_name, `customer`.`cus_phone`, `customer`.`cus_address`
FROM `sales`
LEFT JOIN `customer` ON `customer`.`customer_id` = `sales`.`customer_id`
WHERE `sales`.`sales_id` = \'787\'', 0)
 2 SYSTEMPATH\Database\BaseConnection.php(729): CodeIgniter\Database\MySQLi\Connection->execute('SELECT `sales`.*, CASE
                WHEN sales.customer_type = \'Walk-In-Customer\'
                THEN \'Walk-In-Customer\'
                ELSE CONCAT(customer.cus_first_name, \' \', customer.cus_last_name)
            END AS customer_name, `customer`.`cus_phone`, `customer`.`cus_address`
FROM `sales`
LEFT JOIN `customer` ON `customer`.`customer_id` = `sales`.`customer_id`
WHERE `sales`.`sales_id` = \'787\'')
 3 SYSTEMPATH\Database\BaseConnection.php(646): CodeIgniter\Database\BaseConnection->simpleQuery('SELECT `sales`.*, CASE
                WHEN sales.customer_type = \'Walk-In-Customer\'
                THEN \'Walk-In-Customer\'
                ELSE CONCAT(customer.cus_first_name, \' \', customer.cus_last_name)
            END AS customer_name, `customer`.`cus_phone`, `customer`.`cus_address`
FROM `sales`
LEFT JOIN `customer` ON `customer`.`customer_id` = `sales`.`customer_id`
WHERE `sales`.`sales_id` = \'787\'')
 4 SYSTEMPATH\Database\BaseBuilder.php(1649): CodeIgniter\Database\BaseConnection->query('SELECT `sales`.*, CASE
                WHEN sales.customer_type = \'Walk-In-Customer\'
                THEN \'Walk-In-Customer\'
                ELSE CONCAT(customer.cus_first_name, \' \', customer.cus_last_name)
            END AS customer_name, `customer`.`cus_phone`, `customer`.`cus_address`
FROM `sales`
LEFT JOIN `customer` ON `customer`.`customer_id` = `sales`.`customer_id`
WHERE `sales`.`sales_id` = :sales.sales_id:', [...], false)
 5 APPPATH\Controllers\PdfController.php(33): CodeIgniter\Database\BaseBuilder->get()
 6 SYSTEMPATH\CodeIgniter.php(933): App\Controllers\PdfController->invoice('787')
 7 SYSTEMPATH\CodeIgniter.php(507): CodeIgniter\CodeIgniter->runController(Object(App\Controllers\PdfController))
 8 SYSTEMPATH\CodeIgniter.php(354): CodeIgniter\CodeIgniter->handleRequest(null, Object(Config\Cache), false)
 9 SYSTEMPATH\Boot.php(363): CodeIgniter\CodeIgniter->run()
10 SYSTEMPATH\Boot.php(68): CodeIgniter\Boot::runCodeIgniter(Object(CodeIgniter\CodeIgniter))
11 FCPATH\index.php(59): CodeIgniter\Boot::bootWeb(Object(Config\Paths))
DEBUG - 2026-07-24 12:38:32 --> Session: Class initialized using 'CodeIgniter\Session\Handlers\FileHandler' driver.
DEBUG - 2026-07-24 12:38:32 --> Session: Class initialized using 'CodeIgniter\Session\Handlers\FileHandler' driver.
DEBUG - 2026-07-24 12:38:32 --> Session: Class initialized using 'CodeIgniter\Session\Handlers\FileHandler' driver.
ERROR - 2026-07-24 12:38:32 --> mysqli_sql_exception: Unknown column 'sales.customer_type' in 'field list' in C:\laragon\www\pharmacy-project\system\Database\MySQLi\Connection.php:327
Stack trace:
#0 C:\laragon\www\pharmacy-project\system\Database\MySQLi\Connection.php(327): mysqli->query('SELECT `sales`....', 0)
#1 C:\laragon\www\pharmacy-project\system\Database\BaseConnection.php(729): CodeIgniter\Database\MySQLi\Connection->execute('SELECT `sales`....')
#2 C:\laragon\www\pharmacy-project\system\Database\BaseConnection.php(646): CodeIgniter\Database\BaseConnection->simpleQuery('SELECT `sales`....')
#3 C:\laragon\www\pharmacy-project\system\Database\BaseBuilder.php(1649): CodeIgniter\Database\BaseConnection->query('SELECT `sales`....', Array, false)
#4 C:\laragon\www\pharmacy-project\app\Controllers\PdfController.php(33): CodeIgniter\Database\BaseBuilder->get()
#5 C:\laragon\www\pharmacy-project\system\CodeIgniter.php(933): App\Controllers\PdfController->invoice('788')
#6 C:\laragon\www\pharmacy-project\system\CodeIgniter.php(507): CodeIgniter\CodeIgniter->runController(Object(App\Controllers\PdfController))
#7 C:\laragon\www\pharmacy-project\system\CodeIgniter.php(354): CodeIgniter\CodeIgniter->handleRequest(NULL, Object(Config\Cache), false)
#8 C:\laragon\www\pharmacy-project\system\Boot.php(363): CodeIgniter\CodeIgniter->run()
#9 C:\laragon\www\pharmacy-project\system\Boot.php(68): CodeIgniter\Boot::runCodeIgniter(Object(CodeIgniter\CodeIgniter))
#10 C:\laragon\www\pharmacy-project\index.php(59): CodeIgniter\Boot::bootWeb(Object(Config\Paths))
#11 {main}
CRITICAL - 2026-07-24 12:38:32 --> CodeIgniter\Database\Exceptions\DatabaseException: Unknown column 'sales.customer_type' in 'field list'
[Method: GET, Route: invoice/788]
in SYSTEMPATH\Database\BaseConnection.php on line 684.
 1 SYSTEMPATH\Database\BaseBuilder.php(1649): CodeIgniter\Database\BaseConnection->query('SELECT `sales`.*, CASE
                WHEN sales.customer_type = \'Walk-In-Customer\'
                THEN \'Walk-In-Customer\'
                ELSE CONCAT(customer.cus_first_name, \' \', customer.cus_last_name)
            END AS customer_name, `customer`.`cus_phone`, `customer`.`cus_address`
FROM `sales`
LEFT JOIN `customer` ON `customer`.`customer_id` = `sales`.`customer_id`
WHERE `sales`.`sales_id` = :sales.sales_id:', [...], false)
 2 APPPATH\Controllers\PdfController.php(33): CodeIgniter\Database\BaseBuilder->get()
 3 SYSTEMPATH\CodeIgniter.php(933): App\Controllers\PdfController->invoice('788')
 4 SYSTEMPATH\CodeIgniter.php(507): CodeIgniter\CodeIgniter->runController(Object(App\Controllers\PdfController))
 5 SYSTEMPATH\CodeIgniter.php(354): CodeIgniter\CodeIgniter->handleRequest(null, Object(Config\Cache), false)
 6 SYSTEMPATH\Boot.php(363): CodeIgniter\CodeIgniter->run()
 7 SYSTEMPATH\Boot.php(68): CodeIgniter\Boot::runCodeIgniter(Object(CodeIgniter\CodeIgniter))
 8 FCPATH\index.php(59): CodeIgniter\Boot::bootWeb(Object(Config\Paths))
CRITICAL - 2026-07-24 12:38:32 --> [Caused by] CodeIgniter\Database\Exceptions\DatabaseException: Unknown column 'sales.customer_type' in 'field list'
in SYSTEMPATH\Database\MySQLi\Connection.php on line 332.
 1 SYSTEMPATH\Database\BaseConnection.php(729): CodeIgniter\Database\MySQLi\Connection->execute('SELECT `sales`.*, CASE
                WHEN sales.customer_type = \'Walk-In-Customer\'
                THEN \'Walk-In-Customer\'
                ELSE CONCAT(customer.cus_first_name, \' \', customer.cus_last_name)
            END AS customer_name, `customer`.`cus_phone`, `customer`.`cus_address`
FROM `sales`
LEFT JOIN `customer` ON `customer`.`customer_id` = `sales`.`customer_id`
WHERE `sales`.`sales_id` = \'788\'')
 2 SYSTEMPATH\Database\BaseConnection.php(646): CodeIgniter\Database\BaseConnection->simpleQuery('SELECT `sales`.*, CASE
                WHEN sales.customer_type = \'Walk-In-Customer\'
                THEN \'Walk-In-Customer\'
                ELSE CONCAT(customer.cus_first_name, \' \', customer.cus_last_name)
            END AS customer_name, `customer`.`cus_phone`, `customer`.`cus_address`
FROM `sales`
LEFT JOIN `customer` ON `customer`.`customer_id` = `sales`.`customer_id`
WHERE `sales`.`sales_id` = \'788\'')
 3 SYSTEMPATH\Database\BaseBuilder.php(1649): CodeIgniter\Database\BaseConnection->query('SELECT `sales`.*, CASE
                WHEN sales.customer_type = \'Walk-In-Customer\'
                THEN \'Walk-In-Customer\'
                ELSE CONCAT(customer.cus_first_name, \' \', customer.cus_last_name)
            END AS customer_name, `customer`.`cus_phone`, `customer`.`cus_address`
FROM `sales`
LEFT JOIN `customer` ON `customer`.`customer_id` = `sales`.`customer_id`
WHERE `sales`.`sales_id` = :sales.sales_id:', [...], false)
 4 APPPATH\Controllers\PdfController.php(33): CodeIgniter\Database\BaseBuilder->get()
 5 SYSTEMPATH\CodeIgniter.php(933): App\Controllers\PdfController->invoice('788')
 6 SYSTEMPATH\CodeIgniter.php(507): CodeIgniter\CodeIgniter->runController(Object(App\Controllers\PdfController))
 7 SYSTEMPATH\CodeIgniter.php(354): CodeIgniter\CodeIgniter->handleRequest(null, Object(Config\Cache), false)
 8 SYSTEMPATH\Boot.php(363): CodeIgniter\CodeIgniter->run()
 9 SYSTEMPATH\Boot.php(68): CodeIgniter\Boot::runCodeIgniter(Object(CodeIgniter\CodeIgniter))
10 FCPATH\index.php(59): CodeIgniter\Boot::bootWeb(Object(Config\Paths))
CRITICAL - 2026-07-24 12:38:32 --> [Caused by] mysqli_sql_exception: Unknown column 'sales.customer_type' in 'field list'
in SYSTEMPATH\Database\MySQLi\Connection.php on line 327.
 1 SYSTEMPATH\Database\MySQLi\Connection.php(327): mysqli->query('SELECT `sales`.*, CASE
                WHEN sales.customer_type = \'Walk-In-Customer\'
                THEN \'Walk-In-Customer\'
                ELSE CONCAT(customer.cus_first_name, \' \', customer.cus_last_name)
            END AS customer_name, `customer`.`cus_phone`, `customer`.`cus_address`
FROM `sales`
LEFT JOIN `customer` ON `customer`.`customer_id` = `sales`.`customer_id`
WHERE `sales`.`sales_id` = \'788\'', 0)
 2 SYSTEMPATH\Database\BaseConnection.php(729): CodeIgniter\Database\MySQLi\Connection->execute('SELECT `sales`.*, CASE
                WHEN sales.customer_type = \'Walk-In-Customer\'
                THEN \'Walk-In-Customer\'
                ELSE CONCAT(customer.cus_first_name, \' \', customer.cus_last_name)
            END AS customer_name, `customer`.`cus_phone`, `customer`.`cus_address`
FROM `sales`
LEFT JOIN `customer` ON `customer`.`customer_id` = `sales`.`customer_id`
WHERE `sales`.`sales_id` = \'788\'')
 3 SYSTEMPATH\Database\BaseConnection.php(646): CodeIgniter\Database\BaseConnection->simpleQuery('SELECT `sales`.*, CASE
                WHEN sales.customer_type = \'Walk-In-Customer\'
                THEN \'Walk-In-Customer\'
                ELSE CONCAT(customer.cus_first_name, \' \', customer.cus_last_name)
            END AS customer_name, `customer`.`cus_phone`, `customer`.`cus_address`
FROM `sales`
LEFT JOIN `customer` ON `customer`.`customer_id` = `sales`.`customer_id`
WHERE `sales`.`sales_id` = \'788\'')
 4 SYSTEMPATH\Database\BaseBuilder.php(1649): CodeIgniter\Database\BaseConnection->query('SELECT `sales`.*, CASE
                WHEN sales.customer_type = \'Walk-In-Customer\'
                THEN \'Walk-In-Customer\'
                ELSE CONCAT(customer.cus_first_name, \' \', customer.cus_last_name)
            END AS customer_name, `customer`.`cus_phone`, `customer`.`cus_address`
FROM `sales`
LEFT JOIN `customer` ON `customer`.`customer_id` = `sales`.`customer_id`
WHERE `sales`.`sales_id` = :sales.sales_id:', [...], false)
 5 APPPATH\Controllers\PdfController.php(33): CodeIgniter\Database\BaseBuilder->get()
 6 SYSTEMPATH\CodeIgniter.php(933): App\Controllers\PdfController->invoice('788')
 7 SYSTEMPATH\CodeIgniter.php(507): CodeIgniter\CodeIgniter->runController(Object(App\Controllers\PdfController))
 8 SYSTEMPATH\CodeIgniter.php(354): CodeIgniter\CodeIgniter->handleRequest(null, Object(Config\Cache), false)
 9 SYSTEMPATH\Boot.php(363): CodeIgniter\CodeIgniter->run()
10 SYSTEMPATH\Boot.php(68): CodeIgniter\Boot::runCodeIgniter(Object(CodeIgniter\CodeIgniter))
11 FCPATH\index.php(59): CodeIgniter\Boot::bootWeb(Object(Config\Paths))
DEBUG - 2026-07-24 12:40:45 --> Session: Class initialized using 'CodeIgniter\Session\Handlers\FileHandler' driver.
CRITICAL - 2026-07-24 12:40:45 --> ErrorException: Undefined array key 0
[Method: GET, Route: invoice/788]
in APPPATH\Views\report\sales-invoice_pos.php on line 6.
 1 APPPATH\Views\report\sales-invoice_pos.php(6): CodeIgniter\Debug\Exceptions->errorHandler(2, 'Undefined array key 0', 'C:\\laragon\\www\\pharmacy-project\\app\\Views\\report\\sales-invoice_pos.php', 6)
 2 SYSTEMPATH\View\View.php(226): include('C:\\laragon\\www\\pharmacy-project\\app\\Views\\report\\sales-invoice_pos.php')
 3 SYSTEMPATH\View\View.php(229): CodeIgniter\View\View->CodeIgniter\View\{closure}()
 4 SYSTEMPATH\Common.php(1167): CodeIgniter\View\View->render('report/sales-invoice_pos', [], true)
 5 APPPATH\Controllers\PdfController.php(92): view('report/sales-invoice_pos', [...])
 6 SYSTEMPATH\CodeIgniter.php(933): App\Controllers\PdfController->invoice('788')
 7 SYSTEMPATH\CodeIgniter.php(507): CodeIgniter\CodeIgniter->runController(Object(App\Controllers\PdfController))
 8 SYSTEMPATH\CodeIgniter.php(354): CodeIgniter\CodeIgniter->handleRequest(null, Object(Config\Cache), false)
 9 SYSTEMPATH\Boot.php(363): CodeIgniter\CodeIgniter->run()
10 SYSTEMPATH\Boot.php(68): CodeIgniter\Boot::runCodeIgniter(Object(CodeIgniter\CodeIgniter))
11 FCPATH\index.php(59): CodeIgniter\Boot::bootWeb(Object(Config\Paths))
DEBUG - 2026-07-24 12:43:27 --> Session: Class initialized using 'CodeIgniter\Session\Handlers\FileHandler' driver.
DEBUG - 2026-07-24 12:43:52 --> Session: Class initialized using 'CodeIgniter\Session\Handlers\FileHandler' driver.
DEBUG - 2026-07-24 12:43:59 --> Session: Class initialized using 'CodeIgniter\Session\Handlers\FileHandler' driver.
DEBUG - 2026-07-24 12:43:59 --> Session: Class initialized using 'CodeIgniter\Session\Handlers\FileHandler' driver.
DEBUG - 2026-07-24 12:43:59 --> Session: Class initialized using 'CodeIgniter\Session\Handlers\FileHandler' driver.
DEBUG - 2026-07-24 12:44:28 --> Session: Class initialized using 'CodeIgniter\Session\Handlers\FileHandler' driver.
DEBUG - 2026-07-24 12:44:28 --> Session: Class initialized using 'CodeIgniter\Session\Handlers\FileHandler' driver.
DEBUG - 2026-07-24 12:44:28 --> Session: Class initialized using 'CodeIgniter\Session\Handlers\FileHandler' driver.
DEBUG - 2026-07-24 14:22:28 --> Session: Class initialized using 'CodeIgniter\Session\Handlers\FileHandler' driver.
DEBUG - 2026-07-24 14:23:16 --> Session: Class initialized using 'CodeIgniter\Session\Handlers\FileHandler' driver.
DEBUG - 2026-07-24 14:23:17 --> Session: Class initialized using 'CodeIgniter\Session\Handlers\FileHandler' driver.
DEBUG - 2026-07-24 14:23:18 --> Session: Class initialized using 'CodeIgniter\Session\Handlers\FileHandler' driver.
DEBUG - 2026-07-24 14:30:09 --> Session: Class initialized using 'CodeIgniter\Session\Handlers\FileHandler' driver.
DEBUG - 2026-07-24 14:30:23 --> Session: Class initialized using 'CodeIgniter\Session\Handlers\FileHandler' driver.
DEBUG - 2026-07-24 14:30:23 --> Session: Class initialized using 'CodeIgniter\Session\Handlers\FileHandler' driver.
DEBUG - 2026-07-24 14:30:43 --> Session: Class initialized using 'CodeIgniter\Session\Handlers\FileHandler' driver.
DEBUG - 2026-07-24 14:30:44 --> Session: Class initialized using 'CodeIgniter\Session\Handlers\FileHandler' driver.
DEBUG - 2026-07-24 14:30:48 --> Session: Class initialized using 'CodeIgniter\Session\Handlers\FileHandler' driver.
DEBUG - 2026-07-24 14:31:07 --> Session: Class initialized using 'CodeIgniter\Session\Handlers\FileHandler' driver.
DEBUG - 2026-07-24 14:31:07 --> Session: Class initialized using 'CodeIgniter\Session\Handlers\FileHandler' driver.
DEBUG - 2026-07-24 14:31:08 --> Session: Class initialized using 'CodeIgniter\Session\Handlers\FileHandler' driver.
DEBUG - 2026-07-24 14:36:46 --> Session: Class initialized using 'CodeIgniter\Session\Handlers\FileHandler' driver.
DEBUG - 2026-07-24 14:37:01 --> Session: Class initialized using 'CodeIgniter\Session\Handlers\FileHandler' driver.
DEBUG - 2026-07-24 14:37:02 --> Session: Class initialized using 'CodeIgniter\Session\Handlers\FileHandler' driver.
DEBUG - 2026-07-24 14:37:02 --> Session: Class initialized using 'CodeIgniter\Session\Handlers\FileHandler' driver.
DEBUG - 2026-07-24 14:38:49 --> Session: Class initialized using 'CodeIgniter\Session\Handlers\FileHandler' driver.
DEBUG - 2026-07-24 14:39:01 --> Session: Class initialized using 'CodeIgniter\Session\Handlers\FileHandler' driver.
DEBUG - 2026-07-24 14:39:02 --> Session: Class initialized using 'CodeIgniter\Session\Handlers\FileHandler' driver.
DEBUG - 2026-07-24 14:39:02 --> Session: Class initialized using 'CodeIgniter\Session\Handlers\FileHandler' driver.
DEBUG - 2026-07-24 15:39:12 --> Session: Class initialized using 'CodeIgniter\Session\Handlers\FileHandler' driver.
DEBUG - 2026-07-24 15:39:33 --> Session: Class initialized using 'CodeIgniter\Session\Handlers\FileHandler' driver.
DEBUG - 2026-07-24 15:39:34 --> Session: Class initialized using 'CodeIgniter\Session\Handlers\FileHandler' driver.
DEBUG - 2026-07-24 15:39:34 --> Session: Class initialized using 'CodeIgniter\Session\Handlers\FileHandler' driver.
DEBUG - 2026-07-24 15:41:38 --> Session: Class initialized using 'CodeIgniter\Session\Handlers\FileHandler' driver.
DEBUG - 2026-07-24 15:41:53 --> Session: Class initialized using 'CodeIgniter\Session\Handlers\FileHandler' driver.
DEBUG - 2026-07-24 15:41:53 --> Session: Class initialized using 'CodeIgniter\Session\Handlers\FileHandler' driver.
DEBUG - 2026-07-24 15:41:54 --> Session: Class initialized using 'CodeIgniter\Session\Handlers\FileHandler' driver.
DEBUG - 2026-07-24 15:42:14 --> Session: Class initialized using 'CodeIgniter\Session\Handlers\FileHandler' driver.
DEBUG - 2026-07-24 15:42:14 --> Session: Class initialized using 'CodeIgniter\Session\Handlers\FileHandler' driver.
DEBUG - 2026-07-24 15:42:21 --> Session: Class initialized using 'CodeIgniter\Session\Handlers\FileHandler' driver.
DEBUG - 2026-07-24 15:42:22 --> Session: Class initialized using 'CodeIgniter\Session\Handlers\FileHandler' driver.
DEBUG - 2026-07-24 15:42:40 --> Session: Class initialized using 'CodeIgniter\Session\Handlers\FileHandler' driver.
DEBUG - 2026-07-24 15:42:40 --> Session: Class initialized using 'CodeIgniter\Session\Handlers\FileHandler' driver.
DEBUG - 2026-07-24 15:48:29 --> Session: Class initialized using 'CodeIgniter\Session\Handlers\FileHandler' driver.
DEBUG - 2026-07-24 15:48:33 --> Session: Class initialized using 'CodeIgniter\Session\Handlers\FileHandler' driver.
DEBUG - 2026-07-24 15:48:49 --> Session: Class initialized using 'CodeIgniter\Session\Handlers\FileHandler' driver.
DEBUG - 2026-07-24 15:48:49 --> Session: Class initialized using 'CodeIgniter\Session\Handlers\FileHandler' driver.
DEBUG - 2026-07-24 15:49:15 --> Session: Class initialized using 'CodeIgniter\Session\Handlers\FileHandler' driver.
DEBUG - 2026-07-24 15:49:15 --> Session: Class initialized using 'CodeIgniter\Session\Handlers\FileHandler' driver.
DEBUG - 2026-07-24 15:49:42 --> Session: Class initialized using 'CodeIgniter\Session\Handlers\FileHandler' driver.
DEBUG - 2026-07-24 15:49:43 --> Session: Class initialized using 'CodeIgniter\Session\Handlers\FileHandler' driver.
DEBUG - 2026-07-24 15:49:43 --> Session: Class initialized using 'CodeIgniter\Session\Handlers\FileHandler' driver.
DEBUG - 2026-07-24 15:50:20 --> Session: Class initialized using 'CodeIgniter\Session\Handlers\FileHandler' driver.
DEBUG - 2026-07-24 15:50:21 --> Session: Class initialized using 'CodeIgniter\Session\Handlers\FileHandler' driver.
DEBUG - 2026-07-24 15:50:21 --> Session: Class initialized using 'CodeIgniter\Session\Handlers\FileHandler' driver.
DEBUG - 2026-07-24 15:50:31 --> Session: Class initialized using 'CodeIgniter\Session\Handlers\FileHandler' driver.
DEBUG - 2026-07-24 15:50:32 --> Session: Class initialized using 'CodeIgniter\Session\Handlers\FileHandler' driver.
DEBUG - 2026-07-24 15:51:31 --> Session: Class initialized using 'CodeIgniter\Session\Handlers\FileHandler' driver.
DEBUG - 2026-07-24 15:53:57 --> Session: Class initialized using 'CodeIgniter\Session\Handlers\FileHandler' driver.
DEBUG - 2026-07-24 15:54:06 --> Session: Class initialized using 'CodeIgniter\Session\Handlers\FileHandler' driver.
DEBUG - 2026-07-24 15:54:07 --> Session: Class initialized using 'CodeIgniter\Session\Handlers\FileHandler' driver.
DEBUG - 2026-07-24 15:54:07 --> Session: Class initialized using 'CodeIgniter\Session\Handlers\FileHandler' driver.
DEBUG - 2026-07-24 15:54:16 --> Session: Class initialized using 'CodeIgniter\Session\Handlers\FileHandler' driver.
DEBUG - 2026-07-24 15:54:17 --> Session: Class initialized using 'CodeIgniter\Session\Handlers\FileHandler' driver.
DEBUG - 2026-07-24 15:54:17 --> Session: Class initialized using 'CodeIgniter\Session\Handlers\FileHandler' driver.
DEBUG - 2026-07-24 15:59:23 --> Session: Class initialized using 'CodeIgniter\Session\Handlers\FileHandler' driver.
DEBUG - 2026-07-24 15:59:30 --> Session: Class initialized using 'CodeIgniter\Session\Handlers\FileHandler' driver.
DEBUG - 2026-07-24 15:59:38 --> Session: Class initialized using 'CodeIgniter\Session\Handlers\FileHandler' driver.
DEBUG - 2026-07-24 15:59:45 --> Session: Class initialized using 'CodeIgniter\Session\Handlers\FileHandler' driver.
DEBUG - 2026-07-24 15:59:46 --> Session: Class initialized using 'CodeIgniter\Session\Handlers\FileHandler' driver.
DEBUG - 2026-07-24 15:59:46 --> Session: Class initialized using 'CodeIgniter\Session\Handlers\FileHandler' driver.
DEBUG - 2026-07-24 15:59:55 --> Session: Class initialized using 'CodeIgniter\Session\Handlers\FileHandler' driver.
DEBUG - 2026-07-24 16:00:07 --> Session: Class initialized using 'CodeIgniter\Session\Handlers\FileHandler' driver.
DEBUG - 2026-07-24 16:00:17 --> Session: Class initialized using 'CodeIgniter\Session\Handlers\FileHandler' driver.
DEBUG - 2026-07-24 16:00:20 --> Session: Class initialized using 'CodeIgniter\Session\Handlers\FileHandler' driver.
DEBUG - 2026-07-24 16:00:32 --> Session: Class initialized using 'CodeIgniter\Session\Handlers\FileHandler' driver.
DEBUG - 2026-07-24 16:00:33 --> Session: Class initialized using 'CodeIgniter\Session\Handlers\FileHandler' driver.
DEBUG - 2026-07-24 16:00:33 --> Session: Class initialized using 'CodeIgniter\Session\Handlers\FileHandler' driver.
DEBUG - 2026-07-24 16:01:09 --> Session: Class initialized using 'CodeIgniter\Session\Handlers\FileHandler' driver.
DEBUG - 2026-07-24 16:01:15 --> Session: Class initialized using 'CodeIgniter\Session\Handlers\FileHandler' driver.
DEBUG - 2026-07-24 16:09:21 --> Session: Class initialized using 'CodeIgniter\Session\Handlers\FileHandler' driver.
DEBUG - 2026-07-24 16:09:28 --> Session: Class initialized using 'CodeIgniter\Session\Handlers\FileHandler' driver.
DEBUG - 2026-07-24 16:09:31 --> Session: Class initialized using 'CodeIgniter\Session\Handlers\FileHandler' driver.
DEBUG - 2026-07-24 16:09:35 --> Session: Class initialized using 'CodeIgniter\Session\Handlers\FileHandler' driver.
DEBUG - 2026-07-24 16:13:07 --> Session: Class initialized using 'CodeIgniter\Session\Handlers\FileHandler' driver.
DEBUG - 2026-07-24 16:13:10 --> Session: Class initialized using 'CodeIgniter\Session\Handlers\FileHandler' driver.
DEBUG - 2026-07-24 16:13:16 --> Session: Class initialized using 'CodeIgniter\Session\Handlers\FileHandler' driver.
DEBUG - 2026-07-24 16:13:23 --> Session: Class initialized using 'CodeIgniter\Session\Handlers\FileHandler' driver.
DEBUG - 2026-07-24 16:13:38 --> Session: Class initialized using 'CodeIgniter\Session\Handlers\FileHandler' driver.
DEBUG - 2026-07-24 16:13:42 --> Session: Class initialized using 'CodeIgniter\Session\Handlers\FileHandler' driver.
DEBUG - 2026-07-24 16:13:45 --> Session: Class initialized using 'CodeIgniter\Session\Handlers\FileHandler' driver.
DEBUG - 2026-07-24 16:13:52 --> Session: Class initialized using 'CodeIgniter\Session\Handlers\FileHandler' driver.
DEBUG - 2026-07-24 16:13:55 --> Session: Class initialized using 'CodeIgniter\Session\Handlers\FileHandler' driver.
DEBUG - 2026-07-24 16:13:57 --> Session: Class initialized using 'CodeIgniter\Session\Handlers\FileHandler' driver.
DEBUG - 2026-07-24 16:13:59 --> Session: Class initialized using 'CodeIgniter\Session\Handlers\FileHandler' driver.
DEBUG - 2026-07-24 16:14:02 --> Session: Class initialized using 'CodeIgniter\Session\Handlers\FileHandler' driver.
DEBUG - 2026-07-24 16:14:04 --> Session: Class initialized using 'CodeIgniter\Session\Handlers\FileHandler' driver.
DEBUG - 2026-07-24 16:14:13 --> Session: Class initialized using 'CodeIgniter\Session\Handlers\FileHandler' driver.
DEBUG - 2026-07-24 16:14:22 --> Session: Class initialized using 'CodeIgniter\Session\Handlers\FileHandler' driver.
DEBUG - 2026-07-24 16:14:23 --> Session: Class initialized using 'CodeIgniter\Session\Handlers\FileHandler' driver.
DEBUG - 2026-07-24 16:14:23 --> Session: Class initialized using 'CodeIgniter\Session\Handlers\FileHandler' driver.
DEBUG - 2026-07-24 16:14:35 --> Session: Class initialized using 'CodeIgniter\Session\Handlers\FileHandler' driver.
DEBUG - 2026-07-24 16:14:38 --> Session: Class initialized using 'CodeIgniter\Session\Handlers\FileHandler' driver.
DEBUG - 2026-07-24 16:14:52 --> Session: Class initialized using 'CodeIgniter\Session\Handlers\FileHandler' driver.
DEBUG - 2026-07-24 16:14:55 --> Session: Class initialized using 'CodeIgniter\Session\Handlers\FileHandler' driver.
DEBUG - 2026-07-24 16:15:03 --> Session: Class initialized using 'CodeIgniter\Session\Handlers\FileHandler' driver.
DEBUG - 2026-07-24 16:18:20 --> Session: Class initialized using 'CodeIgniter\Session\Handlers\FileHandler' driver.
DEBUG - 2026-07-24 16:18:21 --> Session: Class initialized using 'CodeIgniter\Session\Handlers\FileHandler' driver.
DEBUG - 2026-07-24 16:18:21 --> Session: Class initialized using 'CodeIgniter\Session\Handlers\FileHandler' driver.
DEBUG - 2026-07-24 16:18:21 --> Session: Class initialized using 'CodeIgniter\Session\Handlers\FileHandler' driver.
DEBUG - 2026-07-24 16:18:22 --> Session: Class initialized using 'CodeIgniter\Session\Handlers\FileHandler' driver.
DEBUG - 2026-07-24 16:18:22 --> Session: Class initialized using 'CodeIgniter\Session\Handlers\FileHandler' driver.
DEBUG - 2026-07-24 16:18:23 --> Session: Class initialized using 'CodeIgniter\Session\Handlers\FileHandler' driver.
DEBUG - 2026-07-24 16:18:24 --> Session: Class initialized using 'CodeIgniter\Session\Handlers\FileHandler' driver.
DEBUG - 2026-07-24 16:18:24 --> Session: Class initialized using 'CodeIgniter\Session\Handlers\FileHandler' driver.
DEBUG - 2026-07-24 16:18:25 --> Session: Class initialized using 'CodeIgniter\Session\Handlers\FileHandler' driver.
DEBUG - 2026-07-24 16:20:41 --> Session: Class initialized using 'CodeIgniter\Session\Handlers\FileHandler' driver.
DEBUG - 2026-07-24 16:20:49 --> Session: Class initialized using 'CodeIgniter\Session\Handlers\FileHandler' driver.
DEBUG - 2026-07-24 16:20:56 --> Session: Class initialized using 'CodeIgniter\Session\Handlers\FileHandler' driver.
DEBUG - 2026-07-24 16:21:03 --> Session: Class initialized using 'CodeIgniter\Session\Handlers\FileHandler' driver.
DEBUG - 2026-07-24 16:21:04 --> Session: Class initialized using 'CodeIgniter\Session\Handlers\FileHandler' driver.
DEBUG - 2026-07-24 16:21:35 --> Session: Class initialized using 'CodeIgniter\Session\Handlers\FileHandler' driver.
DEBUG - 2026-07-24 16:21:40 --> Session: Class initialized using 'CodeIgniter\Session\Handlers\FileHandler' driver.
DEBUG - 2026-07-24 16:21:53 --> Session: Class initialized using 'CodeIgniter\Session\Handlers\FileHandler' driver.
DEBUG - 2026-07-24 16:21:57 --> Session: Class initialized using 'CodeIgniter\Session\Handlers\FileHandler' driver.
DEBUG - 2026-07-24 16:22:09 --> Session: Class initialized using 'CodeIgniter\Session\Handlers\FileHandler' driver.
DEBUG - 2026-07-24 16:22:12 --> Session: Class initialized using 'CodeIgniter\Session\Handlers\FileHandler' driver.
DEBUG - 2026-07-24 16:22:13 --> Session: Class initialized using 'CodeIgniter\Session\Handlers\FileHandler' driver.
DEBUG - 2026-07-24 16:22:13 --> Session: Class initialized using 'CodeIgniter\Session\Handlers\FileHandler' driver.
DEBUG - 2026-07-24 16:22:17 --> Session: Class initialized using 'CodeIgniter\Session\Handlers\FileHandler' driver.
DEBUG - 2026-07-24 16:22:20 --> Session: Class initialized using 'CodeIgniter\Session\Handlers\FileHandler' driver.
DEBUG - 2026-07-24 16:22:25 --> Session: Class initialized using 'CodeIgniter\Session\Handlers\FileHandler' driver.
DEBUG - 2026-07-24 16:22:28 --> Session: Class initialized using 'CodeIgniter\Session\Handlers\FileHandler' driver.
DEBUG - 2026-07-24 16:22:32 --> Session: Class initialized using 'CodeIgniter\Session\Handlers\FileHandler' driver.
DEBUG - 2026-07-24 16:23:12 --> Session: Class initialized using 'CodeIgniter\Session\Handlers\FileHandler' driver.
CRITICAL - 2026-07-24 16:23:12 --> ErrorException: Undefined array key "cus_first_name"
[Method: GET, Route: customer]
in APPPATH\Views\customer\customer_add.php on line 71.
 1 APPPATH\Views\customer\customer_add.php(71): CodeIgniter\Debug\Exceptions->errorHandler(2, 'Undefined array key "cus_first_name"', 'C:\\laragon\\www\\pharmacy-project\\app\\Views\\customer\\customer_add.php', 71)
 2 SYSTEMPATH\View\View.php(226): include('C:\\laragon\\www\\pharmacy-project\\app\\Views\\customer\\customer_add.php')
 3 SYSTEMPATH\View\View.php(229): CodeIgniter\View\View->CodeIgniter\View\{closure}()
 4 SYSTEMPATH\Common.php(1167): CodeIgniter\View\View->render('customer/customer_add', [], true)
 5 APPPATH\Controllers\CustomerController.php(23): view('customer/customer_add', [...])
 6 SYSTEMPATH\CodeIgniter.php(933): App\Controllers\CustomerController->index()
 7 SYSTEMPATH\CodeIgniter.php(507): CodeIgniter\CodeIgniter->runController(Object(App\Controllers\CustomerController))
 8 SYSTEMPATH\CodeIgniter.php(354): CodeIgniter\CodeIgniter->handleRequest(null, Object(Config\Cache), false)
 9 SYSTEMPATH\Boot.php(363): CodeIgniter\CodeIgniter->run()
10 SYSTEMPATH\Boot.php(68): CodeIgniter\Boot::runCodeIgniter(Object(CodeIgniter\CodeIgniter))
11 FCPATH\index.php(59): CodeIgniter\Boot::bootWeb(Object(Config\Paths))
DEBUG - 2026-07-24 16:28:06 --> Session: Class initialized using 'CodeIgniter\Session\Handlers\FileHandler' driver.
DEBUG - 2026-07-24 16:28:10 --> Session: Class initialized using 'CodeIgniter\Session\Handlers\FileHandler' driver.
DEBUG - 2026-07-24 16:29:13 --> Session: Class initialized using 'CodeIgniter\Session\Handlers\FileHandler' driver.
DEBUG - 2026-07-24 16:29:13 --> Session: Class initialized using 'CodeIgniter\Session\Handlers\FileHandler' driver.
DEBUG - 2026-07-24 16:29:13 --> Session: Class initialized using 'CodeIgniter\Session\Handlers\FileHandler' driver.
DEBUG - 2026-07-24 16:29:13 --> Session: Class initialized using 'CodeIgniter\Session\Handlers\FileHandler' driver.
DEBUG - 2026-07-24 16:29:14 --> Session: Class initialized using 'CodeIgniter\Session\Handlers\FileHandler' driver.
DEBUG - 2026-07-24 16:29:14 --> Session: Class initialized using 'CodeIgniter\Session\Handlers\FileHandler' driver.
DEBUG - 2026-07-24 16:29:14 --> Session: Class initialized using 'CodeIgniter\Session\Handlers\FileHandler' driver.
DEBUG - 2026-07-24 16:29:15 --> Session: Class initialized using 'CodeIgniter\Session\Handlers\FileHandler' driver.
DEBUG - 2026-07-24 16:29:15 --> Session: Class initialized using 'CodeIgniter\Session\Handlers\FileHandler' driver.
DEBUG - 2026-07-24 16:29:15 --> Session: Class initialized using 'CodeIgniter\Session\Handlers\FileHandler' driver.
DEBUG - 2026-07-24 16:29:16 --> Session: Class initialized using 'CodeIgniter\Session\Handlers\FileHandler' driver.
DEBUG - 2026-07-24 16:31:22 --> Session: Class initialized using 'CodeIgniter\Session\Handlers\FileHandler' driver.
DEBUG - 2026-07-24 16:31:25 --> Session: Class initialized using 'CodeIgniter\Session\Handlers\FileHandler' driver.
DEBUG - 2026-07-24 16:35:16 --> Session: Class initialized using 'CodeIgniter\Session\Handlers\FileHandler' driver.
DEBUG - 2026-07-24 16:36:14 --> Session: Class initialized using 'CodeIgniter\Session\Handlers\FileHandler' driver.
DEBUG - 2026-07-24 16:36:51 --> Session: Class initialized using 'CodeIgniter\Session\Handlers\FileHandler' driver.
DEBUG - 2026-07-24 16:37:00 --> Session: Class initialized using 'CodeIgniter\Session\Handlers\FileHandler' driver.
DEBUG - 2026-07-24 16:39:02 --> Session: Class initialized using 'CodeIgniter\Session\Handlers\FileHandler' driver.
DEBUG - 2026-07-24 16:39:03 --> Session: Class initialized using 'CodeIgniter\Session\Handlers\FileHandler' driver.
DEBUG - 2026-07-24 16:39:16 --> Session: Class initialized using 'CodeIgniter\Session\Handlers\FileHandler' driver.
DEBUG - 2026-07-24 16:39:17 --> Session: Class initialized using 'CodeIgniter\Session\Handlers\FileHandler' driver.
DEBUG - 2026-07-24 16:41:34 --> Session: Class initialized using 'CodeIgniter\Session\Handlers\FileHandler' driver.
DEBUG - 2026-07-24 16:42:14 --> Session: Class initialized using 'CodeIgniter\Session\Handlers\FileHandler' driver.
DEBUG - 2026-07-24 16:42:22 --> Session: Class initialized using 'CodeIgniter\Session\Handlers\FileHandler' driver.
DEBUG - 2026-07-24 16:42:23 --> Session: Class initialized using 'CodeIgniter\Session\Handlers\FileHandler' driver.
DEBUG - 2026-07-24 16:49:04 --> Session: Class initialized using 'CodeIgniter\Session\Handlers\FileHandler' driver.
CRITICAL - 2026-07-24 16:49:04 --> Error: Call to a member function findAll() on null
[Method: GET, Route: customer]
in APPPATH\Controllers\CustomerController.php on line 22.
 1 SYSTEMPATH\CodeIgniter.php(933): App\Controllers\CustomerController->index()
 2 SYSTEMPATH\CodeIgniter.php(507): CodeIgniter\CodeIgniter->runController(Object(App\Controllers\CustomerController))
 3 SYSTEMPATH\CodeIgniter.php(354): CodeIgniter\CodeIgniter->handleRequest(null, Object(Config\Cache), false)
 4 SYSTEMPATH\Boot.php(363): CodeIgniter\CodeIgniter->run()
 5 SYSTEMPATH\Boot.php(68): CodeIgniter\Boot::runCodeIgniter(Object(CodeIgniter\CodeIgniter))
 6 FCPATH\index.php(59): CodeIgniter\Boot::bootWeb(Object(Config\Paths))
DEBUG - 2026-07-24 16:50:22 --> Session: Class initialized using 'CodeIgniter\Session\Handlers\FileHandler' driver.
CRITICAL - 2026-07-24 16:50:22 --> Error: Call to a member function findAll() on null
[Method: GET, Route: customer]
in APPPATH\Controllers\CustomerController.php on line 23.
 1 SYSTEMPATH\CodeIgniter.php(933): App\Controllers\CustomerController->index()
 2 SYSTEMPATH\CodeIgniter.php(507): CodeIgniter\CodeIgniter->runController(Object(App\Controllers\CustomerController))
 3 SYSTEMPATH\CodeIgniter.php(354): CodeIgniter\CodeIgniter->handleRequest(null, Object(Config\Cache), false)
 4 SYSTEMPATH\Boot.php(363): CodeIgniter\CodeIgniter->run()
 5 SYSTEMPATH\Boot.php(68): CodeIgniter\Boot::runCodeIgniter(Object(CodeIgniter\CodeIgniter))
 6 FCPATH\index.php(59): CodeIgniter\Boot::bootWeb(Object(Config\Paths))
DEBUG - 2026-07-24 16:50:26 --> Session: Class initialized using 'CodeIgniter\Session\Handlers\FileHandler' driver.
CRITICAL - 2026-07-24 16:50:26 --> Error: Call to a member function findAll() on null
[Method: GET, Route: customer]
in APPPATH\Controllers\CustomerController.php on line 23.
 1 SYSTEMPATH\CodeIgniter.php(933): App\Controllers\CustomerController->index()
 2 SYSTEMPATH\CodeIgniter.php(507): CodeIgniter\CodeIgniter->runController(Object(App\Controllers\CustomerController))
 3 SYSTEMPATH\CodeIgniter.php(354): CodeIgniter\CodeIgniter->handleRequest(null, Object(Config\Cache), false)
 4 SYSTEMPATH\Boot.php(363): CodeIgniter\CodeIgniter->run()
 5 SYSTEMPATH\Boot.php(68): CodeIgniter\Boot::runCodeIgniter(Object(CodeIgniter\CodeIgniter))
 6 FCPATH\index.php(59): CodeIgniter\Boot::bootWeb(Object(Config\Paths))
DEBUG - 2026-07-24 16:50:28 --> Session: Class initialized using 'CodeIgniter\Session\Handlers\FileHandler' driver.
CRITICAL - 2026-07-24 16:50:28 --> Error: Call to a member function findAll() on null
[Method: GET, Route: customer]
in APPPATH\Controllers\CustomerController.php on line 23.
 1 SYSTEMPATH\CodeIgniter.php(933): App\Controllers\CustomerController->index()
 2 SYSTEMPATH\CodeIgniter.php(507): CodeIgniter\CodeIgniter->runController(Object(App\Controllers\CustomerController))
 3 SYSTEMPATH\CodeIgniter.php(354): CodeIgniter\CodeIgniter->handleRequest(null, Object(Config\Cache), false)
 4 SYSTEMPATH\Boot.php(363): CodeIgniter\CodeIgniter->run()
 5 SYSTEMPATH\Boot.php(68): CodeIgniter\Boot::runCodeIgniter(Object(CodeIgniter\CodeIgniter))
 6 FCPATH\index.php(59): CodeIgniter\Boot::bootWeb(Object(Config\Paths))
DEBUG - 2026-07-24 16:50:30 --> Session: Class initialized using 'CodeIgniter\Session\Handlers\FileHandler' driver.
CRITICAL - 2026-07-24 16:50:30 --> Error: Call to a member function findAll() on null
[Method: GET, Route: customer]
in APPPATH\Controllers\CustomerController.php on line 23.
 1 SYSTEMPATH\CodeIgniter.php(933): App\Controllers\CustomerController->index()
 2 SYSTEMPATH\CodeIgniter.php(507): CodeIgniter\CodeIgniter->runController(Object(App\Controllers\CustomerController))
 3 SYSTEMPATH\CodeIgniter.php(354): CodeIgniter\CodeIgniter->handleRequest(null, Object(Config\Cache), false)
 4 SYSTEMPATH\Boot.php(363): CodeIgniter\CodeIgniter->run()
 5 SYSTEMPATH\Boot.php(68): CodeIgniter\Boot::runCodeIgniter(Object(CodeIgniter\CodeIgniter))
 6 FCPATH\index.php(59): CodeIgniter\Boot::bootWeb(Object(Config\Paths))
DEBUG - 2026-07-24 16:51:05 --> Session: Class initialized using 'CodeIgniter\Session\Handlers\FileHandler' driver.
DEBUG - 2026-07-24 16:52:15 --> Session: Class initialized using 'CodeIgniter\Session\Handlers\FileHandler' driver.
ERROR - 2026-07-24 16:52:16 --> mysqli_sql_exception: Unknown column 'cus_phone' in 'where clause' in C:\laragon\www\pharmacy-project\system\Database\MySQLi\Connection.php:327
Stack trace:
#0 C:\laragon\www\pharmacy-project\system\Database\MySQLi\Connection.php(327): mysqli->query('SELECT *\nFROM `...', 0)
#1 C:\laragon\www\pharmacy-project\system\Database\BaseConnection.php(729): CodeIgniter\Database\MySQLi\Connection->execute('SELECT *\nFROM `...')
#2 C:\laragon\www\pharmacy-project\system\Database\BaseConnection.php(646): CodeIgniter\Database\BaseConnection->simpleQuery('SELECT *\nFROM `...')
#3 C:\laragon\www\pharmacy-project\system\Database\BaseBuilder.php(1649): CodeIgniter\Database\BaseConnection->query('SELECT *\nFROM `...', Array, false)
#4 C:\laragon\www\pharmacy-project\system\Model.php(330): CodeIgniter\Database\BaseBuilder->get()
#5 C:\laragon\www\pharmacy-project\system\BaseModel.php(715): CodeIgniter\Model->doFirst()
#6 C:\laragon\www\pharmacy-project\app\Controllers\CustomerController.php(40): CodeIgniter\BaseModel->first()
#7 C:\laragon\www\pharmacy-project\system\CodeIgniter.php(933): App\Controllers\CustomerController->create()
#8 C:\laragon\www\pharmacy-project\system\CodeIgniter.php(507): CodeIgniter\CodeIgniter->runController(Object(App\Controllers\CustomerController))
#9 C:\laragon\www\pharmacy-project\system\CodeIgniter.php(354): CodeIgniter\CodeIgniter->handleRequest(NULL, Object(Config\Cache), false)
#10 C:\laragon\www\pharmacy-project\system\Boot.php(363): CodeIgniter\CodeIgniter->run()
#11 C:\laragon\www\pharmacy-project\system\Boot.php(68): CodeIgniter\Boot::runCodeIgniter(Object(CodeIgniter\CodeIgniter))
#12 C:\laragon\www\pharmacy-project\index.php(59): CodeIgniter\Boot::bootWeb(Object(Config\Paths))
#13 {main}
CRITICAL - 2026-07-24 16:52:16 --> CodeIgniter\Database\Exceptions\DatabaseException: Unknown column 'cus_phone' in 'where clause'
[Method: POST, Route: customer/create]
in SYSTEMPATH\Database\BaseConnection.php on line 684.
 1 SYSTEMPATH\Database\BaseBuilder.php(1649): CodeIgniter\Database\BaseConnection->query('SELECT *
FROM `customer`
WHERE `cus_phone` IS NULL
OR `cus_email` IS NULL
 LIMIT 1', [], false)
 2 SYSTEMPATH\Model.php(330): CodeIgniter\Database\BaseBuilder->get()
 3 SYSTEMPATH\BaseModel.php(715): CodeIgniter\Model->doFirst()
 4 APPPATH\Controllers\CustomerController.php(40): CodeIgniter\BaseModel->first()
 5 SYSTEMPATH\CodeIgniter.php(933): App\Controllers\CustomerController->create()
 6 SYSTEMPATH\CodeIgniter.php(507): CodeIgniter\CodeIgniter->runController(Object(App\Controllers\CustomerController))
 7 SYSTEMPATH\CodeIgniter.php(354): CodeIgniter\CodeIgniter->handleRequest(null, Object(Config\Cache), false)
 8 SYSTEMPATH\Boot.php(363): CodeIgniter\CodeIgniter->run()
 9 SYSTEMPATH\Boot.php(68): CodeIgniter\Boot::runCodeIgniter(Object(CodeIgniter\CodeIgniter))
10 FCPATH\index.php(59): CodeIgniter\Boot::bootWeb(Object(Config\Paths))
CRITICAL - 2026-07-24 16:52:16 --> [Caused by] CodeIgniter\Database\Exceptions\DatabaseException: Unknown column 'cus_phone' in 'where clause'
in SYSTEMPATH\Database\MySQLi\Connection.php on line 332.
 1 SYSTEMPATH\Database\BaseConnection.php(729): CodeIgniter\Database\MySQLi\Connection->execute('SELECT *
FROM `customer`
WHERE `cus_phone` IS NULL
OR `cus_email` IS NULL
 LIMIT 1')
 2 SYSTEMPATH\Database\BaseConnection.php(646): CodeIgniter\Database\BaseConnection->simpleQuery('SELECT *
FROM `customer`
WHERE `cus_phone` IS NULL
OR `cus_email` IS NULL
 LIMIT 1')
 3 SYSTEMPATH\Database\BaseBuilder.php(1649): CodeIgniter\Database\BaseConnection->query('SELECT *
FROM `customer`
WHERE `cus_phone` IS NULL
OR `cus_email` IS NULL
 LIMIT 1', [], false)
 4 SYSTEMPATH\Model.php(330): CodeIgniter\Database\BaseBuilder->get()
 5 SYSTEMPATH\BaseModel.php(715): CodeIgniter\Model->doFirst()
 6 APPPATH\Controllers\CustomerController.php(40): CodeIgniter\BaseModel->first()
 7 SYSTEMPATH\CodeIgniter.php(933): App\Controllers\CustomerController->create()
 8 SYSTEMPATH\CodeIgniter.php(507): CodeIgniter\CodeIgniter->runController(Object(App\Controllers\CustomerController))
 9 SYSTEMPATH\CodeIgniter.php(354): CodeIgniter\CodeIgniter->handleRequest(null, Object(Config\Cache), false)
10 SYSTEMPATH\Boot.php(363): CodeIgniter\CodeIgniter->run()
11 SYSTEMPATH\Boot.php(68): CodeIgniter\Boot::runCodeIgniter(Object(CodeIgniter\CodeIgniter))
12 FCPATH\index.php(59): CodeIgniter\Boot::bootWeb(Object(Config\Paths))
CRITICAL - 2026-07-24 16:52:16 --> [Caused by] mysqli_sql_exception: Unknown column 'cus_phone' in 'where clause'
in SYSTEMPATH\Database\MySQLi\Connection.php on line 327.
 1 SYSTEMPATH\Database\MySQLi\Connection.php(327): mysqli->query('SELECT *
FROM `customer`
WHERE `cus_phone` IS NULL
OR `cus_email` IS NULL
 LIMIT 1', 0)
 2 SYSTEMPATH\Database\BaseConnection.php(729): CodeIgniter\Database\MySQLi\Connection->execute('SELECT *
FROM `customer`
WHERE `cus_phone` IS NULL
OR `cus_email` IS NULL
 LIMIT 1')
 3 SYSTEMPATH\Database\BaseConnection.php(646): CodeIgniter\Database\BaseConnection->simpleQuery('SELECT *
FROM `customer`
WHERE `cus_phone` IS NULL
OR `cus_email` IS NULL
 LIMIT 1')
 4 SYSTEMPATH\Database\BaseBuilder.php(1649): CodeIgniter\Database\BaseConnection->query('SELECT *
FROM `customer`
WHERE `cus_phone` IS NULL
OR `cus_email` IS NULL
 LIMIT 1', [], false)
 5 SYSTEMPATH\Model.php(330): CodeIgniter\Database\BaseBuilder->get()
 6 SYSTEMPATH\BaseModel.php(715): CodeIgniter\Model->doFirst()
 7 APPPATH\Controllers\CustomerController.php(40): CodeIgniter\BaseModel->first()
 8 SYSTEMPATH\CodeIgniter.php(933): App\Controllers\CustomerController->create()
 9 SYSTEMPATH\CodeIgniter.php(507): CodeIgniter\CodeIgniter->runController(Object(App\Controllers\CustomerController))
10 SYSTEMPATH\CodeIgniter.php(354): CodeIgniter\CodeIgniter->handleRequest(null, Object(Config\Cache), false)
11 SYSTEMPATH\Boot.php(363): CodeIgniter\CodeIgniter->run()
12 SYSTEMPATH\Boot.php(68): CodeIgniter\Boot::runCodeIgniter(Object(CodeIgniter\CodeIgniter))
13 FCPATH\index.php(59): CodeIgniter\Boot::bootWeb(Object(Config\Paths))
DEBUG - 2026-07-24 16:54:48 --> Session: Class initialized using 'CodeIgniter\Session\Handlers\FileHandler' driver.
DEBUG - 2026-07-24 16:55:13 --> Session: Class initialized using 'CodeIgniter\Session\Handlers\FileHandler' driver.
DEBUG - 2026-07-24 16:55:14 --> Session: Class initialized using 'CodeIgniter\Session\Handlers\FileHandler' driver.
DEBUG - 2026-07-24 16:56:05 --> Session: Class initialized using 'CodeIgniter\Session\Handlers\FileHandler' driver.
DEBUG - 2026-07-24 16:56:05 --> Session: Class initialized using 'CodeIgniter\Session\Handlers\FileHandler' driver.
DEBUG - 2026-07-24 16:57:55 --> Session: Class initialized using 'CodeIgniter\Session\Handlers\FileHandler' driver.
DEBUG - 2026-07-24 16:59:20 --> Session: Class initialized using 'CodeIgniter\Session\Handlers\FileHandler' driver.
DEBUG - 2026-07-24 17:04:25 --> Session: Class initialized using 'CodeIgniter\Session\Handlers\FileHandler' driver.
DEBUG - 2026-07-24 17:04:42 --> Session: Class initialized using 'CodeIgniter\Session\Handlers\FileHandler' driver.
CRITICAL - 2026-07-24 17:04:42 --> CodeIgniter\Database\Exceptions\DataException: There is no data to update.
[Method: POST, Route: customer/update]
in SYSTEMPATH\BaseModel.php on line 1008.
 1 SYSTEMPATH\BaseModel.php(1008): CodeIgniter\Database\Exceptions\DataException::forEmptyDataset('update')
 2 SYSTEMPATH\Model.php(860): CodeIgniter\BaseModel->update([...], [])
 3 APPPATH\Controllers\CustomerController.php(79): CodeIgniter\Model->update('22', [...])
 4 SYSTEMPATH\CodeIgniter.php(933): App\Controllers\CustomerController->update()
 5 SYSTEMPATH\CodeIgniter.php(507): CodeIgniter\CodeIgniter->runController(Object(App\Controllers\CustomerController))
 6 SYSTEMPATH\CodeIgniter.php(354): CodeIgniter\CodeIgniter->handleRequest(null, Object(Config\Cache), false)
 7 SYSTEMPATH\Boot.php(363): CodeIgniter\CodeIgniter->run()
 8 SYSTEMPATH\Boot.php(68): CodeIgniter\Boot::runCodeIgniter(Object(CodeIgniter\CodeIgniter))
 9 FCPATH\index.php(59): CodeIgniter\Boot::bootWeb(Object(Config\Paths))
DEBUG - 2026-07-24 17:06:10 --> Session: Class initialized using 'CodeIgniter\Session\Handlers\FileHandler' driver.
DEBUG - 2026-07-24 17:06:16 --> Session: Class initialized using 'CodeIgniter\Session\Handlers\FileHandler' driver.
DEBUG - 2026-07-24 17:06:17 --> Session: Class initialized using 'CodeIgniter\Session\Handlers\FileHandler' driver.
DEBUG - 2026-07-24 17:06:37 --> Session: Class initialized using 'CodeIgniter\Session\Handlers\FileHandler' driver.
DEBUG - 2026-07-24 17:06:38 --> Session: Class initialized using 'CodeIgniter\Session\Handlers\FileHandler' driver.
DEBUG - 2026-07-24 17:06:46 --> Session: Class initialized using 'CodeIgniter\Session\Handlers\FileHandler' driver.
DEBUG - 2026-07-24 17:06:54 --> Session: Class initialized using 'CodeIgniter\Session\Handlers\FileHandler' driver.
DEBUG - 2026-07-24 17:06:54 --> Session: Class initialized using 'CodeIgniter\Session\Handlers\FileHandler' driver.
DEBUG - 2026-07-24 17:07:14 --> Session: Class initialized using 'CodeIgniter\Session\Handlers\FileHandler' driver.
DEBUG - 2026-07-24 17:07:14 --> Session: Class initialized using 'CodeIgniter\Session\Handlers\FileHandler' driver.
DEBUG - 2026-07-24 17:07:39 --> Session: Class initialized using 'CodeIgniter\Session\Handlers\FileHandler' driver.
DEBUG - 2026-07-24 17:07:39 --> Session: Class initialized using 'CodeIgniter\Session\Handlers\FileHandler' driver.
DEBUG - 2026-07-24 17:10:10 --> Session: Class initialized using 'CodeIgniter\Session\Handlers\FileHandler' driver.
DEBUG - 2026-07-24 17:10:21 --> Session: Class initialized using 'CodeIgniter\Session\Handlers\FileHandler' driver.
DEBUG - 2026-07-24 17:10:21 --> Session: Class initialized using 'CodeIgniter\Session\Handlers\FileHandler' driver.
DEBUG - 2026-07-24 17:10:32 --> Session: Class initialized using 'CodeIgniter\Session\Handlers\FileHandler' driver.
DEBUG - 2026-07-24 17:10:32 --> Session: Class initialized using 'CodeIgniter\Session\Handlers\FileHandler' driver.
DEBUG - 2026-07-24 17:10:40 --> Session: Class initialized using 'CodeIgniter\Session\Handlers\FileHandler' driver.
DEBUG - 2026-07-24 17:10:41 --> Session: Class initialized using 'CodeIgniter\Session\Handlers\FileHandler' driver.
DEBUG - 2026-07-24 17:10:56 --> Session: Class initialized using 'CodeIgniter\Session\Handlers\FileHandler' driver.
DEBUG - 2026-07-24 17:10:56 --> Session: Class initialized using 'CodeIgniter\Session\Handlers\FileHandler' driver.
DEBUG - 2026-07-24 17:13:05 --> Session: Class initialized using 'CodeIgniter\Session\Handlers\FileHandler' driver.
DEBUG - 2026-07-24 17:13:13 --> Session: Class initialized using 'CodeIgniter\Session\Handlers\FileHandler' driver.
DEBUG - 2026-07-24 17:13:27 --> Session: Class initialized using 'CodeIgniter\Session\Handlers\FileHandler' driver.
DEBUG - 2026-07-24 17:13:28 --> Session: Class initialized using 'CodeIgniter\Session\Handlers\FileHandler' driver.
DEBUG - 2026-07-24 17:13:45 --> Session: Class initialized using 'CodeIgniter\Session\Handlers\FileHandler' driver.
DEBUG - 2026-07-24 17:13:46 --> Session: Class initialized using 'CodeIgniter\Session\Handlers\FileHandler' driver.
DEBUG - 2026-07-24 17:13:59 --> Session: Class initialized using 'CodeIgniter\Session\Handlers\FileHandler' driver.
DEBUG - 2026-07-24 17:14:00 --> Session: Class initialized using 'CodeIgniter\Session\Handlers\FileHandler' driver.
DEBUG - 2026-07-24 17:14:22 --> Session: Class initialized using 'CodeIgniter\Session\Handlers\FileHandler' driver.
DEBUG - 2026-07-24 17:16:34 --> Session: Class initialized using 'CodeIgniter\Session\Handlers\FileHandler' driver.
CRITICAL - 2026-07-24 17:16:34 --> ErrorException: Undefined variable $customer_group_show
[Method: GET, Route: pos]
in APPPATH\Views\pos\pos_add.php on line 534.
 1 APPPATH\Views\pos\pos_add.php(534): CodeIgniter\Debug\Exceptions->errorHandler(2, 'Undefined variable $customer_group_show', 'C:\\laragon\\www\\pharmacy-project\\app\\Views\\pos\\pos_add.php', 534)
 2 SYSTEMPATH\View\View.php(226): include('C:\\laragon\\www\\pharmacy-project\\app\\Views\\pos\\pos_add.php')
 3 SYSTEMPATH\View\View.php(229): CodeIgniter\View\View->CodeIgniter\View\{closure}()
 4 SYSTEMPATH\Common.php(1167): CodeIgniter\View\View->render('pos/pos_add', [], true)
 5 APPPATH\Controllers\PosController.php(67): view('pos/pos_add', [...])
 6 SYSTEMPATH\CodeIgniter.php(933): App\Controllers\PosController->index()
 7 SYSTEMPATH\CodeIgniter.php(507): CodeIgniter\CodeIgniter->runController(Object(App\Controllers\PosController))
 8 SYSTEMPATH\CodeIgniter.php(354): CodeIgniter\CodeIgniter->handleRequest(null, Object(Config\Cache), false)
 9 SYSTEMPATH\Boot.php(363): CodeIgniter\CodeIgniter->run()
10 SYSTEMPATH\Boot.php(68): CodeIgniter\Boot::runCodeIgniter(Object(CodeIgniter\CodeIgniter))
11 FCPATH\index.php(59): CodeIgniter\Boot::bootWeb(Object(Config\Paths))
DEBUG - 2026-07-24 17:19:26 --> Session: Class initialized using 'CodeIgniter\Session\Handlers\FileHandler' driver.
DEBUG - 2026-07-24 17:20:02 --> Session: Class initialized using 'CodeIgniter\Session\Handlers\FileHandler' driver.
DEBUG - 2026-07-24 17:20:03 --> Session: Class initialized using 'CodeIgniter\Session\Handlers\FileHandler' driver.
DEBUG - 2026-07-24 17:20:17 --> Session: Class initialized using 'CodeIgniter\Session\Handlers\FileHandler' driver.
DEBUG - 2026-07-24 17:22:00 --> Session: Class initialized using 'CodeIgniter\Session\Handlers\FileHandler' driver.
DEBUG - 2026-07-24 17:23:15 --> Session: Class initialized using 'CodeIgniter\Session\Handlers\FileHandler' driver.
DEBUG - 2026-07-24 17:23:32 --> Session: Class initialized using 'CodeIgniter\Session\Handlers\FileHandler' driver.
DEBUG - 2026-07-24 17:24:02 --> Session: Class initialized using 'CodeIgniter\Session\Handlers\FileHandler' driver.
DEBUG - 2026-07-24 17:24:50 --> Session: Class initialized using 'CodeIgniter\Session\Handlers\FileHandler' driver.
DEBUG - 2026-07-24 17:24:53 --> Session: Class initialized using 'CodeIgniter\Session\Handlers\FileHandler' driver.
DEBUG - 2026-07-24 17:25:15 --> Session: Class initialized using 'CodeIgniter\Session\Handlers\FileHandler' driver.
DEBUG - 2026-07-24 17:25:24 --> Session: Class initialized using 'CodeIgniter\Session\Handlers\FileHandler' driver.
DEBUG - 2026-07-24 17:25:29 --> Session: Class initialized using 'CodeIgniter\Session\Handlers\FileHandler' driver.
DEBUG - 2026-07-24 17:25:31 --> Session: Class initialized using 'CodeIgniter\Session\Handlers\FileHandler' driver.
DEBUG - 2026-07-24 17:25:34 --> Session: Class initialized using 'CodeIgniter\Session\Handlers\FileHandler' driver.
DEBUG - 2026-07-24 17:25:37 --> Session: Class initialized using 'CodeIgniter\Session\Handlers\FileHandler' driver.
DEBUG - 2026-07-24 17:25:38 --> Session: Class initialized using 'CodeIgniter\Session\Handlers\FileHandler' driver.
DEBUG - 2026-07-24 17:25:38 --> Session: Class initialized using 'CodeIgniter\Session\Handlers\FileHandler' driver.
DEBUG - 2026-07-24 17:25:41 --> Session: Class initialized using 'CodeIgniter\Session\Handlers\FileHandler' driver.
DEBUG - 2026-07-24 17:25:41 --> Session: Class initialized using 'CodeIgniter\Session\Handlers\FileHandler' driver.
DEBUG - 2026-07-24 17:25:41 --> Session: Class initialized using 'CodeIgniter\Session\Handlers\FileHandler' driver.
DEBUG - 2026-07-24 17:25:48 --> Session: Class initialized using 'CodeIgniter\Session\Handlers\FileHandler' driver.
DEBUG - 2026-07-24 17:25:48 --> Session: Class initialized using 'CodeIgniter\Session\Handlers\FileHandler' driver.
DEBUG - 2026-07-24 17:25:49 --> Session: Class initialized using 'CodeIgniter\Session\Handlers\FileHandler' driver.
DEBUG - 2026-07-24 17:25:53 --> Session: Class initialized using 'CodeIgniter\Session\Handlers\FileHandler' driver.
DEBUG - 2026-07-24 17:25:53 --> Session: Class initialized using 'CodeIgniter\Session\Handlers\FileHandler' driver.
DEBUG - 2026-07-24 17:25:54 --> Session: Class initialized using 'CodeIgniter\Session\Handlers\FileHandler' driver.
DEBUG - 2026-07-24 17:25:54 --> Session: Class initialized using 'CodeIgniter\Session\Handlers\FileHandler' driver.
DEBUG - 2026-07-24 17:36:12 --> Session: Class initialized using 'CodeIgniter\Session\Handlers\FileHandler' driver.
DEBUG - 2026-07-24 17:36:14 --> Session: Class initialized using 'CodeIgniter\Session\Handlers\FileHandler' driver.
DEBUG - 2026-07-24 17:36:17 --> Session: Class initialized using 'CodeIgniter\Session\Handlers\FileHandler' driver.
DEBUG - 2026-07-24 17:36:17 --> Session: Class initialized using 'CodeIgniter\Session\Handlers\FileHandler' driver.
DEBUG - 2026-07-24 17:36:18 --> Session: Class initialized using 'CodeIgniter\Session\Handlers\FileHandler' driver.
DEBUG - 2026-07-24 17:36:18 --> Session: Class initialized using 'CodeIgniter\Session\Handlers\FileHandler' driver.
DEBUG - 2026-07-24 17:36:19 --> Session: Class initialized using 'CodeIgniter\Session\Handlers\FileHandler' driver.
DEBUG - 2026-07-24 17:36:19 --> Session: Class initialized using 'CodeIgniter\Session\Handlers\FileHandler' driver.
DEBUG - 2026-07-24 17:36:19 --> Session: Class initialized using 'CodeIgniter\Session\Handlers\FileHandler' driver.
DEBUG - 2026-07-24 17:36:20 --> Session: Class initialized using 'CodeIgniter\Session\Handlers\FileHandler' driver.
DEBUG - 2026-07-24 17:36:20 --> Session: Class initialized using 'CodeIgniter\Session\Handlers\FileHandler' driver.
DEBUG - 2026-07-24 17:36:23 --> Session: Class initialized using 'CodeIgniter\Session\Handlers\FileHandler' driver.
DEBUG - 2026-07-24 17:36:23 --> Session: Class initialized using 'CodeIgniter\Session\Handlers\FileHandler' driver.
DEBUG - 2026-07-24 17:36:25 --> Session: Class initialized using 'CodeIgniter\Session\Handlers\FileHandler' driver.
DEBUG - 2026-07-24 17:36:27 --> Session: Class initialized using 'CodeIgniter\Session\Handlers\FileHandler' driver.
DEBUG - 2026-07-24 17:36:29 --> Session: Class initialized using 'CodeIgniter\Session\Handlers\FileHandler' driver.
DEBUG - 2026-07-24 17:36:37 --> Session: Class initialized using 'CodeIgniter\Session\Handlers\FileHandler' driver.
DEBUG - 2026-07-24 17:36:37 --> Session: Class initialized using 'CodeIgniter\Session\Handlers\FileHandler' driver.
DEBUG - 2026-07-24 17:36:37 --> Session: Class initialized using 'CodeIgniter\Session\Handlers\FileHandler' driver.
DEBUG - 2026-07-24 17:36:46 --> Session: Class initialized using 'CodeIgniter\Session\Handlers\FileHandler' driver.
DEBUG - 2026-07-24 17:36:46 --> Session: Class initialized using 'CodeIgniter\Session\Handlers\FileHandler' driver.
DEBUG - 2026-07-24 17:36:47 --> Session: Class initialized using 'CodeIgniter\Session\Handlers\FileHandler' driver.
DEBUG - 2026-07-24 17:36:57 --> Session: Class initialized using 'CodeIgniter\Session\Handlers\FileHandler' driver.
DEBUG - 2026-07-24 17:36:57 --> Session: Class initialized using 'CodeIgniter\Session\Handlers\FileHandler' driver.
DEBUG - 2026-07-24 17:37:01 --> Session: Class initialized using 'CodeIgniter\Session\Handlers\FileHandler' driver.
DEBUG - 2026-07-24 17:37:16 --> Session: Class initialized using 'CodeIgniter\Session\Handlers\FileHandler' driver.
DEBUG - 2026-07-24 17:37:16 --> Session: Class initialized using 'CodeIgniter\Session\Handlers\FileHandler' driver.
DEBUG - 2026-07-24 17:37:17 --> Session: Class initialized using 'CodeIgniter\Session\Handlers\FileHandler' driver.
DEBUG - 2026-07-24 17:37:20 --> Session: Class initialized using 'CodeIgniter\Session\Handlers\FileHandler' driver.
DEBUG - 2026-07-24 17:37:34 --> Session: Class initialized using 'CodeIgniter\Session\Handlers\FileHandler' driver.
DEBUG - 2026-07-24 17:37:34 --> Session: Class initialized using 'CodeIgniter\Session\Handlers\FileHandler' driver.
DEBUG - 2026-07-24 17:37:36 --> Session: Class initialized using 'CodeIgniter\Session\Handlers\FileHandler' driver.
DEBUG - 2026-07-24 17:37:36 --> Session: Class initialized using 'CodeIgniter\Session\Handlers\FileHandler' driver.
DEBUG - 2026-07-24 17:37:36 --> Session: Class initialized using 'CodeIgniter\Session\Handlers\FileHandler' driver.
DEBUG - 2026-07-24 17:38:06 --> Session: Class initialized using 'CodeIgniter\Session\Handlers\FileHandler' driver.
DEBUG - 2026-07-24 17:38:06 --> Session: Class initialized using 'CodeIgniter\Session\Handlers\FileHandler' driver.
DEBUG - 2026-07-24 17:38:08 --> Session: Class initialized using 'CodeIgniter\Session\Handlers\FileHandler' driver.
DEBUG - 2026-07-24 17:38:08 --> Session: Class initialized using 'CodeIgniter\Session\Handlers\FileHandler' driver.
DEBUG - 2026-07-24 17:38:08 --> Session: Class initialized using 'CodeIgniter\Session\Handlers\FileHandler' driver.
DEBUG - 2026-07-24 17:48:41 --> Session: Class initialized using 'CodeIgniter\Session\Handlers\FileHandler' driver.
DEBUG - 2026-07-24 17:48:44 --> Session: Class initialized using 'CodeIgniter\Session\Handlers\FileHandler' driver.
DEBUG - 2026-07-24 17:58:51 --> Session: Class initialized using 'CodeIgniter\Session\Handlers\FileHandler' driver.
DEBUG - 2026-07-24 17:58:52 --> Session: Class initialized using 'CodeIgniter\Session\Handlers\FileHandler' driver.
DEBUG - 2026-07-24 17:58:55 --> Session: Class initialized using 'CodeIgniter\Session\Handlers\FileHandler' driver.
DEBUG - 2026-07-24 17:58:56 --> Session: Class initialized using 'CodeIgniter\Session\Handlers\FileHandler' driver.
DEBUG - 2026-07-24 17:58:56 --> Session: Class initialized using 'CodeIgniter\Session\Handlers\FileHandler' driver.
DEBUG - 2026-07-24 17:58:59 --> Session: Class initialized using 'CodeIgniter\Session\Handlers\FileHandler' driver.
DEBUG - 2026-07-24 17:59:00 --> Session: Class initialized using 'CodeIgniter\Session\Handlers\FileHandler' driver.
DEBUG - 2026-07-24 17:59:01 --> Session: Class initialized using 'CodeIgniter\Session\Handlers\FileHandler' driver.
DEBUG - 2026-07-24 17:59:03 --> Session: Class initialized using 'CodeIgniter\Session\Handlers\FileHandler' driver.
DEBUG - 2026-07-24 17:59:04 --> Session: Class initialized using 'CodeIgniter\Session\Handlers\FileHandler' driver.
DEBUG - 2026-07-24 17:59:45 --> Session: Class initialized using 'CodeIgniter\Session\Handlers\FileHandler' driver.
DEBUG - 2026-07-24 17:59:49 --> Session: Class initialized using 'CodeIgniter\Session\Handlers\FileHandler' driver.
