DEBUG - 2026-08-15 00:01:25 --> Session: Class initialized using 'CodeIgniter\Session\Handlers\FileHandler' driver.
DEBUG - 2026-08-15 00:01:26 --> Session: Class initialized using 'CodeIgniter\Session\Handlers\FileHandler' driver.
DEBUG - 2026-08-15 00:01:38 --> Session: Class initialized using 'CodeIgniter\Session\Handlers\FileHandler' driver.
DEBUG - 2026-08-15 00:19:28 --> Session: Class initialized using 'CodeIgniter\Session\Handlers\FileHandler' driver.
DEBUG - 2026-08-15 00:25:33 --> Session: Class initialized using 'CodeIgniter\Session\Handlers\FileHandler' driver.
DEBUG - 2026-08-15 00:25:40 --> Session: Class initialized using 'CodeIgniter\Session\Handlers\FileHandler' driver.
DEBUG - 2026-08-15 00:29:19 --> Session: Class initialized using 'CodeIgniter\Session\Handlers\FileHandler' driver.
DEBUG - 2026-08-15 00:32:36 --> Session: Class initialized using 'CodeIgniter\Session\Handlers\FileHandler' driver.
DEBUG - 2026-08-15 00:32:46 --> Session: Class initialized using 'CodeIgniter\Session\Handlers\FileHandler' driver.
DEBUG - 2026-08-15 00:32:47 --> Session: Class initialized using 'CodeIgniter\Session\Handlers\FileHandler' driver.
DEBUG - 2026-08-15 00:37:41 --> Session: Class initialized using 'CodeIgniter\Session\Handlers\FileHandler' driver.
DEBUG - 2026-08-15 00:37:42 --> Session: Class initialized using 'CodeIgniter\Session\Handlers\FileHandler' driver.
DEBUG - 2026-08-15 00:37:42 --> Session: Class initialized using 'CodeIgniter\Session\Handlers\FileHandler' driver.
DEBUG - 2026-08-15 00:37:43 --> Session: Class initialized using 'CodeIgniter\Session\Handlers\FileHandler' driver.
DEBUG - 2026-08-15 00:37:43 --> Session: Class initialized using 'CodeIgniter\Session\Handlers\FileHandler' driver.
DEBUG - 2026-08-15 00:48:37 --> Session: Class initialized using 'CodeIgniter\Session\Handlers\FileHandler' driver.
DEBUG - 2026-08-15 00:49:38 --> Session: Class initialized using 'CodeIgniter\Session\Handlers\FileHandler' driver.
DEBUG - 2026-08-15 00:50:00 --> Session: Class initialized using 'CodeIgniter\Session\Handlers\FileHandler' driver.
DEBUG - 2026-08-15 00:50:28 --> Session: Class initialized using 'CodeIgniter\Session\Handlers\FileHandler' driver.
DEBUG - 2026-08-15 00:53:31 --> Session: Class initialized using 'CodeIgniter\Session\Handlers\FileHandler' driver.
DEBUG - 2026-08-15 00:53:33 --> Session: Class initialized using 'CodeIgniter\Session\Handlers\FileHandler' driver.
DEBUG - 2026-08-15 00:53:33 --> Session: Class initialized using 'CodeIgniter\Session\Handlers\FileHandler' driver.
DEBUG - 2026-08-15 00:53:34 --> Session: Class initialized using 'CodeIgniter\Session\Handlers\FileHandler' driver.
DEBUG - 2026-08-15 00:53:34 --> Session: Class initialized using 'CodeIgniter\Session\Handlers\FileHandler' driver.
DEBUG - 2026-08-15 00:53:34 --> Session: Class initialized using 'CodeIgniter\Session\Handlers\FileHandler' driver.
DEBUG - 2026-08-15 00:53:35 --> Session: Class initialized using 'CodeIgniter\Session\Handlers\FileHandler' driver.
DEBUG - 2026-08-15 00:53:35 --> Session: Class initialized using 'CodeIgniter\Session\Handlers\FileHandler' driver.
DEBUG - 2026-08-15 00:53:35 --> Session: Class initialized using 'CodeIgniter\Session\Handlers\FileHandler' driver.
DEBUG - 2026-08-15 00:53:36 --> Session: Class initialized using 'CodeIgniter\Session\Handlers\FileHandler' driver.
DEBUG - 2026-08-15 00:53:36 --> Session: Class initialized using 'CodeIgniter\Session\Handlers\FileHandler' driver.
DEBUG - 2026-08-15 00:53:36 --> Session: Class initialized using 'CodeIgniter\Session\Handlers\FileHandler' driver.
DEBUG - 2026-08-15 00:54:34 --> Session: Class initialized using 'CodeIgniter\Session\Handlers\FileHandler' driver.
DEBUG - 2026-08-15 00:55:03 --> Session: Class initialized using 'CodeIgniter\Session\Handlers\FileHandler' driver.
DEBUG - 2026-08-15 00:55:07 --> Session: Class initialized using 'CodeIgniter\Session\Handlers\FileHandler' driver.
DEBUG - 2026-08-15 00:55:40 --> Session: Class initialized using 'CodeIgniter\Session\Handlers\FileHandler' driver.
DEBUG - 2026-08-15 00:55:40 --> Session: Class initialized using 'CodeIgniter\Session\Handlers\FileHandler' driver.
DEBUG - 2026-08-15 00:55:41 --> Session: Class initialized using 'CodeIgniter\Session\Handlers\FileHandler' driver.
DEBUG - 2026-08-15 00:55:41 --> Session: Class initialized using 'CodeIgniter\Session\Handlers\FileHandler' driver.
DEBUG - 2026-08-15 00:55:41 --> Session: Class initialized using 'CodeIgniter\Session\Handlers\FileHandler' driver.
DEBUG - 2026-08-15 00:55:42 --> Session: Class initialized using 'CodeIgniter\Session\Handlers\FileHandler' driver.
DEBUG - 2026-08-15 00:55:42 --> Session: Class initialized using 'CodeIgniter\Session\Handlers\FileHandler' driver.
DEBUG - 2026-08-15 00:55:42 --> Session: Class initialized using 'CodeIgniter\Session\Handlers\FileHandler' driver.
DEBUG - 2026-08-15 00:55:42 --> Session: Class initialized using 'CodeIgniter\Session\Handlers\FileHandler' driver.
DEBUG - 2026-08-15 00:55:43 --> Session: Class initialized using 'CodeIgniter\Session\Handlers\FileHandler' driver.
DEBUG - 2026-08-15 00:56:21 --> Session: Class initialized using 'CodeIgniter\Session\Handlers\FileHandler' driver.
DEBUG - 2026-08-15 01:00:34 --> Session: Class initialized using 'CodeIgniter\Session\Handlers\FileHandler' driver.
DEBUG - 2026-08-15 01:00:34 --> Session: Class initialized using 'CodeIgniter\Session\Handlers\FileHandler' driver.
DEBUG - 2026-08-15 01:00:35 --> Session: Class initialized using 'CodeIgniter\Session\Handlers\FileHandler' driver.
DEBUG - 2026-08-15 01:00:35 --> Session: Class initialized using 'CodeIgniter\Session\Handlers\FileHandler' driver.
DEBUG - 2026-08-15 01:00:36 --> Session: Class initialized using 'CodeIgniter\Session\Handlers\FileHandler' driver.
DEBUG - 2026-08-15 01:00:36 --> Session: Class initialized using 'CodeIgniter\Session\Handlers\FileHandler' driver.
DEBUG - 2026-08-15 01:00:36 --> Session: Class initialized using 'CodeIgniter\Session\Handlers\FileHandler' driver.
DEBUG - 2026-08-15 01:00:37 --> Session: Class initialized using 'CodeIgniter\Session\Handlers\FileHandler' driver.
DEBUG - 2026-08-15 01:00:37 --> Session: Class initialized using 'CodeIgniter\Session\Handlers\FileHandler' driver.
DEBUG - 2026-08-15 01:00:37 --> Session: Class initialized using 'CodeIgniter\Session\Handlers\FileHandler' driver.
DEBUG - 2026-08-15 01:00:37 --> Session: Class initialized using 'CodeIgniter\Session\Handlers\FileHandler' driver.
DEBUG - 2026-08-15 01:00:38 --> Session: Class initialized using 'CodeIgniter\Session\Handlers\FileHandler' driver.
DEBUG - 2026-08-15 01:00:38 --> Session: Class initialized using 'CodeIgniter\Session\Handlers\FileHandler' driver.
DEBUG - 2026-08-15 01:00:38 --> Session: Class initialized using 'CodeIgniter\Session\Handlers\FileHandler' driver.
DEBUG - 2026-08-15 01:00:39 --> Session: Class initialized using 'CodeIgniter\Session\Handlers\FileHandler' driver.
DEBUG - 2026-08-15 01:00:39 --> Session: Class initialized using 'CodeIgniter\Session\Handlers\FileHandler' driver.
DEBUG - 2026-08-15 01:00:39 --> Session: Class initialized using 'CodeIgniter\Session\Handlers\FileHandler' driver.
DEBUG - 2026-08-15 01:00:39 --> Session: Class initialized using 'CodeIgniter\Session\Handlers\FileHandler' driver.
DEBUG - 2026-08-15 01:00:40 --> Session: Class initialized using 'CodeIgniter\Session\Handlers\FileHandler' driver.
DEBUG - 2026-08-15 01:00:40 --> Session: Class initialized using 'CodeIgniter\Session\Handlers\FileHandler' driver.
DEBUG - 2026-08-15 01:00:40 --> Session: Class initialized using 'CodeIgniter\Session\Handlers\FileHandler' driver.
DEBUG - 2026-08-15 01:00:41 --> Session: Class initialized using 'CodeIgniter\Session\Handlers\FileHandler' driver.
DEBUG - 2026-08-15 01:00:41 --> Session: Class initialized using 'CodeIgniter\Session\Handlers\FileHandler' driver.
DEBUG - 2026-08-15 01:01:26 --> Session: Class initialized using 'CodeIgniter\Session\Handlers\FileHandler' driver.
DEBUG - 2026-08-15 01:01:53 --> Session: Class initialized using 'CodeIgniter\Session\Handlers\FileHandler' driver.
DEBUG - 2026-08-15 01:05:08 --> Session: Class initialized using 'CodeIgniter\Session\Handlers\FileHandler' driver.
DEBUG - 2026-08-15 01:05:09 --> Session: Class initialized using 'CodeIgniter\Session\Handlers\FileHandler' driver.
DEBUG - 2026-08-15 01:05:09 --> Session: Class initialized using 'CodeIgniter\Session\Handlers\FileHandler' driver.
DEBUG - 2026-08-15 01:05:10 --> Session: Class initialized using 'CodeIgniter\Session\Handlers\FileHandler' driver.
DEBUG - 2026-08-15 01:05:10 --> Session: Class initialized using 'CodeIgniter\Session\Handlers\FileHandler' driver.
DEBUG - 2026-08-15 01:05:10 --> Session: Class initialized using 'CodeIgniter\Session\Handlers\FileHandler' driver.
DEBUG - 2026-08-15 01:05:10 --> Session: Class initialized using 'CodeIgniter\Session\Handlers\FileHandler' driver.
DEBUG - 2026-08-15 01:05:11 --> Session: Class initialized using 'CodeIgniter\Session\Handlers\FileHandler' driver.
DEBUG - 2026-08-15 01:05:11 --> Session: Class initialized using 'CodeIgniter\Session\Handlers\FileHandler' driver.
DEBUG - 2026-08-15 01:05:11 --> Session: Class initialized using 'CodeIgniter\Session\Handlers\FileHandler' driver.
DEBUG - 2026-08-15 01:05:11 --> Session: Class initialized using 'CodeIgniter\Session\Handlers\FileHandler' driver.
DEBUG - 2026-08-15 01:05:12 --> Session: Class initialized using 'CodeIgniter\Session\Handlers\FileHandler' driver.
DEBUG - 2026-08-15 01:05:12 --> Session: Class initialized using 'CodeIgniter\Session\Handlers\FileHandler' driver.
DEBUG - 2026-08-15 01:05:12 --> Session: Class initialized using 'CodeIgniter\Session\Handlers\FileHandler' driver.
DEBUG - 2026-08-15 01:05:13 --> Session: Class initialized using 'CodeIgniter\Session\Handlers\FileHandler' driver.
DEBUG - 2026-08-15 01:05:13 --> Session: Class initialized using 'CodeIgniter\Session\Handlers\FileHandler' driver.
DEBUG - 2026-08-15 01:05:13 --> Session: Class initialized using 'CodeIgniter\Session\Handlers\FileHandler' driver.
DEBUG - 2026-08-15 01:05:13 --> Session: Class initialized using 'CodeIgniter\Session\Handlers\FileHandler' driver.
DEBUG - 2026-08-15 01:09:33 --> Session: Class initialized using 'CodeIgniter\Session\Handlers\FileHandler' driver.
DEBUG - 2026-08-15 01:25:48 --> Session: Class initialized using 'CodeIgniter\Session\Handlers\FileHandler' driver.
DEBUG - 2026-08-15 01:25:48 --> Session: Class initialized using 'CodeIgniter\Session\Handlers\FileHandler' driver.
DEBUG - 2026-08-15 01:25:49 --> Session: Class initialized using 'CodeIgniter\Session\Handlers\FileHandler' driver.
DEBUG - 2026-08-15 01:25:49 --> Session: Class initialized using 'CodeIgniter\Session\Handlers\FileHandler' driver.
DEBUG - 2026-08-15 01:25:49 --> Session: Class initialized using 'CodeIgniter\Session\Handlers\FileHandler' driver.
DEBUG - 2026-08-15 01:25:50 --> Session: Class initialized using 'CodeIgniter\Session\Handlers\FileHandler' driver.
DEBUG - 2026-08-15 01:25:50 --> Session: Class initialized using 'CodeIgniter\Session\Handlers\FileHandler' driver.
DEBUG - 2026-08-15 01:25:50 --> Session: Class initialized using 'CodeIgniter\Session\Handlers\FileHandler' driver.
DEBUG - 2026-08-15 01:25:50 --> Session: Class initialized using 'CodeIgniter\Session\Handlers\FileHandler' driver.
DEBUG - 2026-08-15 01:25:51 --> Session: Class initialized using 'CodeIgniter\Session\Handlers\FileHandler' driver.
DEBUG - 2026-08-15 01:25:51 --> Session: Class initialized using 'CodeIgniter\Session\Handlers\FileHandler' driver.
DEBUG - 2026-08-15 01:25:51 --> Session: Class initialized using 'CodeIgniter\Session\Handlers\FileHandler' driver.
DEBUG - 2026-08-15 01:25:51 --> Session: Class initialized using 'CodeIgniter\Session\Handlers\FileHandler' driver.
DEBUG - 2026-08-15 01:25:52 --> Session: Class initialized using 'CodeIgniter\Session\Handlers\FileHandler' driver.
DEBUG - 2026-08-15 01:25:52 --> Session: Class initialized using 'CodeIgniter\Session\Handlers\FileHandler' driver.
DEBUG - 2026-08-15 01:25:52 --> Session: Class initialized using 'CodeIgniter\Session\Handlers\FileHandler' driver.
DEBUG - 2026-08-15 01:25:52 --> Session: Class initialized using 'CodeIgniter\Session\Handlers\FileHandler' driver.
DEBUG - 2026-08-15 01:25:53 --> Session: Class initialized using 'CodeIgniter\Session\Handlers\FileHandler' driver.
DEBUG - 2026-08-15 01:25:53 --> Session: Class initialized using 'CodeIgniter\Session\Handlers\FileHandler' driver.
DEBUG - 2026-08-15 01:25:53 --> Session: Class initialized using 'CodeIgniter\Session\Handlers\FileHandler' driver.
DEBUG - 2026-08-15 01:26:41 --> Session: Class initialized using 'CodeIgniter\Session\Handlers\FileHandler' driver.
DEBUG - 2026-08-15 01:26:58 --> Session: Class initialized using 'CodeIgniter\Session\Handlers\FileHandler' driver.
DEBUG - 2026-08-15 01:29:03 --> Session: Class initialized using 'CodeIgniter\Session\Handlers\FileHandler' driver.
DEBUG - 2026-08-15 01:29:09 --> Session: Class initialized using 'CodeIgniter\Session\Handlers\FileHandler' driver.
DEBUG - 2026-08-15 01:29:10 --> Session: Class initialized using 'CodeIgniter\Session\Handlers\FileHandler' driver.
DEBUG - 2026-08-15 01:29:10 --> Session: Class initialized using 'CodeIgniter\Session\Handlers\FileHandler' driver.
DEBUG - 2026-08-15 01:29:11 --> Session: Class initialized using 'CodeIgniter\Session\Handlers\FileHandler' driver.
DEBUG - 2026-08-15 01:29:11 --> Session: Class initialized using 'CodeIgniter\Session\Handlers\FileHandler' driver.
DEBUG - 2026-08-15 01:29:12 --> Session: Class initialized using 'CodeIgniter\Session\Handlers\FileHandler' driver.
DEBUG - 2026-08-15 01:29:12 --> Session: Class initialized using 'CodeIgniter\Session\Handlers\FileHandler' driver.
DEBUG - 2026-08-15 01:29:12 --> Session: Class initialized using 'CodeIgniter\Session\Handlers\FileHandler' driver.
DEBUG - 2026-08-15 01:29:13 --> Session: Class initialized using 'CodeIgniter\Session\Handlers\FileHandler' driver.
DEBUG - 2026-08-15 01:29:13 --> Session: Class initialized using 'CodeIgniter\Session\Handlers\FileHandler' driver.
DEBUG - 2026-08-15 01:29:13 --> Session: Class initialized using 'CodeIgniter\Session\Handlers\FileHandler' driver.
DEBUG - 2026-08-15 01:29:13 --> Session: Class initialized using 'CodeIgniter\Session\Handlers\FileHandler' driver.
DEBUG - 2026-08-15 01:29:14 --> Session: Class initialized using 'CodeIgniter\Session\Handlers\FileHandler' driver.
DEBUG - 2026-08-15 01:29:14 --> Session: Class initialized using 'CodeIgniter\Session\Handlers\FileHandler' driver.
DEBUG - 2026-08-15 01:29:14 --> Session: Class initialized using 'CodeIgniter\Session\Handlers\FileHandler' driver.
DEBUG - 2026-08-15 01:29:15 --> Session: Class initialized using 'CodeIgniter\Session\Handlers\FileHandler' driver.
DEBUG - 2026-08-15 01:29:15 --> Session: Class initialized using 'CodeIgniter\Session\Handlers\FileHandler' driver.
DEBUG - 2026-08-15 01:29:15 --> Session: Class initialized using 'CodeIgniter\Session\Handlers\FileHandler' driver.
DEBUG - 2026-08-15 01:29:15 --> Session: Class initialized using 'CodeIgniter\Session\Handlers\FileHandler' driver.
DEBUG - 2026-08-15 01:29:16 --> Session: Class initialized using 'CodeIgniter\Session\Handlers\FileHandler' driver.
DEBUG - 2026-08-15 01:29:16 --> Session: Class initialized using 'CodeIgniter\Session\Handlers\FileHandler' driver.
DEBUG - 2026-08-15 01:29:16 --> Session: Class initialized using 'CodeIgniter\Session\Handlers\FileHandler' driver.
DEBUG - 2026-08-15 01:29:16 --> Session: Class initialized using 'CodeIgniter\Session\Handlers\FileHandler' driver.
DEBUG - 2026-08-15 01:29:17 --> Session: Class initialized using 'CodeIgniter\Session\Handlers\FileHandler' driver.
DEBUG - 2026-08-15 01:29:17 --> Session: Class initialized using 'CodeIgniter\Session\Handlers\FileHandler' driver.
DEBUG - 2026-08-15 01:29:17 --> Session: Class initialized using 'CodeIgniter\Session\Handlers\FileHandler' driver.
DEBUG - 2026-08-15 01:29:17 --> Session: Class initialized using 'CodeIgniter\Session\Handlers\FileHandler' driver.
DEBUG - 2026-08-15 01:29:18 --> Session: Class initialized using 'CodeIgniter\Session\Handlers\FileHandler' driver.
DEBUG - 2026-08-15 01:29:18 --> Session: Class initialized using 'CodeIgniter\Session\Handlers\FileHandler' driver.
DEBUG - 2026-08-15 01:29:18 --> Session: Class initialized using 'CodeIgniter\Session\Handlers\FileHandler' driver.
DEBUG - 2026-08-15 01:29:19 --> Session: Class initialized using 'CodeIgniter\Session\Handlers\FileHandler' driver.
DEBUG - 2026-08-15 01:29:19 --> Session: Class initialized using 'CodeIgniter\Session\Handlers\FileHandler' driver.
DEBUG - 2026-08-15 01:29:19 --> Session: Class initialized using 'CodeIgniter\Session\Handlers\FileHandler' driver.
DEBUG - 2026-08-15 01:30:46 --> Session: Class initialized using 'CodeIgniter\Session\Handlers\FileHandler' driver.
DEBUG - 2026-08-15 01:32:02 --> Session: Class initialized using 'CodeIgniter\Session\Handlers\FileHandler' driver.
DEBUG - 2026-08-15 01:32:15 --> Session: Class initialized using 'CodeIgniter\Session\Handlers\FileHandler' driver.
DEBUG - 2026-08-15 01:36:52 --> Session: Class initialized using 'CodeIgniter\Session\Handlers\FileHandler' driver.
DEBUG - 2026-08-15 01:36:54 --> Session: Class initialized using 'CodeIgniter\Session\Handlers\FileHandler' driver.
DEBUG - 2026-08-15 01:39:44 --> Session: Class initialized using 'CodeIgniter\Session\Handlers\FileHandler' driver.
DEBUG - 2026-08-15 01:39:44 --> Session: Class initialized using 'CodeIgniter\Session\Handlers\FileHandler' driver.
DEBUG - 2026-08-15 01:39:45 --> Session: Class initialized using 'CodeIgniter\Session\Handlers\FileHandler' driver.
DEBUG - 2026-08-15 01:39:45 --> Session: Class initialized using 'CodeIgniter\Session\Handlers\FileHandler' driver.
DEBUG - 2026-08-15 01:39:46 --> Session: Class initialized using 'CodeIgniter\Session\Handlers\FileHandler' driver.
DEBUG - 2026-08-15 01:39:46 --> Session: Class initialized using 'CodeIgniter\Session\Handlers\FileHandler' driver.
DEBUG - 2026-08-15 01:39:46 --> Session: Class initialized using 'CodeIgniter\Session\Handlers\FileHandler' driver.
DEBUG - 2026-08-15 01:39:46 --> Session: Class initialized using 'CodeIgniter\Session\Handlers\FileHandler' driver.
DEBUG - 2026-08-15 01:39:47 --> Session: Class initialized using 'CodeIgniter\Session\Handlers\FileHandler' driver.
DEBUG - 2026-08-15 01:39:47 --> Session: Class initialized using 'CodeIgniter\Session\Handlers\FileHandler' driver.
DEBUG - 2026-08-15 01:39:47 --> Session: Class initialized using 'CodeIgniter\Session\Handlers\FileHandler' driver.
DEBUG - 2026-08-15 01:39:48 --> Session: Class initialized using 'CodeIgniter\Session\Handlers\FileHandler' driver.
DEBUG - 2026-08-15 01:39:48 --> Session: Class initialized using 'CodeIgniter\Session\Handlers\FileHandler' driver.
DEBUG - 2026-08-15 01:39:48 --> Session: Class initialized using 'CodeIgniter\Session\Handlers\FileHandler' driver.
DEBUG - 2026-08-15 01:39:48 --> Session: Class initialized using 'CodeIgniter\Session\Handlers\FileHandler' driver.
DEBUG - 2026-08-15 01:39:49 --> Session: Class initialized using 'CodeIgniter\Session\Handlers\FileHandler' driver.
DEBUG - 2026-08-15 01:39:49 --> Session: Class initialized using 'CodeIgniter\Session\Handlers\FileHandler' driver.
DEBUG - 2026-08-15 01:44:11 --> Session: Class initialized using 'CodeIgniter\Session\Handlers\FileHandler' driver.
DEBUG - 2026-08-15 01:46:54 --> Session: Class initialized using 'CodeIgniter\Session\Handlers\FileHandler' driver.
DEBUG - 2026-08-15 01:46:54 --> Session: Class initialized using 'CodeIgniter\Session\Handlers\FileHandler' driver.
DEBUG - 2026-08-15 01:46:55 --> Session: Class initialized using 'CodeIgniter\Session\Handlers\FileHandler' driver.
DEBUG - 2026-08-15 01:46:55 --> Session: Class initialized using 'CodeIgniter\Session\Handlers\FileHandler' driver.
DEBUG - 2026-08-15 01:46:55 --> Session: Class initialized using 'CodeIgniter\Session\Handlers\FileHandler' driver.
DEBUG - 2026-08-15 01:46:56 --> Session: Class initialized using 'CodeIgniter\Session\Handlers\FileHandler' driver.
DEBUG - 2026-08-15 01:46:56 --> Session: Class initialized using 'CodeIgniter\Session\Handlers\FileHandler' driver.
DEBUG - 2026-08-15 01:46:56 --> Session: Class initialized using 'CodeIgniter\Session\Handlers\FileHandler' driver.
DEBUG - 2026-08-15 01:46:56 --> Session: Class initialized using 'CodeIgniter\Session\Handlers\FileHandler' driver.
DEBUG - 2026-08-15 01:49:37 --> Session: Class initialized using 'CodeIgniter\Session\Handlers\FileHandler' driver.
DEBUG - 2026-08-15 01:50:28 --> Session: Class initialized using 'CodeIgniter\Session\Handlers\FileHandler' driver.
DEBUG - 2026-08-15 01:51:04 --> Session: Class initialized using 'CodeIgniter\Session\Handlers\FileHandler' driver.
DEBUG - 2026-08-15 01:53:47 --> Session: Class initialized using 'CodeIgniter\Session\Handlers\FileHandler' driver.
DEBUG - 2026-08-15 01:55:11 --> Session: Class initialized using 'CodeIgniter\Session\Handlers\FileHandler' driver.
DEBUG - 2026-08-15 01:55:14 --> Session: Class initialized using 'CodeIgniter\Session\Handlers\FileHandler' driver.
DEBUG - 2026-08-15 02:54:38 --> Session: Class initialized using 'CodeIgniter\Session\Handlers\FileHandler' driver.
DEBUG - 2026-08-15 02:56:00 --> Session: Class initialized using 'CodeIgniter\Session\Handlers\FileHandler' driver.
DEBUG - 2026-08-15 02:56:03 --> Session: Class initialized using 'CodeIgniter\Session\Handlers\FileHandler' driver.
DEBUG - 2026-08-15 03:05:11 --> Session: Class initialized using 'CodeIgniter\Session\Handlers\FileHandler' driver.
DEBUG - 2026-08-15 03:05:12 --> Session: Class initialized using 'CodeIgniter\Session\Handlers\FileHandler' driver.
DEBUG - 2026-08-15 03:05:17 --> Session: Class initialized using 'CodeIgniter\Session\Handlers\FileHandler' driver.
DEBUG - 2026-08-15 03:05:22 --> Session: Class initialized using 'CodeIgniter\Session\Handlers\FileHandler' driver.
DEBUG - 2026-08-15 03:05:28 --> Session: Class initialized using 'CodeIgniter\Session\Handlers\FileHandler' driver.
DEBUG - 2026-08-15 03:05:28 --> Session: Class initialized using 'CodeIgniter\Session\Handlers\FileHandler' driver.
DEBUG - 2026-08-15 03:05:29 --> Session: Class initialized using 'CodeIgniter\Session\Handlers\FileHandler' driver.
DEBUG - 2026-08-15 03:05:29 --> Session: Class initialized using 'CodeIgniter\Session\Handlers\FileHandler' driver.
DEBUG - 2026-08-15 03:05:30 --> Session: Class initialized using 'CodeIgniter\Session\Handlers\FileHandler' driver.
DEBUG - 2026-08-15 03:05:30 --> Session: Class initialized using 'CodeIgniter\Session\Handlers\FileHandler' driver.
DEBUG - 2026-08-15 03:05:31 --> Session: Class initialized using 'CodeIgniter\Session\Handlers\FileHandler' driver.
DEBUG - 2026-08-15 03:05:31 --> Session: Class initialized using 'CodeIgniter\Session\Handlers\FileHandler' driver.
DEBUG - 2026-08-15 03:05:31 --> Session: Class initialized using 'CodeIgniter\Session\Handlers\FileHandler' driver.
DEBUG - 2026-08-15 03:05:32 --> Session: Class initialized using 'CodeIgniter\Session\Handlers\FileHandler' driver.
DEBUG - 2026-08-15 03:05:32 --> Session: Class initialized using 'CodeIgniter\Session\Handlers\FileHandler' driver.
DEBUG - 2026-08-15 03:05:33 --> Session: Class initialized using 'CodeIgniter\Session\Handlers\FileHandler' driver.
DEBUG - 2026-08-15 03:05:33 --> Session: Class initialized using 'CodeIgniter\Session\Handlers\FileHandler' driver.
DEBUG - 2026-08-15 03:05:33 --> Session: Class initialized using 'CodeIgniter\Session\Handlers\FileHandler' driver.
DEBUG - 2026-08-15 03:05:33 --> Session: Class initialized using 'CodeIgniter\Session\Handlers\FileHandler' driver.
DEBUG - 2026-08-15 03:05:34 --> Session: Class initialized using 'CodeIgniter\Session\Handlers\FileHandler' driver.
DEBUG - 2026-08-15 03:05:34 --> Session: Class initialized using 'CodeIgniter\Session\Handlers\FileHandler' driver.
DEBUG - 2026-08-15 03:05:34 --> Session: Class initialized using 'CodeIgniter\Session\Handlers\FileHandler' driver.
DEBUG - 2026-08-15 03:05:35 --> Session: Class initialized using 'CodeIgniter\Session\Handlers\FileHandler' driver.
DEBUG - 2026-08-15 03:05:35 --> Session: Class initialized using 'CodeIgniter\Session\Handlers\FileHandler' driver.
DEBUG - 2026-08-15 03:05:36 --> Session: Class initialized using 'CodeIgniter\Session\Handlers\FileHandler' driver.
DEBUG - 2026-08-15 03:05:36 --> Session: Class initialized using 'CodeIgniter\Session\Handlers\FileHandler' driver.
DEBUG - 2026-08-15 03:05:37 --> Session: Class initialized using 'CodeIgniter\Session\Handlers\FileHandler' driver.
DEBUG - 2026-08-15 03:05:37 --> Session: Class initialized using 'CodeIgniter\Session\Handlers\FileHandler' driver.
DEBUG - 2026-08-15 03:05:37 --> Session: Class initialized using 'CodeIgniter\Session\Handlers\FileHandler' driver.
DEBUG - 2026-08-15 03:05:38 --> Session: Class initialized using 'CodeIgniter\Session\Handlers\FileHandler' driver.
DEBUG - 2026-08-15 03:05:38 --> Session: Class initialized using 'CodeIgniter\Session\Handlers\FileHandler' driver.
DEBUG - 2026-08-15 03:05:39 --> Session: Class initialized using 'CodeIgniter\Session\Handlers\FileHandler' driver.
DEBUG - 2026-08-15 03:05:39 --> Session: Class initialized using 'CodeIgniter\Session\Handlers\FileHandler' driver.
DEBUG - 2026-08-15 03:05:39 --> Session: Class initialized using 'CodeIgniter\Session\Handlers\FileHandler' driver.
DEBUG - 2026-08-15 03:05:40 --> Session: Class initialized using 'CodeIgniter\Session\Handlers\FileHandler' driver.
DEBUG - 2026-08-15 03:05:40 --> Session: Class initialized using 'CodeIgniter\Session\Handlers\FileHandler' driver.
DEBUG - 2026-08-15 03:05:40 --> Session: Class initialized using 'CodeIgniter\Session\Handlers\FileHandler' driver.
DEBUG - 2026-08-15 03:05:41 --> Session: Class initialized using 'CodeIgniter\Session\Handlers\FileHandler' driver.
DEBUG - 2026-08-15 03:05:41 --> Session: Class initialized using 'CodeIgniter\Session\Handlers\FileHandler' driver.
DEBUG - 2026-08-15 03:05:41 --> Session: Class initialized using 'CodeIgniter\Session\Handlers\FileHandler' driver.
DEBUG - 2026-08-15 03:05:42 --> Session: Class initialized using 'CodeIgniter\Session\Handlers\FileHandler' driver.
DEBUG - 2026-08-15 03:05:42 --> Session: Class initialized using 'CodeIgniter\Session\Handlers\FileHandler' driver.
DEBUG - 2026-08-15 03:05:42 --> Session: Class initialized using 'CodeIgniter\Session\Handlers\FileHandler' driver.
DEBUG - 2026-08-15 03:05:42 --> Session: Class initialized using 'CodeIgniter\Session\Handlers\FileHandler' driver.
DEBUG - 2026-08-15 03:05:43 --> Session: Class initialized using 'CodeIgniter\Session\Handlers\FileHandler' driver.
DEBUG - 2026-08-15 03:05:43 --> Session: Class initialized using 'CodeIgniter\Session\Handlers\FileHandler' driver.
DEBUG - 2026-08-15 03:05:54 --> Session: Class initialized using 'CodeIgniter\Session\Handlers\FileHandler' driver.
DEBUG - 2026-08-15 03:08:24 --> Session: Class initialized using 'CodeIgniter\Session\Handlers\FileHandler' driver.
DEBUG - 2026-08-15 03:08:24 --> Session: Class initialized using 'CodeIgniter\Session\Handlers\FileHandler' driver.
DEBUG - 2026-08-15 03:08:34 --> Session: Class initialized using 'CodeIgniter\Session\Handlers\FileHandler' driver.
DEBUG - 2026-08-15 03:09:55 --> Session: Class initialized using 'CodeIgniter\Session\Handlers\FileHandler' driver.
DEBUG - 2026-08-15 03:12:13 --> Session: Class initialized using 'CodeIgniter\Session\Handlers\FileHandler' driver.
DEBUG - 2026-08-15 03:12:13 --> Session: Class initialized using 'CodeIgniter\Session\Handlers\FileHandler' driver.
DEBUG - 2026-08-15 03:14:36 --> Session: Class initialized using 'CodeIgniter\Session\Handlers\FileHandler' driver.
DEBUG - 2026-08-15 03:16:38 --> Session: Class initialized using 'CodeIgniter\Session\Handlers\FileHandler' driver.
DEBUG - 2026-08-15 03:17:11 --> Session: Class initialized using 'CodeIgniter\Session\Handlers\FileHandler' driver.
DEBUG - 2026-08-15 03:17:29 --> Session: Class initialized using 'CodeIgniter\Session\Handlers\FileHandler' driver.
DEBUG - 2026-08-15 03:18:22 --> Session: Class initialized using 'CodeIgniter\Session\Handlers\FileHandler' driver.
DEBUG - 2026-08-15 03:18:31 --> Session: Class initialized using 'CodeIgniter\Session\Handlers\FileHandler' driver.
DEBUG - 2026-08-15 03:18:32 --> Session: Class initialized using 'CodeIgniter\Session\Handlers\FileHandler' driver.
DEBUG - 2026-08-15 03:18:32 --> Session: Class initialized using 'CodeIgniter\Session\Handlers\FileHandler' driver.
DEBUG - 2026-08-15 03:18:33 --> Session: Class initialized using 'CodeIgniter\Session\Handlers\FileHandler' driver.
DEBUG - 2026-08-15 03:18:33 --> Session: Class initialized using 'CodeIgniter\Session\Handlers\FileHandler' driver.
DEBUG - 2026-08-15 03:18:33 --> Session: Class initialized using 'CodeIgniter\Session\Handlers\FileHandler' driver.
DEBUG - 2026-08-15 03:18:34 --> Session: Class initialized using 'CodeIgniter\Session\Handlers\FileHandler' driver.
DEBUG - 2026-08-15 03:18:34 --> Session: Class initialized using 'CodeIgniter\Session\Handlers\FileHandler' driver.
DEBUG - 2026-08-15 03:18:34 --> Session: Class initialized using 'CodeIgniter\Session\Handlers\FileHandler' driver.
DEBUG - 2026-08-15 03:18:34 --> Session: Class initialized using 'CodeIgniter\Session\Handlers\FileHandler' driver.
DEBUG - 2026-08-15 03:18:35 --> Session: Class initialized using 'CodeIgniter\Session\Handlers\FileHandler' driver.
DEBUG - 2026-08-15 03:18:36 --> Session: Class initialized using 'CodeIgniter\Session\Handlers\FileHandler' driver.
DEBUG - 2026-08-15 03:18:36 --> Session: Class initialized using 'CodeIgniter\Session\Handlers\FileHandler' driver.
DEBUG - 2026-08-15 03:18:36 --> Session: Class initialized using 'CodeIgniter\Session\Handlers\FileHandler' driver.
DEBUG - 2026-08-15 03:18:36 --> Session: Class initialized using 'CodeIgniter\Session\Handlers\FileHandler' driver.
DEBUG - 2026-08-15 03:18:37 --> Session: Class initialized using 'CodeIgniter\Session\Handlers\FileHandler' driver.
DEBUG - 2026-08-15 03:18:37 --> Session: Class initialized using 'CodeIgniter\Session\Handlers\FileHandler' driver.
DEBUG - 2026-08-15 03:18:37 --> Session: Class initialized using 'CodeIgniter\Session\Handlers\FileHandler' driver.
DEBUG - 2026-08-15 03:18:37 --> Session: Class initialized using 'CodeIgniter\Session\Handlers\FileHandler' driver.
DEBUG - 2026-08-15 03:18:38 --> Session: Class initialized using 'CodeIgniter\Session\Handlers\FileHandler' driver.
DEBUG - 2026-08-15 03:18:38 --> Session: Class initialized using 'CodeIgniter\Session\Handlers\FileHandler' driver.
DEBUG - 2026-08-15 03:18:38 --> Session: Class initialized using 'CodeIgniter\Session\Handlers\FileHandler' driver.
DEBUG - 2026-08-15 03:18:38 --> Session: Class initialized using 'CodeIgniter\Session\Handlers\FileHandler' driver.
DEBUG - 2026-08-15 03:18:39 --> Session: Class initialized using 'CodeIgniter\Session\Handlers\FileHandler' driver.
DEBUG - 2026-08-15 03:18:39 --> Session: Class initialized using 'CodeIgniter\Session\Handlers\FileHandler' driver.
DEBUG - 2026-08-15 03:18:39 --> Session: Class initialized using 'CodeIgniter\Session\Handlers\FileHandler' driver.
DEBUG - 2026-08-15 03:18:40 --> Session: Class initialized using 'CodeIgniter\Session\Handlers\FileHandler' driver.
DEBUG - 2026-08-15 03:18:40 --> Session: Class initialized using 'CodeIgniter\Session\Handlers\FileHandler' driver.
DEBUG - 2026-08-15 03:18:40 --> Session: Class initialized using 'CodeIgniter\Session\Handlers\FileHandler' driver.
DEBUG - 2026-08-15 03:20:08 --> Session: Class initialized using 'CodeIgniter\Session\Handlers\FileHandler' driver.
DEBUG - 2026-08-15 03:21:15 --> Session: Class initialized using 'CodeIgniter\Session\Handlers\FileHandler' driver.
DEBUG - 2026-08-15 03:23:18 --> Session: Class initialized using 'CodeIgniter\Session\Handlers\FileHandler' driver.
DEBUG - 2026-08-15 03:27:45 --> Session: Class initialized using 'CodeIgniter\Session\Handlers\FileHandler' driver.
DEBUG - 2026-08-15 03:27:52 --> Session: Class initialized using 'CodeIgniter\Session\Handlers\FileHandler' driver.
CRITICAL - 2026-08-15 03:27:52 --> ErrorException: Undefined variable $brand_show
[Method: GET, Route: purchase]
in APPPATH\Views\purchase\purchase_add.php on line 364.
 1 APPPATH\Views\purchase\purchase_add.php(364): CodeIgniter\Debug\Exceptions->errorHandler(2, 'Undefined variable $brand_show', 'C:\\laragon\\www\\pharmacy-project\\app\\Views\\purchase\\purchase_add.php', 364)
 2 SYSTEMPATH\View\View.php(226): include('C:\\laragon\\www\\pharmacy-project\\app\\Views\\purchase\\purchase_add.php')
 3 SYSTEMPATH\View\View.php(229): CodeIgniter\View\View->CodeIgniter\View\{closure}()
 4 SYSTEMPATH\Common.php(1167): CodeIgniter\View\View->render('purchase/purchase_add', [], true)
 5 APPPATH\Controllers\PurchaseController.php(68): view('purchase/purchase_add', [...])
 6 SYSTEMPATH\CodeIgniter.php(933): App\Controllers\PurchaseController->index()
 7 SYSTEMPATH\CodeIgniter.php(507): CodeIgniter\CodeIgniter->runController(Object(App\Controllers\PurchaseController))
 8 SYSTEMPATH\CodeIgniter.php(354): CodeIgniter\CodeIgniter->handleRequest(null, Object(Config\Cache), false)
 9 SYSTEMPATH\Boot.php(363): CodeIgniter\CodeIgniter->run()
10 SYSTEMPATH\Boot.php(68): CodeIgniter\Boot::runCodeIgniter(Object(CodeIgniter\CodeIgniter))
11 FCPATH\index.php(59): CodeIgniter\Boot::bootWeb(Object(Config\Paths))
DEBUG - 2026-08-15 03:32:19 --> Session: Class initialized using 'CodeIgniter\Session\Handlers\FileHandler' driver.
DEBUG - 2026-08-15 03:32:22 --> Session: Class initialized using 'CodeIgniter\Session\Handlers\FileHandler' driver.
DEBUG - 2026-08-15 03:33:58 --> Session: Class initialized using 'CodeIgniter\Session\Handlers\FileHandler' driver.
DEBUG - 2026-08-15 03:33:59 --> Session: Class initialized using 'CodeIgniter\Session\Handlers\FileHandler' driver.
DEBUG - 2026-08-15 03:34:37 --> Session: Class initialized using 'CodeIgniter\Session\Handlers\FileHandler' driver.
DEBUG - 2026-08-15 03:34:40 --> Session: Class initialized using 'CodeIgniter\Session\Handlers\FileHandler' driver.
DEBUG - 2026-08-15 03:39:18 --> Session: Class initialized using 'CodeIgniter\Session\Handlers\FileHandler' driver.
DEBUG - 2026-08-15 03:57:00 --> Session: Class initialized using 'CodeIgniter\Session\Handlers\FileHandler' driver.
DEBUG - 2026-08-15 03:57:57 --> Session: Class initialized using 'CodeIgniter\Session\Handlers\FileHandler' driver.
DEBUG - 2026-08-15 03:58:00 --> Session: Class initialized using 'CodeIgniter\Session\Handlers\FileHandler' driver.
DEBUG - 2026-08-15 03:58:56 --> Session: Class initialized using 'CodeIgniter\Session\Handlers\FileHandler' driver.
DEBUG - 2026-08-15 03:59:46 --> Session: Class initialized using 'CodeIgniter\Session\Handlers\FileHandler' driver.
DEBUG - 2026-08-15 03:59:52 --> Session: Class initialized using 'CodeIgniter\Session\Handlers\FileHandler' driver.
DEBUG - 2026-08-15 04:05:19 --> Session: Class initialized using 'CodeIgniter\Session\Handlers\FileHandler' driver.
DEBUG - 2026-08-15 04:09:49 --> Session: Class initialized using 'CodeIgniter\Session\Handlers\FileHandler' driver.
DEBUG - 2026-08-15 05:43:18 --> Session: Class initialized using 'CodeIgniter\Session\Handlers\FileHandler' driver.
DEBUG - 2026-08-15 06:05:25 --> Session: Class initialized using 'CodeIgniter\Session\Handlers\FileHandler' driver.
ERROR - 2026-08-15 06:05:25 --> mysqli_sql_exception: Unknown column 'pos.selling_price' in 'field list' in C:\laragon\www\pharmacy-project\system\Database\MySQLi\Connection.php:327
Stack trace:
#0 C:\laragon\www\pharmacy-project\system\Database\MySQLi\Connection.php(327): mysqli->query('SELECT pr.produ...', 0)
#1 C:\laragon\www\pharmacy-project\system\Database\BaseConnection.php(729): CodeIgniter\Database\MySQLi\Connection->execute('SELECT pr.produ...')
#2 C:\laragon\www\pharmacy-project\system\Database\BaseConnection.php(646): CodeIgniter\Database\BaseConnection->simpleQuery('SELECT pr.produ...')
#3 C:\laragon\www\pharmacy-project\system\Database\BaseBuilder.php(1649): CodeIgniter\Database\BaseConnection->query('SELECT pr.produ...', Array, false)
#4 C:\laragon\www\pharmacy-project\app\Models\ProductModel.php(1219): CodeIgniter\Database\BaseBuilder->get()
#5 C:\laragon\www\pharmacy-project\app\Controllers\PurchaseController.php(54): App\Models\ProductModel->getProductsWithCurrentStock()
#6 C:\laragon\www\pharmacy-project\system\CodeIgniter.php(933): App\Controllers\PurchaseController->index()
#7 C:\laragon\www\pharmacy-project\system\CodeIgniter.php(507): CodeIgniter\CodeIgniter->runController(Object(App\Controllers\PurchaseController))
#8 C:\laragon\www\pharmacy-project\system\CodeIgniter.php(354): CodeIgniter\CodeIgniter->handleRequest(NULL, Object(Config\Cache), false)
#9 C:\laragon\www\pharmacy-project\system\Boot.php(363): CodeIgniter\CodeIgniter->run()
#10 C:\laragon\www\pharmacy-project\system\Boot.php(68): CodeIgniter\Boot::runCodeIgniter(Object(CodeIgniter\CodeIgniter))
#11 C:\laragon\www\pharmacy-project\index.php(59): CodeIgniter\Boot::bootWeb(Object(Config\Paths))
#12 {main}
CRITICAL - 2026-08-15 06:05:25 --> CodeIgniter\Database\Exceptions\DatabaseException: Unknown column 'pos.selling_price' in 'field list'
[Method: GET, Route: purchase]
in SYSTEMPATH\Database\BaseConnection.php on line 684.
 1 SYSTEMPATH\Database\BaseBuilder.php(1649): CodeIgniter\Database\BaseConnection->query('SELECT pr.product_id,
        pr.product_name,
        pr.product_category,
        pr.product_brand,
        pr.product_group,
        pr.product_strength,
        pr.product_unit,
        pr.sku,
        pr.barcode,
        pr.alert_quantity,
        pr.product_image,
        pr.status,

        pc.category_name,
        pb.product_brand_name,
        pg.group_name,
        ps.strength_name,

        /* ==============================
           TAX TYPE
           ============================== */

        COALESCE(
            NULLIF(pos.tax_type, \'\'),
            CASE
                WHEN COALESCE(lp.tax_percentage, 0) > 0
                THEN \'with_tax\'
                ELSE \'without_tax\'
            END
        ) AS tax_type,

        /* ==============================
           TAX
           ============================== */

        COALESCE(
            pos.tax_id,
            lp.tax_id
        ) AS tax_id,

        tx.tax_name,

        COALESCE(
            pos.tax_percentage,
            lp.tax_percentage,
            0
        ) AS tax_percentage,

        COALESCE(
            pos.tax_amount,
            lp.product_wise_vat_amount,
            0
        ) AS tax_amount,

        /* ==============================
           PURCHASE PRICE WITHOUT VAT
           Opening stock first
           Latest purchase fallback
           ============================== */

        COALESCE(
            NULLIF(pos.purchase_price_without_vat, 0),
            NULLIF(lp.base_price_per_unit, 0),
            0
        ) AS purchase_price_without_vat,

        /* ==============================
           PURCHASE PRICE WITH VAT
           Opening stock first
           Latest purchase fallback
           ============================== */

        COALESCE(
            NULLIF(pos.purchase_price_with_vat, 0),
            NULLIF(lp.purchase_price, 0),
            0
        ) AS purchase_price_with_vat,

        /* ==============================
           PROFIT MARGIN
           ============================== */

        COALESCE(
            NULLIF(pos.profit_margin_percent, 0),
            0
        ) AS profit_margin_percent,

/* ==============================
   SELLING UNIT PRICE
   pos.selling_price is already unit price
   lp.selling_price needs conversion
   ============================== */

CASE

    WHEN NULLIF(pos.selling_price, 0) IS NOT NULL
    THEN pos.selling_price

    WHEN NULLIF(lp.selling_price, 0) IS NOT NULL
    THEN
        lp.selling_price /
        (
            GREATEST(COALESCE(lp.quantity_per_pack, 1), 1)
            *
            GREATEST(COALESCE(lp.box_quantity, 1), 1)
        )

    ELSE 0

END AS selling_unit_price,

        /* ==============================
           CURRENT STOCK
           ============================== */

        COALESCE(
            sl.total_stock,
            0
        ) AS total_stock
FROM `products` `pr`
LEFT JOIN (
            SELECT
                product_id,
                SUM(qty_in - qty_out) AS total_stock
            FROM stock_ledger
            GROUP BY product_id
        ) sl ON sl.product_id = pr.product_id
LEFT JOIN (
            SELECT os.*
            FROM product_opening_stock os

            INNER JOIN (
                SELECT
                    product_id,
                    MAX(opening_stock_id) AS latest_opening_stock_id

                FROM product_opening_stock

                WHERE status = \'active\'

                GROUP BY product_id

            ) x

            ON x.latest_opening_stock_id = os.opening_stock_id

        ) pos ON pos.product_id = pr.product_id
LEFT JOIN (
            SELECT ppd.*

            FROM product_purchase_details ppd

            INNER JOIN (
                SELECT
                    ppd2.product_id,
                    MAX(ppd2.purchase_details_id)
                        AS latest_purchase_details_id

                FROM product_purchase_details ppd2

                INNER JOIN product_purchase pp2
                    ON pp2.purchase_id = ppd2.purchase_id

                WHERE pp2.status = \'active\'

                GROUP BY ppd2.product_id

            ) latest

            ON latest.latest_purchase_details_id
               = ppd.purchase_details_id

        ) lp ON lp.product_id = pr.product_id
LEFT JOIN tax tx ON tx.tax_id = COALESCE(pos.tax_id, lp.tax_id)
LEFT JOIN `product_category` `pc` ON `pc`.`product_category_id` = `pr`.`product_category`
LEFT JOIN `product_brand` `pb` ON `pb`.`brand_id` = `pr`.`product_brand`
LEFT JOIN `product_group` `pg` ON `pg`.`product_group_id` = `pr`.`product_group`
LEFT JOIN `product_strength` `ps` ON `ps`.`strength_id` = `pr`.`product_strength`
WHERE `pr`.`status` = :pr.status:
ORDER BY `pr`.`product_name` ASC', [...], false)
 2 APPPATH\Models\ProductModel.php(1219): CodeIgniter\Database\BaseBuilder->get()
 3 APPPATH\Controllers\PurchaseController.php(54): App\Models\ProductModel->getProductsWithCurrentStock()
 4 SYSTEMPATH\CodeIgniter.php(933): App\Controllers\PurchaseController->index()
 5 SYSTEMPATH\CodeIgniter.php(507): CodeIgniter\CodeIgniter->runController(Object(App\Controllers\PurchaseController))
 6 SYSTEMPATH\CodeIgniter.php(354): CodeIgniter\CodeIgniter->handleRequest(null, Object(Config\Cache), false)
 7 SYSTEMPATH\Boot.php(363): CodeIgniter\CodeIgniter->run()
 8 SYSTEMPATH\Boot.php(68): CodeIgniter\Boot::runCodeIgniter(Object(CodeIgniter\CodeIgniter))
 9 FCPATH\index.php(59): CodeIgniter\Boot::bootWeb(Object(Config\Paths))
CRITICAL - 2026-08-15 06:05:25 --> [Caused by] CodeIgniter\Database\Exceptions\DatabaseException: Unknown column 'pos.selling_price' in 'field list'
in SYSTEMPATH\Database\MySQLi\Connection.php on line 332.
 1 SYSTEMPATH\Database\BaseConnection.php(729): CodeIgniter\Database\MySQLi\Connection->execute('SELECT pr.product_id,
        pr.product_name,
        pr.product_category,
        pr.product_brand,
        pr.product_group,
        pr.product_strength,
        pr.product_unit,
        pr.sku,
        pr.barcode,
        pr.alert_quantity,
        pr.product_image,
        pr.status,

        pc.category_name,
        pb.product_brand_name,
        pg.group_name,
        ps.strength_name,

        /* ==============================
           TAX TYPE
           ============================== */

        COALESCE(
            NULLIF(pos.tax_type, \'\'),
            CASE
                WHEN COALESCE(lp.tax_percentage, 0) > 0
                THEN \'with_tax\'
                ELSE \'without_tax\'
            END
        ) AS tax_type,

        /* ==============================
           TAX
           ============================== */

        COALESCE(
            pos.tax_id,
            lp.tax_id
        ) AS tax_id,

        tx.tax_name,

        COALESCE(
            pos.tax_percentage,
            lp.tax_percentage,
            0
        ) AS tax_percentage,

        COALESCE(
            pos.tax_amount,
            lp.product_wise_vat_amount,
            0
        ) AS tax_amount,

        /* ==============================
           PURCHASE PRICE WITHOUT VAT
           Opening stock first
           Latest purchase fallback
           ============================== */

        COALESCE(
            NULLIF(pos.purchase_price_without_vat, 0),
            NULLIF(lp.base_price_per_unit, 0),
            0
        ) AS purchase_price_without_vat,

        /* ==============================
           PURCHASE PRICE WITH VAT
           Opening stock first
           Latest purchase fallback
           ============================== */

        COALESCE(
            NULLIF(pos.purchase_price_with_vat, 0),
            NULLIF(lp.purchase_price, 0),
            0
        ) AS purchase_price_with_vat,

        /* ==============================
           PROFIT MARGIN
           ============================== */

        COALESCE(
            NULLIF(pos.profit_margin_percent, 0),
            0
        ) AS profit_margin_percent,

/* ==============================
   SELLING UNIT PRICE
   pos.selling_price is already unit price
   lp.selling_price needs conversion
   ============================== */

CASE

    WHEN NULLIF(pos.selling_price, 0) IS NOT NULL
    THEN pos.selling_price

    WHEN NULLIF(lp.selling_price, 0) IS NOT NULL
    THEN
        lp.selling_price /
        (
            GREATEST(COALESCE(lp.quantity_per_pack, 1), 1)
            *
            GREATEST(COALESCE(lp.box_quantity, 1), 1)
        )

    ELSE 0

END AS selling_unit_price,

        /* ==============================
           CURRENT STOCK
           ============================== */

        COALESCE(
            sl.total_stock,
            0
        ) AS total_stock
FROM `products` `pr`
LEFT JOIN (
            SELECT
                product_id,
                SUM(qty_in - qty_out) AS total_stock
            FROM stock_ledger
            GROUP BY product_id
        ) sl ON sl.product_id = pr.product_id
LEFT JOIN (
            SELECT os.*
            FROM product_opening_stock os

            INNER JOIN (
                SELECT
                    product_id,
                    MAX(opening_stock_id) AS latest_opening_stock_id

                FROM product_opening_stock

                WHERE status = \'active\'

                GROUP BY product_id

            ) x

            ON x.latest_opening_stock_id = os.opening_stock_id

        ) pos ON pos.product_id = pr.product_id
LEFT JOIN (
            SELECT ppd.*

            FROM product_purchase_details ppd

            INNER JOIN (
                SELECT
                    ppd2.product_id,
                    MAX(ppd2.purchase_details_id)
                        AS latest_purchase_details_id

                FROM product_purchase_details ppd2

                INNER JOIN product_purchase pp2
                    ON pp2.purchase_id = ppd2.purchase_id

                WHERE pp2.status = \'active\'

                GROUP BY ppd2.product_id

            ) latest

            ON latest.latest_purchase_details_id
               = ppd.purchase_details_id

        ) lp ON lp.product_id = pr.product_id
LEFT JOIN tax tx ON tx.tax_id = COALESCE(pos.tax_id, lp.tax_id)
LEFT JOIN `product_category` `pc` ON `pc`.`product_category_id` = `pr`.`product_category`
LEFT JOIN `product_brand` `pb` ON `pb`.`brand_id` = `pr`.`product_brand`
LEFT JOIN `product_group` `pg` ON `pg`.`product_group_id` = `pr`.`product_group`
LEFT JOIN `product_strength` `ps` ON `ps`.`strength_id` = `pr`.`product_strength`
WHERE `pr`.`status` = \'active\'
ORDER BY `pr`.`product_name` ASC')
 2 SYSTEMPATH\Database\BaseConnection.php(646): CodeIgniter\Database\BaseConnection->simpleQuery('SELECT pr.product_id,
        pr.product_name,
        pr.product_category,
        pr.product_brand,
        pr.product_group,
        pr.product_strength,
        pr.product_unit,
        pr.sku,
        pr.barcode,
        pr.alert_quantity,
        pr.product_image,
        pr.status,

        pc.category_name,
        pb.product_brand_name,
        pg.group_name,
        ps.strength_name,

        /* ==============================
           TAX TYPE
           ============================== */

        COALESCE(
            NULLIF(pos.tax_type, \'\'),
            CASE
                WHEN COALESCE(lp.tax_percentage, 0) > 0
                THEN \'with_tax\'
                ELSE \'without_tax\'
            END
        ) AS tax_type,

        /* ==============================
           TAX
           ============================== */

        COALESCE(
            pos.tax_id,
            lp.tax_id
        ) AS tax_id,

        tx.tax_name,

        COALESCE(
            pos.tax_percentage,
            lp.tax_percentage,
            0
        ) AS tax_percentage,

        COALESCE(
            pos.tax_amount,
            lp.product_wise_vat_amount,
            0
        ) AS tax_amount,

        /* ==============================
           PURCHASE PRICE WITHOUT VAT
           Opening stock first
           Latest purchase fallback
           ============================== */

        COALESCE(
            NULLIF(pos.purchase_price_without_vat, 0),
            NULLIF(lp.base_price_per_unit, 0),
            0
        ) AS purchase_price_without_vat,

        /* ==============================
           PURCHASE PRICE WITH VAT
           Opening stock first
           Latest purchase fallback
           ============================== */

        COALESCE(
            NULLIF(pos.purchase_price_with_vat, 0),
            NULLIF(lp.purchase_price, 0),
            0
        ) AS purchase_price_with_vat,

        /* ==============================
           PROFIT MARGIN
           ============================== */

        COALESCE(
            NULLIF(pos.profit_margin_percent, 0),
            0
        ) AS profit_margin_percent,

/* ==============================
   SELLING UNIT PRICE
   pos.selling_price is already unit price
   lp.selling_price needs conversion
   ============================== */

CASE

    WHEN NULLIF(pos.selling_price, 0) IS NOT NULL
    THEN pos.selling_price

    WHEN NULLIF(lp.selling_price, 0) IS NOT NULL
    THEN
        lp.selling_price /
        (
            GREATEST(COALESCE(lp.quantity_per_pack, 1), 1)
            *
            GREATEST(COALESCE(lp.box_quantity, 1), 1)
        )

    ELSE 0

END AS selling_unit_price,

        /* ==============================
           CURRENT STOCK
           ============================== */

        COALESCE(
            sl.total_stock,
            0
        ) AS total_stock
FROM `products` `pr`
LEFT JOIN (
            SELECT
                product_id,
                SUM(qty_in - qty_out) AS total_stock
            FROM stock_ledger
            GROUP BY product_id
        ) sl ON sl.product_id = pr.product_id
LEFT JOIN (
            SELECT os.*
            FROM product_opening_stock os

            INNER JOIN (
                SELECT
                    product_id,
                    MAX(opening_stock_id) AS latest_opening_stock_id

                FROM product_opening_stock

                WHERE status = \'active\'

                GROUP BY product_id

            ) x

            ON x.latest_opening_stock_id = os.opening_stock_id

        ) pos ON pos.product_id = pr.product_id
LEFT JOIN (
            SELECT ppd.*

            FROM product_purchase_details ppd

            INNER JOIN (
                SELECT
                    ppd2.product_id,
                    MAX(ppd2.purchase_details_id)
                        AS latest_purchase_details_id

                FROM product_purchase_details ppd2

                INNER JOIN product_purchase pp2
                    ON pp2.purchase_id = ppd2.purchase_id

                WHERE pp2.status = \'active\'

                GROUP BY ppd2.product_id

            ) latest

            ON latest.latest_purchase_details_id
               = ppd.purchase_details_id

        ) lp ON lp.product_id = pr.product_id
LEFT JOIN tax tx ON tx.tax_id = COALESCE(pos.tax_id, lp.tax_id)
LEFT JOIN `product_category` `pc` ON `pc`.`product_category_id` = `pr`.`product_category`
LEFT JOIN `product_brand` `pb` ON `pb`.`brand_id` = `pr`.`product_brand`
LEFT JOIN `product_group` `pg` ON `pg`.`product_group_id` = `pr`.`product_group`
LEFT JOIN `product_strength` `ps` ON `ps`.`strength_id` = `pr`.`product_strength`
WHERE `pr`.`status` = \'active\'
ORDER BY `pr`.`product_name` ASC')
 3 SYSTEMPATH\Database\BaseBuilder.php(1649): CodeIgniter\Database\BaseConnection->query('SELECT pr.product_id,
        pr.product_name,
        pr.product_category,
        pr.product_brand,
        pr.product_group,
        pr.product_strength,
        pr.product_unit,
        pr.sku,
        pr.barcode,
        pr.alert_quantity,
        pr.product_image,
        pr.status,

        pc.category_name,
        pb.product_brand_name,
        pg.group_name,
        ps.strength_name,

        /* ==============================
           TAX TYPE
           ============================== */

        COALESCE(
            NULLIF(pos.tax_type, \'\'),
            CASE
                WHEN COALESCE(lp.tax_percentage, 0) > 0
                THEN \'with_tax\'
                ELSE \'without_tax\'
            END
        ) AS tax_type,

        /* ==============================
           TAX
           ============================== */

        COALESCE(
            pos.tax_id,
            lp.tax_id
        ) AS tax_id,

        tx.tax_name,

        COALESCE(
            pos.tax_percentage,
            lp.tax_percentage,
            0
        ) AS tax_percentage,

        COALESCE(
            pos.tax_amount,
            lp.product_wise_vat_amount,
            0
        ) AS tax_amount,

        /* ==============================
           PURCHASE PRICE WITHOUT VAT
           Opening stock first
           Latest purchase fallback
           ============================== */

        COALESCE(
            NULLIF(pos.purchase_price_without_vat, 0),
            NULLIF(lp.base_price_per_unit, 0),
            0
        ) AS purchase_price_without_vat,

        /* ==============================
           PURCHASE PRICE WITH VAT
           Opening stock first
           Latest purchase fallback
           ============================== */

        COALESCE(
            NULLIF(pos.purchase_price_with_vat, 0),
            NULLIF(lp.purchase_price, 0),
            0
        ) AS purchase_price_with_vat,

        /* ==============================
           PROFIT MARGIN
           ============================== */

        COALESCE(
            NULLIF(pos.profit_margin_percent, 0),
            0
        ) AS profit_margin_percent,

/* ==============================
   SELLING UNIT PRICE
   pos.selling_price is already unit price
   lp.selling_price needs conversion
   ============================== */

CASE

    WHEN NULLIF(pos.selling_price, 0) IS NOT NULL
    THEN pos.selling_price

    WHEN NULLIF(lp.selling_price, 0) IS NOT NULL
    THEN
        lp.selling_price /
        (
            GREATEST(COALESCE(lp.quantity_per_pack, 1), 1)
            *
            GREATEST(COALESCE(lp.box_quantity, 1), 1)
        )

    ELSE 0

END AS selling_unit_price,

        /* ==============================
           CURRENT STOCK
           ============================== */

        COALESCE(
            sl.total_stock,
            0
        ) AS total_stock
FROM `products` `pr`
LEFT JOIN (
            SELECT
                product_id,
                SUM(qty_in - qty_out) AS total_stock
            FROM stock_ledger
            GROUP BY product_id
        ) sl ON sl.product_id = pr.product_id
LEFT JOIN (
            SELECT os.*
            FROM product_opening_stock os

            INNER JOIN (
                SELECT
                    product_id,
                    MAX(opening_stock_id) AS latest_opening_stock_id

                FROM product_opening_stock

                WHERE status = \'active\'

                GROUP BY product_id

            ) x

            ON x.latest_opening_stock_id = os.opening_stock_id

        ) pos ON pos.product_id = pr.product_id
LEFT JOIN (
            SELECT ppd.*

            FROM product_purchase_details ppd

            INNER JOIN (
                SELECT
                    ppd2.product_id,
                    MAX(ppd2.purchase_details_id)
                        AS latest_purchase_details_id

                FROM product_purchase_details ppd2

                INNER JOIN product_purchase pp2
                    ON pp2.purchase_id = ppd2.purchase_id

                WHERE pp2.status = \'active\'

                GROUP BY ppd2.product_id

            ) latest

            ON latest.latest_purchase_details_id
               = ppd.purchase_details_id

        ) lp ON lp.product_id = pr.product_id
LEFT JOIN tax tx ON tx.tax_id = COALESCE(pos.tax_id, lp.tax_id)
LEFT JOIN `product_category` `pc` ON `pc`.`product_category_id` = `pr`.`product_category`
LEFT JOIN `product_brand` `pb` ON `pb`.`brand_id` = `pr`.`product_brand`
LEFT JOIN `product_group` `pg` ON `pg`.`product_group_id` = `pr`.`product_group`
LEFT JOIN `product_strength` `ps` ON `ps`.`strength_id` = `pr`.`product_strength`
WHERE `pr`.`status` = :pr.status:
ORDER BY `pr`.`product_name` ASC', [...], false)
 4 APPPATH\Models\ProductModel.php(1219): CodeIgniter\Database\BaseBuilder->get()
 5 APPPATH\Controllers\PurchaseController.php(54): App\Models\ProductModel->getProductsWithCurrentStock()
 6 SYSTEMPATH\CodeIgniter.php(933): App\Controllers\PurchaseController->index()
 7 SYSTEMPATH\CodeIgniter.php(507): CodeIgniter\CodeIgniter->runController(Object(App\Controllers\PurchaseController))
 8 SYSTEMPATH\CodeIgniter.php(354): CodeIgniter\CodeIgniter->handleRequest(null, Object(Config\Cache), false)
 9 SYSTEMPATH\Boot.php(363): CodeIgniter\CodeIgniter->run()
10 SYSTEMPATH\Boot.php(68): CodeIgniter\Boot::runCodeIgniter(Object(CodeIgniter\CodeIgniter))
11 FCPATH\index.php(59): CodeIgniter\Boot::bootWeb(Object(Config\Paths))
CRITICAL - 2026-08-15 06:05:25 --> [Caused by] mysqli_sql_exception: Unknown column 'pos.selling_price' in 'field list'
in SYSTEMPATH\Database\MySQLi\Connection.php on line 327.
 1 SYSTEMPATH\Database\MySQLi\Connection.php(327): mysqli->query('SELECT pr.product_id,
        pr.product_name,
        pr.product_category,
        pr.product_brand,
        pr.product_group,
        pr.product_strength,
        pr.product_unit,
        pr.sku,
        pr.barcode,
        pr.alert_quantity,
        pr.product_image,
        pr.status,

        pc.category_name,
        pb.product_brand_name,
        pg.group_name,
        ps.strength_name,

        /* ==============================
           TAX TYPE
           ============================== */

        COALESCE(
            NULLIF(pos.tax_type, \'\'),
            CASE
                WHEN COALESCE(lp.tax_percentage, 0) > 0
                THEN \'with_tax\'
                ELSE \'without_tax\'
            END
        ) AS tax_type,

        /* ==============================
           TAX
           ============================== */

        COALESCE(
            pos.tax_id,
            lp.tax_id
        ) AS tax_id,

        tx.tax_name,

        COALESCE(
            pos.tax_percentage,
            lp.tax_percentage,
            0
        ) AS tax_percentage,

        COALESCE(
            pos.tax_amount,
            lp.product_wise_vat_amount,
            0
        ) AS tax_amount,

        /* ==============================
           PURCHASE PRICE WITHOUT VAT
           Opening stock first
           Latest purchase fallback
           ============================== */

        COALESCE(
            NULLIF(pos.purchase_price_without_vat, 0),
            NULLIF(lp.base_price_per_unit, 0),
            0
        ) AS purchase_price_without_vat,

        /* ==============================
           PURCHASE PRICE WITH VAT
           Opening stock first
           Latest purchase fallback
           ============================== */

        COALESCE(
            NULLIF(pos.purchase_price_with_vat, 0),
            NULLIF(lp.purchase_price, 0),
            0
        ) AS purchase_price_with_vat,

        /* ==============================
           PROFIT MARGIN
           ============================== */

        COALESCE(
            NULLIF(pos.profit_margin_percent, 0),
            0
        ) AS profit_margin_percent,

/* ==============================
   SELLING UNIT PRICE
   pos.selling_price is already unit price
   lp.selling_price needs conversion
   ============================== */

CASE

    WHEN NULLIF(pos.selling_price, 0) IS NOT NULL
    THEN pos.selling_price

    WHEN NULLIF(lp.selling_price, 0) IS NOT NULL
    THEN
        lp.selling_price /
        (
            GREATEST(COALESCE(lp.quantity_per_pack, 1), 1)
            *
            GREATEST(COALESCE(lp.box_quantity, 1), 1)
        )

    ELSE 0

END AS selling_unit_price,

        /* ==============================
           CURRENT STOCK
           ============================== */

        COALESCE(
            sl.total_stock,
            0
        ) AS total_stock
FROM `products` `pr`
LEFT JOIN (
            SELECT
                product_id,
                SUM(qty_in - qty_out) AS total_stock
            FROM stock_ledger
            GROUP BY product_id
        ) sl ON sl.product_id = pr.product_id
LEFT JOIN (
            SELECT os.*
            FROM product_opening_stock os

            INNER JOIN (
                SELECT
                    product_id,
                    MAX(opening_stock_id) AS latest_opening_stock_id

                FROM product_opening_stock

                WHERE status = \'active\'

                GROUP BY product_id

            ) x

            ON x.latest_opening_stock_id = os.opening_stock_id

        ) pos ON pos.product_id = pr.product_id
LEFT JOIN (
            SELECT ppd.*

            FROM product_purchase_details ppd

            INNER JOIN (
                SELECT
                    ppd2.product_id,
                    MAX(ppd2.purchase_details_id)
                        AS latest_purchase_details_id

                FROM product_purchase_details ppd2

                INNER JOIN product_purchase pp2
                    ON pp2.purchase_id = ppd2.purchase_id

                WHERE pp2.status = \'active\'

                GROUP BY ppd2.product_id

            ) latest

            ON latest.latest_purchase_details_id
               = ppd.purchase_details_id

        ) lp ON lp.product_id = pr.product_id
LEFT JOIN tax tx ON tx.tax_id = COALESCE(pos.tax_id, lp.tax_id)
LEFT JOIN `product_category` `pc` ON `pc`.`product_category_id` = `pr`.`product_category`
LEFT JOIN `product_brand` `pb` ON `pb`.`brand_id` = `pr`.`product_brand`
LEFT JOIN `product_group` `pg` ON `pg`.`product_group_id` = `pr`.`product_group`
LEFT JOIN `product_strength` `ps` ON `ps`.`strength_id` = `pr`.`product_strength`
WHERE `pr`.`status` = \'active\'
ORDER BY `pr`.`product_name` ASC', 0)
 2 SYSTEMPATH\Database\BaseConnection.php(729): CodeIgniter\Database\MySQLi\Connection->execute('SELECT pr.product_id,
        pr.product_name,
        pr.product_category,
        pr.product_brand,
        pr.product_group,
        pr.product_strength,
        pr.product_unit,
        pr.sku,
        pr.barcode,
        pr.alert_quantity,
        pr.product_image,
        pr.status,

        pc.category_name,
        pb.product_brand_name,
        pg.group_name,
        ps.strength_name,

        /* ==============================
           TAX TYPE
           ============================== */

        COALESCE(
            NULLIF(pos.tax_type, \'\'),
            CASE
                WHEN COALESCE(lp.tax_percentage, 0) > 0
                THEN \'with_tax\'
                ELSE \'without_tax\'
            END
        ) AS tax_type,

        /* ==============================
           TAX
           ============================== */

        COALESCE(
            pos.tax_id,
            lp.tax_id
        ) AS tax_id,

        tx.tax_name,

        COALESCE(
            pos.tax_percentage,
            lp.tax_percentage,
            0
        ) AS tax_percentage,

        COALESCE(
            pos.tax_amount,
            lp.product_wise_vat_amount,
            0
        ) AS tax_amount,

        /* ==============================
           PURCHASE PRICE WITHOUT VAT
           Opening stock first
           Latest purchase fallback
           ============================== */

        COALESCE(
            NULLIF(pos.purchase_price_without_vat, 0),
            NULLIF(lp.base_price_per_unit, 0),
            0
        ) AS purchase_price_without_vat,

        /* ==============================
           PURCHASE PRICE WITH VAT
           Opening stock first
           Latest purchase fallback
           ============================== */

        COALESCE(
            NULLIF(pos.purchase_price_with_vat, 0),
            NULLIF(lp.purchase_price, 0),
            0
        ) AS purchase_price_with_vat,

        /* ==============================
           PROFIT MARGIN
           ============================== */

        COALESCE(
            NULLIF(pos.profit_margin_percent, 0),
            0
        ) AS profit_margin_percent,

/* ==============================
   SELLING UNIT PRICE
   pos.selling_price is already unit price
   lp.selling_price needs conversion
   ============================== */

CASE

    WHEN NULLIF(pos.selling_price, 0) IS NOT NULL
    THEN pos.selling_price

    WHEN NULLIF(lp.selling_price, 0) IS NOT NULL
    THEN
        lp.selling_price /
        (
            GREATEST(COALESCE(lp.quantity_per_pack, 1), 1)
            *
            GREATEST(COALESCE(lp.box_quantity, 1), 1)
        )

    ELSE 0

END AS selling_unit_price,

        /* ==============================
           CURRENT STOCK
           ============================== */

        COALESCE(
            sl.total_stock,
            0
        ) AS total_stock
FROM `products` `pr`
LEFT JOIN (
            SELECT
                product_id,
                SUM(qty_in - qty_out) AS total_stock
            FROM stock_ledger
            GROUP BY product_id
        ) sl ON sl.product_id = pr.product_id
LEFT JOIN (
            SELECT os.*
            FROM product_opening_stock os

            INNER JOIN (
                SELECT
                    product_id,
                    MAX(opening_stock_id) AS latest_opening_stock_id

                FROM product_opening_stock

                WHERE status = \'active\'

                GROUP BY product_id

            ) x

            ON x.latest_opening_stock_id = os.opening_stock_id

        ) pos ON pos.product_id = pr.product_id
LEFT JOIN (
            SELECT ppd.*

            FROM product_purchase_details ppd

            INNER JOIN (
                SELECT
                    ppd2.product_id,
                    MAX(ppd2.purchase_details_id)
                        AS latest_purchase_details_id

                FROM product_purchase_details ppd2

                INNER JOIN product_purchase pp2
                    ON pp2.purchase_id = ppd2.purchase_id

                WHERE pp2.status = \'active\'

                GROUP BY ppd2.product_id

            ) latest

            ON latest.latest_purchase_details_id
               = ppd.purchase_details_id

        ) lp ON lp.product_id = pr.product_id
LEFT JOIN tax tx ON tx.tax_id = COALESCE(pos.tax_id, lp.tax_id)
LEFT JOIN `product_category` `pc` ON `pc`.`product_category_id` = `pr`.`product_category`
LEFT JOIN `product_brand` `pb` ON `pb`.`brand_id` = `pr`.`product_brand`
LEFT JOIN `product_group` `pg` ON `pg`.`product_group_id` = `pr`.`product_group`
LEFT JOIN `product_strength` `ps` ON `ps`.`strength_id` = `pr`.`product_strength`
WHERE `pr`.`status` = \'active\'
ORDER BY `pr`.`product_name` ASC')
 3 SYSTEMPATH\Database\BaseConnection.php(646): CodeIgniter\Database\BaseConnection->simpleQuery('SELECT pr.product_id,
        pr.product_name,
        pr.product_category,
        pr.product_brand,
        pr.product_group,
        pr.product_strength,
        pr.product_unit,
        pr.sku,
        pr.barcode,
        pr.alert_quantity,
        pr.product_image,
        pr.status,

        pc.category_name,
        pb.product_brand_name,
        pg.group_name,
        ps.strength_name,

        /* ==============================
           TAX TYPE
           ============================== */

        COALESCE(
            NULLIF(pos.tax_type, \'\'),
            CASE
                WHEN COALESCE(lp.tax_percentage, 0) > 0
                THEN \'with_tax\'
                ELSE \'without_tax\'
            END
        ) AS tax_type,

        /* ==============================
           TAX
           ============================== */

        COALESCE(
            pos.tax_id,
            lp.tax_id
        ) AS tax_id,

        tx.tax_name,

        COALESCE(
            pos.tax_percentage,
            lp.tax_percentage,
            0
        ) AS tax_percentage,

        COALESCE(
            pos.tax_amount,
            lp.product_wise_vat_amount,
            0
        ) AS tax_amount,

        /* ==============================
           PURCHASE PRICE WITHOUT VAT
           Opening stock first
           Latest purchase fallback
           ============================== */

        COALESCE(
            NULLIF(pos.purchase_price_without_vat, 0),
            NULLIF(lp.base_price_per_unit, 0),
            0
        ) AS purchase_price_without_vat,

        /* ==============================
           PURCHASE PRICE WITH VAT
           Opening stock first
           Latest purchase fallback
           ============================== */

        COALESCE(
            NULLIF(pos.purchase_price_with_vat, 0),
            NULLIF(lp.purchase_price, 0),
            0
        ) AS purchase_price_with_vat,

        /* ==============================
           PROFIT MARGIN
           ============================== */

        COALESCE(
            NULLIF(pos.profit_margin_percent, 0),
            0
        ) AS profit_margin_percent,

/* ==============================
   SELLING UNIT PRICE
   pos.selling_price is already unit price
   lp.selling_price needs conversion
   ============================== */

CASE

    WHEN NULLIF(pos.selling_price, 0) IS NOT NULL
    THEN pos.selling_price

    WHEN NULLIF(lp.selling_price, 0) IS NOT NULL
    THEN
        lp.selling_price /
        (
            GREATEST(COALESCE(lp.quantity_per_pack, 1), 1)
            *
            GREATEST(COALESCE(lp.box_quantity, 1), 1)
        )

    ELSE 0

END AS selling_unit_price,

        /* ==============================
           CURRENT STOCK
           ============================== */

        COALESCE(
            sl.total_stock,
            0
        ) AS total_stock
FROM `products` `pr`
LEFT JOIN (
            SELECT
                product_id,
                SUM(qty_in - qty_out) AS total_stock
            FROM stock_ledger
            GROUP BY product_id
        ) sl ON sl.product_id = pr.product_id
LEFT JOIN (
            SELECT os.*
            FROM product_opening_stock os

            INNER JOIN (
                SELECT
                    product_id,
                    MAX(opening_stock_id) AS latest_opening_stock_id

                FROM product_opening_stock

                WHERE status = \'active\'

                GROUP BY product_id

            ) x

            ON x.latest_opening_stock_id = os.opening_stock_id

        ) pos ON pos.product_id = pr.product_id
LEFT JOIN (
            SELECT ppd.*

            FROM product_purchase_details ppd

            INNER JOIN (
                SELECT
                    ppd2.product_id,
                    MAX(ppd2.purchase_details_id)
                        AS latest_purchase_details_id

                FROM product_purchase_details ppd2

                INNER JOIN product_purchase pp2
                    ON pp2.purchase_id = ppd2.purchase_id

                WHERE pp2.status = \'active\'

                GROUP BY ppd2.product_id

            ) latest

            ON latest.latest_purchase_details_id
               = ppd.purchase_details_id

        ) lp ON lp.product_id = pr.product_id
LEFT JOIN tax tx ON tx.tax_id = COALESCE(pos.tax_id, lp.tax_id)
LEFT JOIN `product_category` `pc` ON `pc`.`product_category_id` = `pr`.`product_category`
LEFT JOIN `product_brand` `pb` ON `pb`.`brand_id` = `pr`.`product_brand`
LEFT JOIN `product_group` `pg` ON `pg`.`product_group_id` = `pr`.`product_group`
LEFT JOIN `product_strength` `ps` ON `ps`.`strength_id` = `pr`.`product_strength`
WHERE `pr`.`status` = \'active\'
ORDER BY `pr`.`product_name` ASC')
 4 SYSTEMPATH\Database\BaseBuilder.php(1649): CodeIgniter\Database\BaseConnection->query('SELECT pr.product_id,
        pr.product_name,
        pr.product_category,
        pr.product_brand,
        pr.product_group,
        pr.product_strength,
        pr.product_unit,
        pr.sku,
        pr.barcode,
        pr.alert_quantity,
        pr.product_image,
        pr.status,

        pc.category_name,
        pb.product_brand_name,
        pg.group_name,
        ps.strength_name,

        /* ==============================
           TAX TYPE
           ============================== */

        COALESCE(
            NULLIF(pos.tax_type, \'\'),
            CASE
                WHEN COALESCE(lp.tax_percentage, 0) > 0
                THEN \'with_tax\'
                ELSE \'without_tax\'
            END
        ) AS tax_type,

        /* ==============================
           TAX
           ============================== */

        COALESCE(
            pos.tax_id,
            lp.tax_id
        ) AS tax_id,

        tx.tax_name,

        COALESCE(
            pos.tax_percentage,
            lp.tax_percentage,
            0
        ) AS tax_percentage,

        COALESCE(
            pos.tax_amount,
            lp.product_wise_vat_amount,
            0
        ) AS tax_amount,

        /* ==============================
           PURCHASE PRICE WITHOUT VAT
           Opening stock first
           Latest purchase fallback
           ============================== */

        COALESCE(
            NULLIF(pos.purchase_price_without_vat, 0),
            NULLIF(lp.base_price_per_unit, 0),
            0
        ) AS purchase_price_without_vat,

        /* ==============================
           PURCHASE PRICE WITH VAT
           Opening stock first
           Latest purchase fallback
           ============================== */

        COALESCE(
            NULLIF(pos.purchase_price_with_vat, 0),
            NULLIF(lp.purchase_price, 0),
            0
        ) AS purchase_price_with_vat,

        /* ==============================
           PROFIT MARGIN
           ============================== */

        COALESCE(
            NULLIF(pos.profit_margin_percent, 0),
            0
        ) AS profit_margin_percent,

/* ==============================
   SELLING UNIT PRICE
   pos.selling_price is already unit price
   lp.selling_price needs conversion
   ============================== */

CASE

    WHEN NULLIF(pos.selling_price, 0) IS NOT NULL
    THEN pos.selling_price

    WHEN NULLIF(lp.selling_price, 0) IS NOT NULL
    THEN
        lp.selling_price /
        (
            GREATEST(COALESCE(lp.quantity_per_pack, 1), 1)
            *
            GREATEST(COALESCE(lp.box_quantity, 1), 1)
        )

    ELSE 0

END AS selling_unit_price,

        /* ==============================
           CURRENT STOCK
           ============================== */

        COALESCE(
            sl.total_stock,
            0
        ) AS total_stock
FROM `products` `pr`
LEFT JOIN (
            SELECT
                product_id,
                SUM(qty_in - qty_out) AS total_stock
            FROM stock_ledger
            GROUP BY product_id
        ) sl ON sl.product_id = pr.product_id
LEFT JOIN (
            SELECT os.*
            FROM product_opening_stock os

            INNER JOIN (
                SELECT
                    product_id,
                    MAX(opening_stock_id) AS latest_opening_stock_id

                FROM product_opening_stock

                WHERE status = \'active\'

                GROUP BY product_id

            ) x

            ON x.latest_opening_stock_id = os.opening_stock_id

        ) pos ON pos.product_id = pr.product_id
LEFT JOIN (
            SELECT ppd.*

            FROM product_purchase_details ppd

            INNER JOIN (
                SELECT
                    ppd2.product_id,
                    MAX(ppd2.purchase_details_id)
                        AS latest_purchase_details_id

                FROM product_purchase_details ppd2

                INNER JOIN product_purchase pp2
                    ON pp2.purchase_id = ppd2.purchase_id

                WHERE pp2.status = \'active\'

                GROUP BY ppd2.product_id

            ) latest

            ON latest.latest_purchase_details_id
               = ppd.purchase_details_id

        ) lp ON lp.product_id = pr.product_id
LEFT JOIN tax tx ON tx.tax_id = COALESCE(pos.tax_id, lp.tax_id)
LEFT JOIN `product_category` `pc` ON `pc`.`product_category_id` = `pr`.`product_category`
LEFT JOIN `product_brand` `pb` ON `pb`.`brand_id` = `pr`.`product_brand`
LEFT JOIN `product_group` `pg` ON `pg`.`product_group_id` = `pr`.`product_group`
LEFT JOIN `product_strength` `ps` ON `ps`.`strength_id` = `pr`.`product_strength`
WHERE `pr`.`status` = :pr.status:
ORDER BY `pr`.`product_name` ASC', [...], false)
 5 APPPATH\Models\ProductModel.php(1219): CodeIgniter\Database\BaseBuilder->get()
 6 APPPATH\Controllers\PurchaseController.php(54): App\Models\ProductModel->getProductsWithCurrentStock()
 7 SYSTEMPATH\CodeIgniter.php(933): App\Controllers\PurchaseController->index()
 8 SYSTEMPATH\CodeIgniter.php(507): CodeIgniter\CodeIgniter->runController(Object(App\Controllers\PurchaseController))
 9 SYSTEMPATH\CodeIgniter.php(354): CodeIgniter\CodeIgniter->handleRequest(null, Object(Config\Cache), false)
10 SYSTEMPATH\Boot.php(363): CodeIgniter\CodeIgniter->run()
11 SYSTEMPATH\Boot.php(68): CodeIgniter\Boot::runCodeIgniter(Object(CodeIgniter\CodeIgniter))
12 FCPATH\index.php(59): CodeIgniter\Boot::bootWeb(Object(Config\Paths))
DEBUG - 2026-08-15 06:11:33 --> Session: Class initialized using 'CodeIgniter\Session\Handlers\FileHandler' driver.
ERROR - 2026-08-15 06:11:33 --> mysqli_sql_exception: Unknown column 'pos.selling_price' in 'field list' in C:\laragon\www\pharmacy-project\system\Database\MySQLi\Connection.php:327
Stack trace:
#0 C:\laragon\www\pharmacy-project\system\Database\MySQLi\Connection.php(327): mysqli->query('SELECT pr.produ...', 0)
#1 C:\laragon\www\pharmacy-project\system\Database\BaseConnection.php(729): CodeIgniter\Database\MySQLi\Connection->execute('SELECT pr.produ...')
#2 C:\laragon\www\pharmacy-project\system\Database\BaseConnection.php(646): CodeIgniter\Database\BaseConnection->simpleQuery('SELECT pr.produ...')
#3 C:\laragon\www\pharmacy-project\system\Database\BaseBuilder.php(1649): CodeIgniter\Database\BaseConnection->query('SELECT pr.produ...', Array, false)
#4 C:\laragon\www\pharmacy-project\app\Models\ProductModel.php(1122): CodeIgniter\Database\BaseBuilder->get()
#5 C:\laragon\www\pharmacy-project\app\Controllers\PurchaseController.php(54): App\Models\ProductModel->getProductsWithCurrentStock()
#6 C:\laragon\www\pharmacy-project\system\CodeIgniter.php(933): App\Controllers\PurchaseController->index()
#7 C:\laragon\www\pharmacy-project\system\CodeIgniter.php(507): CodeIgniter\CodeIgniter->runController(Object(App\Controllers\PurchaseController))
#8 C:\laragon\www\pharmacy-project\system\CodeIgniter.php(354): CodeIgniter\CodeIgniter->handleRequest(NULL, Object(Config\Cache), false)
#9 C:\laragon\www\pharmacy-project\system\Boot.php(363): CodeIgniter\CodeIgniter->run()
#10 C:\laragon\www\pharmacy-project\system\Boot.php(68): CodeIgniter\Boot::runCodeIgniter(Object(CodeIgniter\CodeIgniter))
#11 C:\laragon\www\pharmacy-project\index.php(59): CodeIgniter\Boot::bootWeb(Object(Config\Paths))
#12 {main}
CRITICAL - 2026-08-15 06:11:33 --> CodeIgniter\Database\Exceptions\DatabaseException: Unknown column 'pos.selling_price' in 'field list'
[Method: GET, Route: purchase]
in SYSTEMPATH\Database\BaseConnection.php on line 684.
 1 SYSTEMPATH\Database\BaseBuilder.php(1649): CodeIgniter\Database\BaseConnection->query('SELECT pr.product_id,
        pr.product_name,
        pr.product_category,
        pr.product_brand,
        pr.product_group,
        pr.product_strength,
        pr.product_unit,
        pr.sku,
        pr.barcode,
        pr.alert_quantity,
        pr.product_image,
        pr.status,

        pc.category_name,
        pb.product_brand_name,
        pg.group_name,
        ps.strength_name,

        /* ==============================
           TAX TYPE
           ============================== */

        COALESCE(
            NULLIF(pos.tax_type, \'\'),
            CASE
                WHEN COALESCE(lp.tax_percentage, 0) > 0
                THEN \'with_tax\'
                ELSE \'without_tax\'
            END
        ) AS tax_type,

        /* ==============================
           TAX
           ============================== */

        COALESCE(
            pos.tax_id,
            lp.tax_id
        ) AS tax_id,

        tx.tax_name,

        COALESCE(
            pos.tax_percentage,
            lp.tax_percentage,
            0
        ) AS tax_percentage,

        COALESCE(
            pos.tax_amount,
            lp.product_wise_vat_amount,
            0
        ) AS tax_amount,

        /* ==============================
           PURCHASE PRICE WITHOUT VAT
           Opening stock first
           Latest purchase fallback
           ============================== */

        COALESCE(
            NULLIF(pos.purchase_price_without_vat, 0),
            NULLIF(lp.base_price_per_unit, 0),
            0
        ) AS purchase_price_without_vat,

        /* ==============================
           PURCHASE PRICE WITH VAT
           Opening stock first
           Latest purchase fallback
           ============================== */

        COALESCE(
            NULLIF(pos.purchase_price_with_vat, 0),
            NULLIF(lp.purchase_price, 0),
            0
        ) AS purchase_price_with_vat,

        /* ==============================
           PROFIT MARGIN
           ============================== */

        COALESCE(
            NULLIF(pos.profit_margin_percent, 0),
            0
        ) AS profit_margin_percent,

/* ==============================
   SELLING UNIT PRICE
   pos.selling_price is already unit price
   lp.selling_price needs conversion
   ============================== */

CASE

    WHEN NULLIF(pos.selling_price, 0) IS NOT NULL
    THEN pos.selling_price

    WHEN NULLIF(lp.selling_price, 0) IS NOT NULL
    THEN
        lp.selling_price /
        (
            GREATEST(COALESCE(lp.quantity_per_pack, 1), 1)
            *
            GREATEST(COALESCE(lp.box_quantity, 1), 1)
        )

    ELSE 0

END AS selling_unit_price,

        /* ==============================
           CURRENT STOCK
           ============================== */

        COALESCE(
            sl.total_stock,
            0
        ) AS total_stock
FROM `products` `pr`
LEFT JOIN (
            SELECT
                product_id,
                SUM(qty_in - qty_out) AS total_stock
            FROM stock_ledger
            GROUP BY product_id
        ) sl ON sl.product_id = pr.product_id
LEFT JOIN (
            SELECT os.*
            FROM product_opening_stock os

            INNER JOIN (
                SELECT
                    product_id,
                    MAX(opening_stock_id) AS latest_opening_stock_id

                FROM product_opening_stock

                WHERE status = \'active\'

                GROUP BY product_id

            ) x

            ON x.latest_opening_stock_id = os.opening_stock_id

        ) pos ON pos.product_id = pr.product_id
LEFT JOIN (
            SELECT ppd.*

            FROM product_purchase_details ppd

            INNER JOIN (
                SELECT
                    ppd2.product_id,
                    MAX(ppd2.purchase_details_id)
                        AS latest_purchase_details_id

                FROM product_purchase_details ppd2

                INNER JOIN product_purchase pp2
                    ON pp2.purchase_id = ppd2.purchase_id

                WHERE pp2.status = \'active\'

                GROUP BY ppd2.product_id

            ) latest

            ON latest.latest_purchase_details_id
               = ppd.purchase_details_id

        ) lp ON lp.product_id = pr.product_id
LEFT JOIN tax tx ON tx.tax_id = COALESCE(pos.tax_id, lp.tax_id)
LEFT JOIN `product_category` `pc` ON `pc`.`product_category_id` = `pr`.`product_category`
LEFT JOIN `product_brand` `pb` ON `pb`.`brand_id` = `pr`.`product_brand`
LEFT JOIN `product_group` `pg` ON `pg`.`product_group_id` = `pr`.`product_group`
LEFT JOIN `product_strength` `ps` ON `ps`.`strength_id` = `pr`.`product_strength`
WHERE `pr`.`status` = :pr.status:
ORDER BY `pr`.`product_name` ASC', [...], false)
 2 APPPATH\Models\ProductModel.php(1122): CodeIgniter\Database\BaseBuilder->get()
 3 APPPATH\Controllers\PurchaseController.php(54): App\Models\ProductModel->getProductsWithCurrentStock()
 4 SYSTEMPATH\CodeIgniter.php(933): App\Controllers\PurchaseController->index()
 5 SYSTEMPATH\CodeIgniter.php(507): CodeIgniter\CodeIgniter->runController(Object(App\Controllers\PurchaseController))
 6 SYSTEMPATH\CodeIgniter.php(354): CodeIgniter\CodeIgniter->handleRequest(null, Object(Config\Cache), false)
 7 SYSTEMPATH\Boot.php(363): CodeIgniter\CodeIgniter->run()
 8 SYSTEMPATH\Boot.php(68): CodeIgniter\Boot::runCodeIgniter(Object(CodeIgniter\CodeIgniter))
 9 FCPATH\index.php(59): CodeIgniter\Boot::bootWeb(Object(Config\Paths))
CRITICAL - 2026-08-15 06:11:33 --> [Caused by] CodeIgniter\Database\Exceptions\DatabaseException: Unknown column 'pos.selling_price' in 'field list'
in SYSTEMPATH\Database\MySQLi\Connection.php on line 332.
 1 SYSTEMPATH\Database\BaseConnection.php(729): CodeIgniter\Database\MySQLi\Connection->execute('SELECT pr.product_id,
        pr.product_name,
        pr.product_category,
        pr.product_brand,
        pr.product_group,
        pr.product_strength,
        pr.product_unit,
        pr.sku,
        pr.barcode,
        pr.alert_quantity,
        pr.product_image,
        pr.status,

        pc.category_name,
        pb.product_brand_name,
        pg.group_name,
        ps.strength_name,

        /* ==============================
           TAX TYPE
           ============================== */

        COALESCE(
            NULLIF(pos.tax_type, \'\'),
            CASE
                WHEN COALESCE(lp.tax_percentage, 0) > 0
                THEN \'with_tax\'
                ELSE \'without_tax\'
            END
        ) AS tax_type,

        /* ==============================
           TAX
           ============================== */

        COALESCE(
            pos.tax_id,
            lp.tax_id
        ) AS tax_id,

        tx.tax_name,

        COALESCE(
            pos.tax_percentage,
            lp.tax_percentage,
            0
        ) AS tax_percentage,

        COALESCE(
            pos.tax_amount,
            lp.product_wise_vat_amount,
            0
        ) AS tax_amount,

        /* ==============================
           PURCHASE PRICE WITHOUT VAT
           Opening stock first
           Latest purchase fallback
           ============================== */

        COALESCE(
            NULLIF(pos.purchase_price_without_vat, 0),
            NULLIF(lp.base_price_per_unit, 0),
            0
        ) AS purchase_price_without_vat,

        /* ==============================
           PURCHASE PRICE WITH VAT
           Opening stock first
           Latest purchase fallback
           ============================== */

        COALESCE(
            NULLIF(pos.purchase_price_with_vat, 0),
            NULLIF(lp.purchase_price, 0),
            0
        ) AS purchase_price_with_vat,

        /* ==============================
           PROFIT MARGIN
           ============================== */

        COALESCE(
            NULLIF(pos.profit_margin_percent, 0),
            0
        ) AS profit_margin_percent,

/* ==============================
   SELLING UNIT PRICE
   pos.selling_price is already unit price
   lp.selling_price needs conversion
   ============================== */

CASE

    WHEN NULLIF(pos.selling_price, 0) IS NOT NULL
    THEN pos.selling_price

    WHEN NULLIF(lp.selling_price, 0) IS NOT NULL
    THEN
        lp.selling_price /
        (
            GREATEST(COALESCE(lp.quantity_per_pack, 1), 1)
            *
            GREATEST(COALESCE(lp.box_quantity, 1), 1)
        )

    ELSE 0

END AS selling_unit_price,

        /* ==============================
           CURRENT STOCK
           ============================== */

        COALESCE(
            sl.total_stock,
            0
        ) AS total_stock
FROM `products` `pr`
LEFT JOIN (
            SELECT
                product_id,
                SUM(qty_in - qty_out) AS total_stock
            FROM stock_ledger
            GROUP BY product_id
        ) sl ON sl.product_id = pr.product_id
LEFT JOIN (
            SELECT os.*
            FROM product_opening_stock os

            INNER JOIN (
                SELECT
                    product_id,
                    MAX(opening_stock_id) AS latest_opening_stock_id

                FROM product_opening_stock

                WHERE status = \'active\'

                GROUP BY product_id

            ) x

            ON x.latest_opening_stock_id = os.opening_stock_id

        ) pos ON pos.product_id = pr.product_id
LEFT JOIN (
            SELECT ppd.*

            FROM product_purchase_details ppd

            INNER JOIN (
                SELECT
                    ppd2.product_id,
                    MAX(ppd2.purchase_details_id)
                        AS latest_purchase_details_id

                FROM product_purchase_details ppd2

                INNER JOIN product_purchase pp2
                    ON pp2.purchase_id = ppd2.purchase_id

                WHERE pp2.status = \'active\'

                GROUP BY ppd2.product_id

            ) latest

            ON latest.latest_purchase_details_id
               = ppd.purchase_details_id

        ) lp ON lp.product_id = pr.product_id
LEFT JOIN tax tx ON tx.tax_id = COALESCE(pos.tax_id, lp.tax_id)
LEFT JOIN `product_category` `pc` ON `pc`.`product_category_id` = `pr`.`product_category`
LEFT JOIN `product_brand` `pb` ON `pb`.`brand_id` = `pr`.`product_brand`
LEFT JOIN `product_group` `pg` ON `pg`.`product_group_id` = `pr`.`product_group`
LEFT JOIN `product_strength` `ps` ON `ps`.`strength_id` = `pr`.`product_strength`
WHERE `pr`.`status` = \'active\'
ORDER BY `pr`.`product_name` ASC')
 2 SYSTEMPATH\Database\BaseConnection.php(646): CodeIgniter\Database\BaseConnection->simpleQuery('SELECT pr.product_id,
        pr.product_name,
        pr.product_category,
        pr.product_brand,
        pr.product_group,
        pr.product_strength,
        pr.product_unit,
        pr.sku,
        pr.barcode,
        pr.alert_quantity,
        pr.product_image,
        pr.status,

        pc.category_name,
        pb.product_brand_name,
        pg.group_name,
        ps.strength_name,

        /* ==============================
           TAX TYPE
           ============================== */

        COALESCE(
            NULLIF(pos.tax_type, \'\'),
            CASE
                WHEN COALESCE(lp.tax_percentage, 0) > 0
                THEN \'with_tax\'
                ELSE \'without_tax\'
            END
        ) AS tax_type,

        /* ==============================
           TAX
           ============================== */

        COALESCE(
            pos.tax_id,
            lp.tax_id
        ) AS tax_id,

        tx.tax_name,

        COALESCE(
            pos.tax_percentage,
            lp.tax_percentage,
            0
        ) AS tax_percentage,

        COALESCE(
            pos.tax_amount,
            lp.product_wise_vat_amount,
            0
        ) AS tax_amount,

        /* ==============================
           PURCHASE PRICE WITHOUT VAT
           Opening stock first
           Latest purchase fallback
           ============================== */

        COALESCE(
            NULLIF(pos.purchase_price_without_vat, 0),
            NULLIF(lp.base_price_per_unit, 0),
            0
        ) AS purchase_price_without_vat,

        /* ==============================
           PURCHASE PRICE WITH VAT
           Opening stock first
           Latest purchase fallback
           ============================== */

        COALESCE(
            NULLIF(pos.purchase_price_with_vat, 0),
            NULLIF(lp.purchase_price, 0),
            0
        ) AS purchase_price_with_vat,

        /* ==============================
           PROFIT MARGIN
           ============================== */

        COALESCE(
            NULLIF(pos.profit_margin_percent, 0),
            0
        ) AS profit_margin_percent,

/* ==============================
   SELLING UNIT PRICE
   pos.selling_price is already unit price
   lp.selling_price needs conversion
   ============================== */

CASE

    WHEN NULLIF(pos.selling_price, 0) IS NOT NULL
    THEN pos.selling_price

    WHEN NULLIF(lp.selling_price, 0) IS NOT NULL
    THEN
        lp.selling_price /
        (
            GREATEST(COALESCE(lp.quantity_per_pack, 1), 1)
            *
            GREATEST(COALESCE(lp.box_quantity, 1), 1)
        )

    ELSE 0

END AS selling_unit_price,

        /* ==============================
           CURRENT STOCK
           ============================== */

        COALESCE(
            sl.total_stock,
            0
        ) AS total_stock
FROM `products` `pr`
LEFT JOIN (
            SELECT
                product_id,
                SUM(qty_in - qty_out) AS total_stock
            FROM stock_ledger
            GROUP BY product_id
        ) sl ON sl.product_id = pr.product_id
LEFT JOIN (
            SELECT os.*
            FROM product_opening_stock os

            INNER JOIN (
                SELECT
                    product_id,
                    MAX(opening_stock_id) AS latest_opening_stock_id

                FROM product_opening_stock

                WHERE status = \'active\'

                GROUP BY product_id

            ) x

            ON x.latest_opening_stock_id = os.opening_stock_id

        ) pos ON pos.product_id = pr.product_id
LEFT JOIN (
            SELECT ppd.*

            FROM product_purchase_details ppd

            INNER JOIN (
                SELECT
                    ppd2.product_id,
                    MAX(ppd2.purchase_details_id)
                        AS latest_purchase_details_id

                FROM product_purchase_details ppd2

                INNER JOIN product_purchase pp2
                    ON pp2.purchase_id = ppd2.purchase_id

                WHERE pp2.status = \'active\'

                GROUP BY ppd2.product_id

            ) latest

            ON latest.latest_purchase_details_id
               = ppd.purchase_details_id

        ) lp ON lp.product_id = pr.product_id
LEFT JOIN tax tx ON tx.tax_id = COALESCE(pos.tax_id, lp.tax_id)
LEFT JOIN `product_category` `pc` ON `pc`.`product_category_id` = `pr`.`product_category`
LEFT JOIN `product_brand` `pb` ON `pb`.`brand_id` = `pr`.`product_brand`
LEFT JOIN `product_group` `pg` ON `pg`.`product_group_id` = `pr`.`product_group`
LEFT JOIN `product_strength` `ps` ON `ps`.`strength_id` = `pr`.`product_strength`
WHERE `pr`.`status` = \'active\'
ORDER BY `pr`.`product_name` ASC')
 3 SYSTEMPATH\Database\BaseBuilder.php(1649): CodeIgniter\Database\BaseConnection->query('SELECT pr.product_id,
        pr.product_name,
        pr.product_category,
        pr.product_brand,
        pr.product_group,
        pr.product_strength,
        pr.product_unit,
        pr.sku,
        pr.barcode,
        pr.alert_quantity,
        pr.product_image,
        pr.status,

        pc.category_name,
        pb.product_brand_name,
        pg.group_name,
        ps.strength_name,

        /* ==============================
           TAX TYPE
           ============================== */

        COALESCE(
            NULLIF(pos.tax_type, \'\'),
            CASE
                WHEN COALESCE(lp.tax_percentage, 0) > 0
                THEN \'with_tax\'
                ELSE \'without_tax\'
            END
        ) AS tax_type,

        /* ==============================
           TAX
           ============================== */

        COALESCE(
            pos.tax_id,
            lp.tax_id
        ) AS tax_id,

        tx.tax_name,

        COALESCE(
            pos.tax_percentage,
            lp.tax_percentage,
            0
        ) AS tax_percentage,

        COALESCE(
            pos.tax_amount,
            lp.product_wise_vat_amount,
            0
        ) AS tax_amount,

        /* ==============================
           PURCHASE PRICE WITHOUT VAT
           Opening stock first
           Latest purchase fallback
           ============================== */

        COALESCE(
            NULLIF(pos.purchase_price_without_vat, 0),
            NULLIF(lp.base_price_per_unit, 0),
            0
        ) AS purchase_price_without_vat,

        /* ==============================
           PURCHASE PRICE WITH VAT
           Opening stock first
           Latest purchase fallback
           ============================== */

        COALESCE(
            NULLIF(pos.purchase_price_with_vat, 0),
            NULLIF(lp.purchase_price, 0),
            0
        ) AS purchase_price_with_vat,

        /* ==============================
           PROFIT MARGIN
           ============================== */

        COALESCE(
            NULLIF(pos.profit_margin_percent, 0),
            0
        ) AS profit_margin_percent,

/* ==============================
   SELLING UNIT PRICE
   pos.selling_price is already unit price
   lp.selling_price needs conversion
   ============================== */

CASE

    WHEN NULLIF(pos.selling_price, 0) IS NOT NULL
    THEN pos.selling_price

    WHEN NULLIF(lp.selling_price, 0) IS NOT NULL
    THEN
        lp.selling_price /
        (
            GREATEST(COALESCE(lp.quantity_per_pack, 1), 1)
            *
            GREATEST(COALESCE(lp.box_quantity, 1), 1)
        )

    ELSE 0

END AS selling_unit_price,

        /* ==============================
           CURRENT STOCK
           ============================== */

        COALESCE(
            sl.total_stock,
            0
        ) AS total_stock
FROM `products` `pr`
LEFT JOIN (
            SELECT
                product_id,
                SUM(qty_in - qty_out) AS total_stock
            FROM stock_ledger
            GROUP BY product_id
        ) sl ON sl.product_id = pr.product_id
LEFT JOIN (
            SELECT os.*
            FROM product_opening_stock os

            INNER JOIN (
                SELECT
                    product_id,
                    MAX(opening_stock_id) AS latest_opening_stock_id

                FROM product_opening_stock

                WHERE status = \'active\'

                GROUP BY product_id

            ) x

            ON x.latest_opening_stock_id = os.opening_stock_id

        ) pos ON pos.product_id = pr.product_id
LEFT JOIN (
            SELECT ppd.*

            FROM product_purchase_details ppd

            INNER JOIN (
                SELECT
                    ppd2.product_id,
                    MAX(ppd2.purchase_details_id)
                        AS latest_purchase_details_id

                FROM product_purchase_details ppd2

                INNER JOIN product_purchase pp2
                    ON pp2.purchase_id = ppd2.purchase_id

                WHERE pp2.status = \'active\'

                GROUP BY ppd2.product_id

            ) latest

            ON latest.latest_purchase_details_id
               = ppd.purchase_details_id

        ) lp ON lp.product_id = pr.product_id
LEFT JOIN tax tx ON tx.tax_id = COALESCE(pos.tax_id, lp.tax_id)
LEFT JOIN `product_category` `pc` ON `pc`.`product_category_id` = `pr`.`product_category`
LEFT JOIN `product_brand` `pb` ON `pb`.`brand_id` = `pr`.`product_brand`
LEFT JOIN `product_group` `pg` ON `pg`.`product_group_id` = `pr`.`product_group`
LEFT JOIN `product_strength` `ps` ON `ps`.`strength_id` = `pr`.`product_strength`
WHERE `pr`.`status` = :pr.status:
ORDER BY `pr`.`product_name` ASC', [...], false)
 4 APPPATH\Models\ProductModel.php(1122): CodeIgniter\Database\BaseBuilder->get()
 5 APPPATH\Controllers\PurchaseController.php(54): App\Models\ProductModel->getProductsWithCurrentStock()
 6 SYSTEMPATH\CodeIgniter.php(933): App\Controllers\PurchaseController->index()
 7 SYSTEMPATH\CodeIgniter.php(507): CodeIgniter\CodeIgniter->runController(Object(App\Controllers\PurchaseController))
 8 SYSTEMPATH\CodeIgniter.php(354): CodeIgniter\CodeIgniter->handleRequest(null, Object(Config\Cache), false)
 9 SYSTEMPATH\Boot.php(363): CodeIgniter\CodeIgniter->run()
10 SYSTEMPATH\Boot.php(68): CodeIgniter\Boot::runCodeIgniter(Object(CodeIgniter\CodeIgniter))
11 FCPATH\index.php(59): CodeIgniter\Boot::bootWeb(Object(Config\Paths))
CRITICAL - 2026-08-15 06:11:33 --> [Caused by] mysqli_sql_exception: Unknown column 'pos.selling_price' in 'field list'
in SYSTEMPATH\Database\MySQLi\Connection.php on line 327.
 1 SYSTEMPATH\Database\MySQLi\Connection.php(327): mysqli->query('SELECT pr.product_id,
        pr.product_name,
        pr.product_category,
        pr.product_brand,
        pr.product_group,
        pr.product_strength,
        pr.product_unit,
        pr.sku,
        pr.barcode,
        pr.alert_quantity,
        pr.product_image,
        pr.status,

        pc.category_name,
        pb.product_brand_name,
        pg.group_name,
        ps.strength_name,

        /* ==============================
           TAX TYPE
           ============================== */

        COALESCE(
            NULLIF(pos.tax_type, \'\'),
            CASE
                WHEN COALESCE(lp.tax_percentage, 0) > 0
                THEN \'with_tax\'
                ELSE \'without_tax\'
            END
        ) AS tax_type,

        /* ==============================
           TAX
           ============================== */

        COALESCE(
            pos.tax_id,
            lp.tax_id
        ) AS tax_id,

        tx.tax_name,

        COALESCE(
            pos.tax_percentage,
            lp.tax_percentage,
            0
        ) AS tax_percentage,

        COALESCE(
            pos.tax_amount,
            lp.product_wise_vat_amount,
            0
        ) AS tax_amount,

        /* ==============================
           PURCHASE PRICE WITHOUT VAT
           Opening stock first
           Latest purchase fallback
           ============================== */

        COALESCE(
            NULLIF(pos.purchase_price_without_vat, 0),
            NULLIF(lp.base_price_per_unit, 0),
            0
        ) AS purchase_price_without_vat,

        /* ==============================
           PURCHASE PRICE WITH VAT
           Opening stock first
           Latest purchase fallback
           ============================== */

        COALESCE(
            NULLIF(pos.purchase_price_with_vat, 0),
            NULLIF(lp.purchase_price, 0),
            0
        ) AS purchase_price_with_vat,

        /* ==============================
           PROFIT MARGIN
           ============================== */

        COALESCE(
            NULLIF(pos.profit_margin_percent, 0),
            0
        ) AS profit_margin_percent,

/* ==============================
   SELLING UNIT PRICE
   pos.selling_price is already unit price
   lp.selling_price needs conversion
   ============================== */

CASE

    WHEN NULLIF(pos.selling_price, 0) IS NOT NULL
    THEN pos.selling_price

    WHEN NULLIF(lp.selling_price, 0) IS NOT NULL
    THEN
        lp.selling_price /
        (
            GREATEST(COALESCE(lp.quantity_per_pack, 1), 1)
            *
            GREATEST(COALESCE(lp.box_quantity, 1), 1)
        )

    ELSE 0

END AS selling_unit_price,

        /* ==============================
           CURRENT STOCK
           ============================== */

        COALESCE(
            sl.total_stock,
            0
        ) AS total_stock
FROM `products` `pr`
LEFT JOIN (
            SELECT
                product_id,
                SUM(qty_in - qty_out) AS total_stock
            FROM stock_ledger
            GROUP BY product_id
        ) sl ON sl.product_id = pr.product_id
LEFT JOIN (
            SELECT os.*
            FROM product_opening_stock os

            INNER JOIN (
                SELECT
                    product_id,
                    MAX(opening_stock_id) AS latest_opening_stock_id

                FROM product_opening_stock

                WHERE status = \'active\'

                GROUP BY product_id

            ) x

            ON x.latest_opening_stock_id = os.opening_stock_id

        ) pos ON pos.product_id = pr.product_id
LEFT JOIN (
            SELECT ppd.*

            FROM product_purchase_details ppd

            INNER JOIN (
                SELECT
                    ppd2.product_id,
                    MAX(ppd2.purchase_details_id)
                        AS latest_purchase_details_id

                FROM product_purchase_details ppd2

                INNER JOIN product_purchase pp2
                    ON pp2.purchase_id = ppd2.purchase_id

                WHERE pp2.status = \'active\'

                GROUP BY ppd2.product_id

            ) latest

            ON latest.latest_purchase_details_id
               = ppd.purchase_details_id

        ) lp ON lp.product_id = pr.product_id
LEFT JOIN tax tx ON tx.tax_id = COALESCE(pos.tax_id, lp.tax_id)
LEFT JOIN `product_category` `pc` ON `pc`.`product_category_id` = `pr`.`product_category`
LEFT JOIN `product_brand` `pb` ON `pb`.`brand_id` = `pr`.`product_brand`
LEFT JOIN `product_group` `pg` ON `pg`.`product_group_id` = `pr`.`product_group`
LEFT JOIN `product_strength` `ps` ON `ps`.`strength_id` = `pr`.`product_strength`
WHERE `pr`.`status` = \'active\'
ORDER BY `pr`.`product_name` ASC', 0)
 2 SYSTEMPATH\Database\BaseConnection.php(729): CodeIgniter\Database\MySQLi\Connection->execute('SELECT pr.product_id,
        pr.product_name,
        pr.product_category,
        pr.product_brand,
        pr.product_group,
        pr.product_strength,
        pr.product_unit,
        pr.sku,
        pr.barcode,
        pr.alert_quantity,
        pr.product_image,
        pr.status,

        pc.category_name,
        pb.product_brand_name,
        pg.group_name,
        ps.strength_name,

        /* ==============================
           TAX TYPE
           ============================== */

        COALESCE(
            NULLIF(pos.tax_type, \'\'),
            CASE
                WHEN COALESCE(lp.tax_percentage, 0) > 0
                THEN \'with_tax\'
                ELSE \'without_tax\'
            END
        ) AS tax_type,

        /* ==============================
           TAX
           ============================== */

        COALESCE(
            pos.tax_id,
            lp.tax_id
        ) AS tax_id,

        tx.tax_name,

        COALESCE(
            pos.tax_percentage,
            lp.tax_percentage,
            0
        ) AS tax_percentage,

        COALESCE(
            pos.tax_amount,
            lp.product_wise_vat_amount,
            0
        ) AS tax_amount,

        /* ==============================
           PURCHASE PRICE WITHOUT VAT
           Opening stock first
           Latest purchase fallback
           ============================== */

        COALESCE(
            NULLIF(pos.purchase_price_without_vat, 0),
            NULLIF(lp.base_price_per_unit, 0),
            0
        ) AS purchase_price_without_vat,

        /* ==============================
           PURCHASE PRICE WITH VAT
           Opening stock first
           Latest purchase fallback
           ============================== */

        COALESCE(
            NULLIF(pos.purchase_price_with_vat, 0),
            NULLIF(lp.purchase_price, 0),
            0
        ) AS purchase_price_with_vat,

        /* ==============================
           PROFIT MARGIN
           ============================== */

        COALESCE(
            NULLIF(pos.profit_margin_percent, 0),
            0
        ) AS profit_margin_percent,

/* ==============================
   SELLING UNIT PRICE
   pos.selling_price is already unit price
   lp.selling_price needs conversion
   ============================== */

CASE

    WHEN NULLIF(pos.selling_price, 0) IS NOT NULL
    THEN pos.selling_price

    WHEN NULLIF(lp.selling_price, 0) IS NOT NULL
    THEN
        lp.selling_price /
        (
            GREATEST(COALESCE(lp.quantity_per_pack, 1), 1)
            *
            GREATEST(COALESCE(lp.box_quantity, 1), 1)
        )

    ELSE 0

END AS selling_unit_price,

        /* ==============================
           CURRENT STOCK
           ============================== */

        COALESCE(
            sl.total_stock,
            0
        ) AS total_stock
FROM `products` `pr`
LEFT JOIN (
            SELECT
                product_id,
                SUM(qty_in - qty_out) AS total_stock
            FROM stock_ledger
            GROUP BY product_id
        ) sl ON sl.product_id = pr.product_id
LEFT JOIN (
            SELECT os.*
            FROM product_opening_stock os

            INNER JOIN (
                SELECT
                    product_id,
                    MAX(opening_stock_id) AS latest_opening_stock_id

                FROM product_opening_stock

                WHERE status = \'active\'

                GROUP BY product_id

            ) x

            ON x.latest_opening_stock_id = os.opening_stock_id

        ) pos ON pos.product_id = pr.product_id
LEFT JOIN (
            SELECT ppd.*

            FROM product_purchase_details ppd

            INNER JOIN (
                SELECT
                    ppd2.product_id,
                    MAX(ppd2.purchase_details_id)
                        AS latest_purchase_details_id

                FROM product_purchase_details ppd2

                INNER JOIN product_purchase pp2
                    ON pp2.purchase_id = ppd2.purchase_id

                WHERE pp2.status = \'active\'

                GROUP BY ppd2.product_id

            ) latest

            ON latest.latest_purchase_details_id
               = ppd.purchase_details_id

        ) lp ON lp.product_id = pr.product_id
LEFT JOIN tax tx ON tx.tax_id = COALESCE(pos.tax_id, lp.tax_id)
LEFT JOIN `product_category` `pc` ON `pc`.`product_category_id` = `pr`.`product_category`
LEFT JOIN `product_brand` `pb` ON `pb`.`brand_id` = `pr`.`product_brand`
LEFT JOIN `product_group` `pg` ON `pg`.`product_group_id` = `pr`.`product_group`
LEFT JOIN `product_strength` `ps` ON `ps`.`strength_id` = `pr`.`product_strength`
WHERE `pr`.`status` = \'active\'
ORDER BY `pr`.`product_name` ASC')
 3 SYSTEMPATH\Database\BaseConnection.php(646): CodeIgniter\Database\BaseConnection->simpleQuery('SELECT pr.product_id,
        pr.product_name,
        pr.product_category,
        pr.product_brand,
        pr.product_group,
        pr.product_strength,
        pr.product_unit,
        pr.sku,
        pr.barcode,
        pr.alert_quantity,
        pr.product_image,
        pr.status,

        pc.category_name,
        pb.product_brand_name,
        pg.group_name,
        ps.strength_name,

        /* ==============================
           TAX TYPE
           ============================== */

        COALESCE(
            NULLIF(pos.tax_type, \'\'),
            CASE
                WHEN COALESCE(lp.tax_percentage, 0) > 0
                THEN \'with_tax\'
                ELSE \'without_tax\'
            END
        ) AS tax_type,

        /* ==============================
           TAX
           ============================== */

        COALESCE(
            pos.tax_id,
            lp.tax_id
        ) AS tax_id,

        tx.tax_name,

        COALESCE(
            pos.tax_percentage,
            lp.tax_percentage,
            0
        ) AS tax_percentage,

        COALESCE(
            pos.tax_amount,
            lp.product_wise_vat_amount,
            0
        ) AS tax_amount,

        /* ==============================
           PURCHASE PRICE WITHOUT VAT
           Opening stock first
           Latest purchase fallback
           ============================== */

        COALESCE(
            NULLIF(pos.purchase_price_without_vat, 0),
            NULLIF(lp.base_price_per_unit, 0),
            0
        ) AS purchase_price_without_vat,

        /* ==============================
           PURCHASE PRICE WITH VAT
           Opening stock first
           Latest purchase fallback
           ============================== */

        COALESCE(
            NULLIF(pos.purchase_price_with_vat, 0),
            NULLIF(lp.purchase_price, 0),
            0
        ) AS purchase_price_with_vat,

        /* ==============================
           PROFIT MARGIN
           ============================== */

        COALESCE(
            NULLIF(pos.profit_margin_percent, 0),
            0
        ) AS profit_margin_percent,

/* ==============================
   SELLING UNIT PRICE
   pos.selling_price is already unit price
   lp.selling_price needs conversion
   ============================== */

CASE

    WHEN NULLIF(pos.selling_price, 0) IS NOT NULL
    THEN pos.selling_price

    WHEN NULLIF(lp.selling_price, 0) IS NOT NULL
    THEN
        lp.selling_price /
        (
            GREATEST(COALESCE(lp.quantity_per_pack, 1), 1)
            *
            GREATEST(COALESCE(lp.box_quantity, 1), 1)
        )

    ELSE 0

END AS selling_unit_price,

        /* ==============================
           CURRENT STOCK
           ============================== */

        COALESCE(
            sl.total_stock,
            0
        ) AS total_stock
FROM `products` `pr`
LEFT JOIN (
            SELECT
                product_id,
                SUM(qty_in - qty_out) AS total_stock
            FROM stock_ledger
            GROUP BY product_id
        ) sl ON sl.product_id = pr.product_id
LEFT JOIN (
            SELECT os.*
            FROM product_opening_stock os

            INNER JOIN (
                SELECT
                    product_id,
                    MAX(opening_stock_id) AS latest_opening_stock_id

                FROM product_opening_stock

                WHERE status = \'active\'

                GROUP BY product_id

            ) x

            ON x.latest_opening_stock_id = os.opening_stock_id

        ) pos ON pos.product_id = pr.product_id
LEFT JOIN (
            SELECT ppd.*

            FROM product_purchase_details ppd

            INNER JOIN (
                SELECT
                    ppd2.product_id,
                    MAX(ppd2.purchase_details_id)
                        AS latest_purchase_details_id

                FROM product_purchase_details ppd2

                INNER JOIN product_purchase pp2
                    ON pp2.purchase_id = ppd2.purchase_id

                WHERE pp2.status = \'active\'

                GROUP BY ppd2.product_id

            ) latest

            ON latest.latest_purchase_details_id
               = ppd.purchase_details_id

        ) lp ON lp.product_id = pr.product_id
LEFT JOIN tax tx ON tx.tax_id = COALESCE(pos.tax_id, lp.tax_id)
LEFT JOIN `product_category` `pc` ON `pc`.`product_category_id` = `pr`.`product_category`
LEFT JOIN `product_brand` `pb` ON `pb`.`brand_id` = `pr`.`product_brand`
LEFT JOIN `product_group` `pg` ON `pg`.`product_group_id` = `pr`.`product_group`
LEFT JOIN `product_strength` `ps` ON `ps`.`strength_id` = `pr`.`product_strength`
WHERE `pr`.`status` = \'active\'
ORDER BY `pr`.`product_name` ASC')
 4 SYSTEMPATH\Database\BaseBuilder.php(1649): CodeIgniter\Database\BaseConnection->query('SELECT pr.product_id,
        pr.product_name,
        pr.product_category,
        pr.product_brand,
        pr.product_group,
        pr.product_strength,
        pr.product_unit,
        pr.sku,
        pr.barcode,
        pr.alert_quantity,
        pr.product_image,
        pr.status,

        pc.category_name,
        pb.product_brand_name,
        pg.group_name,
        ps.strength_name,

        /* ==============================
           TAX TYPE
           ============================== */

        COALESCE(
            NULLIF(pos.tax_type, \'\'),
            CASE
                WHEN COALESCE(lp.tax_percentage, 0) > 0
                THEN \'with_tax\'
                ELSE \'without_tax\'
            END
        ) AS tax_type,

        /* ==============================
           TAX
           ============================== */

        COALESCE(
            pos.tax_id,
            lp.tax_id
        ) AS tax_id,

        tx.tax_name,

        COALESCE(
            pos.tax_percentage,
            lp.tax_percentage,
            0
        ) AS tax_percentage,

        COALESCE(
            pos.tax_amount,
            lp.product_wise_vat_amount,
            0
        ) AS tax_amount,

        /* ==============================
           PURCHASE PRICE WITHOUT VAT
           Opening stock first
           Latest purchase fallback
           ============================== */

        COALESCE(
            NULLIF(pos.purchase_price_without_vat, 0),
            NULLIF(lp.base_price_per_unit, 0),
            0
        ) AS purchase_price_without_vat,

        /* ==============================
           PURCHASE PRICE WITH VAT
           Opening stock first
           Latest purchase fallback
           ============================== */

        COALESCE(
            NULLIF(pos.purchase_price_with_vat, 0),
            NULLIF(lp.purchase_price, 0),
            0
        ) AS purchase_price_with_vat,

        /* ==============================
           PROFIT MARGIN
           ============================== */

        COALESCE(
            NULLIF(pos.profit_margin_percent, 0),
            0
        ) AS profit_margin_percent,

/* ==============================
   SELLING UNIT PRICE
   pos.selling_price is already unit price
   lp.selling_price needs conversion
   ============================== */

CASE

    WHEN NULLIF(pos.selling_price, 0) IS NOT NULL
    THEN pos.selling_price

    WHEN NULLIF(lp.selling_price, 0) IS NOT NULL
    THEN
        lp.selling_price /
        (
            GREATEST(COALESCE(lp.quantity_per_pack, 1), 1)
            *
            GREATEST(COALESCE(lp.box_quantity, 1), 1)
        )

    ELSE 0

END AS selling_unit_price,

        /* ==============================
           CURRENT STOCK
           ============================== */

        COALESCE(
            sl.total_stock,
            0
        ) AS total_stock
FROM `products` `pr`
LEFT JOIN (
            SELECT
                product_id,
                SUM(qty_in - qty_out) AS total_stock
            FROM stock_ledger
            GROUP BY product_id
        ) sl ON sl.product_id = pr.product_id
LEFT JOIN (
            SELECT os.*
            FROM product_opening_stock os

            INNER JOIN (
                SELECT
                    product_id,
                    MAX(opening_stock_id) AS latest_opening_stock_id

                FROM product_opening_stock

                WHERE status = \'active\'

                GROUP BY product_id

            ) x

            ON x.latest_opening_stock_id = os.opening_stock_id

        ) pos ON pos.product_id = pr.product_id
LEFT JOIN (
            SELECT ppd.*

            FROM product_purchase_details ppd

            INNER JOIN (
                SELECT
                    ppd2.product_id,
                    MAX(ppd2.purchase_details_id)
                        AS latest_purchase_details_id

                FROM product_purchase_details ppd2

                INNER JOIN product_purchase pp2
                    ON pp2.purchase_id = ppd2.purchase_id

                WHERE pp2.status = \'active\'

                GROUP BY ppd2.product_id

            ) latest

            ON latest.latest_purchase_details_id
               = ppd.purchase_details_id

        ) lp ON lp.product_id = pr.product_id
LEFT JOIN tax tx ON tx.tax_id = COALESCE(pos.tax_id, lp.tax_id)
LEFT JOIN `product_category` `pc` ON `pc`.`product_category_id` = `pr`.`product_category`
LEFT JOIN `product_brand` `pb` ON `pb`.`brand_id` = `pr`.`product_brand`
LEFT JOIN `product_group` `pg` ON `pg`.`product_group_id` = `pr`.`product_group`
LEFT JOIN `product_strength` `ps` ON `ps`.`strength_id` = `pr`.`product_strength`
WHERE `pr`.`status` = :pr.status:
ORDER BY `pr`.`product_name` ASC', [...], false)
 5 APPPATH\Models\ProductModel.php(1122): CodeIgniter\Database\BaseBuilder->get()
 6 APPPATH\Controllers\PurchaseController.php(54): App\Models\ProductModel->getProductsWithCurrentStock()
 7 SYSTEMPATH\CodeIgniter.php(933): App\Controllers\PurchaseController->index()
 8 SYSTEMPATH\CodeIgniter.php(507): CodeIgniter\CodeIgniter->runController(Object(App\Controllers\PurchaseController))
 9 SYSTEMPATH\CodeIgniter.php(354): CodeIgniter\CodeIgniter->handleRequest(null, Object(Config\Cache), false)
10 SYSTEMPATH\Boot.php(363): CodeIgniter\CodeIgniter->run()
11 SYSTEMPATH\Boot.php(68): CodeIgniter\Boot::runCodeIgniter(Object(CodeIgniter\CodeIgniter))
12 FCPATH\index.php(59): CodeIgniter\Boot::bootWeb(Object(Config\Paths))
DEBUG - 2026-08-15 06:11:35 --> Session: Class initialized using 'CodeIgniter\Session\Handlers\FileHandler' driver.
ERROR - 2026-08-15 06:11:35 --> mysqli_sql_exception: Unknown column 'pos.selling_price' in 'field list' in C:\laragon\www\pharmacy-project\system\Database\MySQLi\Connection.php:327
Stack trace:
#0 C:\laragon\www\pharmacy-project\system\Database\MySQLi\Connection.php(327): mysqli->query('SELECT pr.produ...', 0)
#1 C:\laragon\www\pharmacy-project\system\Database\BaseConnection.php(729): CodeIgniter\Database\MySQLi\Connection->execute('SELECT pr.produ...')
#2 C:\laragon\www\pharmacy-project\system\Database\BaseConnection.php(646): CodeIgniter\Database\BaseConnection->simpleQuery('SELECT pr.produ...')
#3 C:\laragon\www\pharmacy-project\system\Database\BaseBuilder.php(1649): CodeIgniter\Database\BaseConnection->query('SELECT pr.produ...', Array, false)
#4 C:\laragon\www\pharmacy-project\app\Models\ProductModel.php(1122): CodeIgniter\Database\BaseBuilder->get()
#5 C:\laragon\www\pharmacy-project\app\Controllers\PurchaseController.php(54): App\Models\ProductModel->getProductsWithCurrentStock()
#6 C:\laragon\www\pharmacy-project\system\CodeIgniter.php(933): App\Controllers\PurchaseController->index()
#7 C:\laragon\www\pharmacy-project\system\CodeIgniter.php(507): CodeIgniter\CodeIgniter->runController(Object(App\Controllers\PurchaseController))
#8 C:\laragon\www\pharmacy-project\system\CodeIgniter.php(354): CodeIgniter\CodeIgniter->handleRequest(NULL, Object(Config\Cache), false)
#9 C:\laragon\www\pharmacy-project\system\Boot.php(363): CodeIgniter\CodeIgniter->run()
#10 C:\laragon\www\pharmacy-project\system\Boot.php(68): CodeIgniter\Boot::runCodeIgniter(Object(CodeIgniter\CodeIgniter))
#11 C:\laragon\www\pharmacy-project\index.php(59): CodeIgniter\Boot::bootWeb(Object(Config\Paths))
#12 {main}
CRITICAL - 2026-08-15 06:11:35 --> CodeIgniter\Database\Exceptions\DatabaseException: Unknown column 'pos.selling_price' in 'field list'
[Method: GET, Route: purchase]
in SYSTEMPATH\Database\BaseConnection.php on line 684.
 1 SYSTEMPATH\Database\BaseBuilder.php(1649): CodeIgniter\Database\BaseConnection->query('SELECT pr.product_id,
        pr.product_name,
        pr.product_category,
        pr.product_brand,
        pr.product_group,
        pr.product_strength,
        pr.product_unit,
        pr.sku,
        pr.barcode,
        pr.alert_quantity,
        pr.product_image,
        pr.status,

        pc.category_name,
        pb.product_brand_name,
        pg.group_name,
        ps.strength_name,

        /* ==============================
           TAX TYPE
           ============================== */

        COALESCE(
            NULLIF(pos.tax_type, \'\'),
            CASE
                WHEN COALESCE(lp.tax_percentage, 0) > 0
                THEN \'with_tax\'
                ELSE \'without_tax\'
            END
        ) AS tax_type,

        /* ==============================
           TAX
           ============================== */

        COALESCE(
            pos.tax_id,
            lp.tax_id
        ) AS tax_id,

        tx.tax_name,

        COALESCE(
            pos.tax_percentage,
            lp.tax_percentage,
            0
        ) AS tax_percentage,

        COALESCE(
            pos.tax_amount,
            lp.product_wise_vat_amount,
            0
        ) AS tax_amount,

        /* ==============================
           PURCHASE PRICE WITHOUT VAT
           Opening stock first
           Latest purchase fallback
           ============================== */

        COALESCE(
            NULLIF(pos.purchase_price_without_vat, 0),
            NULLIF(lp.base_price_per_unit, 0),
            0
        ) AS purchase_price_without_vat,

        /* ==============================
           PURCHASE PRICE WITH VAT
           Opening stock first
           Latest purchase fallback
           ============================== */

        COALESCE(
            NULLIF(pos.purchase_price_with_vat, 0),
            NULLIF(lp.purchase_price, 0),
            0
        ) AS purchase_price_with_vat,

        /* ==============================
           PROFIT MARGIN
           ============================== */

        COALESCE(
            NULLIF(pos.profit_margin_percent, 0),
            0
        ) AS profit_margin_percent,

/* ==============================
   SELLING UNIT PRICE
   pos.selling_price is already unit price
   lp.selling_price needs conversion
   ============================== */

CASE

    WHEN NULLIF(pos.selling_price, 0) IS NOT NULL
    THEN pos.selling_price

    WHEN NULLIF(lp.selling_price, 0) IS NOT NULL
    THEN
        lp.selling_price /
        (
            GREATEST(COALESCE(lp.quantity_per_pack, 1), 1)
            *
            GREATEST(COALESCE(lp.box_quantity, 1), 1)
        )

    ELSE 0

END AS selling_unit_price,

        /* ==============================
           CURRENT STOCK
           ============================== */

        COALESCE(
            sl.total_stock,
            0
        ) AS total_stock
FROM `products` `pr`
LEFT JOIN (
            SELECT
                product_id,
                SUM(qty_in - qty_out) AS total_stock
            FROM stock_ledger
            GROUP BY product_id
        ) sl ON sl.product_id = pr.product_id
LEFT JOIN (
            SELECT os.*
            FROM product_opening_stock os

            INNER JOIN (
                SELECT
                    product_id,
                    MAX(opening_stock_id) AS latest_opening_stock_id

                FROM product_opening_stock

                WHERE status = \'active\'

                GROUP BY product_id

            ) x

            ON x.latest_opening_stock_id = os.opening_stock_id

        ) pos ON pos.product_id = pr.product_id
LEFT JOIN (
            SELECT ppd.*

            FROM product_purchase_details ppd

            INNER JOIN (
                SELECT
                    ppd2.product_id,
                    MAX(ppd2.purchase_details_id)
                        AS latest_purchase_details_id

                FROM product_purchase_details ppd2

                INNER JOIN product_purchase pp2
                    ON pp2.purchase_id = ppd2.purchase_id

                WHERE pp2.status = \'active\'

                GROUP BY ppd2.product_id

            ) latest

            ON latest.latest_purchase_details_id
               = ppd.purchase_details_id

        ) lp ON lp.product_id = pr.product_id
LEFT JOIN tax tx ON tx.tax_id = COALESCE(pos.tax_id, lp.tax_id)
LEFT JOIN `product_category` `pc` ON `pc`.`product_category_id` = `pr`.`product_category`
LEFT JOIN `product_brand` `pb` ON `pb`.`brand_id` = `pr`.`product_brand`
LEFT JOIN `product_group` `pg` ON `pg`.`product_group_id` = `pr`.`product_group`
LEFT JOIN `product_strength` `ps` ON `ps`.`strength_id` = `pr`.`product_strength`
WHERE `pr`.`status` = :pr.status:
ORDER BY `pr`.`product_name` ASC', [...], false)
 2 APPPATH\Models\ProductModel.php(1122): CodeIgniter\Database\BaseBuilder->get()
 3 APPPATH\Controllers\PurchaseController.php(54): App\Models\ProductModel->getProductsWithCurrentStock()
 4 SYSTEMPATH\CodeIgniter.php(933): App\Controllers\PurchaseController->index()
 5 SYSTEMPATH\CodeIgniter.php(507): CodeIgniter\CodeIgniter->runController(Object(App\Controllers\PurchaseController))
 6 SYSTEMPATH\CodeIgniter.php(354): CodeIgniter\CodeIgniter->handleRequest(null, Object(Config\Cache), false)
 7 SYSTEMPATH\Boot.php(363): CodeIgniter\CodeIgniter->run()
 8 SYSTEMPATH\Boot.php(68): CodeIgniter\Boot::runCodeIgniter(Object(CodeIgniter\CodeIgniter))
 9 FCPATH\index.php(59): CodeIgniter\Boot::bootWeb(Object(Config\Paths))
CRITICAL - 2026-08-15 06:11:35 --> [Caused by] CodeIgniter\Database\Exceptions\DatabaseException: Unknown column 'pos.selling_price' in 'field list'
in SYSTEMPATH\Database\MySQLi\Connection.php on line 332.
 1 SYSTEMPATH\Database\BaseConnection.php(729): CodeIgniter\Database\MySQLi\Connection->execute('SELECT pr.product_id,
        pr.product_name,
        pr.product_category,
        pr.product_brand,
        pr.product_group,
        pr.product_strength,
        pr.product_unit,
        pr.sku,
        pr.barcode,
        pr.alert_quantity,
        pr.product_image,
        pr.status,

        pc.category_name,
        pb.product_brand_name,
        pg.group_name,
        ps.strength_name,

        /* ==============================
           TAX TYPE
           ============================== */

        COALESCE(
            NULLIF(pos.tax_type, \'\'),
            CASE
                WHEN COALESCE(lp.tax_percentage, 0) > 0
                THEN \'with_tax\'
                ELSE \'without_tax\'
            END
        ) AS tax_type,

        /* ==============================
           TAX
           ============================== */

        COALESCE(
            pos.tax_id,
            lp.tax_id
        ) AS tax_id,

        tx.tax_name,

        COALESCE(
            pos.tax_percentage,
            lp.tax_percentage,
            0
        ) AS tax_percentage,

        COALESCE(
            pos.tax_amount,
            lp.product_wise_vat_amount,
            0
        ) AS tax_amount,

        /* ==============================
           PURCHASE PRICE WITHOUT VAT
           Opening stock first
           Latest purchase fallback
           ============================== */

        COALESCE(
            NULLIF(pos.purchase_price_without_vat, 0),
            NULLIF(lp.base_price_per_unit, 0),
            0
        ) AS purchase_price_without_vat,

        /* ==============================
           PURCHASE PRICE WITH VAT
           Opening stock first
           Latest purchase fallback
           ============================== */

        COALESCE(
            NULLIF(pos.purchase_price_with_vat, 0),
            NULLIF(lp.purchase_price, 0),
            0
        ) AS purchase_price_with_vat,

        /* ==============================
           PROFIT MARGIN
           ============================== */

        COALESCE(
            NULLIF(pos.profit_margin_percent, 0),
            0
        ) AS profit_margin_percent,

/* ==============================
   SELLING UNIT PRICE
   pos.selling_price is already unit price
   lp.selling_price needs conversion
   ============================== */

CASE

    WHEN NULLIF(pos.selling_price, 0) IS NOT NULL
    THEN pos.selling_price

    WHEN NULLIF(lp.selling_price, 0) IS NOT NULL
    THEN
        lp.selling_price /
        (
            GREATEST(COALESCE(lp.quantity_per_pack, 1), 1)
            *
            GREATEST(COALESCE(lp.box_quantity, 1), 1)
        )

    ELSE 0

END AS selling_unit_price,

        /* ==============================
           CURRENT STOCK
           ============================== */

        COALESCE(
            sl.total_stock,
            0
        ) AS total_stock
FROM `products` `pr`
LEFT JOIN (
            SELECT
                product_id,
                SUM(qty_in - qty_out) AS total_stock
            FROM stock_ledger
            GROUP BY product_id
        ) sl ON sl.product_id = pr.product_id
LEFT JOIN (
            SELECT os.*
            FROM product_opening_stock os

            INNER JOIN (
                SELECT
                    product_id,
                    MAX(opening_stock_id) AS latest_opening_stock_id

                FROM product_opening_stock

                WHERE status = \'active\'

                GROUP BY product_id

            ) x

            ON x.latest_opening_stock_id = os.opening_stock_id

        ) pos ON pos.product_id = pr.product_id
LEFT JOIN (
            SELECT ppd.*

            FROM product_purchase_details ppd

            INNER JOIN (
                SELECT
                    ppd2.product_id,
                    MAX(ppd2.purchase_details_id)
                        AS latest_purchase_details_id

                FROM product_purchase_details ppd2

                INNER JOIN product_purchase pp2
                    ON pp2.purchase_id = ppd2.purchase_id

                WHERE pp2.status = \'active\'

                GROUP BY ppd2.product_id

            ) latest

            ON latest.latest_purchase_details_id
               = ppd.purchase_details_id

        ) lp ON lp.product_id = pr.product_id
LEFT JOIN tax tx ON tx.tax_id = COALESCE(pos.tax_id, lp.tax_id)
LEFT JOIN `product_category` `pc` ON `pc`.`product_category_id` = `pr`.`product_category`
LEFT JOIN `product_brand` `pb` ON `pb`.`brand_id` = `pr`.`product_brand`
LEFT JOIN `product_group` `pg` ON `pg`.`product_group_id` = `pr`.`product_group`
LEFT JOIN `product_strength` `ps` ON `ps`.`strength_id` = `pr`.`product_strength`
WHERE `pr`.`status` = \'active\'
ORDER BY `pr`.`product_name` ASC')
 2 SYSTEMPATH\Database\BaseConnection.php(646): CodeIgniter\Database\BaseConnection->simpleQuery('SELECT pr.product_id,
        pr.product_name,
        pr.product_category,
        pr.product_brand,
        pr.product_group,
        pr.product_strength,
        pr.product_unit,
        pr.sku,
        pr.barcode,
        pr.alert_quantity,
        pr.product_image,
        pr.status,

        pc.category_name,
        pb.product_brand_name,
        pg.group_name,
        ps.strength_name,

        /* ==============================
           TAX TYPE
           ============================== */

        COALESCE(
            NULLIF(pos.tax_type, \'\'),
            CASE
                WHEN COALESCE(lp.tax_percentage, 0) > 0
                THEN \'with_tax\'
                ELSE \'without_tax\'
            END
        ) AS tax_type,

        /* ==============================
           TAX
           ============================== */

        COALESCE(
            pos.tax_id,
            lp.tax_id
        ) AS tax_id,

        tx.tax_name,

        COALESCE(
            pos.tax_percentage,
            lp.tax_percentage,
            0
        ) AS tax_percentage,

        COALESCE(
            pos.tax_amount,
            lp.product_wise_vat_amount,
            0
        ) AS tax_amount,

        /* ==============================
           PURCHASE PRICE WITHOUT VAT
           Opening stock first
           Latest purchase fallback
           ============================== */

        COALESCE(
            NULLIF(pos.purchase_price_without_vat, 0),
            NULLIF(lp.base_price_per_unit, 0),
            0
        ) AS purchase_price_without_vat,

        /* ==============================
           PURCHASE PRICE WITH VAT
           Opening stock first
           Latest purchase fallback
           ============================== */

        COALESCE(
            NULLIF(pos.purchase_price_with_vat, 0),
            NULLIF(lp.purchase_price, 0),
            0
        ) AS purchase_price_with_vat,

        /* ==============================
           PROFIT MARGIN
           ============================== */

        COALESCE(
            NULLIF(pos.profit_margin_percent, 0),
            0
        ) AS profit_margin_percent,

/* ==============================
   SELLING UNIT PRICE
   pos.selling_price is already unit price
   lp.selling_price needs conversion
   ============================== */

CASE

    WHEN NULLIF(pos.selling_price, 0) IS NOT NULL
    THEN pos.selling_price

    WHEN NULLIF(lp.selling_price, 0) IS NOT NULL
    THEN
        lp.selling_price /
        (
            GREATEST(COALESCE(lp.quantity_per_pack, 1), 1)
            *
            GREATEST(COALESCE(lp.box_quantity, 1), 1)
        )

    ELSE 0

END AS selling_unit_price,

        /* ==============================
           CURRENT STOCK
           ============================== */

        COALESCE(
            sl.total_stock,
            0
        ) AS total_stock
FROM `products` `pr`
LEFT JOIN (
            SELECT
                product_id,
                SUM(qty_in - qty_out) AS total_stock
            FROM stock_ledger
            GROUP BY product_id
        ) sl ON sl.product_id = pr.product_id
LEFT JOIN (
            SELECT os.*
            FROM product_opening_stock os

            INNER JOIN (
                SELECT
                    product_id,
                    MAX(opening_stock_id) AS latest_opening_stock_id

                FROM product_opening_stock

                WHERE status = \'active\'

                GROUP BY product_id

            ) x

            ON x.latest_opening_stock_id = os.opening_stock_id

        ) pos ON pos.product_id = pr.product_id
LEFT JOIN (
            SELECT ppd.*

            FROM product_purchase_details ppd

            INNER JOIN (
                SELECT
                    ppd2.product_id,
                    MAX(ppd2.purchase_details_id)
                        AS latest_purchase_details_id

                FROM product_purchase_details ppd2

                INNER JOIN product_purchase pp2
                    ON pp2.purchase_id = ppd2.purchase_id

                WHERE pp2.status = \'active\'

                GROUP BY ppd2.product_id

            ) latest

            ON latest.latest_purchase_details_id
               = ppd.purchase_details_id

        ) lp ON lp.product_id = pr.product_id
LEFT JOIN tax tx ON tx.tax_id = COALESCE(pos.tax_id, lp.tax_id)
LEFT JOIN `product_category` `pc` ON `pc`.`product_category_id` = `pr`.`product_category`
LEFT JOIN `product_brand` `pb` ON `pb`.`brand_id` = `pr`.`product_brand`
LEFT JOIN `product_group` `pg` ON `pg`.`product_group_id` = `pr`.`product_group`
LEFT JOIN `product_strength` `ps` ON `ps`.`strength_id` = `pr`.`product_strength`
WHERE `pr`.`status` = \'active\'
ORDER BY `pr`.`product_name` ASC')
 3 SYSTEMPATH\Database\BaseBuilder.php(1649): CodeIgniter\Database\BaseConnection->query('SELECT pr.product_id,
        pr.product_name,
        pr.product_category,
        pr.product_brand,
        pr.product_group,
        pr.product_strength,
        pr.product_unit,
        pr.sku,
        pr.barcode,
        pr.alert_quantity,
        pr.product_image,
        pr.status,

        pc.category_name,
        pb.product_brand_name,
        pg.group_name,
        ps.strength_name,

        /* ==============================
           TAX TYPE
           ============================== */

        COALESCE(
            NULLIF(pos.tax_type, \'\'),
            CASE
                WHEN COALESCE(lp.tax_percentage, 0) > 0
                THEN \'with_tax\'
                ELSE \'without_tax\'
            END
        ) AS tax_type,

        /* ==============================
           TAX
           ============================== */

        COALESCE(
            pos.tax_id,
            lp.tax_id
        ) AS tax_id,

        tx.tax_name,

        COALESCE(
            pos.tax_percentage,
            lp.tax_percentage,
            0
        ) AS tax_percentage,

        COALESCE(
            pos.tax_amount,
            lp.product_wise_vat_amount,
            0
        ) AS tax_amount,

        /* ==============================
           PURCHASE PRICE WITHOUT VAT
           Opening stock first
           Latest purchase fallback
           ============================== */

        COALESCE(
            NULLIF(pos.purchase_price_without_vat, 0),
            NULLIF(lp.base_price_per_unit, 0),
            0
        ) AS purchase_price_without_vat,

        /* ==============================
           PURCHASE PRICE WITH VAT
           Opening stock first
           Latest purchase fallback
           ============================== */

        COALESCE(
            NULLIF(pos.purchase_price_with_vat, 0),
            NULLIF(lp.purchase_price, 0),
            0
        ) AS purchase_price_with_vat,

        /* ==============================
           PROFIT MARGIN
           ============================== */

        COALESCE(
            NULLIF(pos.profit_margin_percent, 0),
            0
        ) AS profit_margin_percent,

/* ==============================
   SELLING UNIT PRICE
   pos.selling_price is already unit price
   lp.selling_price needs conversion
   ============================== */

CASE

    WHEN NULLIF(pos.selling_price, 0) IS NOT NULL
    THEN pos.selling_price

    WHEN NULLIF(lp.selling_price, 0) IS NOT NULL
    THEN
        lp.selling_price /
        (
            GREATEST(COALESCE(lp.quantity_per_pack, 1), 1)
            *
            GREATEST(COALESCE(lp.box_quantity, 1), 1)
        )

    ELSE 0

END AS selling_unit_price,

        /* ==============================
           CURRENT STOCK
           ============================== */

        COALESCE(
            sl.total_stock,
            0
        ) AS total_stock
FROM `products` `pr`
LEFT JOIN (
            SELECT
                product_id,
                SUM(qty_in - qty_out) AS total_stock
            FROM stock_ledger
            GROUP BY product_id
        ) sl ON sl.product_id = pr.product_id
LEFT JOIN (
            SELECT os.*
            FROM product_opening_stock os

            INNER JOIN (
                SELECT
                    product_id,
                    MAX(opening_stock_id) AS latest_opening_stock_id

                FROM product_opening_stock

                WHERE status = \'active\'

                GROUP BY product_id

            ) x

            ON x.latest_opening_stock_id = os.opening_stock_id

        ) pos ON pos.product_id = pr.product_id
LEFT JOIN (
            SELECT ppd.*

            FROM product_purchase_details ppd

            INNER JOIN (
                SELECT
                    ppd2.product_id,
                    MAX(ppd2.purchase_details_id)
                        AS latest_purchase_details_id

                FROM product_purchase_details ppd2

                INNER JOIN product_purchase pp2
                    ON pp2.purchase_id = ppd2.purchase_id

                WHERE pp2.status = \'active\'

                GROUP BY ppd2.product_id

            ) latest

            ON latest.latest_purchase_details_id
               = ppd.purchase_details_id

        ) lp ON lp.product_id = pr.product_id
LEFT JOIN tax tx ON tx.tax_id = COALESCE(pos.tax_id, lp.tax_id)
LEFT JOIN `product_category` `pc` ON `pc`.`product_category_id` = `pr`.`product_category`
LEFT JOIN `product_brand` `pb` ON `pb`.`brand_id` = `pr`.`product_brand`
LEFT JOIN `product_group` `pg` ON `pg`.`product_group_id` = `pr`.`product_group`
LEFT JOIN `product_strength` `ps` ON `ps`.`strength_id` = `pr`.`product_strength`
WHERE `pr`.`status` = :pr.status:
ORDER BY `pr`.`product_name` ASC', [...], false)
 4 APPPATH\Models\ProductModel.php(1122): CodeIgniter\Database\BaseBuilder->get()
 5 APPPATH\Controllers\PurchaseController.php(54): App\Models\ProductModel->getProductsWithCurrentStock()
 6 SYSTEMPATH\CodeIgniter.php(933): App\Controllers\PurchaseController->index()
 7 SYSTEMPATH\CodeIgniter.php(507): CodeIgniter\CodeIgniter->runController(Object(App\Controllers\PurchaseController))
 8 SYSTEMPATH\CodeIgniter.php(354): CodeIgniter\CodeIgniter->handleRequest(null, Object(Config\Cache), false)
 9 SYSTEMPATH\Boot.php(363): CodeIgniter\CodeIgniter->run()
10 SYSTEMPATH\Boot.php(68): CodeIgniter\Boot::runCodeIgniter(Object(CodeIgniter\CodeIgniter))
11 FCPATH\index.php(59): CodeIgniter\Boot::bootWeb(Object(Config\Paths))
CRITICAL - 2026-08-15 06:11:35 --> [Caused by] mysqli_sql_exception: Unknown column 'pos.selling_price' in 'field list'
in SYSTEMPATH\Database\MySQLi\Connection.php on line 327.
 1 SYSTEMPATH\Database\MySQLi\Connection.php(327): mysqli->query('SELECT pr.product_id,
        pr.product_name,
        pr.product_category,
        pr.product_brand,
        pr.product_group,
        pr.product_strength,
        pr.product_unit,
        pr.sku,
        pr.barcode,
        pr.alert_quantity,
        pr.product_image,
        pr.status,

        pc.category_name,
        pb.product_brand_name,
        pg.group_name,
        ps.strength_name,

        /* ==============================
           TAX TYPE
           ============================== */

        COALESCE(
            NULLIF(pos.tax_type, \'\'),
            CASE
                WHEN COALESCE(lp.tax_percentage, 0) > 0
                THEN \'with_tax\'
                ELSE \'without_tax\'
            END
        ) AS tax_type,

        /* ==============================
           TAX
           ============================== */

        COALESCE(
            pos.tax_id,
            lp.tax_id
        ) AS tax_id,

        tx.tax_name,

        COALESCE(
            pos.tax_percentage,
            lp.tax_percentage,
            0
        ) AS tax_percentage,

        COALESCE(
            pos.tax_amount,
            lp.product_wise_vat_amount,
            0
        ) AS tax_amount,

        /* ==============================
           PURCHASE PRICE WITHOUT VAT
           Opening stock first
           Latest purchase fallback
           ============================== */

        COALESCE(
            NULLIF(pos.purchase_price_without_vat, 0),
            NULLIF(lp.base_price_per_unit, 0),
            0
        ) AS purchase_price_without_vat,

        /* ==============================
           PURCHASE PRICE WITH VAT
           Opening stock first
           Latest purchase fallback
           ============================== */

        COALESCE(
            NULLIF(pos.purchase_price_with_vat, 0),
            NULLIF(lp.purchase_price, 0),
            0
        ) AS purchase_price_with_vat,

        /* ==============================
           PROFIT MARGIN
           ============================== */

        COALESCE(
            NULLIF(pos.profit_margin_percent, 0),
            0
        ) AS profit_margin_percent,

/* ==============================
   SELLING UNIT PRICE
   pos.selling_price is already unit price
   lp.selling_price needs conversion
   ============================== */

CASE

    WHEN NULLIF(pos.selling_price, 0) IS NOT NULL
    THEN pos.selling_price

    WHEN NULLIF(lp.selling_price, 0) IS NOT NULL
    THEN
        lp.selling_price /
        (
            GREATEST(COALESCE(lp.quantity_per_pack, 1), 1)
            *
            GREATEST(COALESCE(lp.box_quantity, 1), 1)
        )

    ELSE 0

END AS selling_unit_price,

        /* ==============================
           CURRENT STOCK
           ============================== */

        COALESCE(
            sl.total_stock,
            0
        ) AS total_stock
FROM `products` `pr`
LEFT JOIN (
            SELECT
                product_id,
                SUM(qty_in - qty_out) AS total_stock
            FROM stock_ledger
            GROUP BY product_id
        ) sl ON sl.product_id = pr.product_id
LEFT JOIN (
            SELECT os.*
            FROM product_opening_stock os

            INNER JOIN (
                SELECT
                    product_id,
                    MAX(opening_stock_id) AS latest_opening_stock_id

                FROM product_opening_stock

                WHERE status = \'active\'

                GROUP BY product_id

            ) x

            ON x.latest_opening_stock_id = os.opening_stock_id

        ) pos ON pos.product_id = pr.product_id
LEFT JOIN (
            SELECT ppd.*

            FROM product_purchase_details ppd

            INNER JOIN (
                SELECT
                    ppd2.product_id,
                    MAX(ppd2.purchase_details_id)
                        AS latest_purchase_details_id

                FROM product_purchase_details ppd2

                INNER JOIN product_purchase pp2
                    ON pp2.purchase_id = ppd2.purchase_id

                WHERE pp2.status = \'active\'

                GROUP BY ppd2.product_id

            ) latest

            ON latest.latest_purchase_details_id
               = ppd.purchase_details_id

        ) lp ON lp.product_id = pr.product_id
LEFT JOIN tax tx ON tx.tax_id = COALESCE(pos.tax_id, lp.tax_id)
LEFT JOIN `product_category` `pc` ON `pc`.`product_category_id` = `pr`.`product_category`
LEFT JOIN `product_brand` `pb` ON `pb`.`brand_id` = `pr`.`product_brand`
LEFT JOIN `product_group` `pg` ON `pg`.`product_group_id` = `pr`.`product_group`
LEFT JOIN `product_strength` `ps` ON `ps`.`strength_id` = `pr`.`product_strength`
WHERE `pr`.`status` = \'active\'
ORDER BY `pr`.`product_name` ASC', 0)
 2 SYSTEMPATH\Database\BaseConnection.php(729): CodeIgniter\Database\MySQLi\Connection->execute('SELECT pr.product_id,
        pr.product_name,
        pr.product_category,
        pr.product_brand,
        pr.product_group,
        pr.product_strength,
        pr.product_unit,
        pr.sku,
        pr.barcode,
        pr.alert_quantity,
        pr.product_image,
        pr.status,

        pc.category_name,
        pb.product_brand_name,
        pg.group_name,
        ps.strength_name,

        /* ==============================
           TAX TYPE
           ============================== */

        COALESCE(
            NULLIF(pos.tax_type, \'\'),
            CASE
                WHEN COALESCE(lp.tax_percentage, 0) > 0
                THEN \'with_tax\'
                ELSE \'without_tax\'
            END
        ) AS tax_type,

        /* ==============================
           TAX
           ============================== */

        COALESCE(
            pos.tax_id,
            lp.tax_id
        ) AS tax_id,

        tx.tax_name,

        COALESCE(
            pos.tax_percentage,
            lp.tax_percentage,
            0
        ) AS tax_percentage,

        COALESCE(
            pos.tax_amount,
            lp.product_wise_vat_amount,
            0
        ) AS tax_amount,

        /* ==============================
           PURCHASE PRICE WITHOUT VAT
           Opening stock first
           Latest purchase fallback
           ============================== */

        COALESCE(
            NULLIF(pos.purchase_price_without_vat, 0),
            NULLIF(lp.base_price_per_unit, 0),
            0
        ) AS purchase_price_without_vat,

        /* ==============================
           PURCHASE PRICE WITH VAT
           Opening stock first
           Latest purchase fallback
           ============================== */

        COALESCE(
            NULLIF(pos.purchase_price_with_vat, 0),
            NULLIF(lp.purchase_price, 0),
            0
        ) AS purchase_price_with_vat,

        /* ==============================
           PROFIT MARGIN
           ============================== */

        COALESCE(
            NULLIF(pos.profit_margin_percent, 0),
            0
        ) AS profit_margin_percent,

/* ==============================
   SELLING UNIT PRICE
   pos.selling_price is already unit price
   lp.selling_price needs conversion
   ============================== */

CASE

    WHEN NULLIF(pos.selling_price, 0) IS NOT NULL
    THEN pos.selling_price

    WHEN NULLIF(lp.selling_price, 0) IS NOT NULL
    THEN
        lp.selling_price /
        (
            GREATEST(COALESCE(lp.quantity_per_pack, 1), 1)
            *
            GREATEST(COALESCE(lp.box_quantity, 1), 1)
        )

    ELSE 0

END AS selling_unit_price,

        /* ==============================
           CURRENT STOCK
           ============================== */

        COALESCE(
            sl.total_stock,
            0
        ) AS total_stock
FROM `products` `pr`
LEFT JOIN (
            SELECT
                product_id,
                SUM(qty_in - qty_out) AS total_stock
            FROM stock_ledger
            GROUP BY product_id
        ) sl ON sl.product_id = pr.product_id
LEFT JOIN (
            SELECT os.*
            FROM product_opening_stock os

            INNER JOIN (
                SELECT
                    product_id,
                    MAX(opening_stock_id) AS latest_opening_stock_id

                FROM product_opening_stock

                WHERE status = \'active\'

                GROUP BY product_id

            ) x

            ON x.latest_opening_stock_id = os.opening_stock_id

        ) pos ON pos.product_id = pr.product_id
LEFT JOIN (
            SELECT ppd.*

            FROM product_purchase_details ppd

            INNER JOIN (
                SELECT
                    ppd2.product_id,
                    MAX(ppd2.purchase_details_id)
                        AS latest_purchase_details_id

                FROM product_purchase_details ppd2

                INNER JOIN product_purchase pp2
                    ON pp2.purchase_id = ppd2.purchase_id

                WHERE pp2.status = \'active\'

                GROUP BY ppd2.product_id

            ) latest

            ON latest.latest_purchase_details_id
               = ppd.purchase_details_id

        ) lp ON lp.product_id = pr.product_id
LEFT JOIN tax tx ON tx.tax_id = COALESCE(pos.tax_id, lp.tax_id)
LEFT JOIN `product_category` `pc` ON `pc`.`product_category_id` = `pr`.`product_category`
LEFT JOIN `product_brand` `pb` ON `pb`.`brand_id` = `pr`.`product_brand`
LEFT JOIN `product_group` `pg` ON `pg`.`product_group_id` = `pr`.`product_group`
LEFT JOIN `product_strength` `ps` ON `ps`.`strength_id` = `pr`.`product_strength`
WHERE `pr`.`status` = \'active\'
ORDER BY `pr`.`product_name` ASC')
 3 SYSTEMPATH\Database\BaseConnection.php(646): CodeIgniter\Database\BaseConnection->simpleQuery('SELECT pr.product_id,
        pr.product_name,
        pr.product_category,
        pr.product_brand,
        pr.product_group,
        pr.product_strength,
        pr.product_unit,
        pr.sku,
        pr.barcode,
        pr.alert_quantity,
        pr.product_image,
        pr.status,

        pc.category_name,
        pb.product_brand_name,
        pg.group_name,
        ps.strength_name,

        /* ==============================
           TAX TYPE
           ============================== */

        COALESCE(
            NULLIF(pos.tax_type, \'\'),
            CASE
                WHEN COALESCE(lp.tax_percentage, 0) > 0
                THEN \'with_tax\'
                ELSE \'without_tax\'
            END
        ) AS tax_type,

        /* ==============================
           TAX
           ============================== */

        COALESCE(
            pos.tax_id,
            lp.tax_id
        ) AS tax_id,

        tx.tax_name,

        COALESCE(
            pos.tax_percentage,
            lp.tax_percentage,
            0
        ) AS tax_percentage,

        COALESCE(
            pos.tax_amount,
            lp.product_wise_vat_amount,
            0
        ) AS tax_amount,

        /* ==============================
           PURCHASE PRICE WITHOUT VAT
           Opening stock first
           Latest purchase fallback
           ============================== */

        COALESCE(
            NULLIF(pos.purchase_price_without_vat, 0),
            NULLIF(lp.base_price_per_unit, 0),
            0
        ) AS purchase_price_without_vat,

        /* ==============================
           PURCHASE PRICE WITH VAT
           Opening stock first
           Latest purchase fallback
           ============================== */

        COALESCE(
            NULLIF(pos.purchase_price_with_vat, 0),
            NULLIF(lp.purchase_price, 0),
            0
        ) AS purchase_price_with_vat,

        /* ==============================
           PROFIT MARGIN
           ============================== */

        COALESCE(
            NULLIF(pos.profit_margin_percent, 0),
            0
        ) AS profit_margin_percent,

/* ==============================
   SELLING UNIT PRICE
   pos.selling_price is already unit price
   lp.selling_price needs conversion
   ============================== */

CASE

    WHEN NULLIF(pos.selling_price, 0) IS NOT NULL
    THEN pos.selling_price

    WHEN NULLIF(lp.selling_price, 0) IS NOT NULL
    THEN
        lp.selling_price /
        (
            GREATEST(COALESCE(lp.quantity_per_pack, 1), 1)
            *
            GREATEST(COALESCE(lp.box_quantity, 1), 1)
        )

    ELSE 0

END AS selling_unit_price,

        /* ==============================
           CURRENT STOCK
           ============================== */

        COALESCE(
            sl.total_stock,
            0
        ) AS total_stock
FROM `products` `pr`
LEFT JOIN (
            SELECT
                product_id,
                SUM(qty_in - qty_out) AS total_stock
            FROM stock_ledger
            GROUP BY product_id
        ) sl ON sl.product_id = pr.product_id
LEFT JOIN (
            SELECT os.*
            FROM product_opening_stock os

            INNER JOIN (
                SELECT
                    product_id,
                    MAX(opening_stock_id) AS latest_opening_stock_id

                FROM product_opening_stock

                WHERE status = \'active\'

                GROUP BY product_id

            ) x

            ON x.latest_opening_stock_id = os.opening_stock_id

        ) pos ON pos.product_id = pr.product_id
LEFT JOIN (
            SELECT ppd.*

            FROM product_purchase_details ppd

            INNER JOIN (
                SELECT
                    ppd2.product_id,
                    MAX(ppd2.purchase_details_id)
                        AS latest_purchase_details_id

                FROM product_purchase_details ppd2

                INNER JOIN product_purchase pp2
                    ON pp2.purchase_id = ppd2.purchase_id

                WHERE pp2.status = \'active\'

                GROUP BY ppd2.product_id

            ) latest

            ON latest.latest_purchase_details_id
               = ppd.purchase_details_id

        ) lp ON lp.product_id = pr.product_id
LEFT JOIN tax tx ON tx.tax_id = COALESCE(pos.tax_id, lp.tax_id)
LEFT JOIN `product_category` `pc` ON `pc`.`product_category_id` = `pr`.`product_category`
LEFT JOIN `product_brand` `pb` ON `pb`.`brand_id` = `pr`.`product_brand`
LEFT JOIN `product_group` `pg` ON `pg`.`product_group_id` = `pr`.`product_group`
LEFT JOIN `product_strength` `ps` ON `ps`.`strength_id` = `pr`.`product_strength`
WHERE `pr`.`status` = \'active\'
ORDER BY `pr`.`product_name` ASC')
 4 SYSTEMPATH\Database\BaseBuilder.php(1649): CodeIgniter\Database\BaseConnection->query('SELECT pr.product_id,
        pr.product_name,
        pr.product_category,
        pr.product_brand,
        pr.product_group,
        pr.product_strength,
        pr.product_unit,
        pr.sku,
        pr.barcode,
        pr.alert_quantity,
        pr.product_image,
        pr.status,

        pc.category_name,
        pb.product_brand_name,
        pg.group_name,
        ps.strength_name,

        /* ==============================
           TAX TYPE
           ============================== */

        COALESCE(
            NULLIF(pos.tax_type, \'\'),
            CASE
                WHEN COALESCE(lp.tax_percentage, 0) > 0
                THEN \'with_tax\'
                ELSE \'without_tax\'
            END
        ) AS tax_type,

        /* ==============================
           TAX
           ============================== */

        COALESCE(
            pos.tax_id,
            lp.tax_id
        ) AS tax_id,

        tx.tax_name,

        COALESCE(
            pos.tax_percentage,
            lp.tax_percentage,
            0
        ) AS tax_percentage,

        COALESCE(
            pos.tax_amount,
            lp.product_wise_vat_amount,
            0
        ) AS tax_amount,

        /* ==============================
           PURCHASE PRICE WITHOUT VAT
           Opening stock first
           Latest purchase fallback
           ============================== */

        COALESCE(
            NULLIF(pos.purchase_price_without_vat, 0),
            NULLIF(lp.base_price_per_unit, 0),
            0
        ) AS purchase_price_without_vat,

        /* ==============================
           PURCHASE PRICE WITH VAT
           Opening stock first
           Latest purchase fallback
           ============================== */

        COALESCE(
            NULLIF(pos.purchase_price_with_vat, 0),
            NULLIF(lp.purchase_price, 0),
            0
        ) AS purchase_price_with_vat,

        /* ==============================
           PROFIT MARGIN
           ============================== */

        COALESCE(
            NULLIF(pos.profit_margin_percent, 0),
            0
        ) AS profit_margin_percent,

/* ==============================
   SELLING UNIT PRICE
   pos.selling_price is already unit price
   lp.selling_price needs conversion
   ============================== */

CASE

    WHEN NULLIF(pos.selling_price, 0) IS NOT NULL
    THEN pos.selling_price

    WHEN NULLIF(lp.selling_price, 0) IS NOT NULL
    THEN
        lp.selling_price /
        (
            GREATEST(COALESCE(lp.quantity_per_pack, 1), 1)
            *
            GREATEST(COALESCE(lp.box_quantity, 1), 1)
        )

    ELSE 0

END AS selling_unit_price,

        /* ==============================
           CURRENT STOCK
           ============================== */

        COALESCE(
            sl.total_stock,
            0
        ) AS total_stock
FROM `products` `pr`
LEFT JOIN (
            SELECT
                product_id,
                SUM(qty_in - qty_out) AS total_stock
            FROM stock_ledger
            GROUP BY product_id
        ) sl ON sl.product_id = pr.product_id
LEFT JOIN (
            SELECT os.*
            FROM product_opening_stock os

            INNER JOIN (
                SELECT
                    product_id,
                    MAX(opening_stock_id) AS latest_opening_stock_id

                FROM product_opening_stock

                WHERE status = \'active\'

                GROUP BY product_id

            ) x

            ON x.latest_opening_stock_id = os.opening_stock_id

        ) pos ON pos.product_id = pr.product_id
LEFT JOIN (
            SELECT ppd.*

            FROM product_purchase_details ppd

            INNER JOIN (
                SELECT
                    ppd2.product_id,
                    MAX(ppd2.purchase_details_id)
                        AS latest_purchase_details_id

                FROM product_purchase_details ppd2

                INNER JOIN product_purchase pp2
                    ON pp2.purchase_id = ppd2.purchase_id

                WHERE pp2.status = \'active\'

                GROUP BY ppd2.product_id

            ) latest

            ON latest.latest_purchase_details_id
               = ppd.purchase_details_id

        ) lp ON lp.product_id = pr.product_id
LEFT JOIN tax tx ON tx.tax_id = COALESCE(pos.tax_id, lp.tax_id)
LEFT JOIN `product_category` `pc` ON `pc`.`product_category_id` = `pr`.`product_category`
LEFT JOIN `product_brand` `pb` ON `pb`.`brand_id` = `pr`.`product_brand`
LEFT JOIN `product_group` `pg` ON `pg`.`product_group_id` = `pr`.`product_group`
LEFT JOIN `product_strength` `ps` ON `ps`.`strength_id` = `pr`.`product_strength`
WHERE `pr`.`status` = :pr.status:
ORDER BY `pr`.`product_name` ASC', [...], false)
 5 APPPATH\Models\ProductModel.php(1122): CodeIgniter\Database\BaseBuilder->get()
 6 APPPATH\Controllers\PurchaseController.php(54): App\Models\ProductModel->getProductsWithCurrentStock()
 7 SYSTEMPATH\CodeIgniter.php(933): App\Controllers\PurchaseController->index()
 8 SYSTEMPATH\CodeIgniter.php(507): CodeIgniter\CodeIgniter->runController(Object(App\Controllers\PurchaseController))
 9 SYSTEMPATH\CodeIgniter.php(354): CodeIgniter\CodeIgniter->handleRequest(null, Object(Config\Cache), false)
10 SYSTEMPATH\Boot.php(363): CodeIgniter\CodeIgniter->run()
11 SYSTEMPATH\Boot.php(68): CodeIgniter\Boot::runCodeIgniter(Object(CodeIgniter\CodeIgniter))
12 FCPATH\index.php(59): CodeIgniter\Boot::bootWeb(Object(Config\Paths))
DEBUG - 2026-08-15 06:13:16 --> Session: Class initialized using 'CodeIgniter\Session\Handlers\FileHandler' driver.
DEBUG - 2026-08-15 06:13:31 --> Session: Class initialized using 'CodeIgniter\Session\Handlers\FileHandler' driver.
DEBUG - 2026-08-15 06:14:28 --> Session: Class initialized using 'CodeIgniter\Session\Handlers\FileHandler' driver.
DEBUG - 2026-08-15 06:14:30 --> Session: Class initialized using 'CodeIgniter\Session\Handlers\FileHandler' driver.
DEBUG - 2026-08-15 06:19:03 --> Session: Class initialized using 'CodeIgniter\Session\Handlers\FileHandler' driver.
ERROR - 2026-08-15 06:19:03 --> mysqli_sql_exception: Unknown column 'pos.selling_price' in 'field list' in C:\laragon\www\pharmacy-project\system\Database\MySQLi\Connection.php:327
Stack trace:
#0 C:\laragon\www\pharmacy-project\system\Database\MySQLi\Connection.php(327): mysqli->query('SELECT p.produc...', 0)
#1 C:\laragon\www\pharmacy-project\system\Database\BaseConnection.php(729): CodeIgniter\Database\MySQLi\Connection->execute('SELECT p.produc...')
#2 C:\laragon\www\pharmacy-project\system\Database\BaseConnection.php(646): CodeIgniter\Database\BaseConnection->simpleQuery('SELECT p.produc...')
#3 C:\laragon\www\pharmacy-project\system\Database\BaseBuilder.php(1649): CodeIgniter\Database\BaseConnection->query('SELECT p.produc...', Array, false)
#4 C:\laragon\www\pharmacy-project\app\Models\ProductModel.php(394): CodeIgniter\Database\BaseBuilder->get()
#5 C:\laragon\www\pharmacy-project\app\Controllers\PosController.php(45): App\Models\ProductModel->getProducts(NULL)
#6 C:\laragon\www\pharmacy-project\system\CodeIgniter.php(933): App\Controllers\PosController->index()
#7 C:\laragon\www\pharmacy-project\system\CodeIgniter.php(507): CodeIgniter\CodeIgniter->runController(Object(App\Controllers\PosController))
#8 C:\laragon\www\pharmacy-project\system\CodeIgniter.php(354): CodeIgniter\CodeIgniter->handleRequest(NULL, Object(Config\Cache), false)
#9 C:\laragon\www\pharmacy-project\system\Boot.php(363): CodeIgniter\CodeIgniter->run()
#10 C:\laragon\www\pharmacy-project\system\Boot.php(68): CodeIgniter\Boot::runCodeIgniter(Object(CodeIgniter\CodeIgniter))
#11 C:\laragon\www\pharmacy-project\index.php(59): CodeIgniter\Boot::bootWeb(Object(Config\Paths))
#12 {main}
CRITICAL - 2026-08-15 06:19:03 --> CodeIgniter\Database\Exceptions\DatabaseException: Unknown column 'pos.selling_price' in 'field list'
[Method: GET, Route: pos]
in SYSTEMPATH\Database\BaseConnection.php on line 684.
 1 SYSTEMPATH\Database\BaseBuilder.php(1649): CodeIgniter\Database\BaseConnection->query('SELECT p.product_id,
        p.product_name,
        p.product_image,
        p.barcode,
        p.alert_quantity,

        pc.category_name,

        /* =========================================
           PURCHASE PRICE
           Opening stock first
           Latest purchase as fallback
        ========================================= */

        COALESCE(
            NULLIF(pos.purchase_price_without_vat, 0),
            NULLIF(lp.base_price_per_unit, 0),
            0
        ) AS purchase_price_without_vat,

        COALESCE(
            NULLIF(pos.purchase_price_with_vat, 0),
            NULLIF(lp.purchase_price, 0),
            0
        ) AS purchase_price_with_vat,


        /* =========================================
           TAX TYPE
        ========================================= */

        COALESCE(
            NULLIF(pos.tax_type, \'\'),
            CASE
                WHEN COALESCE(lp.tax_percentage, 0) > 0
                THEN \'with_tax\'
                ELSE \'without_tax\'
            END,
            \'without_tax\'
        ) AS tax_type,


        /* =========================================
           TAX ID
        ========================================= */

        COALESCE(
            pos.tax_id,
            lp.tax_id
        ) AS tax_id,


        /* =========================================
           TAX PERCENTAGE
        ========================================= */

        COALESCE(
            pos.tax_percentage,
            lp.tax_percentage,
            0
        ) AS tax_percentage,


        /* =========================================
           TAX AMOUNT
        ========================================= */

        COALESCE(
            pos.tax_amount,
            lp.product_wise_vat_amount,
            0
        ) AS tax_amount,


        /* =========================================
           PROFIT MARGIN
        ========================================= */

        COALESCE(

            NULLIF(
                pos.profit_margin_percent,
                0
            ),

            CASE
                WHEN COALESCE(lp.purchase_price, 0) > 0
                THEN
                    (
                        (
                            COALESCE(
                                lp.selling_price,
                                0
                            )
                            -
                            lp.purchase_price
                        )
                        /
                        lp.purchase_price
                    ) * 100
                ELSE 0
            END,

            0

        ) AS profit_margin_percent,


        /* =========================================
           SELLING PRICE
           
           Opening Stock:
           pos.selling_price

           Latest Purchase:
           lp.selling_price
        ========================================= */

        COALESCE(
            NULLIF(pos.selling_price, 0),
            NULLIF(lp.selling_price, 0),
            0
        ) AS selling_price,


        /* =========================================
           SELLING UNIT PRICE
           
           IMPORTANT:

           Both tables now contain:
           
           selling_unit_price

           Therefore NO calculation is required.

           Priority:
           1. Opening Stock
           2. Latest Purchase
           3. 0
        ========================================= */

        COALESCE(
            NULLIF(pos.selling_unit_price, 0),
            NULLIF(lp.selling_unit_price, 0),
            0
        ) AS selling_unit_price,


        /* =========================================
           QUANTITY PER PACK
        ========================================= */

        COALESCE(
            NULLIF(lp.quantity_per_pack, 0),
            1
        ) AS quantity_per_pack,


        /* =========================================
           BOX QUANTITY
        ========================================= */

        COALESCE(
            NULLIF(lp.box_quantity, 0),
            1
        ) AS box_quantity,


        /* =========================================
           CURRENT STOCK
        ========================================= */

        COALESCE(
            sl.total_stock,
            0
        ) AS total_stock
FROM `products` `p`
LEFT JOIN `product_category` `pc` ON `pc`.`product_category_id` = `p`.`product_category`
LEFT JOIN (
            SELECT
                os.*

            FROM product_opening_stock os

            INNER JOIN (
                SELECT
                    product_id,
                    MAX(opening_stock_id)
                        AS latest_opening_stock_id

                FROM product_opening_stock

                WHERE status = "active"

                GROUP BY product_id

            ) x

                ON x.latest_opening_stock_id =
                   os.opening_stock_id

        ) pos ON pos.product_id = p.product_id
LEFT JOIN (
            SELECT
                ppd.*

            FROM product_purchase_details ppd

            INNER JOIN (
                SELECT
                    ppd2.product_id,

                    MAX(
                        ppd2.purchase_details_id
                    ) AS latest_purchase_details_id

                FROM product_purchase_details ppd2

                INNER JOIN product_purchase pp2

                    ON pp2.purchase_id =
                       ppd2.purchase_id

                WHERE pp2.status = "active"

                GROUP BY ppd2.product_id

            ) latest

                ON latest.latest_purchase_details_id =
                   ppd.purchase_details_id

        ) lp ON lp.product_id = p.product_id
LEFT JOIN (
            SELECT
                product_id,

                SUM(
                    COALESCE(qty_in, 0)
                    -
                    COALESCE(qty_out, 0)
                ) AS total_stock

            FROM stock_ledger

            GROUP BY product_id

        ) sl ON sl.product_id = p.product_id
WHERE `p`.`status` = :p.status:
ORDER BY `p`.`product_name` ASC', [...], false)
 2 APPPATH\Models\ProductModel.php(394): CodeIgniter\Database\BaseBuilder->get()
 3 APPPATH\Controllers\PosController.php(45): App\Models\ProductModel->getProducts(null)
 4 SYSTEMPATH\CodeIgniter.php(933): App\Controllers\PosController->index()
 5 SYSTEMPATH\CodeIgniter.php(507): CodeIgniter\CodeIgniter->runController(Object(App\Controllers\PosController))
 6 SYSTEMPATH\CodeIgniter.php(354): CodeIgniter\CodeIgniter->handleRequest(null, Object(Config\Cache), false)
 7 SYSTEMPATH\Boot.php(363): CodeIgniter\CodeIgniter->run()
 8 SYSTEMPATH\Boot.php(68): CodeIgniter\Boot::runCodeIgniter(Object(CodeIgniter\CodeIgniter))
 9 FCPATH\index.php(59): CodeIgniter\Boot::bootWeb(Object(Config\Paths))
CRITICAL - 2026-08-15 06:19:03 --> [Caused by] CodeIgniter\Database\Exceptions\DatabaseException: Unknown column 'pos.selling_price' in 'field list'
in SYSTEMPATH\Database\MySQLi\Connection.php on line 332.
 1 SYSTEMPATH\Database\BaseConnection.php(729): CodeIgniter\Database\MySQLi\Connection->execute('SELECT p.product_id,
        p.product_name,
        p.product_image,
        p.barcode,
        p.alert_quantity,

        pc.category_name,

        /* =========================================
           PURCHASE PRICE
           Opening stock first
           Latest purchase as fallback
        ========================================= */

        COALESCE(
            NULLIF(pos.purchase_price_without_vat, 0),
            NULLIF(lp.base_price_per_unit, 0),
            0
        ) AS purchase_price_without_vat,

        COALESCE(
            NULLIF(pos.purchase_price_with_vat, 0),
            NULLIF(lp.purchase_price, 0),
            0
        ) AS purchase_price_with_vat,


        /* =========================================
           TAX TYPE
        ========================================= */

        COALESCE(
            NULLIF(pos.tax_type, \'\'),
            CASE
                WHEN COALESCE(lp.tax_percentage, 0) > 0
                THEN \'with_tax\'
                ELSE \'without_tax\'
            END,
            \'without_tax\'
        ) AS tax_type,


        /* =========================================
           TAX ID
        ========================================= */

        COALESCE(
            pos.tax_id,
            lp.tax_id
        ) AS tax_id,


        /* =========================================
           TAX PERCENTAGE
        ========================================= */

        COALESCE(
            pos.tax_percentage,
            lp.tax_percentage,
            0
        ) AS tax_percentage,


        /* =========================================
           TAX AMOUNT
        ========================================= */

        COALESCE(
            pos.tax_amount,
            lp.product_wise_vat_amount,
            0
        ) AS tax_amount,


        /* =========================================
           PROFIT MARGIN
        ========================================= */

        COALESCE(

            NULLIF(
                pos.profit_margin_percent,
                0
            ),

            CASE
                WHEN COALESCE(lp.purchase_price, 0) > 0
                THEN
                    (
                        (
                            COALESCE(
                                lp.selling_price,
                                0
                            )
                            -
                            lp.purchase_price
                        )
                        /
                        lp.purchase_price
                    ) * 100
                ELSE 0
            END,

            0

        ) AS profit_margin_percent,


        /* =========================================
           SELLING PRICE
           
           Opening Stock:
           pos.selling_price

           Latest Purchase:
           lp.selling_price
        ========================================= */

        COALESCE(
            NULLIF(pos.selling_price, 0),
            NULLIF(lp.selling_price, 0),
            0
        ) AS selling_price,


        /* =========================================
           SELLING UNIT PRICE
           
           IMPORTANT:

           Both tables now contain:
           
           selling_unit_price

           Therefore NO calculation is required.

           Priority:
           1. Opening Stock
           2. Latest Purchase
           3. 0
        ========================================= */

        COALESCE(
            NULLIF(pos.selling_unit_price, 0),
            NULLIF(lp.selling_unit_price, 0),
            0
        ) AS selling_unit_price,


        /* =========================================
           QUANTITY PER PACK
        ========================================= */

        COALESCE(
            NULLIF(lp.quantity_per_pack, 0),
            1
        ) AS quantity_per_pack,


        /* =========================================
           BOX QUANTITY
        ========================================= */

        COALESCE(
            NULLIF(lp.box_quantity, 0),
            1
        ) AS box_quantity,


        /* =========================================
           CURRENT STOCK
        ========================================= */

        COALESCE(
            sl.total_stock,
            0
        ) AS total_stock
FROM `products` `p`
LEFT JOIN `product_category` `pc` ON `pc`.`product_category_id` = `p`.`product_category`
LEFT JOIN (
            SELECT
                os.*

            FROM product_opening_stock os

            INNER JOIN (
                SELECT
                    product_id,
                    MAX(opening_stock_id)
                        AS latest_opening_stock_id

                FROM product_opening_stock

                WHERE status = "active"

                GROUP BY product_id

            ) x

                ON x.latest_opening_stock_id =
                   os.opening_stock_id

        ) pos ON pos.product_id = p.product_id
LEFT JOIN (
            SELECT
                ppd.*

            FROM product_purchase_details ppd

            INNER JOIN (
                SELECT
                    ppd2.product_id,

                    MAX(
                        ppd2.purchase_details_id
                    ) AS latest_purchase_details_id

                FROM product_purchase_details ppd2

                INNER JOIN product_purchase pp2

                    ON pp2.purchase_id =
                       ppd2.purchase_id

                WHERE pp2.status = "active"

                GROUP BY ppd2.product_id

            ) latest

                ON latest.latest_purchase_details_id =
                   ppd.purchase_details_id

        ) lp ON lp.product_id = p.product_id
LEFT JOIN (
            SELECT
                product_id,

                SUM(
                    COALESCE(qty_in, 0)
                    -
                    COALESCE(qty_out, 0)
                ) AS total_stock

            FROM stock_ledger

            GROUP BY product_id

        ) sl ON sl.product_id = p.product_id
WHERE `p`.`status` = \'active\'
ORDER BY `p`.`product_name` ASC')
 2 SYSTEMPATH\Database\BaseConnection.php(646): CodeIgniter\Database\BaseConnection->simpleQuery('SELECT p.product_id,
        p.product_name,
        p.product_image,
        p.barcode,
        p.alert_quantity,

        pc.category_name,

        /* =========================================
           PURCHASE PRICE
           Opening stock first
           Latest purchase as fallback
        ========================================= */

        COALESCE(
            NULLIF(pos.purchase_price_without_vat, 0),
            NULLIF(lp.base_price_per_unit, 0),
            0
        ) AS purchase_price_without_vat,

        COALESCE(
            NULLIF(pos.purchase_price_with_vat, 0),
            NULLIF(lp.purchase_price, 0),
            0
        ) AS purchase_price_with_vat,


        /* =========================================
           TAX TYPE
        ========================================= */

        COALESCE(
            NULLIF(pos.tax_type, \'\'),
            CASE
                WHEN COALESCE(lp.tax_percentage, 0) > 0
                THEN \'with_tax\'
                ELSE \'without_tax\'
            END,
            \'without_tax\'
        ) AS tax_type,


        /* =========================================
           TAX ID
        ========================================= */

        COALESCE(
            pos.tax_id,
            lp.tax_id
        ) AS tax_id,


        /* =========================================
           TAX PERCENTAGE
        ========================================= */

        COALESCE(
            pos.tax_percentage,
            lp.tax_percentage,
            0
        ) AS tax_percentage,


        /* =========================================
           TAX AMOUNT
        ========================================= */

        COALESCE(
            pos.tax_amount,
            lp.product_wise_vat_amount,
            0
        ) AS tax_amount,


        /* =========================================
           PROFIT MARGIN
        ========================================= */

        COALESCE(

            NULLIF(
                pos.profit_margin_percent,
                0
            ),

            CASE
                WHEN COALESCE(lp.purchase_price, 0) > 0
                THEN
                    (
                        (
                            COALESCE(
                                lp.selling_price,
                                0
                            )
                            -
                            lp.purchase_price
                        )
                        /
                        lp.purchase_price
                    ) * 100
                ELSE 0
            END,

            0

        ) AS profit_margin_percent,


        /* =========================================
           SELLING PRICE
           
           Opening Stock:
           pos.selling_price

           Latest Purchase:
           lp.selling_price
        ========================================= */

        COALESCE(
            NULLIF(pos.selling_price, 0),
            NULLIF(lp.selling_price, 0),
            0
        ) AS selling_price,


        /* =========================================
           SELLING UNIT PRICE
           
           IMPORTANT:

           Both tables now contain:
           
           selling_unit_price

           Therefore NO calculation is required.

           Priority:
           1. Opening Stock
           2. Latest Purchase
           3. 0
        ========================================= */

        COALESCE(
            NULLIF(pos.selling_unit_price, 0),
            NULLIF(lp.selling_unit_price, 0),
            0
        ) AS selling_unit_price,


        /* =========================================
           QUANTITY PER PACK
        ========================================= */

        COALESCE(
            NULLIF(lp.quantity_per_pack, 0),
            1
        ) AS quantity_per_pack,


        /* =========================================
           BOX QUANTITY
        ========================================= */

        COALESCE(
            NULLIF(lp.box_quantity, 0),
            1
        ) AS box_quantity,


        /* =========================================
           CURRENT STOCK
        ========================================= */

        COALESCE(
            sl.total_stock,
            0
        ) AS total_stock
FROM `products` `p`
LEFT JOIN `product_category` `pc` ON `pc`.`product_category_id` = `p`.`product_category`
LEFT JOIN (
            SELECT
                os.*

            FROM product_opening_stock os

            INNER JOIN (
                SELECT
                    product_id,
                    MAX(opening_stock_id)
                        AS latest_opening_stock_id

                FROM product_opening_stock

                WHERE status = "active"

                GROUP BY product_id

            ) x

                ON x.latest_opening_stock_id =
                   os.opening_stock_id

        ) pos ON pos.product_id = p.product_id
LEFT JOIN (
            SELECT
                ppd.*

            FROM product_purchase_details ppd

            INNER JOIN (
                SELECT
                    ppd2.product_id,

                    MAX(
                        ppd2.purchase_details_id
                    ) AS latest_purchase_details_id

                FROM product_purchase_details ppd2

                INNER JOIN product_purchase pp2

                    ON pp2.purchase_id =
                       ppd2.purchase_id

                WHERE pp2.status = "active"

                GROUP BY ppd2.product_id

            ) latest

                ON latest.latest_purchase_details_id =
                   ppd.purchase_details_id

        ) lp ON lp.product_id = p.product_id
LEFT JOIN (
            SELECT
                product_id,

                SUM(
                    COALESCE(qty_in, 0)
                    -
                    COALESCE(qty_out, 0)
                ) AS total_stock

            FROM stock_ledger

            GROUP BY product_id

        ) sl ON sl.product_id = p.product_id
WHERE `p`.`status` = \'active\'
ORDER BY `p`.`product_name` ASC')
 3 SYSTEMPATH\Database\BaseBuilder.php(1649): CodeIgniter\Database\BaseConnection->query('SELECT p.product_id,
        p.product_name,
        p.product_image,
        p.barcode,
        p.alert_quantity,

        pc.category_name,

        /* =========================================
           PURCHASE PRICE
           Opening stock first
           Latest purchase as fallback
        ========================================= */

        COALESCE(
            NULLIF(pos.purchase_price_without_vat, 0),
            NULLIF(lp.base_price_per_unit, 0),
            0
        ) AS purchase_price_without_vat,

        COALESCE(
            NULLIF(pos.purchase_price_with_vat, 0),
            NULLIF(lp.purchase_price, 0),
            0
        ) AS purchase_price_with_vat,


        /* =========================================
           TAX TYPE
        ========================================= */

        COALESCE(
            NULLIF(pos.tax_type, \'\'),
            CASE
                WHEN COALESCE(lp.tax_percentage, 0) > 0
                THEN \'with_tax\'
                ELSE \'without_tax\'
            END,
            \'without_tax\'
        ) AS tax_type,


        /* =========================================
           TAX ID
        ========================================= */

        COALESCE(
            pos.tax_id,
            lp.tax_id
        ) AS tax_id,


        /* =========================================
           TAX PERCENTAGE
        ========================================= */

        COALESCE(
            pos.tax_percentage,
            lp.tax_percentage,
            0
        ) AS tax_percentage,


        /* =========================================
           TAX AMOUNT
        ========================================= */

        COALESCE(
            pos.tax_amount,
            lp.product_wise_vat_amount,
            0
        ) AS tax_amount,


        /* =========================================
           PROFIT MARGIN
        ========================================= */

        COALESCE(

            NULLIF(
                pos.profit_margin_percent,
                0
            ),

            CASE
                WHEN COALESCE(lp.purchase_price, 0) > 0
                THEN
                    (
                        (
                            COALESCE(
                                lp.selling_price,
                                0
                            )
                            -
                            lp.purchase_price
                        )
                        /
                        lp.purchase_price
                    ) * 100
                ELSE 0
            END,

            0

        ) AS profit_margin_percent,


        /* =========================================
           SELLING PRICE
           
           Opening Stock:
           pos.selling_price

           Latest Purchase:
           lp.selling_price
        ========================================= */

        COALESCE(
            NULLIF(pos.selling_price, 0),
            NULLIF(lp.selling_price, 0),
            0
        ) AS selling_price,


        /* =========================================
           SELLING UNIT PRICE
           
           IMPORTANT:

           Both tables now contain:
           
           selling_unit_price

           Therefore NO calculation is required.

           Priority:
           1. Opening Stock
           2. Latest Purchase
           3. 0
        ========================================= */

        COALESCE(
            NULLIF(pos.selling_unit_price, 0),
            NULLIF(lp.selling_unit_price, 0),
            0
        ) AS selling_unit_price,


        /* =========================================
           QUANTITY PER PACK
        ========================================= */

        COALESCE(
            NULLIF(lp.quantity_per_pack, 0),
            1
        ) AS quantity_per_pack,


        /* =========================================
           BOX QUANTITY
        ========================================= */

        COALESCE(
            NULLIF(lp.box_quantity, 0),
            1
        ) AS box_quantity,


        /* =========================================
           CURRENT STOCK
        ========================================= */

        COALESCE(
            sl.total_stock,
            0
        ) AS total_stock
FROM `products` `p`
LEFT JOIN `product_category` `pc` ON `pc`.`product_category_id` = `p`.`product_category`
LEFT JOIN (
            SELECT
                os.*

            FROM product_opening_stock os

            INNER JOIN (
                SELECT
                    product_id,
                    MAX(opening_stock_id)
                        AS latest_opening_stock_id

                FROM product_opening_stock

                WHERE status = "active"

                GROUP BY product_id

            ) x

                ON x.latest_opening_stock_id =
                   os.opening_stock_id

        ) pos ON pos.product_id = p.product_id
LEFT JOIN (
            SELECT
                ppd.*

            FROM product_purchase_details ppd

            INNER JOIN (
                SELECT
                    ppd2.product_id,

                    MAX(
                        ppd2.purchase_details_id
                    ) AS latest_purchase_details_id

                FROM product_purchase_details ppd2

                INNER JOIN product_purchase pp2

                    ON pp2.purchase_id =
                       ppd2.purchase_id

                WHERE pp2.status = "active"

                GROUP BY ppd2.product_id

            ) latest

                ON latest.latest_purchase_details_id =
                   ppd.purchase_details_id

        ) lp ON lp.product_id = p.product_id
LEFT JOIN (
            SELECT
                product_id,

                SUM(
                    COALESCE(qty_in, 0)
                    -
                    COALESCE(qty_out, 0)
                ) AS total_stock

            FROM stock_ledger

            GROUP BY product_id

        ) sl ON sl.product_id = p.product_id
WHERE `p`.`status` = :p.status:
ORDER BY `p`.`product_name` ASC', [...], false)
 4 APPPATH\Models\ProductModel.php(394): CodeIgniter\Database\BaseBuilder->get()
 5 APPPATH\Controllers\PosController.php(45): App\Models\ProductModel->getProducts(null)
 6 SYSTEMPATH\CodeIgniter.php(933): App\Controllers\PosController->index()
 7 SYSTEMPATH\CodeIgniter.php(507): CodeIgniter\CodeIgniter->runController(Object(App\Controllers\PosController))
 8 SYSTEMPATH\CodeIgniter.php(354): CodeIgniter\CodeIgniter->handleRequest(null, Object(Config\Cache), false)
 9 SYSTEMPATH\Boot.php(363): CodeIgniter\CodeIgniter->run()
10 SYSTEMPATH\Boot.php(68): CodeIgniter\Boot::runCodeIgniter(Object(CodeIgniter\CodeIgniter))
11 FCPATH\index.php(59): CodeIgniter\Boot::bootWeb(Object(Config\Paths))
CRITICAL - 2026-08-15 06:19:03 --> [Caused by] mysqli_sql_exception: Unknown column 'pos.selling_price' in 'field list'
in SYSTEMPATH\Database\MySQLi\Connection.php on line 327.
 1 SYSTEMPATH\Database\MySQLi\Connection.php(327): mysqli->query('SELECT p.product_id,
        p.product_name,
        p.product_image,
        p.barcode,
        p.alert_quantity,

        pc.category_name,

        /* =========================================
           PURCHASE PRICE
           Opening stock first
           Latest purchase as fallback
        ========================================= */

        COALESCE(
            NULLIF(pos.purchase_price_without_vat, 0),
            NULLIF(lp.base_price_per_unit, 0),
            0
        ) AS purchase_price_without_vat,

        COALESCE(
            NULLIF(pos.purchase_price_with_vat, 0),
            NULLIF(lp.purchase_price, 0),
            0
        ) AS purchase_price_with_vat,


        /* =========================================
           TAX TYPE
        ========================================= */

        COALESCE(
            NULLIF(pos.tax_type, \'\'),
            CASE
                WHEN COALESCE(lp.tax_percentage, 0) > 0
                THEN \'with_tax\'
                ELSE \'without_tax\'
            END,
            \'without_tax\'
        ) AS tax_type,


        /* =========================================
           TAX ID
        ========================================= */

        COALESCE(
            pos.tax_id,
            lp.tax_id
        ) AS tax_id,


        /* =========================================
           TAX PERCENTAGE
        ========================================= */

        COALESCE(
            pos.tax_percentage,
            lp.tax_percentage,
            0
        ) AS tax_percentage,


        /* =========================================
           TAX AMOUNT
        ========================================= */

        COALESCE(
            pos.tax_amount,
            lp.product_wise_vat_amount,
            0
        ) AS tax_amount,


        /* =========================================
           PROFIT MARGIN
        ========================================= */

        COALESCE(

            NULLIF(
                pos.profit_margin_percent,
                0
            ),

            CASE
                WHEN COALESCE(lp.purchase_price, 0) > 0
                THEN
                    (
                        (
                            COALESCE(
                                lp.selling_price,
                                0
                            )
                            -
                            lp.purchase_price
                        )
                        /
                        lp.purchase_price
                    ) * 100
                ELSE 0
            END,

            0

        ) AS profit_margin_percent,


        /* =========================================
           SELLING PRICE
           
           Opening Stock:
           pos.selling_price

           Latest Purchase:
           lp.selling_price
        ========================================= */

        COALESCE(
            NULLIF(pos.selling_price, 0),
            NULLIF(lp.selling_price, 0),
            0
        ) AS selling_price,


        /* =========================================
           SELLING UNIT PRICE
           
           IMPORTANT:

           Both tables now contain:
           
           selling_unit_price

           Therefore NO calculation is required.

           Priority:
           1. Opening Stock
           2. Latest Purchase
           3. 0
        ========================================= */

        COALESCE(
            NULLIF(pos.selling_unit_price, 0),
            NULLIF(lp.selling_unit_price, 0),
            0
        ) AS selling_unit_price,


        /* =========================================
           QUANTITY PER PACK
        ========================================= */

        COALESCE(
            NULLIF(lp.quantity_per_pack, 0),
            1
        ) AS quantity_per_pack,


        /* =========================================
           BOX QUANTITY
        ========================================= */

        COALESCE(
            NULLIF(lp.box_quantity, 0),
            1
        ) AS box_quantity,


        /* =========================================
           CURRENT STOCK
        ========================================= */

        COALESCE(
            sl.total_stock,
            0
        ) AS total_stock
FROM `products` `p`
LEFT JOIN `product_category` `pc` ON `pc`.`product_category_id` = `p`.`product_category`
LEFT JOIN (
            SELECT
                os.*

            FROM product_opening_stock os

            INNER JOIN (
                SELECT
                    product_id,
                    MAX(opening_stock_id)
                        AS latest_opening_stock_id

                FROM product_opening_stock

                WHERE status = "active"

                GROUP BY product_id

            ) x

                ON x.latest_opening_stock_id =
                   os.opening_stock_id

        ) pos ON pos.product_id = p.product_id
LEFT JOIN (
            SELECT
                ppd.*

            FROM product_purchase_details ppd

            INNER JOIN (
                SELECT
                    ppd2.product_id,

                    MAX(
                        ppd2.purchase_details_id
                    ) AS latest_purchase_details_id

                FROM product_purchase_details ppd2

                INNER JOIN product_purchase pp2

                    ON pp2.purchase_id =
                       ppd2.purchase_id

                WHERE pp2.status = "active"

                GROUP BY ppd2.product_id

            ) latest

                ON latest.latest_purchase_details_id =
                   ppd.purchase_details_id

        ) lp ON lp.product_id = p.product_id
LEFT JOIN (
            SELECT
                product_id,

                SUM(
                    COALESCE(qty_in, 0)
                    -
                    COALESCE(qty_out, 0)
                ) AS total_stock

            FROM stock_ledger

            GROUP BY product_id

        ) sl ON sl.product_id = p.product_id
WHERE `p`.`status` = \'active\'
ORDER BY `p`.`product_name` ASC', 0)
 2 SYSTEMPATH\Database\BaseConnection.php(729): CodeIgniter\Database\MySQLi\Connection->execute('SELECT p.product_id,
        p.product_name,
        p.product_image,
        p.barcode,
        p.alert_quantity,

        pc.category_name,

        /* =========================================
           PURCHASE PRICE
           Opening stock first
           Latest purchase as fallback
        ========================================= */

        COALESCE(
            NULLIF(pos.purchase_price_without_vat, 0),
            NULLIF(lp.base_price_per_unit, 0),
            0
        ) AS purchase_price_without_vat,

        COALESCE(
            NULLIF(pos.purchase_price_with_vat, 0),
            NULLIF(lp.purchase_price, 0),
            0
        ) AS purchase_price_with_vat,


        /* =========================================
           TAX TYPE
        ========================================= */

        COALESCE(
            NULLIF(pos.tax_type, \'\'),
            CASE
                WHEN COALESCE(lp.tax_percentage, 0) > 0
                THEN \'with_tax\'
                ELSE \'without_tax\'
            END,
            \'without_tax\'
        ) AS tax_type,


        /* =========================================
           TAX ID
        ========================================= */

        COALESCE(
            pos.tax_id,
            lp.tax_id
        ) AS tax_id,


        /* =========================================
           TAX PERCENTAGE
        ========================================= */

        COALESCE(
            pos.tax_percentage,
            lp.tax_percentage,
            0
        ) AS tax_percentage,


        /* =========================================
           TAX AMOUNT
        ========================================= */

        COALESCE(
            pos.tax_amount,
            lp.product_wise_vat_amount,
            0
        ) AS tax_amount,


        /* =========================================
           PROFIT MARGIN
        ========================================= */

        COALESCE(

            NULLIF(
                pos.profit_margin_percent,
                0
            ),

            CASE
                WHEN COALESCE(lp.purchase_price, 0) > 0
                THEN
                    (
                        (
                            COALESCE(
                                lp.selling_price,
                                0
                            )
                            -
                            lp.purchase_price
                        )
                        /
                        lp.purchase_price
                    ) * 100
                ELSE 0
            END,

            0

        ) AS profit_margin_percent,


        /* =========================================
           SELLING PRICE
           
           Opening Stock:
           pos.selling_price

           Latest Purchase:
           lp.selling_price
        ========================================= */

        COALESCE(
            NULLIF(pos.selling_price, 0),
            NULLIF(lp.selling_price, 0),
            0
        ) AS selling_price,


        /* =========================================
           SELLING UNIT PRICE
           
           IMPORTANT:

           Both tables now contain:
           
           selling_unit_price

           Therefore NO calculation is required.

           Priority:
           1. Opening Stock
           2. Latest Purchase
           3. 0
        ========================================= */

        COALESCE(
            NULLIF(pos.selling_unit_price, 0),
            NULLIF(lp.selling_unit_price, 0),
            0
        ) AS selling_unit_price,


        /* =========================================
           QUANTITY PER PACK
        ========================================= */

        COALESCE(
            NULLIF(lp.quantity_per_pack, 0),
            1
        ) AS quantity_per_pack,


        /* =========================================
           BOX QUANTITY
        ========================================= */

        COALESCE(
            NULLIF(lp.box_quantity, 0),
            1
        ) AS box_quantity,


        /* =========================================
           CURRENT STOCK
        ========================================= */

        COALESCE(
            sl.total_stock,
            0
        ) AS total_stock
FROM `products` `p`
LEFT JOIN `product_category` `pc` ON `pc`.`product_category_id` = `p`.`product_category`
LEFT JOIN (
            SELECT
                os.*

            FROM product_opening_stock os

            INNER JOIN (
                SELECT
                    product_id,
                    MAX(opening_stock_id)
                        AS latest_opening_stock_id

                FROM product_opening_stock

                WHERE status = "active"

                GROUP BY product_id

            ) x

                ON x.latest_opening_stock_id =
                   os.opening_stock_id

        ) pos ON pos.product_id = p.product_id
LEFT JOIN (
            SELECT
                ppd.*

            FROM product_purchase_details ppd

            INNER JOIN (
                SELECT
                    ppd2.product_id,

                    MAX(
                        ppd2.purchase_details_id
                    ) AS latest_purchase_details_id

                FROM product_purchase_details ppd2

                INNER JOIN product_purchase pp2

                    ON pp2.purchase_id =
                       ppd2.purchase_id

                WHERE pp2.status = "active"

                GROUP BY ppd2.product_id

            ) latest

                ON latest.latest_purchase_details_id =
                   ppd.purchase_details_id

        ) lp ON lp.product_id = p.product_id
LEFT JOIN (
            SELECT
                product_id,

                SUM(
                    COALESCE(qty_in, 0)
                    -
                    COALESCE(qty_out, 0)
                ) AS total_stock

            FROM stock_ledger

            GROUP BY product_id

        ) sl ON sl.product_id = p.product_id
WHERE `p`.`status` = \'active\'
ORDER BY `p`.`product_name` ASC')
 3 SYSTEMPATH\Database\BaseConnection.php(646): CodeIgniter\Database\BaseConnection->simpleQuery('SELECT p.product_id,
        p.product_name,
        p.product_image,
        p.barcode,
        p.alert_quantity,

        pc.category_name,

        /* =========================================
           PURCHASE PRICE
           Opening stock first
           Latest purchase as fallback
        ========================================= */

        COALESCE(
            NULLIF(pos.purchase_price_without_vat, 0),
            NULLIF(lp.base_price_per_unit, 0),
            0
        ) AS purchase_price_without_vat,

        COALESCE(
            NULLIF(pos.purchase_price_with_vat, 0),
            NULLIF(lp.purchase_price, 0),
            0
        ) AS purchase_price_with_vat,


        /* =========================================
           TAX TYPE
        ========================================= */

        COALESCE(
            NULLIF(pos.tax_type, \'\'),
            CASE
                WHEN COALESCE(lp.tax_percentage, 0) > 0
                THEN \'with_tax\'
                ELSE \'without_tax\'
            END,
            \'without_tax\'
        ) AS tax_type,


        /* =========================================
           TAX ID
        ========================================= */

        COALESCE(
            pos.tax_id,
            lp.tax_id
        ) AS tax_id,


        /* =========================================
           TAX PERCENTAGE
        ========================================= */

        COALESCE(
            pos.tax_percentage,
            lp.tax_percentage,
            0
        ) AS tax_percentage,


        /* =========================================
           TAX AMOUNT
        ========================================= */

        COALESCE(
            pos.tax_amount,
            lp.product_wise_vat_amount,
            0
        ) AS tax_amount,


        /* =========================================
           PROFIT MARGIN
        ========================================= */

        COALESCE(

            NULLIF(
                pos.profit_margin_percent,
                0
            ),

            CASE
                WHEN COALESCE(lp.purchase_price, 0) > 0
                THEN
                    (
                        (
                            COALESCE(
                                lp.selling_price,
                                0
                            )
                            -
                            lp.purchase_price
                        )
                        /
                        lp.purchase_price
                    ) * 100
                ELSE 0
            END,

            0

        ) AS profit_margin_percent,


        /* =========================================
           SELLING PRICE
           
           Opening Stock:
           pos.selling_price

           Latest Purchase:
           lp.selling_price
        ========================================= */

        COALESCE(
            NULLIF(pos.selling_price, 0),
            NULLIF(lp.selling_price, 0),
            0
        ) AS selling_price,


        /* =========================================
           SELLING UNIT PRICE
           
           IMPORTANT:

           Both tables now contain:
           
           selling_unit_price

           Therefore NO calculation is required.

           Priority:
           1. Opening Stock
           2. Latest Purchase
           3. 0
        ========================================= */

        COALESCE(
            NULLIF(pos.selling_unit_price, 0),
            NULLIF(lp.selling_unit_price, 0),
            0
        ) AS selling_unit_price,


        /* =========================================
           QUANTITY PER PACK
        ========================================= */

        COALESCE(
            NULLIF(lp.quantity_per_pack, 0),
            1
        ) AS quantity_per_pack,


        /* =========================================
           BOX QUANTITY
        ========================================= */

        COALESCE(
            NULLIF(lp.box_quantity, 0),
            1
        ) AS box_quantity,


        /* =========================================
           CURRENT STOCK
        ========================================= */

        COALESCE(
            sl.total_stock,
            0
        ) AS total_stock
FROM `products` `p`
LEFT JOIN `product_category` `pc` ON `pc`.`product_category_id` = `p`.`product_category`
LEFT JOIN (
            SELECT
                os.*

            FROM product_opening_stock os

            INNER JOIN (
                SELECT
                    product_id,
                    MAX(opening_stock_id)
                        AS latest_opening_stock_id

                FROM product_opening_stock

                WHERE status = "active"

                GROUP BY product_id

            ) x

                ON x.latest_opening_stock_id =
                   os.opening_stock_id

        ) pos ON pos.product_id = p.product_id
LEFT JOIN (
            SELECT
                ppd.*

            FROM product_purchase_details ppd

            INNER JOIN (
                SELECT
                    ppd2.product_id,

                    MAX(
                        ppd2.purchase_details_id
                    ) AS latest_purchase_details_id

                FROM product_purchase_details ppd2

                INNER JOIN product_purchase pp2

                    ON pp2.purchase_id =
                       ppd2.purchase_id

                WHERE pp2.status = "active"

                GROUP BY ppd2.product_id

            ) latest

                ON latest.latest_purchase_details_id =
                   ppd.purchase_details_id

        ) lp ON lp.product_id = p.product_id
LEFT JOIN (
            SELECT
                product_id,

                SUM(
                    COALESCE(qty_in, 0)
                    -
                    COALESCE(qty_out, 0)
                ) AS total_stock

            FROM stock_ledger

            GROUP BY product_id

        ) sl ON sl.product_id = p.product_id
WHERE `p`.`status` = \'active\'
ORDER BY `p`.`product_name` ASC')
 4 SYSTEMPATH\Database\BaseBuilder.php(1649): CodeIgniter\Database\BaseConnection->query('SELECT p.product_id,
        p.product_name,
        p.product_image,
        p.barcode,
        p.alert_quantity,

        pc.category_name,

        /* =========================================
           PURCHASE PRICE
           Opening stock first
           Latest purchase as fallback
        ========================================= */

        COALESCE(
            NULLIF(pos.purchase_price_without_vat, 0),
            NULLIF(lp.base_price_per_unit, 0),
            0
        ) AS purchase_price_without_vat,

        COALESCE(
            NULLIF(pos.purchase_price_with_vat, 0),
            NULLIF(lp.purchase_price, 0),
            0
        ) AS purchase_price_with_vat,


        /* =========================================
           TAX TYPE
        ========================================= */

        COALESCE(
            NULLIF(pos.tax_type, \'\'),
            CASE
                WHEN COALESCE(lp.tax_percentage, 0) > 0
                THEN \'with_tax\'
                ELSE \'without_tax\'
            END,
            \'without_tax\'
        ) AS tax_type,


        /* =========================================
           TAX ID
        ========================================= */

        COALESCE(
            pos.tax_id,
            lp.tax_id
        ) AS tax_id,


        /* =========================================
           TAX PERCENTAGE
        ========================================= */

        COALESCE(
            pos.tax_percentage,
            lp.tax_percentage,
            0
        ) AS tax_percentage,


        /* =========================================
           TAX AMOUNT
        ========================================= */

        COALESCE(
            pos.tax_amount,
            lp.product_wise_vat_amount,
            0
        ) AS tax_amount,


        /* =========================================
           PROFIT MARGIN
        ========================================= */

        COALESCE(

            NULLIF(
                pos.profit_margin_percent,
                0
            ),

            CASE
                WHEN COALESCE(lp.purchase_price, 0) > 0
                THEN
                    (
                        (
                            COALESCE(
                                lp.selling_price,
                                0
                            )
                            -
                            lp.purchase_price
                        )
                        /
                        lp.purchase_price
                    ) * 100
                ELSE 0
            END,

            0

        ) AS profit_margin_percent,


        /* =========================================
           SELLING PRICE
           
           Opening Stock:
           pos.selling_price

           Latest Purchase:
           lp.selling_price
        ========================================= */

        COALESCE(
            NULLIF(pos.selling_price, 0),
            NULLIF(lp.selling_price, 0),
            0
        ) AS selling_price,


        /* =========================================
           SELLING UNIT PRICE
           
           IMPORTANT:

           Both tables now contain:
           
           selling_unit_price

           Therefore NO calculation is required.

           Priority:
           1. Opening Stock
           2. Latest Purchase
           3. 0
        ========================================= */

        COALESCE(
            NULLIF(pos.selling_unit_price, 0),
            NULLIF(lp.selling_unit_price, 0),
            0
        ) AS selling_unit_price,


        /* =========================================
           QUANTITY PER PACK
        ========================================= */

        COALESCE(
            NULLIF(lp.quantity_per_pack, 0),
            1
        ) AS quantity_per_pack,


        /* =========================================
           BOX QUANTITY
        ========================================= */

        COALESCE(
            NULLIF(lp.box_quantity, 0),
            1
        ) AS box_quantity,


        /* =========================================
           CURRENT STOCK
        ========================================= */

        COALESCE(
            sl.total_stock,
            0
        ) AS total_stock
FROM `products` `p`
LEFT JOIN `product_category` `pc` ON `pc`.`product_category_id` = `p`.`product_category`
LEFT JOIN (
            SELECT
                os.*

            FROM product_opening_stock os

            INNER JOIN (
                SELECT
                    product_id,
                    MAX(opening_stock_id)
                        AS latest_opening_stock_id

                FROM product_opening_stock

                WHERE status = "active"

                GROUP BY product_id

            ) x

                ON x.latest_opening_stock_id =
                   os.opening_stock_id

        ) pos ON pos.product_id = p.product_id
LEFT JOIN (
            SELECT
                ppd.*

            FROM product_purchase_details ppd

            INNER JOIN (
                SELECT
                    ppd2.product_id,

                    MAX(
                        ppd2.purchase_details_id
                    ) AS latest_purchase_details_id

                FROM product_purchase_details ppd2

                INNER JOIN product_purchase pp2

                    ON pp2.purchase_id =
                       ppd2.purchase_id

                WHERE pp2.status = "active"

                GROUP BY ppd2.product_id

            ) latest

                ON latest.latest_purchase_details_id =
                   ppd.purchase_details_id

        ) lp ON lp.product_id = p.product_id
LEFT JOIN (
            SELECT
                product_id,

                SUM(
                    COALESCE(qty_in, 0)
                    -
                    COALESCE(qty_out, 0)
                ) AS total_stock

            FROM stock_ledger

            GROUP BY product_id

        ) sl ON sl.product_id = p.product_id
WHERE `p`.`status` = :p.status:
ORDER BY `p`.`product_name` ASC', [...], false)
 5 APPPATH\Models\ProductModel.php(394): CodeIgniter\Database\BaseBuilder->get()
 6 APPPATH\Controllers\PosController.php(45): App\Models\ProductModel->getProducts(null)
 7 SYSTEMPATH\CodeIgniter.php(933): App\Controllers\PosController->index()
 8 SYSTEMPATH\CodeIgniter.php(507): CodeIgniter\CodeIgniter->runController(Object(App\Controllers\PosController))
 9 SYSTEMPATH\CodeIgniter.php(354): CodeIgniter\CodeIgniter->handleRequest(null, Object(Config\Cache), false)
10 SYSTEMPATH\Boot.php(363): CodeIgniter\CodeIgniter->run()
11 SYSTEMPATH\Boot.php(68): CodeIgniter\Boot::runCodeIgniter(Object(CodeIgniter\CodeIgniter))
12 FCPATH\index.php(59): CodeIgniter\Boot::bootWeb(Object(Config\Paths))
DEBUG - 2026-08-15 06:19:09 --> Session: Class initialized using 'CodeIgniter\Session\Handlers\FileHandler' driver.
ERROR - 2026-08-15 06:19:09 --> mysqli_sql_exception: Unknown column 'pos.selling_price' in 'field list' in C:\laragon\www\pharmacy-project\system\Database\MySQLi\Connection.php:327
Stack trace:
#0 C:\laragon\www\pharmacy-project\system\Database\MySQLi\Connection.php(327): mysqli->query('SELECT p.produc...', 0)
#1 C:\laragon\www\pharmacy-project\system\Database\BaseConnection.php(729): CodeIgniter\Database\MySQLi\Connection->execute('SELECT p.produc...')
#2 C:\laragon\www\pharmacy-project\system\Database\BaseConnection.php(646): CodeIgniter\Database\BaseConnection->simpleQuery('SELECT p.produc...')
#3 C:\laragon\www\pharmacy-project\system\Database\BaseBuilder.php(1649): CodeIgniter\Database\BaseConnection->query('SELECT p.produc...', Array, false)
#4 C:\laragon\www\pharmacy-project\app\Models\ProductModel.php(394): CodeIgniter\Database\BaseBuilder->get()
#5 C:\laragon\www\pharmacy-project\app\Controllers\PosController.php(45): App\Models\ProductModel->getProducts(NULL)
#6 C:\laragon\www\pharmacy-project\system\CodeIgniter.php(933): App\Controllers\PosController->index()
#7 C:\laragon\www\pharmacy-project\system\CodeIgniter.php(507): CodeIgniter\CodeIgniter->runController(Object(App\Controllers\PosController))
#8 C:\laragon\www\pharmacy-project\system\CodeIgniter.php(354): CodeIgniter\CodeIgniter->handleRequest(NULL, Object(Config\Cache), false)
#9 C:\laragon\www\pharmacy-project\system\Boot.php(363): CodeIgniter\CodeIgniter->run()
#10 C:\laragon\www\pharmacy-project\system\Boot.php(68): CodeIgniter\Boot::runCodeIgniter(Object(CodeIgniter\CodeIgniter))
#11 C:\laragon\www\pharmacy-project\index.php(59): CodeIgniter\Boot::bootWeb(Object(Config\Paths))
#12 {main}
CRITICAL - 2026-08-15 06:19:09 --> CodeIgniter\Database\Exceptions\DatabaseException: Unknown column 'pos.selling_price' in 'field list'
[Method: GET, Route: pos]
in SYSTEMPATH\Database\BaseConnection.php on line 684.
 1 SYSTEMPATH\Database\BaseBuilder.php(1649): CodeIgniter\Database\BaseConnection->query('SELECT p.product_id,
        p.product_name,
        p.product_image,
        p.barcode,
        p.alert_quantity,

        pc.category_name,

        /* =========================================
           PURCHASE PRICE
           Opening stock first
           Latest purchase as fallback
        ========================================= */

        COALESCE(
            NULLIF(pos.purchase_price_without_vat, 0),
            NULLIF(lp.base_price_per_unit, 0),
            0
        ) AS purchase_price_without_vat,

        COALESCE(
            NULLIF(pos.purchase_price_with_vat, 0),
            NULLIF(lp.purchase_price, 0),
            0
        ) AS purchase_price_with_vat,


        /* =========================================
           TAX TYPE
        ========================================= */

        COALESCE(
            NULLIF(pos.tax_type, \'\'),
            CASE
                WHEN COALESCE(lp.tax_percentage, 0) > 0
                THEN \'with_tax\'
                ELSE \'without_tax\'
            END,
            \'without_tax\'
        ) AS tax_type,


        /* =========================================
           TAX ID
        ========================================= */

        COALESCE(
            pos.tax_id,
            lp.tax_id
        ) AS tax_id,


        /* =========================================
           TAX PERCENTAGE
        ========================================= */

        COALESCE(
            pos.tax_percentage,
            lp.tax_percentage,
            0
        ) AS tax_percentage,


        /* =========================================
           TAX AMOUNT
        ========================================= */

        COALESCE(
            pos.tax_amount,
            lp.product_wise_vat_amount,
            0
        ) AS tax_amount,


        /* =========================================
           PROFIT MARGIN
        ========================================= */

        COALESCE(

            NULLIF(
                pos.profit_margin_percent,
                0
            ),

            CASE
                WHEN COALESCE(lp.purchase_price, 0) > 0
                THEN
                    (
                        (
                            COALESCE(
                                lp.selling_price,
                                0
                            )
                            -
                            lp.purchase_price
                        )
                        /
                        lp.purchase_price
                    ) * 100
                ELSE 0
            END,

            0

        ) AS profit_margin_percent,


        /* =========================================
           SELLING PRICE
           
           Opening Stock:
           pos.selling_price

           Latest Purchase:
           lp.selling_price
        ========================================= */

        COALESCE(
            NULLIF(pos.selling_price, 0),
            NULLIF(lp.selling_price, 0),
            0
        ) AS selling_price,


        /* =========================================
           SELLING UNIT PRICE
           
           IMPORTANT:

           Both tables now contain:
           
           selling_unit_price

           Therefore NO calculation is required.

           Priority:
           1. Opening Stock
           2. Latest Purchase
           3. 0
        ========================================= */

        COALESCE(
            NULLIF(pos.selling_unit_price, 0),
            NULLIF(lp.selling_unit_price, 0),
            0
        ) AS selling_unit_price,


        /* =========================================
           QUANTITY PER PACK
        ========================================= */

        COALESCE(
            NULLIF(lp.quantity_per_pack, 0),
            1
        ) AS quantity_per_pack,


        /* =========================================
           BOX QUANTITY
        ========================================= */

        COALESCE(
            NULLIF(lp.box_quantity, 0),
            1
        ) AS box_quantity,


        /* =========================================
           CURRENT STOCK
        ========================================= */

        COALESCE(
            sl.total_stock,
            0
        ) AS total_stock
FROM `products` `p`
LEFT JOIN `product_category` `pc` ON `pc`.`product_category_id` = `p`.`product_category`
LEFT JOIN (
            SELECT
                os.*

            FROM product_opening_stock os

            INNER JOIN (
                SELECT
                    product_id,
                    MAX(opening_stock_id)
                        AS latest_opening_stock_id

                FROM product_opening_stock

                WHERE status = "active"

                GROUP BY product_id

            ) x

                ON x.latest_opening_stock_id =
                   os.opening_stock_id

        ) pos ON pos.product_id = p.product_id
LEFT JOIN (
            SELECT
                ppd.*

            FROM product_purchase_details ppd

            INNER JOIN (
                SELECT
                    ppd2.product_id,

                    MAX(
                        ppd2.purchase_details_id
                    ) AS latest_purchase_details_id

                FROM product_purchase_details ppd2

                INNER JOIN product_purchase pp2

                    ON pp2.purchase_id =
                       ppd2.purchase_id

                WHERE pp2.status = "active"

                GROUP BY ppd2.product_id

            ) latest

                ON latest.latest_purchase_details_id =
                   ppd.purchase_details_id

        ) lp ON lp.product_id = p.product_id
LEFT JOIN (
            SELECT
                product_id,

                SUM(
                    COALESCE(qty_in, 0)
                    -
                    COALESCE(qty_out, 0)
                ) AS total_stock

            FROM stock_ledger

            GROUP BY product_id

        ) sl ON sl.product_id = p.product_id
WHERE `p`.`status` = :p.status:
ORDER BY `p`.`product_name` ASC', [...], false)
 2 APPPATH\Models\ProductModel.php(394): CodeIgniter\Database\BaseBuilder->get()
 3 APPPATH\Controllers\PosController.php(45): App\Models\ProductModel->getProducts(null)
 4 SYSTEMPATH\CodeIgniter.php(933): App\Controllers\PosController->index()
 5 SYSTEMPATH\CodeIgniter.php(507): CodeIgniter\CodeIgniter->runController(Object(App\Controllers\PosController))
 6 SYSTEMPATH\CodeIgniter.php(354): CodeIgniter\CodeIgniter->handleRequest(null, Object(Config\Cache), false)
 7 SYSTEMPATH\Boot.php(363): CodeIgniter\CodeIgniter->run()
 8 SYSTEMPATH\Boot.php(68): CodeIgniter\Boot::runCodeIgniter(Object(CodeIgniter\CodeIgniter))
 9 FCPATH\index.php(59): CodeIgniter\Boot::bootWeb(Object(Config\Paths))
CRITICAL - 2026-08-15 06:19:09 --> [Caused by] CodeIgniter\Database\Exceptions\DatabaseException: Unknown column 'pos.selling_price' in 'field list'
in SYSTEMPATH\Database\MySQLi\Connection.php on line 332.
 1 SYSTEMPATH\Database\BaseConnection.php(729): CodeIgniter\Database\MySQLi\Connection->execute('SELECT p.product_id,
        p.product_name,
        p.product_image,
        p.barcode,
        p.alert_quantity,

        pc.category_name,

        /* =========================================
           PURCHASE PRICE
           Opening stock first
           Latest purchase as fallback
        ========================================= */

        COALESCE(
            NULLIF(pos.purchase_price_without_vat, 0),
            NULLIF(lp.base_price_per_unit, 0),
            0
        ) AS purchase_price_without_vat,

        COALESCE(
            NULLIF(pos.purchase_price_with_vat, 0),
            NULLIF(lp.purchase_price, 0),
            0
        ) AS purchase_price_with_vat,


        /* =========================================
           TAX TYPE
        ========================================= */

        COALESCE(
            NULLIF(pos.tax_type, \'\'),
            CASE
                WHEN COALESCE(lp.tax_percentage, 0) > 0
                THEN \'with_tax\'
                ELSE \'without_tax\'
            END,
            \'without_tax\'
        ) AS tax_type,


        /* =========================================
           TAX ID
        ========================================= */

        COALESCE(
            pos.tax_id,
            lp.tax_id
        ) AS tax_id,


        /* =========================================
           TAX PERCENTAGE
        ========================================= */

        COALESCE(
            pos.tax_percentage,
            lp.tax_percentage,
            0
        ) AS tax_percentage,


        /* =========================================
           TAX AMOUNT
        ========================================= */

        COALESCE(
            pos.tax_amount,
            lp.product_wise_vat_amount,
            0
        ) AS tax_amount,


        /* =========================================
           PROFIT MARGIN
        ========================================= */

        COALESCE(

            NULLIF(
                pos.profit_margin_percent,
                0
            ),

            CASE
                WHEN COALESCE(lp.purchase_price, 0) > 0
                THEN
                    (
                        (
                            COALESCE(
                                lp.selling_price,
                                0
                            )
                            -
                            lp.purchase_price
                        )
                        /
                        lp.purchase_price
                    ) * 100
                ELSE 0
            END,

            0

        ) AS profit_margin_percent,


        /* =========================================
           SELLING PRICE
           
           Opening Stock:
           pos.selling_price

           Latest Purchase:
           lp.selling_price
        ========================================= */

        COALESCE(
            NULLIF(pos.selling_price, 0),
            NULLIF(lp.selling_price, 0),
            0
        ) AS selling_price,


        /* =========================================
           SELLING UNIT PRICE
           
           IMPORTANT:

           Both tables now contain:
           
           selling_unit_price

           Therefore NO calculation is required.

           Priority:
           1. Opening Stock
           2. Latest Purchase
           3. 0
        ========================================= */

        COALESCE(
            NULLIF(pos.selling_unit_price, 0),
            NULLIF(lp.selling_unit_price, 0),
            0
        ) AS selling_unit_price,


        /* =========================================
           QUANTITY PER PACK
        ========================================= */

        COALESCE(
            NULLIF(lp.quantity_per_pack, 0),
            1
        ) AS quantity_per_pack,


        /* =========================================
           BOX QUANTITY
        ========================================= */

        COALESCE(
            NULLIF(lp.box_quantity, 0),
            1
        ) AS box_quantity,


        /* =========================================
           CURRENT STOCK
        ========================================= */

        COALESCE(
            sl.total_stock,
            0
        ) AS total_stock
FROM `products` `p`
LEFT JOIN `product_category` `pc` ON `pc`.`product_category_id` = `p`.`product_category`
LEFT JOIN (
            SELECT
                os.*

            FROM product_opening_stock os

            INNER JOIN (
                SELECT
                    product_id,
                    MAX(opening_stock_id)
                        AS latest_opening_stock_id

                FROM product_opening_stock

                WHERE status = "active"

                GROUP BY product_id

            ) x

                ON x.latest_opening_stock_id =
                   os.opening_stock_id

        ) pos ON pos.product_id = p.product_id
LEFT JOIN (
            SELECT
                ppd.*

            FROM product_purchase_details ppd

            INNER JOIN (
                SELECT
                    ppd2.product_id,

                    MAX(
                        ppd2.purchase_details_id
                    ) AS latest_purchase_details_id

                FROM product_purchase_details ppd2

                INNER JOIN product_purchase pp2

                    ON pp2.purchase_id =
                       ppd2.purchase_id

                WHERE pp2.status = "active"

                GROUP BY ppd2.product_id

            ) latest

                ON latest.latest_purchase_details_id =
                   ppd.purchase_details_id

        ) lp ON lp.product_id = p.product_id
LEFT JOIN (
            SELECT
                product_id,

                SUM(
                    COALESCE(qty_in, 0)
                    -
                    COALESCE(qty_out, 0)
                ) AS total_stock

            FROM stock_ledger

            GROUP BY product_id

        ) sl ON sl.product_id = p.product_id
WHERE `p`.`status` = \'active\'
ORDER BY `p`.`product_name` ASC')
 2 SYSTEMPATH\Database\BaseConnection.php(646): CodeIgniter\Database\BaseConnection->simpleQuery('SELECT p.product_id,
        p.product_name,
        p.product_image,
        p.barcode,
        p.alert_quantity,

        pc.category_name,

        /* =========================================
           PURCHASE PRICE
           Opening stock first
           Latest purchase as fallback
        ========================================= */

        COALESCE(
            NULLIF(pos.purchase_price_without_vat, 0),
            NULLIF(lp.base_price_per_unit, 0),
            0
        ) AS purchase_price_without_vat,

        COALESCE(
            NULLIF(pos.purchase_price_with_vat, 0),
            NULLIF(lp.purchase_price, 0),
            0
        ) AS purchase_price_with_vat,


        /* =========================================
           TAX TYPE
        ========================================= */

        COALESCE(
            NULLIF(pos.tax_type, \'\'),
            CASE
                WHEN COALESCE(lp.tax_percentage, 0) > 0
                THEN \'with_tax\'
                ELSE \'without_tax\'
            END,
            \'without_tax\'
        ) AS tax_type,


        /* =========================================
           TAX ID
        ========================================= */

        COALESCE(
            pos.tax_id,
            lp.tax_id
        ) AS tax_id,


        /* =========================================
           TAX PERCENTAGE
        ========================================= */

        COALESCE(
            pos.tax_percentage,
            lp.tax_percentage,
            0
        ) AS tax_percentage,


        /* =========================================
           TAX AMOUNT
        ========================================= */

        COALESCE(
            pos.tax_amount,
            lp.product_wise_vat_amount,
            0
        ) AS tax_amount,


        /* =========================================
           PROFIT MARGIN
        ========================================= */

        COALESCE(

            NULLIF(
                pos.profit_margin_percent,
                0
            ),

            CASE
                WHEN COALESCE(lp.purchase_price, 0) > 0
                THEN
                    (
                        (
                            COALESCE(
                                lp.selling_price,
                                0
                            )
                            -
                            lp.purchase_price
                        )
                        /
                        lp.purchase_price
                    ) * 100
                ELSE 0
            END,

            0

        ) AS profit_margin_percent,


        /* =========================================
           SELLING PRICE
           
           Opening Stock:
           pos.selling_price

           Latest Purchase:
           lp.selling_price
        ========================================= */

        COALESCE(
            NULLIF(pos.selling_price, 0),
            NULLIF(lp.selling_price, 0),
            0
        ) AS selling_price,


        /* =========================================
           SELLING UNIT PRICE
           
           IMPORTANT:

           Both tables now contain:
           
           selling_unit_price

           Therefore NO calculation is required.

           Priority:
           1. Opening Stock
           2. Latest Purchase
           3. 0
        ========================================= */

        COALESCE(
            NULLIF(pos.selling_unit_price, 0),
            NULLIF(lp.selling_unit_price, 0),
            0
        ) AS selling_unit_price,


        /* =========================================
           QUANTITY PER PACK
        ========================================= */

        COALESCE(
            NULLIF(lp.quantity_per_pack, 0),
            1
        ) AS quantity_per_pack,


        /* =========================================
           BOX QUANTITY
        ========================================= */

        COALESCE(
            NULLIF(lp.box_quantity, 0),
            1
        ) AS box_quantity,


        /* =========================================
           CURRENT STOCK
        ========================================= */

        COALESCE(
            sl.total_stock,
            0
        ) AS total_stock
FROM `products` `p`
LEFT JOIN `product_category` `pc` ON `pc`.`product_category_id` = `p`.`product_category`
LEFT JOIN (
            SELECT
                os.*

            FROM product_opening_stock os

            INNER JOIN (
                SELECT
                    product_id,
                    MAX(opening_stock_id)
                        AS latest_opening_stock_id

                FROM product_opening_stock

                WHERE status = "active"

                GROUP BY product_id

            ) x

                ON x.latest_opening_stock_id =
                   os.opening_stock_id

        ) pos ON pos.product_id = p.product_id
LEFT JOIN (
            SELECT
                ppd.*

            FROM product_purchase_details ppd

            INNER JOIN (
                SELECT
                    ppd2.product_id,

                    MAX(
                        ppd2.purchase_details_id
                    ) AS latest_purchase_details_id

                FROM product_purchase_details ppd2

                INNER JOIN product_purchase pp2

                    ON pp2.purchase_id =
                       ppd2.purchase_id

                WHERE pp2.status = "active"

                GROUP BY ppd2.product_id

            ) latest

                ON latest.latest_purchase_details_id =
                   ppd.purchase_details_id

        ) lp ON lp.product_id = p.product_id
LEFT JOIN (
            SELECT
                product_id,

                SUM(
                    COALESCE(qty_in, 0)
                    -
                    COALESCE(qty_out, 0)
                ) AS total_stock

            FROM stock_ledger

            GROUP BY product_id

        ) sl ON sl.product_id = p.product_id
WHERE `p`.`status` = \'active\'
ORDER BY `p`.`product_name` ASC')
 3 SYSTEMPATH\Database\BaseBuilder.php(1649): CodeIgniter\Database\BaseConnection->query('SELECT p.product_id,
        p.product_name,
        p.product_image,
        p.barcode,
        p.alert_quantity,

        pc.category_name,

        /* =========================================
           PURCHASE PRICE
           Opening stock first
           Latest purchase as fallback
        ========================================= */

        COALESCE(
            NULLIF(pos.purchase_price_without_vat, 0),
            NULLIF(lp.base_price_per_unit, 0),
            0
        ) AS purchase_price_without_vat,

        COALESCE(
            NULLIF(pos.purchase_price_with_vat, 0),
            NULLIF(lp.purchase_price, 0),
            0
        ) AS purchase_price_with_vat,


        /* =========================================
           TAX TYPE
        ========================================= */

        COALESCE(
            NULLIF(pos.tax_type, \'\'),
            CASE
                WHEN COALESCE(lp.tax_percentage, 0) > 0
                THEN \'with_tax\'
                ELSE \'without_tax\'
            END,
            \'without_tax\'
        ) AS tax_type,


        /* =========================================
           TAX ID
        ========================================= */

        COALESCE(
            pos.tax_id,
            lp.tax_id
        ) AS tax_id,


        /* =========================================
           TAX PERCENTAGE
        ========================================= */

        COALESCE(
            pos.tax_percentage,
            lp.tax_percentage,
            0
        ) AS tax_percentage,


        /* =========================================
           TAX AMOUNT
        ========================================= */

        COALESCE(
            pos.tax_amount,
            lp.product_wise_vat_amount,
            0
        ) AS tax_amount,


        /* =========================================
           PROFIT MARGIN
        ========================================= */

        COALESCE(

            NULLIF(
                pos.profit_margin_percent,
                0
            ),

            CASE
                WHEN COALESCE(lp.purchase_price, 0) > 0
                THEN
                    (
                        (
                            COALESCE(
                                lp.selling_price,
                                0
                            )
                            -
                            lp.purchase_price
                        )
                        /
                        lp.purchase_price
                    ) * 100
                ELSE 0
            END,

            0

        ) AS profit_margin_percent,


        /* =========================================
           SELLING PRICE
           
           Opening Stock:
           pos.selling_price

           Latest Purchase:
           lp.selling_price
        ========================================= */

        COALESCE(
            NULLIF(pos.selling_price, 0),
            NULLIF(lp.selling_price, 0),
            0
        ) AS selling_price,


        /* =========================================
           SELLING UNIT PRICE
           
           IMPORTANT:

           Both tables now contain:
           
           selling_unit_price

           Therefore NO calculation is required.

           Priority:
           1. Opening Stock
           2. Latest Purchase
           3. 0
        ========================================= */

        COALESCE(
            NULLIF(pos.selling_unit_price, 0),
            NULLIF(lp.selling_unit_price, 0),
            0
        ) AS selling_unit_price,


        /* =========================================
           QUANTITY PER PACK
        ========================================= */

        COALESCE(
            NULLIF(lp.quantity_per_pack, 0),
            1
        ) AS quantity_per_pack,


        /* =========================================
           BOX QUANTITY
        ========================================= */

        COALESCE(
            NULLIF(lp.box_quantity, 0),
            1
        ) AS box_quantity,


        /* =========================================
           CURRENT STOCK
        ========================================= */

        COALESCE(
            sl.total_stock,
            0
        ) AS total_stock
FROM `products` `p`
LEFT JOIN `product_category` `pc` ON `pc`.`product_category_id` = `p`.`product_category`
LEFT JOIN (
            SELECT
                os.*

            FROM product_opening_stock os

            INNER JOIN (
                SELECT
                    product_id,
                    MAX(opening_stock_id)
                        AS latest_opening_stock_id

                FROM product_opening_stock

                WHERE status = "active"

                GROUP BY product_id

            ) x

                ON x.latest_opening_stock_id =
                   os.opening_stock_id

        ) pos ON pos.product_id = p.product_id
LEFT JOIN (
            SELECT
                ppd.*

            FROM product_purchase_details ppd

            INNER JOIN (
                SELECT
                    ppd2.product_id,

                    MAX(
                        ppd2.purchase_details_id
                    ) AS latest_purchase_details_id

                FROM product_purchase_details ppd2

                INNER JOIN product_purchase pp2

                    ON pp2.purchase_id =
                       ppd2.purchase_id

                WHERE pp2.status = "active"

                GROUP BY ppd2.product_id

            ) latest

                ON latest.latest_purchase_details_id =
                   ppd.purchase_details_id

        ) lp ON lp.product_id = p.product_id
LEFT JOIN (
            SELECT
                product_id,

                SUM(
                    COALESCE(qty_in, 0)
                    -
                    COALESCE(qty_out, 0)
                ) AS total_stock

            FROM stock_ledger

            GROUP BY product_id

        ) sl ON sl.product_id = p.product_id
WHERE `p`.`status` = :p.status:
ORDER BY `p`.`product_name` ASC', [...], false)
 4 APPPATH\Models\ProductModel.php(394): CodeIgniter\Database\BaseBuilder->get()
 5 APPPATH\Controllers\PosController.php(45): App\Models\ProductModel->getProducts(null)
 6 SYSTEMPATH\CodeIgniter.php(933): App\Controllers\PosController->index()
 7 SYSTEMPATH\CodeIgniter.php(507): CodeIgniter\CodeIgniter->runController(Object(App\Controllers\PosController))
 8 SYSTEMPATH\CodeIgniter.php(354): CodeIgniter\CodeIgniter->handleRequest(null, Object(Config\Cache), false)
 9 SYSTEMPATH\Boot.php(363): CodeIgniter\CodeIgniter->run()
10 SYSTEMPATH\Boot.php(68): CodeIgniter\Boot::runCodeIgniter(Object(CodeIgniter\CodeIgniter))
11 FCPATH\index.php(59): CodeIgniter\Boot::bootWeb(Object(Config\Paths))
CRITICAL - 2026-08-15 06:19:09 --> [Caused by] mysqli_sql_exception: Unknown column 'pos.selling_price' in 'field list'
in SYSTEMPATH\Database\MySQLi\Connection.php on line 327.
 1 SYSTEMPATH\Database\MySQLi\Connection.php(327): mysqli->query('SELECT p.product_id,
        p.product_name,
        p.product_image,
        p.barcode,
        p.alert_quantity,

        pc.category_name,

        /* =========================================
           PURCHASE PRICE
           Opening stock first
           Latest purchase as fallback
        ========================================= */

        COALESCE(
            NULLIF(pos.purchase_price_without_vat, 0),
            NULLIF(lp.base_price_per_unit, 0),
            0
        ) AS purchase_price_without_vat,

        COALESCE(
            NULLIF(pos.purchase_price_with_vat, 0),
            NULLIF(lp.purchase_price, 0),
            0
        ) AS purchase_price_with_vat,


        /* =========================================
           TAX TYPE
        ========================================= */

        COALESCE(
            NULLIF(pos.tax_type, \'\'),
            CASE
                WHEN COALESCE(lp.tax_percentage, 0) > 0
                THEN \'with_tax\'
                ELSE \'without_tax\'
            END,
            \'without_tax\'
        ) AS tax_type,


        /* =========================================
           TAX ID
        ========================================= */

        COALESCE(
            pos.tax_id,
            lp.tax_id
        ) AS tax_id,


        /* =========================================
           TAX PERCENTAGE
        ========================================= */

        COALESCE(
            pos.tax_percentage,
            lp.tax_percentage,
            0
        ) AS tax_percentage,


        /* =========================================
           TAX AMOUNT
        ========================================= */

        COALESCE(
            pos.tax_amount,
            lp.product_wise_vat_amount,
            0
        ) AS tax_amount,


        /* =========================================
           PROFIT MARGIN
        ========================================= */

        COALESCE(

            NULLIF(
                pos.profit_margin_percent,
                0
            ),

            CASE
                WHEN COALESCE(lp.purchase_price, 0) > 0
                THEN
                    (
                        (
                            COALESCE(
                                lp.selling_price,
                                0
                            )
                            -
                            lp.purchase_price
                        )
                        /
                        lp.purchase_price
                    ) * 100
                ELSE 0
            END,

            0

        ) AS profit_margin_percent,


        /* =========================================
           SELLING PRICE
           
           Opening Stock:
           pos.selling_price

           Latest Purchase:
           lp.selling_price
        ========================================= */

        COALESCE(
            NULLIF(pos.selling_price, 0),
            NULLIF(lp.selling_price, 0),
            0
        ) AS selling_price,


        /* =========================================
           SELLING UNIT PRICE
           
           IMPORTANT:

           Both tables now contain:
           
           selling_unit_price

           Therefore NO calculation is required.

           Priority:
           1. Opening Stock
           2. Latest Purchase
           3. 0
        ========================================= */

        COALESCE(
            NULLIF(pos.selling_unit_price, 0),
            NULLIF(lp.selling_unit_price, 0),
            0
        ) AS selling_unit_price,


        /* =========================================
           QUANTITY PER PACK
        ========================================= */

        COALESCE(
            NULLIF(lp.quantity_per_pack, 0),
            1
        ) AS quantity_per_pack,


        /* =========================================
           BOX QUANTITY
        ========================================= */

        COALESCE(
            NULLIF(lp.box_quantity, 0),
            1
        ) AS box_quantity,


        /* =========================================
           CURRENT STOCK
        ========================================= */

        COALESCE(
            sl.total_stock,
            0
        ) AS total_stock
FROM `products` `p`
LEFT JOIN `product_category` `pc` ON `pc`.`product_category_id` = `p`.`product_category`
LEFT JOIN (
            SELECT
                os.*

            FROM product_opening_stock os

            INNER JOIN (
                SELECT
                    product_id,
                    MAX(opening_stock_id)
                        AS latest_opening_stock_id

                FROM product_opening_stock

                WHERE status = "active"

                GROUP BY product_id

            ) x

                ON x.latest_opening_stock_id =
                   os.opening_stock_id

        ) pos ON pos.product_id = p.product_id
LEFT JOIN (
            SELECT
                ppd.*

            FROM product_purchase_details ppd

            INNER JOIN (
                SELECT
                    ppd2.product_id,

                    MAX(
                        ppd2.purchase_details_id
                    ) AS latest_purchase_details_id

                FROM product_purchase_details ppd2

                INNER JOIN product_purchase pp2

                    ON pp2.purchase_id =
                       ppd2.purchase_id

                WHERE pp2.status = "active"

                GROUP BY ppd2.product_id

            ) latest

                ON latest.latest_purchase_details_id =
                   ppd.purchase_details_id

        ) lp ON lp.product_id = p.product_id
LEFT JOIN (
            SELECT
                product_id,

                SUM(
                    COALESCE(qty_in, 0)
                    -
                    COALESCE(qty_out, 0)
                ) AS total_stock

            FROM stock_ledger

            GROUP BY product_id

        ) sl ON sl.product_id = p.product_id
WHERE `p`.`status` = \'active\'
ORDER BY `p`.`product_name` ASC', 0)
 2 SYSTEMPATH\Database\BaseConnection.php(729): CodeIgniter\Database\MySQLi\Connection->execute('SELECT p.product_id,
        p.product_name,
        p.product_image,
        p.barcode,
        p.alert_quantity,

        pc.category_name,

        /* =========================================
           PURCHASE PRICE
           Opening stock first
           Latest purchase as fallback
        ========================================= */

        COALESCE(
            NULLIF(pos.purchase_price_without_vat, 0),
            NULLIF(lp.base_price_per_unit, 0),
            0
        ) AS purchase_price_without_vat,

        COALESCE(
            NULLIF(pos.purchase_price_with_vat, 0),
            NULLIF(lp.purchase_price, 0),
            0
        ) AS purchase_price_with_vat,


        /* =========================================
           TAX TYPE
        ========================================= */

        COALESCE(
            NULLIF(pos.tax_type, \'\'),
            CASE
                WHEN COALESCE(lp.tax_percentage, 0) > 0
                THEN \'with_tax\'
                ELSE \'without_tax\'
            END,
            \'without_tax\'
        ) AS tax_type,


        /* =========================================
           TAX ID
        ========================================= */

        COALESCE(
            pos.tax_id,
            lp.tax_id
        ) AS tax_id,


        /* =========================================
           TAX PERCENTAGE
        ========================================= */

        COALESCE(
            pos.tax_percentage,
            lp.tax_percentage,
            0
        ) AS tax_percentage,


        /* =========================================
           TAX AMOUNT
        ========================================= */

        COALESCE(
            pos.tax_amount,
            lp.product_wise_vat_amount,
            0
        ) AS tax_amount,


        /* =========================================
           PROFIT MARGIN
        ========================================= */

        COALESCE(

            NULLIF(
                pos.profit_margin_percent,
                0
            ),

            CASE
                WHEN COALESCE(lp.purchase_price, 0) > 0
                THEN
                    (
                        (
                            COALESCE(
                                lp.selling_price,
                                0
                            )
                            -
                            lp.purchase_price
                        )
                        /
                        lp.purchase_price
                    ) * 100
                ELSE 0
            END,

            0

        ) AS profit_margin_percent,


        /* =========================================
           SELLING PRICE
           
           Opening Stock:
           pos.selling_price

           Latest Purchase:
           lp.selling_price
        ========================================= */

        COALESCE(
            NULLIF(pos.selling_price, 0),
            NULLIF(lp.selling_price, 0),
            0
        ) AS selling_price,


        /* =========================================
           SELLING UNIT PRICE
           
           IMPORTANT:

           Both tables now contain:
           
           selling_unit_price

           Therefore NO calculation is required.

           Priority:
           1. Opening Stock
           2. Latest Purchase
           3. 0
        ========================================= */

        COALESCE(
            NULLIF(pos.selling_unit_price, 0),
            NULLIF(lp.selling_unit_price, 0),
            0
        ) AS selling_unit_price,


        /* =========================================
           QUANTITY PER PACK
        ========================================= */

        COALESCE(
            NULLIF(lp.quantity_per_pack, 0),
            1
        ) AS quantity_per_pack,


        /* =========================================
           BOX QUANTITY
        ========================================= */

        COALESCE(
            NULLIF(lp.box_quantity, 0),
            1
        ) AS box_quantity,


        /* =========================================
           CURRENT STOCK
        ========================================= */

        COALESCE(
            sl.total_stock,
            0
        ) AS total_stock
FROM `products` `p`
LEFT JOIN `product_category` `pc` ON `pc`.`product_category_id` = `p`.`product_category`
LEFT JOIN (
            SELECT
                os.*

            FROM product_opening_stock os

            INNER JOIN (
                SELECT
                    product_id,
                    MAX(opening_stock_id)
                        AS latest_opening_stock_id

                FROM product_opening_stock

                WHERE status = "active"

                GROUP BY product_id

            ) x

                ON x.latest_opening_stock_id =
                   os.opening_stock_id

        ) pos ON pos.product_id = p.product_id
LEFT JOIN (
            SELECT
                ppd.*

            FROM product_purchase_details ppd

            INNER JOIN (
                SELECT
                    ppd2.product_id,

                    MAX(
                        ppd2.purchase_details_id
                    ) AS latest_purchase_details_id

                FROM product_purchase_details ppd2

                INNER JOIN product_purchase pp2

                    ON pp2.purchase_id =
                       ppd2.purchase_id

                WHERE pp2.status = "active"

                GROUP BY ppd2.product_id

            ) latest

                ON latest.latest_purchase_details_id =
                   ppd.purchase_details_id

        ) lp ON lp.product_id = p.product_id
LEFT JOIN (
            SELECT
                product_id,

                SUM(
                    COALESCE(qty_in, 0)
                    -
                    COALESCE(qty_out, 0)
                ) AS total_stock

            FROM stock_ledger

            GROUP BY product_id

        ) sl ON sl.product_id = p.product_id
WHERE `p`.`status` = \'active\'
ORDER BY `p`.`product_name` ASC')
 3 SYSTEMPATH\Database\BaseConnection.php(646): CodeIgniter\Database\BaseConnection->simpleQuery('SELECT p.product_id,
        p.product_name,
        p.product_image,
        p.barcode,
        p.alert_quantity,

        pc.category_name,

        /* =========================================
           PURCHASE PRICE
           Opening stock first
           Latest purchase as fallback
        ========================================= */

        COALESCE(
            NULLIF(pos.purchase_price_without_vat, 0),
            NULLIF(lp.base_price_per_unit, 0),
            0
        ) AS purchase_price_without_vat,

        COALESCE(
            NULLIF(pos.purchase_price_with_vat, 0),
            NULLIF(lp.purchase_price, 0),
            0
        ) AS purchase_price_with_vat,


        /* =========================================
           TAX TYPE
        ========================================= */

        COALESCE(
            NULLIF(pos.tax_type, \'\'),
            CASE
                WHEN COALESCE(lp.tax_percentage, 0) > 0
                THEN \'with_tax\'
                ELSE \'without_tax\'
            END,
            \'without_tax\'
        ) AS tax_type,


        /* =========================================
           TAX ID
        ========================================= */

        COALESCE(
            pos.tax_id,
            lp.tax_id
        ) AS tax_id,


        /* =========================================
           TAX PERCENTAGE
        ========================================= */

        COALESCE(
            pos.tax_percentage,
            lp.tax_percentage,
            0
        ) AS tax_percentage,


        /* =========================================
           TAX AMOUNT
        ========================================= */

        COALESCE(
            pos.tax_amount,
            lp.product_wise_vat_amount,
            0
        ) AS tax_amount,


        /* =========================================
           PROFIT MARGIN
        ========================================= */

        COALESCE(

            NULLIF(
                pos.profit_margin_percent,
                0
            ),

            CASE
                WHEN COALESCE(lp.purchase_price, 0) > 0
                THEN
                    (
                        (
                            COALESCE(
                                lp.selling_price,
                                0
                            )
                            -
                            lp.purchase_price
                        )
                        /
                        lp.purchase_price
                    ) * 100
                ELSE 0
            END,

            0

        ) AS profit_margin_percent,


        /* =========================================
           SELLING PRICE
           
           Opening Stock:
           pos.selling_price

           Latest Purchase:
           lp.selling_price
        ========================================= */

        COALESCE(
            NULLIF(pos.selling_price, 0),
            NULLIF(lp.selling_price, 0),
            0
        ) AS selling_price,


        /* =========================================
           SELLING UNIT PRICE
           
           IMPORTANT:

           Both tables now contain:
           
           selling_unit_price

           Therefore NO calculation is required.

           Priority:
           1. Opening Stock
           2. Latest Purchase
           3. 0
        ========================================= */

        COALESCE(
            NULLIF(pos.selling_unit_price, 0),
            NULLIF(lp.selling_unit_price, 0),
            0
        ) AS selling_unit_price,


        /* =========================================
           QUANTITY PER PACK
        ========================================= */

        COALESCE(
            NULLIF(lp.quantity_per_pack, 0),
            1
        ) AS quantity_per_pack,


        /* =========================================
           BOX QUANTITY
        ========================================= */

        COALESCE(
            NULLIF(lp.box_quantity, 0),
            1
        ) AS box_quantity,


        /* =========================================
           CURRENT STOCK
        ========================================= */

        COALESCE(
            sl.total_stock,
            0
        ) AS total_stock
FROM `products` `p`
LEFT JOIN `product_category` `pc` ON `pc`.`product_category_id` = `p`.`product_category`
LEFT JOIN (
            SELECT
                os.*

            FROM product_opening_stock os

            INNER JOIN (
                SELECT
                    product_id,
                    MAX(opening_stock_id)
                        AS latest_opening_stock_id

                FROM product_opening_stock

                WHERE status = "active"

                GROUP BY product_id

            ) x

                ON x.latest_opening_stock_id =
                   os.opening_stock_id

        ) pos ON pos.product_id = p.product_id
LEFT JOIN (
            SELECT
                ppd.*

            FROM product_purchase_details ppd

            INNER JOIN (
                SELECT
                    ppd2.product_id,

                    MAX(
                        ppd2.purchase_details_id
                    ) AS latest_purchase_details_id

                FROM product_purchase_details ppd2

                INNER JOIN product_purchase pp2

                    ON pp2.purchase_id =
                       ppd2.purchase_id

                WHERE pp2.status = "active"

                GROUP BY ppd2.product_id

            ) latest

                ON latest.latest_purchase_details_id =
                   ppd.purchase_details_id

        ) lp ON lp.product_id = p.product_id
LEFT JOIN (
            SELECT
                product_id,

                SUM(
                    COALESCE(qty_in, 0)
                    -
                    COALESCE(qty_out, 0)
                ) AS total_stock

            FROM stock_ledger

            GROUP BY product_id

        ) sl ON sl.product_id = p.product_id
WHERE `p`.`status` = \'active\'
ORDER BY `p`.`product_name` ASC')
 4 SYSTEMPATH\Database\BaseBuilder.php(1649): CodeIgniter\Database\BaseConnection->query('SELECT p.product_id,
        p.product_name,
        p.product_image,
        p.barcode,
        p.alert_quantity,

        pc.category_name,

        /* =========================================
           PURCHASE PRICE
           Opening stock first
           Latest purchase as fallback
        ========================================= */

        COALESCE(
            NULLIF(pos.purchase_price_without_vat, 0),
            NULLIF(lp.base_price_per_unit, 0),
            0
        ) AS purchase_price_without_vat,

        COALESCE(
            NULLIF(pos.purchase_price_with_vat, 0),
            NULLIF(lp.purchase_price, 0),
            0
        ) AS purchase_price_with_vat,


        /* =========================================
           TAX TYPE
        ========================================= */

        COALESCE(
            NULLIF(pos.tax_type, \'\'),
            CASE
                WHEN COALESCE(lp.tax_percentage, 0) > 0
                THEN \'with_tax\'
                ELSE \'without_tax\'
            END,
            \'without_tax\'
        ) AS tax_type,


        /* =========================================
           TAX ID
        ========================================= */

        COALESCE(
            pos.tax_id,
            lp.tax_id
        ) AS tax_id,


        /* =========================================
           TAX PERCENTAGE
        ========================================= */

        COALESCE(
            pos.tax_percentage,
            lp.tax_percentage,
            0
        ) AS tax_percentage,


        /* =========================================
           TAX AMOUNT
        ========================================= */

        COALESCE(
            pos.tax_amount,
            lp.product_wise_vat_amount,
            0
        ) AS tax_amount,


        /* =========================================
           PROFIT MARGIN
        ========================================= */

        COALESCE(

            NULLIF(
                pos.profit_margin_percent,
                0
            ),

            CASE
                WHEN COALESCE(lp.purchase_price, 0) > 0
                THEN
                    (
                        (
                            COALESCE(
                                lp.selling_price,
                                0
                            )
                            -
                            lp.purchase_price
                        )
                        /
                        lp.purchase_price
                    ) * 100
                ELSE 0
            END,

            0

        ) AS profit_margin_percent,


        /* =========================================
           SELLING PRICE
           
           Opening Stock:
           pos.selling_price

           Latest Purchase:
           lp.selling_price
        ========================================= */

        COALESCE(
            NULLIF(pos.selling_price, 0),
            NULLIF(lp.selling_price, 0),
            0
        ) AS selling_price,


        /* =========================================
           SELLING UNIT PRICE
           
           IMPORTANT:

           Both tables now contain:
           
           selling_unit_price

           Therefore NO calculation is required.

           Priority:
           1. Opening Stock
           2. Latest Purchase
           3. 0
        ========================================= */

        COALESCE(
            NULLIF(pos.selling_unit_price, 0),
            NULLIF(lp.selling_unit_price, 0),
            0
        ) AS selling_unit_price,


        /* =========================================
           QUANTITY PER PACK
        ========================================= */

        COALESCE(
            NULLIF(lp.quantity_per_pack, 0),
            1
        ) AS quantity_per_pack,


        /* =========================================
           BOX QUANTITY
        ========================================= */

        COALESCE(
            NULLIF(lp.box_quantity, 0),
            1
        ) AS box_quantity,


        /* =========================================
           CURRENT STOCK
        ========================================= */

        COALESCE(
            sl.total_stock,
            0
        ) AS total_stock
FROM `products` `p`
LEFT JOIN `product_category` `pc` ON `pc`.`product_category_id` = `p`.`product_category`
LEFT JOIN (
            SELECT
                os.*

            FROM product_opening_stock os

            INNER JOIN (
                SELECT
                    product_id,
                    MAX(opening_stock_id)
                        AS latest_opening_stock_id

                FROM product_opening_stock

                WHERE status = "active"

                GROUP BY product_id

            ) x

                ON x.latest_opening_stock_id =
                   os.opening_stock_id

        ) pos ON pos.product_id = p.product_id
LEFT JOIN (
            SELECT
                ppd.*

            FROM product_purchase_details ppd

            INNER JOIN (
                SELECT
                    ppd2.product_id,

                    MAX(
                        ppd2.purchase_details_id
                    ) AS latest_purchase_details_id

                FROM product_purchase_details ppd2

                INNER JOIN product_purchase pp2

                    ON pp2.purchase_id =
                       ppd2.purchase_id

                WHERE pp2.status = "active"

                GROUP BY ppd2.product_id

            ) latest

                ON latest.latest_purchase_details_id =
                   ppd.purchase_details_id

        ) lp ON lp.product_id = p.product_id
LEFT JOIN (
            SELECT
                product_id,

                SUM(
                    COALESCE(qty_in, 0)
                    -
                    COALESCE(qty_out, 0)
                ) AS total_stock

            FROM stock_ledger

            GROUP BY product_id

        ) sl ON sl.product_id = p.product_id
WHERE `p`.`status` = :p.status:
ORDER BY `p`.`product_name` ASC', [...], false)
 5 APPPATH\Models\ProductModel.php(394): CodeIgniter\Database\BaseBuilder->get()
 6 APPPATH\Controllers\PosController.php(45): App\Models\ProductModel->getProducts(null)
 7 SYSTEMPATH\CodeIgniter.php(933): App\Controllers\PosController->index()
 8 SYSTEMPATH\CodeIgniter.php(507): CodeIgniter\CodeIgniter->runController(Object(App\Controllers\PosController))
 9 SYSTEMPATH\CodeIgniter.php(354): CodeIgniter\CodeIgniter->handleRequest(null, Object(Config\Cache), false)
10 SYSTEMPATH\Boot.php(363): CodeIgniter\CodeIgniter->run()
11 SYSTEMPATH\Boot.php(68): CodeIgniter\Boot::runCodeIgniter(Object(CodeIgniter\CodeIgniter))
12 FCPATH\index.php(59): CodeIgniter\Boot::bootWeb(Object(Config\Paths))
DEBUG - 2026-08-15 06:28:39 --> Session: Class initialized using 'CodeIgniter\Session\Handlers\FileHandler' driver.
ERROR - 2026-08-15 06:28:39 --> mysqli_sql_exception: Unknown column 'pos.selling_price' in 'field list' in C:\laragon\www\pharmacy-project\system\Database\MySQLi\Connection.php:327
Stack trace:
#0 C:\laragon\www\pharmacy-project\system\Database\MySQLi\Connection.php(327): mysqli->query('SELECT p.produc...', 0)
#1 C:\laragon\www\pharmacy-project\system\Database\BaseConnection.php(729): CodeIgniter\Database\MySQLi\Connection->execute('SELECT p.produc...')
#2 C:\laragon\www\pharmacy-project\system\Database\BaseConnection.php(646): CodeIgniter\Database\BaseConnection->simpleQuery('SELECT p.produc...')
#3 C:\laragon\www\pharmacy-project\system\Database\BaseBuilder.php(1649): CodeIgniter\Database\BaseConnection->query('SELECT p.produc...', Array, false)
#4 C:\laragon\www\pharmacy-project\app\Models\ProductModel.php(394): CodeIgniter\Database\BaseBuilder->get()
#5 C:\laragon\www\pharmacy-project\app\Controllers\PosController.php(45): App\Models\ProductModel->getProducts(NULL)
#6 C:\laragon\www\pharmacy-project\system\CodeIgniter.php(933): App\Controllers\PosController->index()
#7 C:\laragon\www\pharmacy-project\system\CodeIgniter.php(507): CodeIgniter\CodeIgniter->runController(Object(App\Controllers\PosController))
#8 C:\laragon\www\pharmacy-project\system\CodeIgniter.php(354): CodeIgniter\CodeIgniter->handleRequest(NULL, Object(Config\Cache), false)
#9 C:\laragon\www\pharmacy-project\system\Boot.php(363): CodeIgniter\CodeIgniter->run()
#10 C:\laragon\www\pharmacy-project\system\Boot.php(68): CodeIgniter\Boot::runCodeIgniter(Object(CodeIgniter\CodeIgniter))
#11 C:\laragon\www\pharmacy-project\index.php(59): CodeIgniter\Boot::bootWeb(Object(Config\Paths))
#12 {main}
CRITICAL - 2026-08-15 06:28:39 --> CodeIgniter\Database\Exceptions\DatabaseException: Unknown column 'pos.selling_price' in 'field list'
[Method: GET, Route: pos]
in SYSTEMPATH\Database\BaseConnection.php on line 684.
 1 SYSTEMPATH\Database\BaseBuilder.php(1649): CodeIgniter\Database\BaseConnection->query('SELECT p.product_id,
        p.product_name,
        p.product_image,
        p.barcode,
        p.alert_quantity,

        pc.category_name,

        /* =========================================
           PURCHASE PRICE
           Opening stock first
           Latest purchase as fallback
        ========================================= */

        COALESCE(
            NULLIF(pos.purchase_price_without_vat, 0),
            NULLIF(lp.base_price_per_unit, 0),
            0
        ) AS purchase_price_without_vat,

        COALESCE(
            NULLIF(pos.purchase_price_with_vat, 0),
            NULLIF(lp.purchase_price, 0),
            0
        ) AS purchase_price_with_vat,


        /* =========================================
           TAX TYPE
        ========================================= */

        COALESCE(
            NULLIF(pos.tax_type, \'\'),
            CASE
                WHEN COALESCE(lp.tax_percentage, 0) > 0
                THEN \'with_tax\'
                ELSE \'without_tax\'
            END,
            \'without_tax\'
        ) AS tax_type,


        /* =========================================
           TAX ID
        ========================================= */

        COALESCE(
            pos.tax_id,
            lp.tax_id
        ) AS tax_id,


        /* =========================================
           TAX PERCENTAGE
        ========================================= */

        COALESCE(
            pos.tax_percentage,
            lp.tax_percentage,
            0
        ) AS tax_percentage,


        /* =========================================
           TAX AMOUNT
        ========================================= */

        COALESCE(
            pos.tax_amount,
            lp.product_wise_vat_amount,
            0
        ) AS tax_amount,


        /* =========================================
           PROFIT MARGIN
        ========================================= */

        COALESCE(

            NULLIF(
                pos.profit_margin_percent,
                0
            ),

            CASE
                WHEN COALESCE(lp.purchase_price, 0) > 0
                THEN
                    (
                        (
                            COALESCE(
                                lp.selling_price,
                                0
                            )
                            -
                            lp.purchase_price
                        )
                        /
                        lp.purchase_price
                    ) * 100
                ELSE 0
            END,

            0

        ) AS profit_margin_percent,


        /* =========================================
           SELLING PRICE
           
           Opening Stock:
           pos.selling_price

           Latest Purchase:
           lp.selling_price
        ========================================= */

        COALESCE(
            NULLIF(pos.selling_price, 0),
            NULLIF(lp.selling_price, 0),
            0
        ) AS selling_price,


        /* =========================================
           SELLING UNIT PRICE
           
           IMPORTANT:

           Both tables now contain:
           
           selling_unit_price

           Therefore NO calculation is required.

           Priority:
           1. Opening Stock
           2. Latest Purchase
           3. 0
        ========================================= */

        COALESCE(
            NULLIF(pos.selling_unit_price, 0),
            NULLIF(lp.selling_unit_price, 0),
            0
        ) AS selling_unit_price,


        /* =========================================
           QUANTITY PER PACK
        ========================================= */

        COALESCE(
            NULLIF(lp.quantity_per_pack, 0),
            1
        ) AS quantity_per_pack,


        /* =========================================
           BOX QUANTITY
        ========================================= */

        COALESCE(
            NULLIF(lp.box_quantity, 0),
            1
        ) AS box_quantity,


        /* =========================================
           CURRENT STOCK
        ========================================= */

        COALESCE(
            sl.total_stock,
            0
        ) AS total_stock
FROM `products` `p`
LEFT JOIN `product_category` `pc` ON `pc`.`product_category_id` = `p`.`product_category`
LEFT JOIN (
            SELECT
                os.*

            FROM product_opening_stock os

            INNER JOIN (
                SELECT
                    product_id,
                    MAX(opening_stock_id)
                        AS latest_opening_stock_id

                FROM product_opening_stock

                WHERE status = "active"

                GROUP BY product_id

            ) x

                ON x.latest_opening_stock_id =
                   os.opening_stock_id

        ) pos ON pos.product_id = p.product_id
LEFT JOIN (
            SELECT
                ppd.*

            FROM product_purchase_details ppd

            INNER JOIN (
                SELECT
                    ppd2.product_id,

                    MAX(
                        ppd2.purchase_details_id
                    ) AS latest_purchase_details_id

                FROM product_purchase_details ppd2

                INNER JOIN product_purchase pp2

                    ON pp2.purchase_id =
                       ppd2.purchase_id

                WHERE pp2.status = "active"

                GROUP BY ppd2.product_id

            ) latest

                ON latest.latest_purchase_details_id =
                   ppd.purchase_details_id

        ) lp ON lp.product_id = p.product_id
LEFT JOIN (
            SELECT
                product_id,

                SUM(
                    COALESCE(qty_in, 0)
                    -
                    COALESCE(qty_out, 0)
                ) AS total_stock

            FROM stock_ledger

            GROUP BY product_id

        ) sl ON sl.product_id = p.product_id
WHERE `p`.`status` = :p.status:
ORDER BY `p`.`product_name` ASC', [...], false)
 2 APPPATH\Models\ProductModel.php(394): CodeIgniter\Database\BaseBuilder->get()
 3 APPPATH\Controllers\PosController.php(45): App\Models\ProductModel->getProducts(null)
 4 SYSTEMPATH\CodeIgniter.php(933): App\Controllers\PosController->index()
 5 SYSTEMPATH\CodeIgniter.php(507): CodeIgniter\CodeIgniter->runController(Object(App\Controllers\PosController))
 6 SYSTEMPATH\CodeIgniter.php(354): CodeIgniter\CodeIgniter->handleRequest(null, Object(Config\Cache), false)
 7 SYSTEMPATH\Boot.php(363): CodeIgniter\CodeIgniter->run()
 8 SYSTEMPATH\Boot.php(68): CodeIgniter\Boot::runCodeIgniter(Object(CodeIgniter\CodeIgniter))
 9 FCPATH\index.php(59): CodeIgniter\Boot::bootWeb(Object(Config\Paths))
CRITICAL - 2026-08-15 06:28:39 --> [Caused by] CodeIgniter\Database\Exceptions\DatabaseException: Unknown column 'pos.selling_price' in 'field list'
in SYSTEMPATH\Database\MySQLi\Connection.php on line 332.
 1 SYSTEMPATH\Database\BaseConnection.php(729): CodeIgniter\Database\MySQLi\Connection->execute('SELECT p.product_id,
        p.product_name,
        p.product_image,
        p.barcode,
        p.alert_quantity,

        pc.category_name,

        /* =========================================
           PURCHASE PRICE
           Opening stock first
           Latest purchase as fallback
        ========================================= */

        COALESCE(
            NULLIF(pos.purchase_price_without_vat, 0),
            NULLIF(lp.base_price_per_unit, 0),
            0
        ) AS purchase_price_without_vat,

        COALESCE(
            NULLIF(pos.purchase_price_with_vat, 0),
            NULLIF(lp.purchase_price, 0),
            0
        ) AS purchase_price_with_vat,


        /* =========================================
           TAX TYPE
        ========================================= */

        COALESCE(
            NULLIF(pos.tax_type, \'\'),
            CASE
                WHEN COALESCE(lp.tax_percentage, 0) > 0
                THEN \'with_tax\'
                ELSE \'without_tax\'
            END,
            \'without_tax\'
        ) AS tax_type,


        /* =========================================
           TAX ID
        ========================================= */

        COALESCE(
            pos.tax_id,
            lp.tax_id
        ) AS tax_id,


        /* =========================================
           TAX PERCENTAGE
        ========================================= */

        COALESCE(
            pos.tax_percentage,
            lp.tax_percentage,
            0
        ) AS tax_percentage,


        /* =========================================
           TAX AMOUNT
        ========================================= */

        COALESCE(
            pos.tax_amount,
            lp.product_wise_vat_amount,
            0
        ) AS tax_amount,


        /* =========================================
           PROFIT MARGIN
        ========================================= */

        COALESCE(

            NULLIF(
                pos.profit_margin_percent,
                0
            ),

            CASE
                WHEN COALESCE(lp.purchase_price, 0) > 0
                THEN
                    (
                        (
                            COALESCE(
                                lp.selling_price,
                                0
                            )
                            -
                            lp.purchase_price
                        )
                        /
                        lp.purchase_price
                    ) * 100
                ELSE 0
            END,

            0

        ) AS profit_margin_percent,


        /* =========================================
           SELLING PRICE
           
           Opening Stock:
           pos.selling_price

           Latest Purchase:
           lp.selling_price
        ========================================= */

        COALESCE(
            NULLIF(pos.selling_price, 0),
            NULLIF(lp.selling_price, 0),
            0
        ) AS selling_price,


        /* =========================================
           SELLING UNIT PRICE
           
           IMPORTANT:

           Both tables now contain:
           
           selling_unit_price

           Therefore NO calculation is required.

           Priority:
           1. Opening Stock
           2. Latest Purchase
           3. 0
        ========================================= */

        COALESCE(
            NULLIF(pos.selling_unit_price, 0),
            NULLIF(lp.selling_unit_price, 0),
            0
        ) AS selling_unit_price,


        /* =========================================
           QUANTITY PER PACK
        ========================================= */

        COALESCE(
            NULLIF(lp.quantity_per_pack, 0),
            1
        ) AS quantity_per_pack,


        /* =========================================
           BOX QUANTITY
        ========================================= */

        COALESCE(
            NULLIF(lp.box_quantity, 0),
            1
        ) AS box_quantity,


        /* =========================================
           CURRENT STOCK
        ========================================= */

        COALESCE(
            sl.total_stock,
            0
        ) AS total_stock
FROM `products` `p`
LEFT JOIN `product_category` `pc` ON `pc`.`product_category_id` = `p`.`product_category`
LEFT JOIN (
            SELECT
                os.*

            FROM product_opening_stock os

            INNER JOIN (
                SELECT
                    product_id,
                    MAX(opening_stock_id)
                        AS latest_opening_stock_id

                FROM product_opening_stock

                WHERE status = "active"

                GROUP BY product_id

            ) x

                ON x.latest_opening_stock_id =
                   os.opening_stock_id

        ) pos ON pos.product_id = p.product_id
LEFT JOIN (
            SELECT
                ppd.*

            FROM product_purchase_details ppd

            INNER JOIN (
                SELECT
                    ppd2.product_id,

                    MAX(
                        ppd2.purchase_details_id
                    ) AS latest_purchase_details_id

                FROM product_purchase_details ppd2

                INNER JOIN product_purchase pp2

                    ON pp2.purchase_id =
                       ppd2.purchase_id

                WHERE pp2.status = "active"

                GROUP BY ppd2.product_id

            ) latest

                ON latest.latest_purchase_details_id =
                   ppd.purchase_details_id

        ) lp ON lp.product_id = p.product_id
LEFT JOIN (
            SELECT
                product_id,

                SUM(
                    COALESCE(qty_in, 0)
                    -
                    COALESCE(qty_out, 0)
                ) AS total_stock

            FROM stock_ledger

            GROUP BY product_id

        ) sl ON sl.product_id = p.product_id
WHERE `p`.`status` = \'active\'
ORDER BY `p`.`product_name` ASC')
 2 SYSTEMPATH\Database\BaseConnection.php(646): CodeIgniter\Database\BaseConnection->simpleQuery('SELECT p.product_id,
        p.product_name,
        p.product_image,
        p.barcode,
        p.alert_quantity,

        pc.category_name,

        /* =========================================
           PURCHASE PRICE
           Opening stock first
           Latest purchase as fallback
        ========================================= */

        COALESCE(
            NULLIF(pos.purchase_price_without_vat, 0),
            NULLIF(lp.base_price_per_unit, 0),
            0
        ) AS purchase_price_without_vat,

        COALESCE(
            NULLIF(pos.purchase_price_with_vat, 0),
            NULLIF(lp.purchase_price, 0),
            0
        ) AS purchase_price_with_vat,


        /* =========================================
           TAX TYPE
        ========================================= */

        COALESCE(
            NULLIF(pos.tax_type, \'\'),
            CASE
                WHEN COALESCE(lp.tax_percentage, 0) > 0
                THEN \'with_tax\'
                ELSE \'without_tax\'
            END,
            \'without_tax\'
        ) AS tax_type,


        /* =========================================
           TAX ID
        ========================================= */

        COALESCE(
            pos.tax_id,
            lp.tax_id
        ) AS tax_id,


        /* =========================================
           TAX PERCENTAGE
        ========================================= */

        COALESCE(
            pos.tax_percentage,
            lp.tax_percentage,
            0
        ) AS tax_percentage,


        /* =========================================
           TAX AMOUNT
        ========================================= */

        COALESCE(
            pos.tax_amount,
            lp.product_wise_vat_amount,
            0
        ) AS tax_amount,


        /* =========================================
           PROFIT MARGIN
        ========================================= */

        COALESCE(

            NULLIF(
                pos.profit_margin_percent,
                0
            ),

            CASE
                WHEN COALESCE(lp.purchase_price, 0) > 0
                THEN
                    (
                        (
                            COALESCE(
                                lp.selling_price,
                                0
                            )
                            -
                            lp.purchase_price
                        )
                        /
                        lp.purchase_price
                    ) * 100
                ELSE 0
            END,

            0

        ) AS profit_margin_percent,


        /* =========================================
           SELLING PRICE
           
           Opening Stock:
           pos.selling_price

           Latest Purchase:
           lp.selling_price
        ========================================= */

        COALESCE(
            NULLIF(pos.selling_price, 0),
            NULLIF(lp.selling_price, 0),
            0
        ) AS selling_price,


        /* =========================================
           SELLING UNIT PRICE
           
           IMPORTANT:

           Both tables now contain:
           
           selling_unit_price

           Therefore NO calculation is required.

           Priority:
           1. Opening Stock
           2. Latest Purchase
           3. 0
        ========================================= */

        COALESCE(
            NULLIF(pos.selling_unit_price, 0),
            NULLIF(lp.selling_unit_price, 0),
            0
        ) AS selling_unit_price,


        /* =========================================
           QUANTITY PER PACK
        ========================================= */

        COALESCE(
            NULLIF(lp.quantity_per_pack, 0),
            1
        ) AS quantity_per_pack,


        /* =========================================
           BOX QUANTITY
        ========================================= */

        COALESCE(
            NULLIF(lp.box_quantity, 0),
            1
        ) AS box_quantity,


        /* =========================================
           CURRENT STOCK
        ========================================= */

        COALESCE(
            sl.total_stock,
            0
        ) AS total_stock
FROM `products` `p`
LEFT JOIN `product_category` `pc` ON `pc`.`product_category_id` = `p`.`product_category`
LEFT JOIN (
            SELECT
                os.*

            FROM product_opening_stock os

            INNER JOIN (
                SELECT
                    product_id,
                    MAX(opening_stock_id)
                        AS latest_opening_stock_id

                FROM product_opening_stock

                WHERE status = "active"

                GROUP BY product_id

            ) x

                ON x.latest_opening_stock_id =
                   os.opening_stock_id

        ) pos ON pos.product_id = p.product_id
LEFT JOIN (
            SELECT
                ppd.*

            FROM product_purchase_details ppd

            INNER JOIN (
                SELECT
                    ppd2.product_id,

                    MAX(
                        ppd2.purchase_details_id
                    ) AS latest_purchase_details_id

                FROM product_purchase_details ppd2

                INNER JOIN product_purchase pp2

                    ON pp2.purchase_id =
                       ppd2.purchase_id

                WHERE pp2.status = "active"

                GROUP BY ppd2.product_id

            ) latest

                ON latest.latest_purchase_details_id =
                   ppd.purchase_details_id

        ) lp ON lp.product_id = p.product_id
LEFT JOIN (
            SELECT
                product_id,

                SUM(
                    COALESCE(qty_in, 0)
                    -
                    COALESCE(qty_out, 0)
                ) AS total_stock

            FROM stock_ledger

            GROUP BY product_id

        ) sl ON sl.product_id = p.product_id
WHERE `p`.`status` = \'active\'
ORDER BY `p`.`product_name` ASC')
 3 SYSTEMPATH\Database\BaseBuilder.php(1649): CodeIgniter\Database\BaseConnection->query('SELECT p.product_id,
        p.product_name,
        p.product_image,
        p.barcode,
        p.alert_quantity,

        pc.category_name,

        /* =========================================
           PURCHASE PRICE
           Opening stock first
           Latest purchase as fallback
        ========================================= */

        COALESCE(
            NULLIF(pos.purchase_price_without_vat, 0),
            NULLIF(lp.base_price_per_unit, 0),
            0
        ) AS purchase_price_without_vat,

        COALESCE(
            NULLIF(pos.purchase_price_with_vat, 0),
            NULLIF(lp.purchase_price, 0),
            0
        ) AS purchase_price_with_vat,


        /* =========================================
           TAX TYPE
        ========================================= */

        COALESCE(
            NULLIF(pos.tax_type, \'\'),
            CASE
                WHEN COALESCE(lp.tax_percentage, 0) > 0
                THEN \'with_tax\'
                ELSE \'without_tax\'
            END,
            \'without_tax\'
        ) AS tax_type,


        /* =========================================
           TAX ID
        ========================================= */

        COALESCE(
            pos.tax_id,
            lp.tax_id
        ) AS tax_id,


        /* =========================================
           TAX PERCENTAGE
        ========================================= */

        COALESCE(
            pos.tax_percentage,
            lp.tax_percentage,
            0
        ) AS tax_percentage,


        /* =========================================
           TAX AMOUNT
        ========================================= */

        COALESCE(
            pos.tax_amount,
            lp.product_wise_vat_amount,
            0
        ) AS tax_amount,


        /* =========================================
           PROFIT MARGIN
        ========================================= */

        COALESCE(

            NULLIF(
                pos.profit_margin_percent,
                0
            ),

            CASE
                WHEN COALESCE(lp.purchase_price, 0) > 0
                THEN
                    (
                        (
                            COALESCE(
                                lp.selling_price,
                                0
                            )
                            -
                            lp.purchase_price
                        )
                        /
                        lp.purchase_price
                    ) * 100
                ELSE 0
            END,

            0

        ) AS profit_margin_percent,


        /* =========================================
           SELLING PRICE
           
           Opening Stock:
           pos.selling_price

           Latest Purchase:
           lp.selling_price
        ========================================= */

        COALESCE(
            NULLIF(pos.selling_price, 0),
            NULLIF(lp.selling_price, 0),
            0
        ) AS selling_price,


        /* =========================================
           SELLING UNIT PRICE
           
           IMPORTANT:

           Both tables now contain:
           
           selling_unit_price

           Therefore NO calculation is required.

           Priority:
           1. Opening Stock
           2. Latest Purchase
           3. 0
        ========================================= */

        COALESCE(
            NULLIF(pos.selling_unit_price, 0),
            NULLIF(lp.selling_unit_price, 0),
            0
        ) AS selling_unit_price,


        /* =========================================
           QUANTITY PER PACK
        ========================================= */

        COALESCE(
            NULLIF(lp.quantity_per_pack, 0),
            1
        ) AS quantity_per_pack,


        /* =========================================
           BOX QUANTITY
        ========================================= */

        COALESCE(
            NULLIF(lp.box_quantity, 0),
            1
        ) AS box_quantity,


        /* =========================================
           CURRENT STOCK
        ========================================= */

        COALESCE(
            sl.total_stock,
            0
        ) AS total_stock
FROM `products` `p`
LEFT JOIN `product_category` `pc` ON `pc`.`product_category_id` = `p`.`product_category`
LEFT JOIN (
            SELECT
                os.*

            FROM product_opening_stock os

            INNER JOIN (
                SELECT
                    product_id,
                    MAX(opening_stock_id)
                        AS latest_opening_stock_id

                FROM product_opening_stock

                WHERE status = "active"

                GROUP BY product_id

            ) x

                ON x.latest_opening_stock_id =
                   os.opening_stock_id

        ) pos ON pos.product_id = p.product_id
LEFT JOIN (
            SELECT
                ppd.*

            FROM product_purchase_details ppd

            INNER JOIN (
                SELECT
                    ppd2.product_id,

                    MAX(
                        ppd2.purchase_details_id
                    ) AS latest_purchase_details_id

                FROM product_purchase_details ppd2

                INNER JOIN product_purchase pp2

                    ON pp2.purchase_id =
                       ppd2.purchase_id

                WHERE pp2.status = "active"

                GROUP BY ppd2.product_id

            ) latest

                ON latest.latest_purchase_details_id =
                   ppd.purchase_details_id

        ) lp ON lp.product_id = p.product_id
LEFT JOIN (
            SELECT
                product_id,

                SUM(
                    COALESCE(qty_in, 0)
                    -
                    COALESCE(qty_out, 0)
                ) AS total_stock

            FROM stock_ledger

            GROUP BY product_id

        ) sl ON sl.product_id = p.product_id
WHERE `p`.`status` = :p.status:
ORDER BY `p`.`product_name` ASC', [...], false)
 4 APPPATH\Models\ProductModel.php(394): CodeIgniter\Database\BaseBuilder->get()
 5 APPPATH\Controllers\PosController.php(45): App\Models\ProductModel->getProducts(null)
 6 SYSTEMPATH\CodeIgniter.php(933): App\Controllers\PosController->index()
 7 SYSTEMPATH\CodeIgniter.php(507): CodeIgniter\CodeIgniter->runController(Object(App\Controllers\PosController))
 8 SYSTEMPATH\CodeIgniter.php(354): CodeIgniter\CodeIgniter->handleRequest(null, Object(Config\Cache), false)
 9 SYSTEMPATH\Boot.php(363): CodeIgniter\CodeIgniter->run()
10 SYSTEMPATH\Boot.php(68): CodeIgniter\Boot::runCodeIgniter(Object(CodeIgniter\CodeIgniter))
11 FCPATH\index.php(59): CodeIgniter\Boot::bootWeb(Object(Config\Paths))
CRITICAL - 2026-08-15 06:28:39 --> [Caused by] mysqli_sql_exception: Unknown column 'pos.selling_price' in 'field list'
in SYSTEMPATH\Database\MySQLi\Connection.php on line 327.
 1 SYSTEMPATH\Database\MySQLi\Connection.php(327): mysqli->query('SELECT p.product_id,
        p.product_name,
        p.product_image,
        p.barcode,
        p.alert_quantity,

        pc.category_name,

        /* =========================================
           PURCHASE PRICE
           Opening stock first
           Latest purchase as fallback
        ========================================= */

        COALESCE(
            NULLIF(pos.purchase_price_without_vat, 0),
            NULLIF(lp.base_price_per_unit, 0),
            0
        ) AS purchase_price_without_vat,

        COALESCE(
            NULLIF(pos.purchase_price_with_vat, 0),
            NULLIF(lp.purchase_price, 0),
            0
        ) AS purchase_price_with_vat,


        /* =========================================
           TAX TYPE
        ========================================= */

        COALESCE(
            NULLIF(pos.tax_type, \'\'),
            CASE
                WHEN COALESCE(lp.tax_percentage, 0) > 0
                THEN \'with_tax\'
                ELSE \'without_tax\'
            END,
            \'without_tax\'
        ) AS tax_type,


        /* =========================================
           TAX ID
        ========================================= */

        COALESCE(
            pos.tax_id,
            lp.tax_id
        ) AS tax_id,


        /* =========================================
           TAX PERCENTAGE
        ========================================= */

        COALESCE(
            pos.tax_percentage,
            lp.tax_percentage,
            0
        ) AS tax_percentage,


        /* =========================================
           TAX AMOUNT
        ========================================= */

        COALESCE(
            pos.tax_amount,
            lp.product_wise_vat_amount,
            0
        ) AS tax_amount,


        /* =========================================
           PROFIT MARGIN
        ========================================= */

        COALESCE(

            NULLIF(
                pos.profit_margin_percent,
                0
            ),

            CASE
                WHEN COALESCE(lp.purchase_price, 0) > 0
                THEN
                    (
                        (
                            COALESCE(
                                lp.selling_price,
                                0
                            )
                            -
                            lp.purchase_price
                        )
                        /
                        lp.purchase_price
                    ) * 100
                ELSE 0
            END,

            0

        ) AS profit_margin_percent,


        /* =========================================
           SELLING PRICE
           
           Opening Stock:
           pos.selling_price

           Latest Purchase:
           lp.selling_price
        ========================================= */

        COALESCE(
            NULLIF(pos.selling_price, 0),
            NULLIF(lp.selling_price, 0),
            0
        ) AS selling_price,


        /* =========================================
           SELLING UNIT PRICE
           
           IMPORTANT:

           Both tables now contain:
           
           selling_unit_price

           Therefore NO calculation is required.

           Priority:
           1. Opening Stock
           2. Latest Purchase
           3. 0
        ========================================= */

        COALESCE(
            NULLIF(pos.selling_unit_price, 0),
            NULLIF(lp.selling_unit_price, 0),
            0
        ) AS selling_unit_price,


        /* =========================================
           QUANTITY PER PACK
        ========================================= */

        COALESCE(
            NULLIF(lp.quantity_per_pack, 0),
            1
        ) AS quantity_per_pack,


        /* =========================================
           BOX QUANTITY
        ========================================= */

        COALESCE(
            NULLIF(lp.box_quantity, 0),
            1
        ) AS box_quantity,


        /* =========================================
           CURRENT STOCK
        ========================================= */

        COALESCE(
            sl.total_stock,
            0
        ) AS total_stock
FROM `products` `p`
LEFT JOIN `product_category` `pc` ON `pc`.`product_category_id` = `p`.`product_category`
LEFT JOIN (
            SELECT
                os.*

            FROM product_opening_stock os

            INNER JOIN (
                SELECT
                    product_id,
                    MAX(opening_stock_id)
                        AS latest_opening_stock_id

                FROM product_opening_stock

                WHERE status = "active"

                GROUP BY product_id

            ) x

                ON x.latest_opening_stock_id =
                   os.opening_stock_id

        ) pos ON pos.product_id = p.product_id
LEFT JOIN (
            SELECT
                ppd.*

            FROM product_purchase_details ppd

            INNER JOIN (
                SELECT
                    ppd2.product_id,

                    MAX(
                        ppd2.purchase_details_id
                    ) AS latest_purchase_details_id

                FROM product_purchase_details ppd2

                INNER JOIN product_purchase pp2

                    ON pp2.purchase_id =
                       ppd2.purchase_id

                WHERE pp2.status = "active"

                GROUP BY ppd2.product_id

            ) latest

                ON latest.latest_purchase_details_id =
                   ppd.purchase_details_id

        ) lp ON lp.product_id = p.product_id
LEFT JOIN (
            SELECT
                product_id,

                SUM(
                    COALESCE(qty_in, 0)
                    -
                    COALESCE(qty_out, 0)
                ) AS total_stock

            FROM stock_ledger

            GROUP BY product_id

        ) sl ON sl.product_id = p.product_id
WHERE `p`.`status` = \'active\'
ORDER BY `p`.`product_name` ASC', 0)
 2 SYSTEMPATH\Database\BaseConnection.php(729): CodeIgniter\Database\MySQLi\Connection->execute('SELECT p.product_id,
        p.product_name,
        p.product_image,
        p.barcode,
        p.alert_quantity,

        pc.category_name,

        /* =========================================
           PURCHASE PRICE
           Opening stock first
           Latest purchase as fallback
        ========================================= */

        COALESCE(
            NULLIF(pos.purchase_price_without_vat, 0),
            NULLIF(lp.base_price_per_unit, 0),
            0
        ) AS purchase_price_without_vat,

        COALESCE(
            NULLIF(pos.purchase_price_with_vat, 0),
            NULLIF(lp.purchase_price, 0),
            0
        ) AS purchase_price_with_vat,


        /* =========================================
           TAX TYPE
        ========================================= */

        COALESCE(
            NULLIF(pos.tax_type, \'\'),
            CASE
                WHEN COALESCE(lp.tax_percentage, 0) > 0
                THEN \'with_tax\'
                ELSE \'without_tax\'
            END,
            \'without_tax\'
        ) AS tax_type,


        /* =========================================
           TAX ID
        ========================================= */

        COALESCE(
            pos.tax_id,
            lp.tax_id
        ) AS tax_id,


        /* =========================================
           TAX PERCENTAGE
        ========================================= */

        COALESCE(
            pos.tax_percentage,
            lp.tax_percentage,
            0
        ) AS tax_percentage,


        /* =========================================
           TAX AMOUNT
        ========================================= */

        COALESCE(
            pos.tax_amount,
            lp.product_wise_vat_amount,
            0
        ) AS tax_amount,


        /* =========================================
           PROFIT MARGIN
        ========================================= */

        COALESCE(

            NULLIF(
                pos.profit_margin_percent,
                0
            ),

            CASE
                WHEN COALESCE(lp.purchase_price, 0) > 0
                THEN
                    (
                        (
                            COALESCE(
                                lp.selling_price,
                                0
                            )
                            -
                            lp.purchase_price
                        )
                        /
                        lp.purchase_price
                    ) * 100
                ELSE 0
            END,

            0

        ) AS profit_margin_percent,


        /* =========================================
           SELLING PRICE
           
           Opening Stock:
           pos.selling_price

           Latest Purchase:
           lp.selling_price
        ========================================= */

        COALESCE(
            NULLIF(pos.selling_price, 0),
            NULLIF(lp.selling_price, 0),
            0
        ) AS selling_price,


        /* =========================================
           SELLING UNIT PRICE
           
           IMPORTANT:

           Both tables now contain:
           
           selling_unit_price

           Therefore NO calculation is required.

           Priority:
           1. Opening Stock
           2. Latest Purchase
           3. 0
        ========================================= */

        COALESCE(
            NULLIF(pos.selling_unit_price, 0),
            NULLIF(lp.selling_unit_price, 0),
            0
        ) AS selling_unit_price,


        /* =========================================
           QUANTITY PER PACK
        ========================================= */

        COALESCE(
            NULLIF(lp.quantity_per_pack, 0),
            1
        ) AS quantity_per_pack,


        /* =========================================
           BOX QUANTITY
        ========================================= */

        COALESCE(
            NULLIF(lp.box_quantity, 0),
            1
        ) AS box_quantity,


        /* =========================================
           CURRENT STOCK
        ========================================= */

        COALESCE(
            sl.total_stock,
            0
        ) AS total_stock
FROM `products` `p`
LEFT JOIN `product_category` `pc` ON `pc`.`product_category_id` = `p`.`product_category`
LEFT JOIN (
            SELECT
                os.*

            FROM product_opening_stock os

            INNER JOIN (
                SELECT
                    product_id,
                    MAX(opening_stock_id)
                        AS latest_opening_stock_id

                FROM product_opening_stock

                WHERE status = "active"

                GROUP BY product_id

            ) x

                ON x.latest_opening_stock_id =
                   os.opening_stock_id

        ) pos ON pos.product_id = p.product_id
LEFT JOIN (
            SELECT
                ppd.*

            FROM product_purchase_details ppd

            INNER JOIN (
                SELECT
                    ppd2.product_id,

                    MAX(
                        ppd2.purchase_details_id
                    ) AS latest_purchase_details_id

                FROM product_purchase_details ppd2

                INNER JOIN product_purchase pp2

                    ON pp2.purchase_id =
                       ppd2.purchase_id

                WHERE pp2.status = "active"

                GROUP BY ppd2.product_id

            ) latest

                ON latest.latest_purchase_details_id =
                   ppd.purchase_details_id

        ) lp ON lp.product_id = p.product_id
LEFT JOIN (
            SELECT
                product_id,

                SUM(
                    COALESCE(qty_in, 0)
                    -
                    COALESCE(qty_out, 0)
                ) AS total_stock

            FROM stock_ledger

            GROUP BY product_id

        ) sl ON sl.product_id = p.product_id
WHERE `p`.`status` = \'active\'
ORDER BY `p`.`product_name` ASC')
 3 SYSTEMPATH\Database\BaseConnection.php(646): CodeIgniter\Database\BaseConnection->simpleQuery('SELECT p.product_id,
        p.product_name,
        p.product_image,
        p.barcode,
        p.alert_quantity,

        pc.category_name,

        /* =========================================
           PURCHASE PRICE
           Opening stock first
           Latest purchase as fallback
        ========================================= */

        COALESCE(
            NULLIF(pos.purchase_price_without_vat, 0),
            NULLIF(lp.base_price_per_unit, 0),
            0
        ) AS purchase_price_without_vat,

        COALESCE(
            NULLIF(pos.purchase_price_with_vat, 0),
            NULLIF(lp.purchase_price, 0),
            0
        ) AS purchase_price_with_vat,


        /* =========================================
           TAX TYPE
        ========================================= */

        COALESCE(
            NULLIF(pos.tax_type, \'\'),
            CASE
                WHEN COALESCE(lp.tax_percentage, 0) > 0
                THEN \'with_tax\'
                ELSE \'without_tax\'
            END,
            \'without_tax\'
        ) AS tax_type,


        /* =========================================
           TAX ID
        ========================================= */

        COALESCE(
            pos.tax_id,
            lp.tax_id
        ) AS tax_id,


        /* =========================================
           TAX PERCENTAGE
        ========================================= */

        COALESCE(
            pos.tax_percentage,
            lp.tax_percentage,
            0
        ) AS tax_percentage,


        /* =========================================
           TAX AMOUNT
        ========================================= */

        COALESCE(
            pos.tax_amount,
            lp.product_wise_vat_amount,
            0
        ) AS tax_amount,


        /* =========================================
           PROFIT MARGIN
        ========================================= */

        COALESCE(

            NULLIF(
                pos.profit_margin_percent,
                0
            ),

            CASE
                WHEN COALESCE(lp.purchase_price, 0) > 0
                THEN
                    (
                        (
                            COALESCE(
                                lp.selling_price,
                                0
                            )
                            -
                            lp.purchase_price
                        )
                        /
                        lp.purchase_price
                    ) * 100
                ELSE 0
            END,

            0

        ) AS profit_margin_percent,


        /* =========================================
           SELLING PRICE
           
           Opening Stock:
           pos.selling_price

           Latest Purchase:
           lp.selling_price
        ========================================= */

        COALESCE(
            NULLIF(pos.selling_price, 0),
            NULLIF(lp.selling_price, 0),
            0
        ) AS selling_price,


        /* =========================================
           SELLING UNIT PRICE
           
           IMPORTANT:

           Both tables now contain:
           
           selling_unit_price

           Therefore NO calculation is required.

           Priority:
           1. Opening Stock
           2. Latest Purchase
           3. 0
        ========================================= */

        COALESCE(
            NULLIF(pos.selling_unit_price, 0),
            NULLIF(lp.selling_unit_price, 0),
            0
        ) AS selling_unit_price,


        /* =========================================
           QUANTITY PER PACK
        ========================================= */

        COALESCE(
            NULLIF(lp.quantity_per_pack, 0),
            1
        ) AS quantity_per_pack,


        /* =========================================
           BOX QUANTITY
        ========================================= */

        COALESCE(
            NULLIF(lp.box_quantity, 0),
            1
        ) AS box_quantity,


        /* =========================================
           CURRENT STOCK
        ========================================= */

        COALESCE(
            sl.total_stock,
            0
        ) AS total_stock
FROM `products` `p`
LEFT JOIN `product_category` `pc` ON `pc`.`product_category_id` = `p`.`product_category`
LEFT JOIN (
            SELECT
                os.*

            FROM product_opening_stock os

            INNER JOIN (
                SELECT
                    product_id,
                    MAX(opening_stock_id)
                        AS latest_opening_stock_id

                FROM product_opening_stock

                WHERE status = "active"

                GROUP BY product_id

            ) x

                ON x.latest_opening_stock_id =
                   os.opening_stock_id

        ) pos ON pos.product_id = p.product_id
LEFT JOIN (
            SELECT
                ppd.*

            FROM product_purchase_details ppd

            INNER JOIN (
                SELECT
                    ppd2.product_id,

                    MAX(
                        ppd2.purchase_details_id
                    ) AS latest_purchase_details_id

                FROM product_purchase_details ppd2

                INNER JOIN product_purchase pp2

                    ON pp2.purchase_id =
                       ppd2.purchase_id

                WHERE pp2.status = "active"

                GROUP BY ppd2.product_id

            ) latest

                ON latest.latest_purchase_details_id =
                   ppd.purchase_details_id

        ) lp ON lp.product_id = p.product_id
LEFT JOIN (
            SELECT
                product_id,

                SUM(
                    COALESCE(qty_in, 0)
                    -
                    COALESCE(qty_out, 0)
                ) AS total_stock

            FROM stock_ledger

            GROUP BY product_id

        ) sl ON sl.product_id = p.product_id
WHERE `p`.`status` = \'active\'
ORDER BY `p`.`product_name` ASC')
 4 SYSTEMPATH\Database\BaseBuilder.php(1649): CodeIgniter\Database\BaseConnection->query('SELECT p.product_id,
        p.product_name,
        p.product_image,
        p.barcode,
        p.alert_quantity,

        pc.category_name,

        /* =========================================
           PURCHASE PRICE
           Opening stock first
           Latest purchase as fallback
        ========================================= */

        COALESCE(
            NULLIF(pos.purchase_price_without_vat, 0),
            NULLIF(lp.base_price_per_unit, 0),
            0
        ) AS purchase_price_without_vat,

        COALESCE(
            NULLIF(pos.purchase_price_with_vat, 0),
            NULLIF(lp.purchase_price, 0),
            0
        ) AS purchase_price_with_vat,


        /* =========================================
           TAX TYPE
        ========================================= */

        COALESCE(
            NULLIF(pos.tax_type, \'\'),
            CASE
                WHEN COALESCE(lp.tax_percentage, 0) > 0
                THEN \'with_tax\'
                ELSE \'without_tax\'
            END,
            \'without_tax\'
        ) AS tax_type,


        /* =========================================
           TAX ID
        ========================================= */

        COALESCE(
            pos.tax_id,
            lp.tax_id
        ) AS tax_id,


        /* =========================================
           TAX PERCENTAGE
        ========================================= */

        COALESCE(
            pos.tax_percentage,
            lp.tax_percentage,
            0
        ) AS tax_percentage,


        /* =========================================
           TAX AMOUNT
        ========================================= */

        COALESCE(
            pos.tax_amount,
            lp.product_wise_vat_amount,
            0
        ) AS tax_amount,


        /* =========================================
           PROFIT MARGIN
        ========================================= */

        COALESCE(

            NULLIF(
                pos.profit_margin_percent,
                0
            ),

            CASE
                WHEN COALESCE(lp.purchase_price, 0) > 0
                THEN
                    (
                        (
                            COALESCE(
                                lp.selling_price,
                                0
                            )
                            -
                            lp.purchase_price
                        )
                        /
                        lp.purchase_price
                    ) * 100
                ELSE 0
            END,

            0

        ) AS profit_margin_percent,


        /* =========================================
           SELLING PRICE
           
           Opening Stock:
           pos.selling_price

           Latest Purchase:
           lp.selling_price
        ========================================= */

        COALESCE(
            NULLIF(pos.selling_price, 0),
            NULLIF(lp.selling_price, 0),
            0
        ) AS selling_price,


        /* =========================================
           SELLING UNIT PRICE
           
           IMPORTANT:

           Both tables now contain:
           
           selling_unit_price

           Therefore NO calculation is required.

           Priority:
           1. Opening Stock
           2. Latest Purchase
           3. 0
        ========================================= */

        COALESCE(
            NULLIF(pos.selling_unit_price, 0),
            NULLIF(lp.selling_unit_price, 0),
            0
        ) AS selling_unit_price,


        /* =========================================
           QUANTITY PER PACK
        ========================================= */

        COALESCE(
            NULLIF(lp.quantity_per_pack, 0),
            1
        ) AS quantity_per_pack,


        /* =========================================
           BOX QUANTITY
        ========================================= */

        COALESCE(
            NULLIF(lp.box_quantity, 0),
            1
        ) AS box_quantity,


        /* =========================================
           CURRENT STOCK
        ========================================= */

        COALESCE(
            sl.total_stock,
            0
        ) AS total_stock
FROM `products` `p`
LEFT JOIN `product_category` `pc` ON `pc`.`product_category_id` = `p`.`product_category`
LEFT JOIN (
            SELECT
                os.*

            FROM product_opening_stock os

            INNER JOIN (
                SELECT
                    product_id,
                    MAX(opening_stock_id)
                        AS latest_opening_stock_id

                FROM product_opening_stock

                WHERE status = "active"

                GROUP BY product_id

            ) x

                ON x.latest_opening_stock_id =
                   os.opening_stock_id

        ) pos ON pos.product_id = p.product_id
LEFT JOIN (
            SELECT
                ppd.*

            FROM product_purchase_details ppd

            INNER JOIN (
                SELECT
                    ppd2.product_id,

                    MAX(
                        ppd2.purchase_details_id
                    ) AS latest_purchase_details_id

                FROM product_purchase_details ppd2

                INNER JOIN product_purchase pp2

                    ON pp2.purchase_id =
                       ppd2.purchase_id

                WHERE pp2.status = "active"

                GROUP BY ppd2.product_id

            ) latest

                ON latest.latest_purchase_details_id =
                   ppd.purchase_details_id

        ) lp ON lp.product_id = p.product_id
LEFT JOIN (
            SELECT
                product_id,

                SUM(
                    COALESCE(qty_in, 0)
                    -
                    COALESCE(qty_out, 0)
                ) AS total_stock

            FROM stock_ledger

            GROUP BY product_id

        ) sl ON sl.product_id = p.product_id
WHERE `p`.`status` = :p.status:
ORDER BY `p`.`product_name` ASC', [...], false)
 5 APPPATH\Models\ProductModel.php(394): CodeIgniter\Database\BaseBuilder->get()
 6 APPPATH\Controllers\PosController.php(45): App\Models\ProductModel->getProducts(null)
 7 SYSTEMPATH\CodeIgniter.php(933): App\Controllers\PosController->index()
 8 SYSTEMPATH\CodeIgniter.php(507): CodeIgniter\CodeIgniter->runController(Object(App\Controllers\PosController))
 9 SYSTEMPATH\CodeIgniter.php(354): CodeIgniter\CodeIgniter->handleRequest(null, Object(Config\Cache), false)
10 SYSTEMPATH\Boot.php(363): CodeIgniter\CodeIgniter->run()
11 SYSTEMPATH\Boot.php(68): CodeIgniter\Boot::runCodeIgniter(Object(CodeIgniter\CodeIgniter))
12 FCPATH\index.php(59): CodeIgniter\Boot::bootWeb(Object(Config\Paths))
DEBUG - 2026-08-15 06:28:41 --> Session: Class initialized using 'CodeIgniter\Session\Handlers\FileHandler' driver.
ERROR - 2026-08-15 06:28:41 --> mysqli_sql_exception: Unknown column 'pos.selling_price' in 'field list' in C:\laragon\www\pharmacy-project\system\Database\MySQLi\Connection.php:327
Stack trace:
#0 C:\laragon\www\pharmacy-project\system\Database\MySQLi\Connection.php(327): mysqli->query('SELECT p.produc...', 0)
#1 C:\laragon\www\pharmacy-project\system\Database\BaseConnection.php(729): CodeIgniter\Database\MySQLi\Connection->execute('SELECT p.produc...')
#2 C:\laragon\www\pharmacy-project\system\Database\BaseConnection.php(646): CodeIgniter\Database\BaseConnection->simpleQuery('SELECT p.produc...')
#3 C:\laragon\www\pharmacy-project\system\Database\BaseBuilder.php(1649): CodeIgniter\Database\BaseConnection->query('SELECT p.produc...', Array, false)
#4 C:\laragon\www\pharmacy-project\app\Models\ProductModel.php(394): CodeIgniter\Database\BaseBuilder->get()
#5 C:\laragon\www\pharmacy-project\app\Controllers\PosController.php(45): App\Models\ProductModel->getProducts(NULL)
#6 C:\laragon\www\pharmacy-project\system\CodeIgniter.php(933): App\Controllers\PosController->index()
#7 C:\laragon\www\pharmacy-project\system\CodeIgniter.php(507): CodeIgniter\CodeIgniter->runController(Object(App\Controllers\PosController))
#8 C:\laragon\www\pharmacy-project\system\CodeIgniter.php(354): CodeIgniter\CodeIgniter->handleRequest(NULL, Object(Config\Cache), false)
#9 C:\laragon\www\pharmacy-project\system\Boot.php(363): CodeIgniter\CodeIgniter->run()
#10 C:\laragon\www\pharmacy-project\system\Boot.php(68): CodeIgniter\Boot::runCodeIgniter(Object(CodeIgniter\CodeIgniter))
#11 C:\laragon\www\pharmacy-project\index.php(59): CodeIgniter\Boot::bootWeb(Object(Config\Paths))
#12 {main}
CRITICAL - 2026-08-15 06:28:41 --> CodeIgniter\Database\Exceptions\DatabaseException: Unknown column 'pos.selling_price' in 'field list'
[Method: GET, Route: pos]
in SYSTEMPATH\Database\BaseConnection.php on line 684.
 1 SYSTEMPATH\Database\BaseBuilder.php(1649): CodeIgniter\Database\BaseConnection->query('SELECT p.product_id,
        p.product_name,
        p.product_image,
        p.barcode,
        p.alert_quantity,

        pc.category_name,

        /* =========================================
           PURCHASE PRICE
           Opening stock first
           Latest purchase as fallback
        ========================================= */

        COALESCE(
            NULLIF(pos.purchase_price_without_vat, 0),
            NULLIF(lp.base_price_per_unit, 0),
            0
        ) AS purchase_price_without_vat,

        COALESCE(
            NULLIF(pos.purchase_price_with_vat, 0),
            NULLIF(lp.purchase_price, 0),
            0
        ) AS purchase_price_with_vat,


        /* =========================================
           TAX TYPE
        ========================================= */

        COALESCE(
            NULLIF(pos.tax_type, \'\'),
            CASE
                WHEN COALESCE(lp.tax_percentage, 0) > 0
                THEN \'with_tax\'
                ELSE \'without_tax\'
            END,
            \'without_tax\'
        ) AS tax_type,


        /* =========================================
           TAX ID
        ========================================= */

        COALESCE(
            pos.tax_id,
            lp.tax_id
        ) AS tax_id,


        /* =========================================
           TAX PERCENTAGE
        ========================================= */

        COALESCE(
            pos.tax_percentage,
            lp.tax_percentage,
            0
        ) AS tax_percentage,


        /* =========================================
           TAX AMOUNT
        ========================================= */

        COALESCE(
            pos.tax_amount,
            lp.product_wise_vat_amount,
            0
        ) AS tax_amount,


        /* =========================================
           PROFIT MARGIN
        ========================================= */

        COALESCE(

            NULLIF(
                pos.profit_margin_percent,
                0
            ),

            CASE
                WHEN COALESCE(lp.purchase_price, 0) > 0
                THEN
                    (
                        (
                            COALESCE(
                                lp.selling_price,
                                0
                            )
                            -
                            lp.purchase_price
                        )
                        /
                        lp.purchase_price
                    ) * 100
                ELSE 0
            END,

            0

        ) AS profit_margin_percent,


        /* =========================================
           SELLING PRICE
           
           Opening Stock:
           pos.selling_price

           Latest Purchase:
           lp.selling_price
        ========================================= */

        COALESCE(
            NULLIF(pos.selling_price, 0),
            NULLIF(lp.selling_price, 0),
            0
        ) AS selling_price,


        /* =========================================
           SELLING UNIT PRICE
           
           IMPORTANT:

           Both tables now contain:
           
           selling_unit_price

           Therefore NO calculation is required.

           Priority:
           1. Opening Stock
           2. Latest Purchase
           3. 0
        ========================================= */

        COALESCE(
            NULLIF(pos.selling_unit_price, 0),
            NULLIF(lp.selling_unit_price, 0),
            0
        ) AS selling_unit_price,


        /* =========================================
           QUANTITY PER PACK
        ========================================= */

        COALESCE(
            NULLIF(lp.quantity_per_pack, 0),
            1
        ) AS quantity_per_pack,


        /* =========================================
           BOX QUANTITY
        ========================================= */

        COALESCE(
            NULLIF(lp.box_quantity, 0),
            1
        ) AS box_quantity,


        /* =========================================
           CURRENT STOCK
        ========================================= */

        COALESCE(
            sl.total_stock,
            0
        ) AS total_stock
FROM `products` `p`
LEFT JOIN `product_category` `pc` ON `pc`.`product_category_id` = `p`.`product_category`
LEFT JOIN (
            SELECT
                os.*

            FROM product_opening_stock os

            INNER JOIN (
                SELECT
                    product_id,
                    MAX(opening_stock_id)
                        AS latest_opening_stock_id

                FROM product_opening_stock

                WHERE status = "active"

                GROUP BY product_id

            ) x

                ON x.latest_opening_stock_id =
                   os.opening_stock_id

        ) pos ON pos.product_id = p.product_id
LEFT JOIN (
            SELECT
                ppd.*

            FROM product_purchase_details ppd

            INNER JOIN (
                SELECT
                    ppd2.product_id,

                    MAX(
                        ppd2.purchase_details_id
                    ) AS latest_purchase_details_id

                FROM product_purchase_details ppd2

                INNER JOIN product_purchase pp2

                    ON pp2.purchase_id =
                       ppd2.purchase_id

                WHERE pp2.status = "active"

                GROUP BY ppd2.product_id

            ) latest

                ON latest.latest_purchase_details_id =
                   ppd.purchase_details_id

        ) lp ON lp.product_id = p.product_id
LEFT JOIN (
            SELECT
                product_id,

                SUM(
                    COALESCE(qty_in, 0)
                    -
                    COALESCE(qty_out, 0)
                ) AS total_stock

            FROM stock_ledger

            GROUP BY product_id

        ) sl ON sl.product_id = p.product_id
WHERE `p`.`status` = :p.status:
ORDER BY `p`.`product_name` ASC', [...], false)
 2 APPPATH\Models\ProductModel.php(394): CodeIgniter\Database\BaseBuilder->get()
 3 APPPATH\Controllers\PosController.php(45): App\Models\ProductModel->getProducts(null)
 4 SYSTEMPATH\CodeIgniter.php(933): App\Controllers\PosController->index()
 5 SYSTEMPATH\CodeIgniter.php(507): CodeIgniter\CodeIgniter->runController(Object(App\Controllers\PosController))
 6 SYSTEMPATH\CodeIgniter.php(354): CodeIgniter\CodeIgniter->handleRequest(null, Object(Config\Cache), false)
 7 SYSTEMPATH\Boot.php(363): CodeIgniter\CodeIgniter->run()
 8 SYSTEMPATH\Boot.php(68): CodeIgniter\Boot::runCodeIgniter(Object(CodeIgniter\CodeIgniter))
 9 FCPATH\index.php(59): CodeIgniter\Boot::bootWeb(Object(Config\Paths))
CRITICAL - 2026-08-15 06:28:41 --> [Caused by] CodeIgniter\Database\Exceptions\DatabaseException: Unknown column 'pos.selling_price' in 'field list'
in SYSTEMPATH\Database\MySQLi\Connection.php on line 332.
 1 SYSTEMPATH\Database\BaseConnection.php(729): CodeIgniter\Database\MySQLi\Connection->execute('SELECT p.product_id,
        p.product_name,
        p.product_image,
        p.barcode,
        p.alert_quantity,

        pc.category_name,

        /* =========================================
           PURCHASE PRICE
           Opening stock first
           Latest purchase as fallback
        ========================================= */

        COALESCE(
            NULLIF(pos.purchase_price_without_vat, 0),
            NULLIF(lp.base_price_per_unit, 0),
            0
        ) AS purchase_price_without_vat,

        COALESCE(
            NULLIF(pos.purchase_price_with_vat, 0),
            NULLIF(lp.purchase_price, 0),
            0
        ) AS purchase_price_with_vat,


        /* =========================================
           TAX TYPE
        ========================================= */

        COALESCE(
            NULLIF(pos.tax_type, \'\'),
            CASE
                WHEN COALESCE(lp.tax_percentage, 0) > 0
                THEN \'with_tax\'
                ELSE \'without_tax\'
            END,
            \'without_tax\'
        ) AS tax_type,


        /* =========================================
           TAX ID
        ========================================= */

        COALESCE(
            pos.tax_id,
            lp.tax_id
        ) AS tax_id,


        /* =========================================
           TAX PERCENTAGE
        ========================================= */

        COALESCE(
            pos.tax_percentage,
            lp.tax_percentage,
            0
        ) AS tax_percentage,


        /* =========================================
           TAX AMOUNT
        ========================================= */

        COALESCE(
            pos.tax_amount,
            lp.product_wise_vat_amount,
            0
        ) AS tax_amount,


        /* =========================================
           PROFIT MARGIN
        ========================================= */

        COALESCE(

            NULLIF(
                pos.profit_margin_percent,
                0
            ),

            CASE
                WHEN COALESCE(lp.purchase_price, 0) > 0
                THEN
                    (
                        (
                            COALESCE(
                                lp.selling_price,
                                0
                            )
                            -
                            lp.purchase_price
                        )
                        /
                        lp.purchase_price
                    ) * 100
                ELSE 0
            END,

            0

        ) AS profit_margin_percent,


        /* =========================================
           SELLING PRICE
           
           Opening Stock:
           pos.selling_price

           Latest Purchase:
           lp.selling_price
        ========================================= */

        COALESCE(
            NULLIF(pos.selling_price, 0),
            NULLIF(lp.selling_price, 0),
            0
        ) AS selling_price,


        /* =========================================
           SELLING UNIT PRICE
           
           IMPORTANT:

           Both tables now contain:
           
           selling_unit_price

           Therefore NO calculation is required.

           Priority:
           1. Opening Stock
           2. Latest Purchase
           3. 0
        ========================================= */

        COALESCE(
            NULLIF(pos.selling_unit_price, 0),
            NULLIF(lp.selling_unit_price, 0),
            0
        ) AS selling_unit_price,


        /* =========================================
           QUANTITY PER PACK
        ========================================= */

        COALESCE(
            NULLIF(lp.quantity_per_pack, 0),
            1
        ) AS quantity_per_pack,


        /* =========================================
           BOX QUANTITY
        ========================================= */

        COALESCE(
            NULLIF(lp.box_quantity, 0),
            1
        ) AS box_quantity,


        /* =========================================
           CURRENT STOCK
        ========================================= */

        COALESCE(
            sl.total_stock,
            0
        ) AS total_stock
FROM `products` `p`
LEFT JOIN `product_category` `pc` ON `pc`.`product_category_id` = `p`.`product_category`
LEFT JOIN (
            SELECT
                os.*

            FROM product_opening_stock os

            INNER JOIN (
                SELECT
                    product_id,
                    MAX(opening_stock_id)
                        AS latest_opening_stock_id

                FROM product_opening_stock

                WHERE status = "active"

                GROUP BY product_id

            ) x

                ON x.latest_opening_stock_id =
                   os.opening_stock_id

        ) pos ON pos.product_id = p.product_id
LEFT JOIN (
            SELECT
                ppd.*

            FROM product_purchase_details ppd

            INNER JOIN (
                SELECT
                    ppd2.product_id,

                    MAX(
                        ppd2.purchase_details_id
                    ) AS latest_purchase_details_id

                FROM product_purchase_details ppd2

                INNER JOIN product_purchase pp2

                    ON pp2.purchase_id =
                       ppd2.purchase_id

                WHERE pp2.status = "active"

                GROUP BY ppd2.product_id

            ) latest

                ON latest.latest_purchase_details_id =
                   ppd.purchase_details_id

        ) lp ON lp.product_id = p.product_id
LEFT JOIN (
            SELECT
                product_id,

                SUM(
                    COALESCE(qty_in, 0)
                    -
                    COALESCE(qty_out, 0)
                ) AS total_stock

            FROM stock_ledger

            GROUP BY product_id

        ) sl ON sl.product_id = p.product_id
WHERE `p`.`status` = \'active\'
ORDER BY `p`.`product_name` ASC')
 2 SYSTEMPATH\Database\BaseConnection.php(646): CodeIgniter\Database\BaseConnection->simpleQuery('SELECT p.product_id,
        p.product_name,
        p.product_image,
        p.barcode,
        p.alert_quantity,

        pc.category_name,

        /* =========================================
           PURCHASE PRICE
           Opening stock first
           Latest purchase as fallback
        ========================================= */

        COALESCE(
            NULLIF(pos.purchase_price_without_vat, 0),
            NULLIF(lp.base_price_per_unit, 0),
            0
        ) AS purchase_price_without_vat,

        COALESCE(
            NULLIF(pos.purchase_price_with_vat, 0),
            NULLIF(lp.purchase_price, 0),
            0
        ) AS purchase_price_with_vat,


        /* =========================================
           TAX TYPE
        ========================================= */

        COALESCE(
            NULLIF(pos.tax_type, \'\'),
            CASE
                WHEN COALESCE(lp.tax_percentage, 0) > 0
                THEN \'with_tax\'
                ELSE \'without_tax\'
            END,
            \'without_tax\'
        ) AS tax_type,


        /* =========================================
           TAX ID
        ========================================= */

        COALESCE(
            pos.tax_id,
            lp.tax_id
        ) AS tax_id,


        /* =========================================
           TAX PERCENTAGE
        ========================================= */

        COALESCE(
            pos.tax_percentage,
            lp.tax_percentage,
            0
        ) AS tax_percentage,


        /* =========================================
           TAX AMOUNT
        ========================================= */

        COALESCE(
            pos.tax_amount,
            lp.product_wise_vat_amount,
            0
        ) AS tax_amount,


        /* =========================================
           PROFIT MARGIN
        ========================================= */

        COALESCE(

            NULLIF(
                pos.profit_margin_percent,
                0
            ),

            CASE
                WHEN COALESCE(lp.purchase_price, 0) > 0
                THEN
                    (
                        (
                            COALESCE(
                                lp.selling_price,
                                0
                            )
                            -
                            lp.purchase_price
                        )
                        /
                        lp.purchase_price
                    ) * 100
                ELSE 0
            END,

            0

        ) AS profit_margin_percent,


        /* =========================================
           SELLING PRICE
           
           Opening Stock:
           pos.selling_price

           Latest Purchase:
           lp.selling_price
        ========================================= */

        COALESCE(
            NULLIF(pos.selling_price, 0),
            NULLIF(lp.selling_price, 0),
            0
        ) AS selling_price,


        /* =========================================
           SELLING UNIT PRICE
           
           IMPORTANT:

           Both tables now contain:
           
           selling_unit_price

           Therefore NO calculation is required.

           Priority:
           1. Opening Stock
           2. Latest Purchase
           3. 0
        ========================================= */

        COALESCE(
            NULLIF(pos.selling_unit_price, 0),
            NULLIF(lp.selling_unit_price, 0),
            0
        ) AS selling_unit_price,


        /* =========================================
           QUANTITY PER PACK
        ========================================= */

        COALESCE(
            NULLIF(lp.quantity_per_pack, 0),
            1
        ) AS quantity_per_pack,


        /* =========================================
           BOX QUANTITY
        ========================================= */

        COALESCE(
            NULLIF(lp.box_quantity, 0),
            1
        ) AS box_quantity,


        /* =========================================
           CURRENT STOCK
        ========================================= */

        COALESCE(
            sl.total_stock,
            0
        ) AS total_stock
FROM `products` `p`
LEFT JOIN `product_category` `pc` ON `pc`.`product_category_id` = `p`.`product_category`
LEFT JOIN (
            SELECT
                os.*

            FROM product_opening_stock os

            INNER JOIN (
                SELECT
                    product_id,
                    MAX(opening_stock_id)
                        AS latest_opening_stock_id

                FROM product_opening_stock

                WHERE status = "active"

                GROUP BY product_id

            ) x

                ON x.latest_opening_stock_id =
                   os.opening_stock_id

        ) pos ON pos.product_id = p.product_id
LEFT JOIN (
            SELECT
                ppd.*

            FROM product_purchase_details ppd

            INNER JOIN (
                SELECT
                    ppd2.product_id,

                    MAX(
                        ppd2.purchase_details_id
                    ) AS latest_purchase_details_id

                FROM product_purchase_details ppd2

                INNER JOIN product_purchase pp2

                    ON pp2.purchase_id =
                       ppd2.purchase_id

                WHERE pp2.status = "active"

                GROUP BY ppd2.product_id

            ) latest

                ON latest.latest_purchase_details_id =
                   ppd.purchase_details_id

        ) lp ON lp.product_id = p.product_id
LEFT JOIN (
            SELECT
                product_id,

                SUM(
                    COALESCE(qty_in, 0)
                    -
                    COALESCE(qty_out, 0)
                ) AS total_stock

            FROM stock_ledger

            GROUP BY product_id

        ) sl ON sl.product_id = p.product_id
WHERE `p`.`status` = \'active\'
ORDER BY `p`.`product_name` ASC')
 3 SYSTEMPATH\Database\BaseBuilder.php(1649): CodeIgniter\Database\BaseConnection->query('SELECT p.product_id,
        p.product_name,
        p.product_image,
        p.barcode,
        p.alert_quantity,

        pc.category_name,

        /* =========================================
           PURCHASE PRICE
           Opening stock first
           Latest purchase as fallback
        ========================================= */

        COALESCE(
            NULLIF(pos.purchase_price_without_vat, 0),
            NULLIF(lp.base_price_per_unit, 0),
            0
        ) AS purchase_price_without_vat,

        COALESCE(
            NULLIF(pos.purchase_price_with_vat, 0),
            NULLIF(lp.purchase_price, 0),
            0
        ) AS purchase_price_with_vat,


        /* =========================================
           TAX TYPE
        ========================================= */

        COALESCE(
            NULLIF(pos.tax_type, \'\'),
            CASE
                WHEN COALESCE(lp.tax_percentage, 0) > 0
                THEN \'with_tax\'
                ELSE \'without_tax\'
            END,
            \'without_tax\'
        ) AS tax_type,


        /* =========================================
           TAX ID
        ========================================= */

        COALESCE(
            pos.tax_id,
            lp.tax_id
        ) AS tax_id,


        /* =========================================
           TAX PERCENTAGE
        ========================================= */

        COALESCE(
            pos.tax_percentage,
            lp.tax_percentage,
            0
        ) AS tax_percentage,


        /* =========================================
           TAX AMOUNT
        ========================================= */

        COALESCE(
            pos.tax_amount,
            lp.product_wise_vat_amount,
            0
        ) AS tax_amount,


        /* =========================================
           PROFIT MARGIN
        ========================================= */

        COALESCE(

            NULLIF(
                pos.profit_margin_percent,
                0
            ),

            CASE
                WHEN COALESCE(lp.purchase_price, 0) > 0
                THEN
                    (
                        (
                            COALESCE(
                                lp.selling_price,
                                0
                            )
                            -
                            lp.purchase_price
                        )
                        /
                        lp.purchase_price
                    ) * 100
                ELSE 0
            END,

            0

        ) AS profit_margin_percent,


        /* =========================================
           SELLING PRICE
           
           Opening Stock:
           pos.selling_price

           Latest Purchase:
           lp.selling_price
        ========================================= */

        COALESCE(
            NULLIF(pos.selling_price, 0),
            NULLIF(lp.selling_price, 0),
            0
        ) AS selling_price,


        /* =========================================
           SELLING UNIT PRICE
           
           IMPORTANT:

           Both tables now contain:
           
           selling_unit_price

           Therefore NO calculation is required.

           Priority:
           1. Opening Stock
           2. Latest Purchase
           3. 0
        ========================================= */

        COALESCE(
            NULLIF(pos.selling_unit_price, 0),
            NULLIF(lp.selling_unit_price, 0),
            0
        ) AS selling_unit_price,


        /* =========================================
           QUANTITY PER PACK
        ========================================= */

        COALESCE(
            NULLIF(lp.quantity_per_pack, 0),
            1
        ) AS quantity_per_pack,


        /* =========================================
           BOX QUANTITY
        ========================================= */

        COALESCE(
            NULLIF(lp.box_quantity, 0),
            1
        ) AS box_quantity,


        /* =========================================
           CURRENT STOCK
        ========================================= */

        COALESCE(
            sl.total_stock,
            0
        ) AS total_stock
FROM `products` `p`
LEFT JOIN `product_category` `pc` ON `pc`.`product_category_id` = `p`.`product_category`
LEFT JOIN (
            SELECT
                os.*

            FROM product_opening_stock os

            INNER JOIN (
                SELECT
                    product_id,
                    MAX(opening_stock_id)
                        AS latest_opening_stock_id

                FROM product_opening_stock

                WHERE status = "active"

                GROUP BY product_id

            ) x

                ON x.latest_opening_stock_id =
                   os.opening_stock_id

        ) pos ON pos.product_id = p.product_id
LEFT JOIN (
            SELECT
                ppd.*

            FROM product_purchase_details ppd

            INNER JOIN (
                SELECT
                    ppd2.product_id,

                    MAX(
                        ppd2.purchase_details_id
                    ) AS latest_purchase_details_id

                FROM product_purchase_details ppd2

                INNER JOIN product_purchase pp2

                    ON pp2.purchase_id =
                       ppd2.purchase_id

                WHERE pp2.status = "active"

                GROUP BY ppd2.product_id

            ) latest

                ON latest.latest_purchase_details_id =
                   ppd.purchase_details_id

        ) lp ON lp.product_id = p.product_id
LEFT JOIN (
            SELECT
                product_id,

                SUM(
                    COALESCE(qty_in, 0)
                    -
                    COALESCE(qty_out, 0)
                ) AS total_stock

            FROM stock_ledger

            GROUP BY product_id

        ) sl ON sl.product_id = p.product_id
WHERE `p`.`status` = :p.status:
ORDER BY `p`.`product_name` ASC', [...], false)
 4 APPPATH\Models\ProductModel.php(394): CodeIgniter\Database\BaseBuilder->get()
 5 APPPATH\Controllers\PosController.php(45): App\Models\ProductModel->getProducts(null)
 6 SYSTEMPATH\CodeIgniter.php(933): App\Controllers\PosController->index()
 7 SYSTEMPATH\CodeIgniter.php(507): CodeIgniter\CodeIgniter->runController(Object(App\Controllers\PosController))
 8 SYSTEMPATH\CodeIgniter.php(354): CodeIgniter\CodeIgniter->handleRequest(null, Object(Config\Cache), false)
 9 SYSTEMPATH\Boot.php(363): CodeIgniter\CodeIgniter->run()
10 SYSTEMPATH\Boot.php(68): CodeIgniter\Boot::runCodeIgniter(Object(CodeIgniter\CodeIgniter))
11 FCPATH\index.php(59): CodeIgniter\Boot::bootWeb(Object(Config\Paths))
CRITICAL - 2026-08-15 06:28:41 --> [Caused by] mysqli_sql_exception: Unknown column 'pos.selling_price' in 'field list'
in SYSTEMPATH\Database\MySQLi\Connection.php on line 327.
 1 SYSTEMPATH\Database\MySQLi\Connection.php(327): mysqli->query('SELECT p.product_id,
        p.product_name,
        p.product_image,
        p.barcode,
        p.alert_quantity,

        pc.category_name,

        /* =========================================
           PURCHASE PRICE
           Opening stock first
           Latest purchase as fallback
        ========================================= */

        COALESCE(
            NULLIF(pos.purchase_price_without_vat, 0),
            NULLIF(lp.base_price_per_unit, 0),
            0
        ) AS purchase_price_without_vat,

        COALESCE(
            NULLIF(pos.purchase_price_with_vat, 0),
            NULLIF(lp.purchase_price, 0),
            0
        ) AS purchase_price_with_vat,


        /* =========================================
           TAX TYPE
        ========================================= */

        COALESCE(
            NULLIF(pos.tax_type, \'\'),
            CASE
                WHEN COALESCE(lp.tax_percentage, 0) > 0
                THEN \'with_tax\'
                ELSE \'without_tax\'
            END,
            \'without_tax\'
        ) AS tax_type,


        /* =========================================
           TAX ID
        ========================================= */

        COALESCE(
            pos.tax_id,
            lp.tax_id
        ) AS tax_id,


        /* =========================================
           TAX PERCENTAGE
        ========================================= */

        COALESCE(
            pos.tax_percentage,
            lp.tax_percentage,
            0
        ) AS tax_percentage,


        /* =========================================
           TAX AMOUNT
        ========================================= */

        COALESCE(
            pos.tax_amount,
            lp.product_wise_vat_amount,
            0
        ) AS tax_amount,


        /* =========================================
           PROFIT MARGIN
        ========================================= */

        COALESCE(

            NULLIF(
                pos.profit_margin_percent,
                0
            ),

            CASE
                WHEN COALESCE(lp.purchase_price, 0) > 0
                THEN
                    (
                        (
                            COALESCE(
                                lp.selling_price,
                                0
                            )
                            -
                            lp.purchase_price
                        )
                        /
                        lp.purchase_price
                    ) * 100
                ELSE 0
            END,

            0

        ) AS profit_margin_percent,


        /* =========================================
           SELLING PRICE
           
           Opening Stock:
           pos.selling_price

           Latest Purchase:
           lp.selling_price
        ========================================= */

        COALESCE(
            NULLIF(pos.selling_price, 0),
            NULLIF(lp.selling_price, 0),
            0
        ) AS selling_price,


        /* =========================================
           SELLING UNIT PRICE
           
           IMPORTANT:

           Both tables now contain:
           
           selling_unit_price

           Therefore NO calculation is required.

           Priority:
           1. Opening Stock
           2. Latest Purchase
           3. 0
        ========================================= */

        COALESCE(
            NULLIF(pos.selling_unit_price, 0),
            NULLIF(lp.selling_unit_price, 0),
            0
        ) AS selling_unit_price,


        /* =========================================
           QUANTITY PER PACK
        ========================================= */

        COALESCE(
            NULLIF(lp.quantity_per_pack, 0),
            1
        ) AS quantity_per_pack,


        /* =========================================
           BOX QUANTITY
        ========================================= */

        COALESCE(
            NULLIF(lp.box_quantity, 0),
            1
        ) AS box_quantity,


        /* =========================================
           CURRENT STOCK
        ========================================= */

        COALESCE(
            sl.total_stock,
            0
        ) AS total_stock
FROM `products` `p`
LEFT JOIN `product_category` `pc` ON `pc`.`product_category_id` = `p`.`product_category`
LEFT JOIN (
            SELECT
                os.*

            FROM product_opening_stock os

            INNER JOIN (
                SELECT
                    product_id,
                    MAX(opening_stock_id)
                        AS latest_opening_stock_id

                FROM product_opening_stock

                WHERE status = "active"

                GROUP BY product_id

            ) x

                ON x.latest_opening_stock_id =
                   os.opening_stock_id

        ) pos ON pos.product_id = p.product_id
LEFT JOIN (
            SELECT
                ppd.*

            FROM product_purchase_details ppd

            INNER JOIN (
                SELECT
                    ppd2.product_id,

                    MAX(
                        ppd2.purchase_details_id
                    ) AS latest_purchase_details_id

                FROM product_purchase_details ppd2

                INNER JOIN product_purchase pp2

                    ON pp2.purchase_id =
                       ppd2.purchase_id

                WHERE pp2.status = "active"

                GROUP BY ppd2.product_id

            ) latest

                ON latest.latest_purchase_details_id =
                   ppd.purchase_details_id

        ) lp ON lp.product_id = p.product_id
LEFT JOIN (
            SELECT
                product_id,

                SUM(
                    COALESCE(qty_in, 0)
                    -
                    COALESCE(qty_out, 0)
                ) AS total_stock

            FROM stock_ledger

            GROUP BY product_id

        ) sl ON sl.product_id = p.product_id
WHERE `p`.`status` = \'active\'
ORDER BY `p`.`product_name` ASC', 0)
 2 SYSTEMPATH\Database\BaseConnection.php(729): CodeIgniter\Database\MySQLi\Connection->execute('SELECT p.product_id,
        p.product_name,
        p.product_image,
        p.barcode,
        p.alert_quantity,

        pc.category_name,

        /* =========================================
           PURCHASE PRICE
           Opening stock first
           Latest purchase as fallback
        ========================================= */

        COALESCE(
            NULLIF(pos.purchase_price_without_vat, 0),
            NULLIF(lp.base_price_per_unit, 0),
            0
        ) AS purchase_price_without_vat,

        COALESCE(
            NULLIF(pos.purchase_price_with_vat, 0),
            NULLIF(lp.purchase_price, 0),
            0
        ) AS purchase_price_with_vat,


        /* =========================================
           TAX TYPE
        ========================================= */

        COALESCE(
            NULLIF(pos.tax_type, \'\'),
            CASE
                WHEN COALESCE(lp.tax_percentage, 0) > 0
                THEN \'with_tax\'
                ELSE \'without_tax\'
            END,
            \'without_tax\'
        ) AS tax_type,


        /* =========================================
           TAX ID
        ========================================= */

        COALESCE(
            pos.tax_id,
            lp.tax_id
        ) AS tax_id,


        /* =========================================
           TAX PERCENTAGE
        ========================================= */

        COALESCE(
            pos.tax_percentage,
            lp.tax_percentage,
            0
        ) AS tax_percentage,


        /* =========================================
           TAX AMOUNT
        ========================================= */

        COALESCE(
            pos.tax_amount,
            lp.product_wise_vat_amount,
            0
        ) AS tax_amount,


        /* =========================================
           PROFIT MARGIN
        ========================================= */

        COALESCE(

            NULLIF(
                pos.profit_margin_percent,
                0
            ),

            CASE
                WHEN COALESCE(lp.purchase_price, 0) > 0
                THEN
                    (
                        (
                            COALESCE(
                                lp.selling_price,
                                0
                            )
                            -
                            lp.purchase_price
                        )
                        /
                        lp.purchase_price
                    ) * 100
                ELSE 0
            END,

            0

        ) AS profit_margin_percent,


        /* =========================================
           SELLING PRICE
           
           Opening Stock:
           pos.selling_price

           Latest Purchase:
           lp.selling_price
        ========================================= */

        COALESCE(
            NULLIF(pos.selling_price, 0),
            NULLIF(lp.selling_price, 0),
            0
        ) AS selling_price,


        /* =========================================
           SELLING UNIT PRICE
           
           IMPORTANT:

           Both tables now contain:
           
           selling_unit_price

           Therefore NO calculation is required.

           Priority:
           1. Opening Stock
           2. Latest Purchase
           3. 0
        ========================================= */

        COALESCE(
            NULLIF(pos.selling_unit_price, 0),
            NULLIF(lp.selling_unit_price, 0),
            0
        ) AS selling_unit_price,


        /* =========================================
           QUANTITY PER PACK
        ========================================= */

        COALESCE(
            NULLIF(lp.quantity_per_pack, 0),
            1
        ) AS quantity_per_pack,


        /* =========================================
           BOX QUANTITY
        ========================================= */

        COALESCE(
            NULLIF(lp.box_quantity, 0),
            1
        ) AS box_quantity,


        /* =========================================
           CURRENT STOCK
        ========================================= */

        COALESCE(
            sl.total_stock,
            0
        ) AS total_stock
FROM `products` `p`
LEFT JOIN `product_category` `pc` ON `pc`.`product_category_id` = `p`.`product_category`
LEFT JOIN (
            SELECT
                os.*

            FROM product_opening_stock os

            INNER JOIN (
                SELECT
                    product_id,
                    MAX(opening_stock_id)
                        AS latest_opening_stock_id

                FROM product_opening_stock

                WHERE status = "active"

                GROUP BY product_id

            ) x

                ON x.latest_opening_stock_id =
                   os.opening_stock_id

        ) pos ON pos.product_id = p.product_id
LEFT JOIN (
            SELECT
                ppd.*

            FROM product_purchase_details ppd

            INNER JOIN (
                SELECT
                    ppd2.product_id,

                    MAX(
                        ppd2.purchase_details_id
                    ) AS latest_purchase_details_id

                FROM product_purchase_details ppd2

                INNER JOIN product_purchase pp2

                    ON pp2.purchase_id =
                       ppd2.purchase_id

                WHERE pp2.status = "active"

                GROUP BY ppd2.product_id

            ) latest

                ON latest.latest_purchase_details_id =
                   ppd.purchase_details_id

        ) lp ON lp.product_id = p.product_id
LEFT JOIN (
            SELECT
                product_id,

                SUM(
                    COALESCE(qty_in, 0)
                    -
                    COALESCE(qty_out, 0)
                ) AS total_stock

            FROM stock_ledger

            GROUP BY product_id

        ) sl ON sl.product_id = p.product_id
WHERE `p`.`status` = \'active\'
ORDER BY `p`.`product_name` ASC')
 3 SYSTEMPATH\Database\BaseConnection.php(646): CodeIgniter\Database\BaseConnection->simpleQuery('SELECT p.product_id,
        p.product_name,
        p.product_image,
        p.barcode,
        p.alert_quantity,

        pc.category_name,

        /* =========================================
           PURCHASE PRICE
           Opening stock first
           Latest purchase as fallback
        ========================================= */

        COALESCE(
            NULLIF(pos.purchase_price_without_vat, 0),
            NULLIF(lp.base_price_per_unit, 0),
            0
        ) AS purchase_price_without_vat,

        COALESCE(
            NULLIF(pos.purchase_price_with_vat, 0),
            NULLIF(lp.purchase_price, 0),
            0
        ) AS purchase_price_with_vat,


        /* =========================================
           TAX TYPE
        ========================================= */

        COALESCE(
            NULLIF(pos.tax_type, \'\'),
            CASE
                WHEN COALESCE(lp.tax_percentage, 0) > 0
                THEN \'with_tax\'
                ELSE \'without_tax\'
            END,
            \'without_tax\'
        ) AS tax_type,


        /* =========================================
           TAX ID
        ========================================= */

        COALESCE(
            pos.tax_id,
            lp.tax_id
        ) AS tax_id,


        /* =========================================
           TAX PERCENTAGE
        ========================================= */

        COALESCE(
            pos.tax_percentage,
            lp.tax_percentage,
            0
        ) AS tax_percentage,


        /* =========================================
           TAX AMOUNT
        ========================================= */

        COALESCE(
            pos.tax_amount,
            lp.product_wise_vat_amount,
            0
        ) AS tax_amount,


        /* =========================================
           PROFIT MARGIN
        ========================================= */

        COALESCE(

            NULLIF(
                pos.profit_margin_percent,
                0
            ),

            CASE
                WHEN COALESCE(lp.purchase_price, 0) > 0
                THEN
                    (
                        (
                            COALESCE(
                                lp.selling_price,
                                0
                            )
                            -
                            lp.purchase_price
                        )
                        /
                        lp.purchase_price
                    ) * 100
                ELSE 0
            END,

            0

        ) AS profit_margin_percent,


        /* =========================================
           SELLING PRICE
           
           Opening Stock:
           pos.selling_price

           Latest Purchase:
           lp.selling_price
        ========================================= */

        COALESCE(
            NULLIF(pos.selling_price, 0),
            NULLIF(lp.selling_price, 0),
            0
        ) AS selling_price,


        /* =========================================
           SELLING UNIT PRICE
           
           IMPORTANT:

           Both tables now contain:
           
           selling_unit_price

           Therefore NO calculation is required.

           Priority:
           1. Opening Stock
           2. Latest Purchase
           3. 0
        ========================================= */

        COALESCE(
            NULLIF(pos.selling_unit_price, 0),
            NULLIF(lp.selling_unit_price, 0),
            0
        ) AS selling_unit_price,


        /* =========================================
           QUANTITY PER PACK
        ========================================= */

        COALESCE(
            NULLIF(lp.quantity_per_pack, 0),
            1
        ) AS quantity_per_pack,


        /* =========================================
           BOX QUANTITY
        ========================================= */

        COALESCE(
            NULLIF(lp.box_quantity, 0),
            1
        ) AS box_quantity,


        /* =========================================
           CURRENT STOCK
        ========================================= */

        COALESCE(
            sl.total_stock,
            0
        ) AS total_stock
FROM `products` `p`
LEFT JOIN `product_category` `pc` ON `pc`.`product_category_id` = `p`.`product_category`
LEFT JOIN (
            SELECT
                os.*

            FROM product_opening_stock os

            INNER JOIN (
                SELECT
                    product_id,
                    MAX(opening_stock_id)
                        AS latest_opening_stock_id

                FROM product_opening_stock

                WHERE status = "active"

                GROUP BY product_id

            ) x

                ON x.latest_opening_stock_id =
                   os.opening_stock_id

        ) pos ON pos.product_id = p.product_id
LEFT JOIN (
            SELECT
                ppd.*

            FROM product_purchase_details ppd

            INNER JOIN (
                SELECT
                    ppd2.product_id,

                    MAX(
                        ppd2.purchase_details_id
                    ) AS latest_purchase_details_id

                FROM product_purchase_details ppd2

                INNER JOIN product_purchase pp2

                    ON pp2.purchase_id =
                       ppd2.purchase_id

                WHERE pp2.status = "active"

                GROUP BY ppd2.product_id

            ) latest

                ON latest.latest_purchase_details_id =
                   ppd.purchase_details_id

        ) lp ON lp.product_id = p.product_id
LEFT JOIN (
            SELECT
                product_id,

                SUM(
                    COALESCE(qty_in, 0)
                    -
                    COALESCE(qty_out, 0)
                ) AS total_stock

            FROM stock_ledger

            GROUP BY product_id

        ) sl ON sl.product_id = p.product_id
WHERE `p`.`status` = \'active\'
ORDER BY `p`.`product_name` ASC')
 4 SYSTEMPATH\Database\BaseBuilder.php(1649): CodeIgniter\Database\BaseConnection->query('SELECT p.product_id,
        p.product_name,
        p.product_image,
        p.barcode,
        p.alert_quantity,

        pc.category_name,

        /* =========================================
           PURCHASE PRICE
           Opening stock first
           Latest purchase as fallback
        ========================================= */

        COALESCE(
            NULLIF(pos.purchase_price_without_vat, 0),
            NULLIF(lp.base_price_per_unit, 0),
            0
        ) AS purchase_price_without_vat,

        COALESCE(
            NULLIF(pos.purchase_price_with_vat, 0),
            NULLIF(lp.purchase_price, 0),
            0
        ) AS purchase_price_with_vat,


        /* =========================================
           TAX TYPE
        ========================================= */

        COALESCE(
            NULLIF(pos.tax_type, \'\'),
            CASE
                WHEN COALESCE(lp.tax_percentage, 0) > 0
                THEN \'with_tax\'
                ELSE \'without_tax\'
            END,
            \'without_tax\'
        ) AS tax_type,


        /* =========================================
           TAX ID
        ========================================= */

        COALESCE(
            pos.tax_id,
            lp.tax_id
        ) AS tax_id,


        /* =========================================
           TAX PERCENTAGE
        ========================================= */

        COALESCE(
            pos.tax_percentage,
            lp.tax_percentage,
            0
        ) AS tax_percentage,


        /* =========================================
           TAX AMOUNT
        ========================================= */

        COALESCE(
            pos.tax_amount,
            lp.product_wise_vat_amount,
            0
        ) AS tax_amount,


        /* =========================================
           PROFIT MARGIN
        ========================================= */

        COALESCE(

            NULLIF(
                pos.profit_margin_percent,
                0
            ),

            CASE
                WHEN COALESCE(lp.purchase_price, 0) > 0
                THEN
                    (
                        (
                            COALESCE(
                                lp.selling_price,
                                0
                            )
                            -
                            lp.purchase_price
                        )
                        /
                        lp.purchase_price
                    ) * 100
                ELSE 0
            END,

            0

        ) AS profit_margin_percent,


        /* =========================================
           SELLING PRICE
           
           Opening Stock:
           pos.selling_price

           Latest Purchase:
           lp.selling_price
        ========================================= */

        COALESCE(
            NULLIF(pos.selling_price, 0),
            NULLIF(lp.selling_price, 0),
            0
        ) AS selling_price,


        /* =========================================
           SELLING UNIT PRICE
           
           IMPORTANT:

           Both tables now contain:
           
           selling_unit_price

           Therefore NO calculation is required.

           Priority:
           1. Opening Stock
           2. Latest Purchase
           3. 0
        ========================================= */

        COALESCE(
            NULLIF(pos.selling_unit_price, 0),
            NULLIF(lp.selling_unit_price, 0),
            0
        ) AS selling_unit_price,


        /* =========================================
           QUANTITY PER PACK
        ========================================= */

        COALESCE(
            NULLIF(lp.quantity_per_pack, 0),
            1
        ) AS quantity_per_pack,


        /* =========================================
           BOX QUANTITY
        ========================================= */

        COALESCE(
            NULLIF(lp.box_quantity, 0),
            1
        ) AS box_quantity,


        /* =========================================
           CURRENT STOCK
        ========================================= */

        COALESCE(
            sl.total_stock,
            0
        ) AS total_stock
FROM `products` `p`
LEFT JOIN `product_category` `pc` ON `pc`.`product_category_id` = `p`.`product_category`
LEFT JOIN (
            SELECT
                os.*

            FROM product_opening_stock os

            INNER JOIN (
                SELECT
                    product_id,
                    MAX(opening_stock_id)
                        AS latest_opening_stock_id

                FROM product_opening_stock

                WHERE status = "active"

                GROUP BY product_id

            ) x

                ON x.latest_opening_stock_id =
                   os.opening_stock_id

        ) pos ON pos.product_id = p.product_id
LEFT JOIN (
            SELECT
                ppd.*

            FROM product_purchase_details ppd

            INNER JOIN (
                SELECT
                    ppd2.product_id,

                    MAX(
                        ppd2.purchase_details_id
                    ) AS latest_purchase_details_id

                FROM product_purchase_details ppd2

                INNER JOIN product_purchase pp2

                    ON pp2.purchase_id =
                       ppd2.purchase_id

                WHERE pp2.status = "active"

                GROUP BY ppd2.product_id

            ) latest

                ON latest.latest_purchase_details_id =
                   ppd.purchase_details_id

        ) lp ON lp.product_id = p.product_id
LEFT JOIN (
            SELECT
                product_id,

                SUM(
                    COALESCE(qty_in, 0)
                    -
                    COALESCE(qty_out, 0)
                ) AS total_stock

            FROM stock_ledger

            GROUP BY product_id

        ) sl ON sl.product_id = p.product_id
WHERE `p`.`status` = :p.status:
ORDER BY `p`.`product_name` ASC', [...], false)
 5 APPPATH\Models\ProductModel.php(394): CodeIgniter\Database\BaseBuilder->get()
 6 APPPATH\Controllers\PosController.php(45): App\Models\ProductModel->getProducts(null)
 7 SYSTEMPATH\CodeIgniter.php(933): App\Controllers\PosController->index()
 8 SYSTEMPATH\CodeIgniter.php(507): CodeIgniter\CodeIgniter->runController(Object(App\Controllers\PosController))
 9 SYSTEMPATH\CodeIgniter.php(354): CodeIgniter\CodeIgniter->handleRequest(null, Object(Config\Cache), false)
10 SYSTEMPATH\Boot.php(363): CodeIgniter\CodeIgniter->run()
11 SYSTEMPATH\Boot.php(68): CodeIgniter\Boot::runCodeIgniter(Object(CodeIgniter\CodeIgniter))
12 FCPATH\index.php(59): CodeIgniter\Boot::bootWeb(Object(Config\Paths))
DEBUG - 2026-08-15 06:31:55 --> Session: Class initialized using 'CodeIgniter\Session\Handlers\FileHandler' driver.
DEBUG - 2026-08-15 06:32:22 --> Session: Class initialized using 'CodeIgniter\Session\Handlers\FileHandler' driver.
DEBUG - 2026-08-15 06:32:23 --> Session: Class initialized using 'CodeIgniter\Session\Handlers\FileHandler' driver.
DEBUG - 2026-08-15 06:32:23 --> Session: Class initialized using 'CodeIgniter\Session\Handlers\FileHandler' driver.
DEBUG - 2026-08-15 06:44:00 --> Session: Class initialized using 'CodeIgniter\Session\Handlers\FileHandler' driver.
DEBUG - 2026-08-15 06:47:30 --> Session: Class initialized using 'CodeIgniter\Session\Handlers\FileHandler' driver.
DEBUG - 2026-08-15 06:47:31 --> Session: Class initialized using 'CodeIgniter\Session\Handlers\FileHandler' driver.
DEBUG - 2026-08-15 06:47:31 --> Session: Class initialized using 'CodeIgniter\Session\Handlers\FileHandler' driver.
DEBUG - 2026-08-15 06:48:03 --> Session: Class initialized using 'CodeIgniter\Session\Handlers\FileHandler' driver.
DEBUG - 2026-08-15 06:48:21 --> Session: Class initialized using 'CodeIgniter\Session\Handlers\FileHandler' driver.
DEBUG - 2026-08-15 06:48:34 --> Session: Class initialized using 'CodeIgniter\Session\Handlers\FileHandler' driver.
DEBUG - 2026-08-15 06:48:47 --> Session: Class initialized using 'CodeIgniter\Session\Handlers\FileHandler' driver.
DEBUG - 2026-08-15 06:52:45 --> Session: Class initialized using 'CodeIgniter\Session\Handlers\FileHandler' driver.
DEBUG - 2026-08-15 06:53:51 --> Session: Class initialized using 'CodeIgniter\Session\Handlers\FileHandler' driver.
DEBUG - 2026-08-15 06:54:51 --> Session: Class initialized using 'CodeIgniter\Session\Handlers\FileHandler' driver.
DEBUG - 2026-08-15 06:56:08 --> Session: Class initialized using 'CodeIgniter\Session\Handlers\FileHandler' driver.
DEBUG - 2026-08-15 06:56:09 --> Session: Class initialized using 'CodeIgniter\Session\Handlers\FileHandler' driver.
DEBUG - 2026-08-15 06:56:21 --> Session: Class initialized using 'CodeIgniter\Session\Handlers\FileHandler' driver.
DEBUG - 2026-08-15 06:57:13 --> Session: Class initialized using 'CodeIgniter\Session\Handlers\FileHandler' driver.
DEBUG - 2026-08-15 06:57:41 --> Session: Class initialized using 'CodeIgniter\Session\Handlers\FileHandler' driver.
ERROR - 2026-08-15 06:57:41 --> mysqli_sql_exception: Unknown column 'os.selling_price' in 'field list' in C:\laragon\www\pharmacy-project\system\Database\MySQLi\Connection.php:327
Stack trace:
#0 C:\laragon\www\pharmacy-project\system\Database\MySQLi\Connection.php(327): mysqli->query('SELECT\r\n       ...', 0)
#1 C:\laragon\www\pharmacy-project\system\Database\BaseConnection.php(729): CodeIgniter\Database\MySQLi\Connection->execute('SELECT\r\n       ...')
#2 C:\laragon\www\pharmacy-project\system\Database\BaseConnection.php(646): CodeIgniter\Database\BaseConnection->simpleQuery('SELECT\r\n       ...')
#3 C:\laragon\www\pharmacy-project\app\Models\ReportModel.php(120): CodeIgniter\Database\BaseConnection->query('SELECT\r\n       ...')
#4 C:\laragon\www\pharmacy-project\app\Controllers\StockReportController.php(17): App\Models\ReportModel->getStockReport()
#5 C:\laragon\www\pharmacy-project\system\CodeIgniter.php(933): App\Controllers\StockReportController->index()
#6 C:\laragon\www\pharmacy-project\system\CodeIgniter.php(507): CodeIgniter\CodeIgniter->runController(Object(App\Controllers\StockReportController))
#7 C:\laragon\www\pharmacy-project\system\CodeIgniter.php(354): CodeIgniter\CodeIgniter->handleRequest(NULL, Object(Config\Cache), false)
#8 C:\laragon\www\pharmacy-project\system\Boot.php(363): CodeIgniter\CodeIgniter->run()
#9 C:\laragon\www\pharmacy-project\system\Boot.php(68): CodeIgniter\Boot::runCodeIgniter(Object(CodeIgniter\CodeIgniter))
#10 C:\laragon\www\pharmacy-project\index.php(59): CodeIgniter\Boot::bootWeb(Object(Config\Paths))
#11 {main}
CRITICAL - 2026-08-15 06:57:41 --> CodeIgniter\Database\Exceptions\DatabaseException: Unknown column 'os.selling_price' in 'field list'
[Method: GET, Route: reports/purchase-list]
in SYSTEMPATH\Database\BaseConnection.php on line 684.
 1 APPPATH\Models\ReportModel.php(120): CodeIgniter\Database\BaseConnection->query('SELECT
            p.product_id,
            p.product_name,

            pc.category_name,
            pb.product_brand_name,
            pg.group_name,
            pu.product_unit_name,

            os.purchase_price_with_vat AS purchase_price,
            os.selling_price,
            os.tax_percentage,
            os.profit_margin_percent,

            COALESCE(opening.qty,0)          AS opening_stock,
            COALESCE(purchase.qty,0)         AS purchase_stock,
            COALESCE(sale.qty,0)             AS sale_stock,
            COALESCE(sale_return.qty,0)      AS sale_return_stock,
            COALESCE(stock_in.qty,0)         AS stock_in,
            COALESCE(stock_out.qty,0)        AS stock_out,
            COALESCE(purchase_return.qty,0)  AS purchase_return_stock,
            COALESCE(ledger.current_stock,0) AS current_stock

        FROM products p

        LEFT JOIN product_category pc
            ON pc.product_category_id = p.product_category

        LEFT JOIN product_brand pb
            ON pb.brand_id = p.product_brand

        LEFT JOIN product_group pg
            ON pg.product_group_id = p.product_group

        LEFT JOIN product_unit pu
            ON pu.product_unit_id = p.product_unit

        LEFT JOIN product_opening_stock os
            ON os.product_id = p.product_id

        LEFT JOIN (
            SELECT product_id, SUM(qty_in) qty
            FROM stock_ledger
            WHERE transaction_type=\'OPENING\'
            GROUP BY product_id
        ) opening
            ON opening.product_id = p.product_id

        LEFT JOIN (
            SELECT product_id, SUM(qty_in) qty
            FROM stock_ledger
            WHERE transaction_type=\'PURCHASE\'
            GROUP BY product_id
        ) purchase
            ON purchase.product_id = p.product_id

        LEFT JOIN (
            SELECT product_id, SUM(qty_out) qty
            FROM stock_ledger
            WHERE transaction_type=\'SALE\'
            GROUP BY product_id
        ) sale
            ON sale.product_id = p.product_id

        LEFT JOIN (
            SELECT product_id, SUM(qty_in) qty
            FROM stock_ledger
            WHERE transaction_type=\'SALE_RETURN\'
            GROUP BY product_id
        ) sale_return
            ON sale_return.product_id = p.product_id

        LEFT JOIN (
            SELECT product_id, SUM(qty_in) qty
            FROM stock_ledger
            WHERE transaction_type=\'STOCK_IN\'
            GROUP BY product_id
        ) stock_in
            ON stock_in.product_id = p.product_id

        LEFT JOIN (
            SELECT product_id, SUM(qty_out) qty
            FROM stock_ledger
            WHERE transaction_type=\'STOCK_OUT\'
            GROUP BY product_id
        ) stock_out
            ON stock_out.product_id = p.product_id

        LEFT JOIN (
            SELECT product_id, SUM(qty_out) qty
            FROM stock_ledger
            WHERE transaction_type=\'PURCHASE_RETURN\'
            GROUP BY product_id
        ) purchase_return
            ON purchase_return.product_id = p.product_id

        LEFT JOIN (
            SELECT
                product_id,
                SUM(qty_in - qty_out) AS current_stock
            FROM stock_ledger
            GROUP BY product_id
        ) ledger
            ON ledger.product_id = p.product_id

        ORDER BY p.product_name ASC')
 2 APPPATH\Controllers\StockReportController.php(17): App\Models\ReportModel->getStockReport()
 3 SYSTEMPATH\CodeIgniter.php(933): App\Controllers\StockReportController->index()
 4 SYSTEMPATH\CodeIgniter.php(507): CodeIgniter\CodeIgniter->runController(Object(App\Controllers\StockReportController))
 5 SYSTEMPATH\CodeIgniter.php(354): CodeIgniter\CodeIgniter->handleRequest(null, Object(Config\Cache), false)
 6 SYSTEMPATH\Boot.php(363): CodeIgniter\CodeIgniter->run()
 7 SYSTEMPATH\Boot.php(68): CodeIgniter\Boot::runCodeIgniter(Object(CodeIgniter\CodeIgniter))
 8 FCPATH\index.php(59): CodeIgniter\Boot::bootWeb(Object(Config\Paths))
CRITICAL - 2026-08-15 06:57:41 --> [Caused by] CodeIgniter\Database\Exceptions\DatabaseException: Unknown column 'os.selling_price' in 'field list'
in SYSTEMPATH\Database\MySQLi\Connection.php on line 332.
 1 SYSTEMPATH\Database\BaseConnection.php(729): CodeIgniter\Database\MySQLi\Connection->execute('SELECT
            p.product_id,
            p.product_name,

            pc.category_name,
            pb.product_brand_name,
            pg.group_name,
            pu.product_unit_name,

            os.purchase_price_with_vat AS purchase_price,
            os.selling_price,
            os.tax_percentage,
            os.profit_margin_percent,

            COALESCE(opening.qty,0)          AS opening_stock,
            COALESCE(purchase.qty,0)         AS purchase_stock,
            COALESCE(sale.qty,0)             AS sale_stock,
            COALESCE(sale_return.qty,0)      AS sale_return_stock,
            COALESCE(stock_in.qty,0)         AS stock_in,
            COALESCE(stock_out.qty,0)        AS stock_out,
            COALESCE(purchase_return.qty,0)  AS purchase_return_stock,
            COALESCE(ledger.current_stock,0) AS current_stock

        FROM products p

        LEFT JOIN product_category pc
            ON pc.product_category_id = p.product_category

        LEFT JOIN product_brand pb
            ON pb.brand_id = p.product_brand

        LEFT JOIN product_group pg
            ON pg.product_group_id = p.product_group

        LEFT JOIN product_unit pu
            ON pu.product_unit_id = p.product_unit

        LEFT JOIN product_opening_stock os
            ON os.product_id = p.product_id

        LEFT JOIN (
            SELECT product_id, SUM(qty_in) qty
            FROM stock_ledger
            WHERE transaction_type=\'OPENING\'
            GROUP BY product_id
        ) opening
            ON opening.product_id = p.product_id

        LEFT JOIN (
            SELECT product_id, SUM(qty_in) qty
            FROM stock_ledger
            WHERE transaction_type=\'PURCHASE\'
            GROUP BY product_id
        ) purchase
            ON purchase.product_id = p.product_id

        LEFT JOIN (
            SELECT product_id, SUM(qty_out) qty
            FROM stock_ledger
            WHERE transaction_type=\'SALE\'
            GROUP BY product_id
        ) sale
            ON sale.product_id = p.product_id

        LEFT JOIN (
            SELECT product_id, SUM(qty_in) qty
            FROM stock_ledger
            WHERE transaction_type=\'SALE_RETURN\'
            GROUP BY product_id
        ) sale_return
            ON sale_return.product_id = p.product_id

        LEFT JOIN (
            SELECT product_id, SUM(qty_in) qty
            FROM stock_ledger
            WHERE transaction_type=\'STOCK_IN\'
            GROUP BY product_id
        ) stock_in
            ON stock_in.product_id = p.product_id

        LEFT JOIN (
            SELECT product_id, SUM(qty_out) qty
            FROM stock_ledger
            WHERE transaction_type=\'STOCK_OUT\'
            GROUP BY product_id
        ) stock_out
            ON stock_out.product_id = p.product_id

        LEFT JOIN (
            SELECT product_id, SUM(qty_out) qty
            FROM stock_ledger
            WHERE transaction_type=\'PURCHASE_RETURN\'
            GROUP BY product_id
        ) purchase_return
            ON purchase_return.product_id = p.product_id

        LEFT JOIN (
            SELECT
                product_id,
                SUM(qty_in - qty_out) AS current_stock
            FROM stock_ledger
            GROUP BY product_id
        ) ledger
            ON ledger.product_id = p.product_id

        ORDER BY p.product_name ASC')
 2 SYSTEMPATH\Database\BaseConnection.php(646): CodeIgniter\Database\BaseConnection->simpleQuery('SELECT
            p.product_id,
            p.product_name,

            pc.category_name,
            pb.product_brand_name,
            pg.group_name,
            pu.product_unit_name,

            os.purchase_price_with_vat AS purchase_price,
            os.selling_price,
            os.tax_percentage,
            os.profit_margin_percent,

            COALESCE(opening.qty,0)          AS opening_stock,
            COALESCE(purchase.qty,0)         AS purchase_stock,
            COALESCE(sale.qty,0)             AS sale_stock,
            COALESCE(sale_return.qty,0)      AS sale_return_stock,
            COALESCE(stock_in.qty,0)         AS stock_in,
            COALESCE(stock_out.qty,0)        AS stock_out,
            COALESCE(purchase_return.qty,0)  AS purchase_return_stock,
            COALESCE(ledger.current_stock,0) AS current_stock

        FROM products p

        LEFT JOIN product_category pc
            ON pc.product_category_id = p.product_category

        LEFT JOIN product_brand pb
            ON pb.brand_id = p.product_brand

        LEFT JOIN product_group pg
            ON pg.product_group_id = p.product_group

        LEFT JOIN product_unit pu
            ON pu.product_unit_id = p.product_unit

        LEFT JOIN product_opening_stock os
            ON os.product_id = p.product_id

        LEFT JOIN (
            SELECT product_id, SUM(qty_in) qty
            FROM stock_ledger
            WHERE transaction_type=\'OPENING\'
            GROUP BY product_id
        ) opening
            ON opening.product_id = p.product_id

        LEFT JOIN (
            SELECT product_id, SUM(qty_in) qty
            FROM stock_ledger
            WHERE transaction_type=\'PURCHASE\'
            GROUP BY product_id
        ) purchase
            ON purchase.product_id = p.product_id

        LEFT JOIN (
            SELECT product_id, SUM(qty_out) qty
            FROM stock_ledger
            WHERE transaction_type=\'SALE\'
            GROUP BY product_id
        ) sale
            ON sale.product_id = p.product_id

        LEFT JOIN (
            SELECT product_id, SUM(qty_in) qty
            FROM stock_ledger
            WHERE transaction_type=\'SALE_RETURN\'
            GROUP BY product_id
        ) sale_return
            ON sale_return.product_id = p.product_id

        LEFT JOIN (
            SELECT product_id, SUM(qty_in) qty
            FROM stock_ledger
            WHERE transaction_type=\'STOCK_IN\'
            GROUP BY product_id
        ) stock_in
            ON stock_in.product_id = p.product_id

        LEFT JOIN (
            SELECT product_id, SUM(qty_out) qty
            FROM stock_ledger
            WHERE transaction_type=\'STOCK_OUT\'
            GROUP BY product_id
        ) stock_out
            ON stock_out.product_id = p.product_id

        LEFT JOIN (
            SELECT product_id, SUM(qty_out) qty
            FROM stock_ledger
            WHERE transaction_type=\'PURCHASE_RETURN\'
            GROUP BY product_id
        ) purchase_return
            ON purchase_return.product_id = p.product_id

        LEFT JOIN (
            SELECT
                product_id,
                SUM(qty_in - qty_out) AS current_stock
            FROM stock_ledger
            GROUP BY product_id
        ) ledger
            ON ledger.product_id = p.product_id

        ORDER BY p.product_name ASC')
 3 APPPATH\Models\ReportModel.php(120): CodeIgniter\Database\BaseConnection->query('SELECT
            p.product_id,
            p.product_name,

            pc.category_name,
            pb.product_brand_name,
            pg.group_name,
            pu.product_unit_name,

            os.purchase_price_with_vat AS purchase_price,
            os.selling_price,
            os.tax_percentage,
            os.profit_margin_percent,

            COALESCE(opening.qty,0)          AS opening_stock,
            COALESCE(purchase.qty,0)         AS purchase_stock,
            COALESCE(sale.qty,0)             AS sale_stock,
            COALESCE(sale_return.qty,0)      AS sale_return_stock,
            COALESCE(stock_in.qty,0)         AS stock_in,
            COALESCE(stock_out.qty,0)        AS stock_out,
            COALESCE(purchase_return.qty,0)  AS purchase_return_stock,
            COALESCE(ledger.current_stock,0) AS current_stock

        FROM products p

        LEFT JOIN product_category pc
            ON pc.product_category_id = p.product_category

        LEFT JOIN product_brand pb
            ON pb.brand_id = p.product_brand

        LEFT JOIN product_group pg
            ON pg.product_group_id = p.product_group

        LEFT JOIN product_unit pu
            ON pu.product_unit_id = p.product_unit

        LEFT JOIN product_opening_stock os
            ON os.product_id = p.product_id

        LEFT JOIN (
            SELECT product_id, SUM(qty_in) qty
            FROM stock_ledger
            WHERE transaction_type=\'OPENING\'
            GROUP BY product_id
        ) opening
            ON opening.product_id = p.product_id

        LEFT JOIN (
            SELECT product_id, SUM(qty_in) qty
            FROM stock_ledger
            WHERE transaction_type=\'PURCHASE\'
            GROUP BY product_id
        ) purchase
            ON purchase.product_id = p.product_id

        LEFT JOIN (
            SELECT product_id, SUM(qty_out) qty
            FROM stock_ledger
            WHERE transaction_type=\'SALE\'
            GROUP BY product_id
        ) sale
            ON sale.product_id = p.product_id

        LEFT JOIN (
            SELECT product_id, SUM(qty_in) qty
            FROM stock_ledger
            WHERE transaction_type=\'SALE_RETURN\'
            GROUP BY product_id
        ) sale_return
            ON sale_return.product_id = p.product_id

        LEFT JOIN (
            SELECT product_id, SUM(qty_in) qty
            FROM stock_ledger
            WHERE transaction_type=\'STOCK_IN\'
            GROUP BY product_id
        ) stock_in
            ON stock_in.product_id = p.product_id

        LEFT JOIN (
            SELECT product_id, SUM(qty_out) qty
            FROM stock_ledger
            WHERE transaction_type=\'STOCK_OUT\'
            GROUP BY product_id
        ) stock_out
            ON stock_out.product_id = p.product_id

        LEFT JOIN (
            SELECT product_id, SUM(qty_out) qty
            FROM stock_ledger
            WHERE transaction_type=\'PURCHASE_RETURN\'
            GROUP BY product_id
        ) purchase_return
            ON purchase_return.product_id = p.product_id

        LEFT JOIN (
            SELECT
                product_id,
                SUM(qty_in - qty_out) AS current_stock
            FROM stock_ledger
            GROUP BY product_id
        ) ledger
            ON ledger.product_id = p.product_id

        ORDER BY p.product_name ASC')
 4 APPPATH\Controllers\StockReportController.php(17): App\Models\ReportModel->getStockReport()
 5 SYSTEMPATH\CodeIgniter.php(933): App\Controllers\StockReportController->index()
 6 SYSTEMPATH\CodeIgniter.php(507): CodeIgniter\CodeIgniter->runController(Object(App\Controllers\StockReportController))
 7 SYSTEMPATH\CodeIgniter.php(354): CodeIgniter\CodeIgniter->handleRequest(null, Object(Config\Cache), false)
 8 SYSTEMPATH\Boot.php(363): CodeIgniter\CodeIgniter->run()
 9 SYSTEMPATH\Boot.php(68): CodeIgniter\Boot::runCodeIgniter(Object(CodeIgniter\CodeIgniter))
10 FCPATH\index.php(59): CodeIgniter\Boot::bootWeb(Object(Config\Paths))
CRITICAL - 2026-08-15 06:57:41 --> [Caused by] mysqli_sql_exception: Unknown column 'os.selling_price' in 'field list'
in SYSTEMPATH\Database\MySQLi\Connection.php on line 327.
 1 SYSTEMPATH\Database\MySQLi\Connection.php(327): mysqli->query('SELECT
            p.product_id,
            p.product_name,

            pc.category_name,
            pb.product_brand_name,
            pg.group_name,
            pu.product_unit_name,

            os.purchase_price_with_vat AS purchase_price,
            os.selling_price,
            os.tax_percentage,
            os.profit_margin_percent,

            COALESCE(opening.qty,0)          AS opening_stock,
            COALESCE(purchase.qty,0)         AS purchase_stock,
            COALESCE(sale.qty,0)             AS sale_stock,
            COALESCE(sale_return.qty,0)      AS sale_return_stock,
            COALESCE(stock_in.qty,0)         AS stock_in,
            COALESCE(stock_out.qty,0)        AS stock_out,
            COALESCE(purchase_return.qty,0)  AS purchase_return_stock,
            COALESCE(ledger.current_stock,0) AS current_stock

        FROM products p

        LEFT JOIN product_category pc
            ON pc.product_category_id = p.product_category

        LEFT JOIN product_brand pb
            ON pb.brand_id = p.product_brand

        LEFT JOIN product_group pg
            ON pg.product_group_id = p.product_group

        LEFT JOIN product_unit pu
            ON pu.product_unit_id = p.product_unit

        LEFT JOIN product_opening_stock os
            ON os.product_id = p.product_id

        LEFT JOIN (
            SELECT product_id, SUM(qty_in) qty
            FROM stock_ledger
            WHERE transaction_type=\'OPENING\'
            GROUP BY product_id
        ) opening
            ON opening.product_id = p.product_id

        LEFT JOIN (
            SELECT product_id, SUM(qty_in) qty
            FROM stock_ledger
            WHERE transaction_type=\'PURCHASE\'
            GROUP BY product_id
        ) purchase
            ON purchase.product_id = p.product_id

        LEFT JOIN (
            SELECT product_id, SUM(qty_out) qty
            FROM stock_ledger
            WHERE transaction_type=\'SALE\'
            GROUP BY product_id
        ) sale
            ON sale.product_id = p.product_id

        LEFT JOIN (
            SELECT product_id, SUM(qty_in) qty
            FROM stock_ledger
            WHERE transaction_type=\'SALE_RETURN\'
            GROUP BY product_id
        ) sale_return
            ON sale_return.product_id = p.product_id

        LEFT JOIN (
            SELECT product_id, SUM(qty_in) qty
            FROM stock_ledger
            WHERE transaction_type=\'STOCK_IN\'
            GROUP BY product_id
        ) stock_in
            ON stock_in.product_id = p.product_id

        LEFT JOIN (
            SELECT product_id, SUM(qty_out) qty
            FROM stock_ledger
            WHERE transaction_type=\'STOCK_OUT\'
            GROUP BY product_id
        ) stock_out
            ON stock_out.product_id = p.product_id

        LEFT JOIN (
            SELECT product_id, SUM(qty_out) qty
            FROM stock_ledger
            WHERE transaction_type=\'PURCHASE_RETURN\'
            GROUP BY product_id
        ) purchase_return
            ON purchase_return.product_id = p.product_id

        LEFT JOIN (
            SELECT
                product_id,
                SUM(qty_in - qty_out) AS current_stock
            FROM stock_ledger
            GROUP BY product_id
        ) ledger
            ON ledger.product_id = p.product_id

        ORDER BY p.product_name ASC', 0)
 2 SYSTEMPATH\Database\BaseConnection.php(729): CodeIgniter\Database\MySQLi\Connection->execute('SELECT
            p.product_id,
            p.product_name,

            pc.category_name,
            pb.product_brand_name,
            pg.group_name,
            pu.product_unit_name,

            os.purchase_price_with_vat AS purchase_price,
            os.selling_price,
            os.tax_percentage,
            os.profit_margin_percent,

            COALESCE(opening.qty,0)          AS opening_stock,
            COALESCE(purchase.qty,0)         AS purchase_stock,
            COALESCE(sale.qty,0)             AS sale_stock,
            COALESCE(sale_return.qty,0)      AS sale_return_stock,
            COALESCE(stock_in.qty,0)         AS stock_in,
            COALESCE(stock_out.qty,0)        AS stock_out,
            COALESCE(purchase_return.qty,0)  AS purchase_return_stock,
            COALESCE(ledger.current_stock,0) AS current_stock

        FROM products p

        LEFT JOIN product_category pc
            ON pc.product_category_id = p.product_category

        LEFT JOIN product_brand pb
            ON pb.brand_id = p.product_brand

        LEFT JOIN product_group pg
            ON pg.product_group_id = p.product_group

        LEFT JOIN product_unit pu
            ON pu.product_unit_id = p.product_unit

        LEFT JOIN product_opening_stock os
            ON os.product_id = p.product_id

        LEFT JOIN (
            SELECT product_id, SUM(qty_in) qty
            FROM stock_ledger
            WHERE transaction_type=\'OPENING\'
            GROUP BY product_id
        ) opening
            ON opening.product_id = p.product_id

        LEFT JOIN (
            SELECT product_id, SUM(qty_in) qty
            FROM stock_ledger
            WHERE transaction_type=\'PURCHASE\'
            GROUP BY product_id
        ) purchase
            ON purchase.product_id = p.product_id

        LEFT JOIN (
            SELECT product_id, SUM(qty_out) qty
            FROM stock_ledger
            WHERE transaction_type=\'SALE\'
            GROUP BY product_id
        ) sale
            ON sale.product_id = p.product_id

        LEFT JOIN (
            SELECT product_id, SUM(qty_in) qty
            FROM stock_ledger
            WHERE transaction_type=\'SALE_RETURN\'
            GROUP BY product_id
        ) sale_return
            ON sale_return.product_id = p.product_id

        LEFT JOIN (
            SELECT product_id, SUM(qty_in) qty
            FROM stock_ledger
            WHERE transaction_type=\'STOCK_IN\'
            GROUP BY product_id
        ) stock_in
            ON stock_in.product_id = p.product_id

        LEFT JOIN (
            SELECT product_id, SUM(qty_out) qty
            FROM stock_ledger
            WHERE transaction_type=\'STOCK_OUT\'
            GROUP BY product_id
        ) stock_out
            ON stock_out.product_id = p.product_id

        LEFT JOIN (
            SELECT product_id, SUM(qty_out) qty
            FROM stock_ledger
            WHERE transaction_type=\'PURCHASE_RETURN\'
            GROUP BY product_id
        ) purchase_return
            ON purchase_return.product_id = p.product_id

        LEFT JOIN (
            SELECT
                product_id,
                SUM(qty_in - qty_out) AS current_stock
            FROM stock_ledger
            GROUP BY product_id
        ) ledger
            ON ledger.product_id = p.product_id

        ORDER BY p.product_name ASC')
 3 SYSTEMPATH\Database\BaseConnection.php(646): CodeIgniter\Database\BaseConnection->simpleQuery('SELECT
            p.product_id,
            p.product_name,

            pc.category_name,
            pb.product_brand_name,
            pg.group_name,
            pu.product_unit_name,

            os.purchase_price_with_vat AS purchase_price,
            os.selling_price,
            os.tax_percentage,
            os.profit_margin_percent,

            COALESCE(opening.qty,0)          AS opening_stock,
            COALESCE(purchase.qty,0)         AS purchase_stock,
            COALESCE(sale.qty,0)             AS sale_stock,
            COALESCE(sale_return.qty,0)      AS sale_return_stock,
            COALESCE(stock_in.qty,0)         AS stock_in,
            COALESCE(stock_out.qty,0)        AS stock_out,
            COALESCE(purchase_return.qty,0)  AS purchase_return_stock,
            COALESCE(ledger.current_stock,0) AS current_stock

        FROM products p

        LEFT JOIN product_category pc
            ON pc.product_category_id = p.product_category

        LEFT JOIN product_brand pb
            ON pb.brand_id = p.product_brand

        LEFT JOIN product_group pg
            ON pg.product_group_id = p.product_group

        LEFT JOIN product_unit pu
            ON pu.product_unit_id = p.product_unit

        LEFT JOIN product_opening_stock os
            ON os.product_id = p.product_id

        LEFT JOIN (
            SELECT product_id, SUM(qty_in) qty
            FROM stock_ledger
            WHERE transaction_type=\'OPENING\'
            GROUP BY product_id
        ) opening
            ON opening.product_id = p.product_id

        LEFT JOIN (
            SELECT product_id, SUM(qty_in) qty
            FROM stock_ledger
            WHERE transaction_type=\'PURCHASE\'
            GROUP BY product_id
        ) purchase
            ON purchase.product_id = p.product_id

        LEFT JOIN (
            SELECT product_id, SUM(qty_out) qty
            FROM stock_ledger
            WHERE transaction_type=\'SALE\'
            GROUP BY product_id
        ) sale
            ON sale.product_id = p.product_id

        LEFT JOIN (
            SELECT product_id, SUM(qty_in) qty
            FROM stock_ledger
            WHERE transaction_type=\'SALE_RETURN\'
            GROUP BY product_id
        ) sale_return
            ON sale_return.product_id = p.product_id

        LEFT JOIN (
            SELECT product_id, SUM(qty_in) qty
            FROM stock_ledger
            WHERE transaction_type=\'STOCK_IN\'
            GROUP BY product_id
        ) stock_in
            ON stock_in.product_id = p.product_id

        LEFT JOIN (
            SELECT product_id, SUM(qty_out) qty
            FROM stock_ledger
            WHERE transaction_type=\'STOCK_OUT\'
            GROUP BY product_id
        ) stock_out
            ON stock_out.product_id = p.product_id

        LEFT JOIN (
            SELECT product_id, SUM(qty_out) qty
            FROM stock_ledger
            WHERE transaction_type=\'PURCHASE_RETURN\'
            GROUP BY product_id
        ) purchase_return
            ON purchase_return.product_id = p.product_id

        LEFT JOIN (
            SELECT
                product_id,
                SUM(qty_in - qty_out) AS current_stock
            FROM stock_ledger
            GROUP BY product_id
        ) ledger
            ON ledger.product_id = p.product_id

        ORDER BY p.product_name ASC')
 4 APPPATH\Models\ReportModel.php(120): CodeIgniter\Database\BaseConnection->query('SELECT
            p.product_id,
            p.product_name,

            pc.category_name,
            pb.product_brand_name,
            pg.group_name,
            pu.product_unit_name,

            os.purchase_price_with_vat AS purchase_price,
            os.selling_price,
            os.tax_percentage,
            os.profit_margin_percent,

            COALESCE(opening.qty,0)          AS opening_stock,
            COALESCE(purchase.qty,0)         AS purchase_stock,
            COALESCE(sale.qty,0)             AS sale_stock,
            COALESCE(sale_return.qty,0)      AS sale_return_stock,
            COALESCE(stock_in.qty,0)         AS stock_in,
            COALESCE(stock_out.qty,0)        AS stock_out,
            COALESCE(purchase_return.qty,0)  AS purchase_return_stock,
            COALESCE(ledger.current_stock,0) AS current_stock

        FROM products p

        LEFT JOIN product_category pc
            ON pc.product_category_id = p.product_category

        LEFT JOIN product_brand pb
            ON pb.brand_id = p.product_brand

        LEFT JOIN product_group pg
            ON pg.product_group_id = p.product_group

        LEFT JOIN product_unit pu
            ON pu.product_unit_id = p.product_unit

        LEFT JOIN product_opening_stock os
            ON os.product_id = p.product_id

        LEFT JOIN (
            SELECT product_id, SUM(qty_in) qty
            FROM stock_ledger
            WHERE transaction_type=\'OPENING\'
            GROUP BY product_id
        ) opening
            ON opening.product_id = p.product_id

        LEFT JOIN (
            SELECT product_id, SUM(qty_in) qty
            FROM stock_ledger
            WHERE transaction_type=\'PURCHASE\'
            GROUP BY product_id
        ) purchase
            ON purchase.product_id = p.product_id

        LEFT JOIN (
            SELECT product_id, SUM(qty_out) qty
            FROM stock_ledger
            WHERE transaction_type=\'SALE\'
            GROUP BY product_id
        ) sale
            ON sale.product_id = p.product_id

        LEFT JOIN (
            SELECT product_id, SUM(qty_in) qty
            FROM stock_ledger
            WHERE transaction_type=\'SALE_RETURN\'
            GROUP BY product_id
        ) sale_return
            ON sale_return.product_id = p.product_id

        LEFT JOIN (
            SELECT product_id, SUM(qty_in) qty
            FROM stock_ledger
            WHERE transaction_type=\'STOCK_IN\'
            GROUP BY product_id
        ) stock_in
            ON stock_in.product_id = p.product_id

        LEFT JOIN (
            SELECT product_id, SUM(qty_out) qty
            FROM stock_ledger
            WHERE transaction_type=\'STOCK_OUT\'
            GROUP BY product_id
        ) stock_out
            ON stock_out.product_id = p.product_id

        LEFT JOIN (
            SELECT product_id, SUM(qty_out) qty
            FROM stock_ledger
            WHERE transaction_type=\'PURCHASE_RETURN\'
            GROUP BY product_id
        ) purchase_return
            ON purchase_return.product_id = p.product_id

        LEFT JOIN (
            SELECT
                product_id,
                SUM(qty_in - qty_out) AS current_stock
            FROM stock_ledger
            GROUP BY product_id
        ) ledger
            ON ledger.product_id = p.product_id

        ORDER BY p.product_name ASC')
 5 APPPATH\Controllers\StockReportController.php(17): App\Models\ReportModel->getStockReport()
 6 SYSTEMPATH\CodeIgniter.php(933): App\Controllers\StockReportController->index()
 7 SYSTEMPATH\CodeIgniter.php(507): CodeIgniter\CodeIgniter->runController(Object(App\Controllers\StockReportController))
 8 SYSTEMPATH\CodeIgniter.php(354): CodeIgniter\CodeIgniter->handleRequest(null, Object(Config\Cache), false)
 9 SYSTEMPATH\Boot.php(363): CodeIgniter\CodeIgniter->run()
10 SYSTEMPATH\Boot.php(68): CodeIgniter\Boot::runCodeIgniter(Object(CodeIgniter\CodeIgniter))
11 FCPATH\index.php(59): CodeIgniter\Boot::bootWeb(Object(Config\Paths))
DEBUG - 2026-08-15 06:57:49 --> Session: Class initialized using 'CodeIgniter\Session\Handlers\FileHandler' driver.
DEBUG - 2026-08-15 06:57:58 --> Session: Class initialized using 'CodeIgniter\Session\Handlers\FileHandler' driver.
DEBUG - 2026-08-15 06:58:55 --> Session: Class initialized using 'CodeIgniter\Session\Handlers\FileHandler' driver.
DEBUG - 2026-08-15 06:58:58 --> Session: Class initialized using 'CodeIgniter\Session\Handlers\FileHandler' driver.
DEBUG - 2026-08-15 06:59:06 --> Session: Class initialized using 'CodeIgniter\Session\Handlers\FileHandler' driver.
DEBUG - 2026-08-15 07:38:24 --> Session: Class initialized using 'CodeIgniter\Session\Handlers\FileHandler' driver.
DEBUG - 2026-08-15 07:38:27 --> Session: Class initialized using 'CodeIgniter\Session\Handlers\FileHandler' driver.
DEBUG - 2026-08-15 07:39:56 --> Session: Class initialized using 'CodeIgniter\Session\Handlers\FileHandler' driver.
CRITICAL - 2026-08-15 07:39:57 --> ErrorException: Undefined array key "selling_price"
[Method: GET, Route: products]
in APPPATH\Views\product\productAdd.php on line 116.
 1 APPPATH\Views\product\productAdd.php(116): CodeIgniter\Debug\Exceptions->errorHandler(2, 'Undefined array key "selling_price"', 'C:\\laragon\\www\\pharmacy-project\\app\\Views\\product\\productAdd.php', 116)
 2 SYSTEMPATH\View\View.php(226): include('C:\\laragon\\www\\pharmacy-project\\app\\Views\\product\\productAdd.php')
 3 SYSTEMPATH\View\View.php(229): CodeIgniter\View\View->CodeIgniter\View\{closure}()
 4 SYSTEMPATH\Common.php(1167): CodeIgniter\View\View->render('product/productAdd', [], true)
 5 APPPATH\Controllers\ProductController.php(49): view('product/productAdd', [...])
 6 SYSTEMPATH\CodeIgniter.php(933): App\Controllers\ProductController->index()
 7 SYSTEMPATH\CodeIgniter.php(507): CodeIgniter\CodeIgniter->runController(Object(App\Controllers\ProductController))
 8 SYSTEMPATH\CodeIgniter.php(354): CodeIgniter\CodeIgniter->handleRequest(null, Object(Config\Cache), false)
 9 SYSTEMPATH\Boot.php(363): CodeIgniter\CodeIgniter->run()
10 SYSTEMPATH\Boot.php(68): CodeIgniter\Boot::runCodeIgniter(Object(CodeIgniter\CodeIgniter))
11 FCPATH\index.php(59): CodeIgniter\Boot::bootWeb(Object(Config\Paths))
DEBUG - 2026-08-15 07:41:46 --> Session: Class initialized using 'CodeIgniter\Session\Handlers\FileHandler' driver.
DEBUG - 2026-08-15 07:41:50 --> Session: Class initialized using 'CodeIgniter\Session\Handlers\FileHandler' driver.
DEBUG - 2026-08-15 07:42:41 --> Session: Class initialized using 'CodeIgniter\Session\Handlers\FileHandler' driver.
DEBUG - 2026-08-15 07:44:33 --> Session: Class initialized using 'CodeIgniter\Session\Handlers\FileHandler' driver.
DEBUG - 2026-08-15 07:44:34 --> Session: Class initialized using 'CodeIgniter\Session\Handlers\FileHandler' driver.
DEBUG - 2026-08-15 07:47:12 --> Session: Class initialized using 'CodeIgniter\Session\Handlers\FileHandler' driver.
DEBUG - 2026-08-15 07:48:30 --> Session: Class initialized using 'CodeIgniter\Session\Handlers\FileHandler' driver.
DEBUG - 2026-08-15 07:51:41 --> Session: Class initialized using 'CodeIgniter\Session\Handlers\FileHandler' driver.
DEBUG - 2026-08-15 07:51:41 --> Session: Class initialized using 'CodeIgniter\Session\Handlers\FileHandler' driver.
DEBUG - 2026-08-15 07:51:48 --> Session: Class initialized using 'CodeIgniter\Session\Handlers\FileHandler' driver.
DEBUG - 2026-08-15 07:51:48 --> Session: Class initialized using 'CodeIgniter\Session\Handlers\FileHandler' driver.
DEBUG - 2026-08-15 07:51:49 --> Session: Class initialized using 'CodeIgniter\Session\Handlers\FileHandler' driver.
DEBUG - 2026-08-15 07:51:49 --> Session: Class initialized using 'CodeIgniter\Session\Handlers\FileHandler' driver.
DEBUG - 2026-08-15 07:51:49 --> Session: Class initialized using 'CodeIgniter\Session\Handlers\FileHandler' driver.
DEBUG - 2026-08-15 07:51:50 --> Session: Class initialized using 'CodeIgniter\Session\Handlers\FileHandler' driver.
DEBUG - 2026-08-15 07:51:50 --> Session: Class initialized using 'CodeIgniter\Session\Handlers\FileHandler' driver.
DEBUG - 2026-08-15 07:51:50 --> Session: Class initialized using 'CodeIgniter\Session\Handlers\FileHandler' driver.
DEBUG - 2026-08-15 07:54:39 --> Session: Class initialized using 'CodeIgniter\Session\Handlers\FileHandler' driver.
DEBUG - 2026-08-15 07:55:08 --> Session: Class initialized using 'CodeIgniter\Session\Handlers\FileHandler' driver.
DEBUG - 2026-08-15 07:55:16 --> Session: Class initialized using 'CodeIgniter\Session\Handlers\FileHandler' driver.
DEBUG - 2026-08-15 07:56:09 --> Session: Class initialized using 'CodeIgniter\Session\Handlers\FileHandler' driver.
DEBUG - 2026-08-15 08:36:15 --> Session: Class initialized using 'CodeIgniter\Session\Handlers\FileHandler' driver.
DEBUG - 2026-08-15 08:36:24 --> Session: Class initialized using 'CodeIgniter\Session\Handlers\FileHandler' driver.
DEBUG - 2026-08-15 08:36:43 --> Session: Class initialized using 'CodeIgniter\Session\Handlers\FileHandler' driver.
DEBUG - 2026-08-15 08:36:48 --> Session: Class initialized using 'CodeIgniter\Session\Handlers\FileHandler' driver.
DEBUG - 2026-08-15 08:37:00 --> Session: Class initialized using 'CodeIgniter\Session\Handlers\FileHandler' driver.
DEBUG - 2026-08-15 08:37:01 --> Session: Class initialized using 'CodeIgniter\Session\Handlers\FileHandler' driver.
DEBUG - 2026-08-15 08:37:18 --> Session: Class initialized using 'CodeIgniter\Session\Handlers\FileHandler' driver.
DEBUG - 2026-08-15 08:37:19 --> Session: Class initialized using 'CodeIgniter\Session\Handlers\FileHandler' driver.
DEBUG - 2026-08-15 08:38:28 --> Session: Class initialized using 'CodeIgniter\Session\Handlers\FileHandler' driver.
DEBUG - 2026-08-15 08:38:48 --> Session: Class initialized using 'CodeIgniter\Session\Handlers\FileHandler' driver.
DEBUG - 2026-08-15 08:39:51 --> Session: Class initialized using 'CodeIgniter\Session\Handlers\FileHandler' driver.
DEBUG - 2026-08-15 08:39:56 --> Session: Class initialized using 'CodeIgniter\Session\Handlers\FileHandler' driver.
DEBUG - 2026-08-15 08:40:01 --> Session: Class initialized using 'CodeIgniter\Session\Handlers\FileHandler' driver.
DEBUG - 2026-08-15 08:46:46 --> Session: Class initialized using 'CodeIgniter\Session\Handlers\FileHandler' driver.
DEBUG - 2026-08-15 08:46:54 --> Session: Class initialized using 'CodeIgniter\Session\Handlers\FileHandler' driver.
DEBUG - 2026-08-15 08:48:37 --> Session: Class initialized using 'CodeIgniter\Session\Handlers\FileHandler' driver.
DEBUG - 2026-08-15 08:50:46 --> Session: Class initialized using 'CodeIgniter\Session\Handlers\FileHandler' driver.
DEBUG - 2026-08-15 08:50:47 --> Session: Class initialized using 'CodeIgniter\Session\Handlers\FileHandler' driver.
DEBUG - 2026-08-15 08:50:47 --> Session: Class initialized using 'CodeIgniter\Session\Handlers\FileHandler' driver.
DEBUG - 2026-08-15 08:50:47 --> Session: Class initialized using 'CodeIgniter\Session\Handlers\FileHandler' driver.
DEBUG - 2026-08-15 08:50:48 --> Session: Class initialized using 'CodeIgniter\Session\Handlers\FileHandler' driver.
DEBUG - 2026-08-15 08:50:48 --> Session: Class initialized using 'CodeIgniter\Session\Handlers\FileHandler' driver.
DEBUG - 2026-08-15 08:50:48 --> Session: Class initialized using 'CodeIgniter\Session\Handlers\FileHandler' driver.
DEBUG - 2026-08-15 08:50:49 --> Session: Class initialized using 'CodeIgniter\Session\Handlers\FileHandler' driver.
DEBUG - 2026-08-15 08:54:17 --> Session: Class initialized using 'CodeIgniter\Session\Handlers\FileHandler' driver.
DEBUG - 2026-08-15 08:54:23 --> Session: Class initialized using 'CodeIgniter\Session\Handlers\FileHandler' driver.
DEBUG - 2026-08-15 08:54:24 --> Session: Class initialized using 'CodeIgniter\Session\Handlers\FileHandler' driver.
DEBUG - 2026-08-15 08:54:24 --> Session: Class initialized using 'CodeIgniter\Session\Handlers\FileHandler' driver.
DEBUG - 2026-08-15 08:54:24 --> Session: Class initialized using 'CodeIgniter\Session\Handlers\FileHandler' driver.
DEBUG - 2026-08-15 08:54:25 --> Session: Class initialized using 'CodeIgniter\Session\Handlers\FileHandler' driver.
DEBUG - 2026-08-15 08:54:25 --> Session: Class initialized using 'CodeIgniter\Session\Handlers\FileHandler' driver.
DEBUG - 2026-08-15 08:54:25 --> Session: Class initialized using 'CodeIgniter\Session\Handlers\FileHandler' driver.
DEBUG - 2026-08-15 08:56:08 --> Session: Class initialized using 'CodeIgniter\Session\Handlers\FileHandler' driver.
DEBUG - 2026-08-15 08:56:53 --> Session: Class initialized using 'CodeIgniter\Session\Handlers\FileHandler' driver.
ERROR - 2026-08-15 08:56:53 --> mysqli_sql_exception: Unknown column 'os.selling_price' in 'field list' in C:\laragon\www\pharmacy-project\system\Database\MySQLi\Connection.php:327
Stack trace:
#0 C:\laragon\www\pharmacy-project\system\Database\MySQLi\Connection.php(327): mysqli->query('SELECT\r\n       ...', 0)
#1 C:\laragon\www\pharmacy-project\system\Database\BaseConnection.php(729): CodeIgniter\Database\MySQLi\Connection->execute('SELECT\r\n       ...')
#2 C:\laragon\www\pharmacy-project\system\Database\BaseConnection.php(646): CodeIgniter\Database\BaseConnection->simpleQuery('SELECT\r\n       ...')
#3 C:\laragon\www\pharmacy-project\app\Models\ReportModel.php(120): CodeIgniter\Database\BaseConnection->query('SELECT\r\n       ...')
#4 C:\laragon\www\pharmacy-project\app\Controllers\StockReportController.php(17): App\Models\ReportModel->getStockReport()
#5 C:\laragon\www\pharmacy-project\system\CodeIgniter.php(933): App\Controllers\StockReportController->index()
#6 C:\laragon\www\pharmacy-project\system\CodeIgniter.php(507): CodeIgniter\CodeIgniter->runController(Object(App\Controllers\StockReportController))
#7 C:\laragon\www\pharmacy-project\system\CodeIgniter.php(354): CodeIgniter\CodeIgniter->handleRequest(NULL, Object(Config\Cache), false)
#8 C:\laragon\www\pharmacy-project\system\Boot.php(363): CodeIgniter\CodeIgniter->run()
#9 C:\laragon\www\pharmacy-project\system\Boot.php(68): CodeIgniter\Boot::runCodeIgniter(Object(CodeIgniter\CodeIgniter))
#10 C:\laragon\www\pharmacy-project\index.php(59): CodeIgniter\Boot::bootWeb(Object(Config\Paths))
#11 {main}
CRITICAL - 2026-08-15 08:56:53 --> CodeIgniter\Database\Exceptions\DatabaseException: Unknown column 'os.selling_price' in 'field list'
[Method: GET, Route: reports/purchase-list]
in SYSTEMPATH\Database\BaseConnection.php on line 684.
 1 APPPATH\Models\ReportModel.php(120): CodeIgniter\Database\BaseConnection->query('SELECT
            p.product_id,
            p.product_name,

            pc.category_name,
            pb.product_brand_name,
            pg.group_name,
            pu.product_unit_name,

            os.purchase_price_with_vat AS purchase_price,
            os.selling_price,
            os.tax_percentage,
            os.profit_margin_percent,

            COALESCE(opening.qty,0)          AS opening_stock,
            COALESCE(purchase.qty,0)         AS purchase_stock,
            COALESCE(sale.qty,0)             AS sale_stock,
            COALESCE(sale_return.qty,0)      AS sale_return_stock,
            COALESCE(stock_in.qty,0)         AS stock_in,
            COALESCE(stock_out.qty,0)        AS stock_out,
            COALESCE(purchase_return.qty,0)  AS purchase_return_stock,
            COALESCE(ledger.current_stock,0) AS current_stock

        FROM products p

        LEFT JOIN product_category pc
            ON pc.product_category_id = p.product_category

        LEFT JOIN product_brand pb
            ON pb.brand_id = p.product_brand

        LEFT JOIN product_group pg
            ON pg.product_group_id = p.product_group

        LEFT JOIN product_unit pu
            ON pu.product_unit_id = p.product_unit

        LEFT JOIN product_opening_stock os
            ON os.product_id = p.product_id

        LEFT JOIN (
            SELECT product_id, SUM(qty_in) qty
            FROM stock_ledger
            WHERE transaction_type=\'OPENING\'
            GROUP BY product_id
        ) opening
            ON opening.product_id = p.product_id

        LEFT JOIN (
            SELECT product_id, SUM(qty_in) qty
            FROM stock_ledger
            WHERE transaction_type=\'PURCHASE\'
            GROUP BY product_id
        ) purchase
            ON purchase.product_id = p.product_id

        LEFT JOIN (
            SELECT product_id, SUM(qty_out) qty
            FROM stock_ledger
            WHERE transaction_type=\'SALE\'
            GROUP BY product_id
        ) sale
            ON sale.product_id = p.product_id

        LEFT JOIN (
            SELECT product_id, SUM(qty_in) qty
            FROM stock_ledger
            WHERE transaction_type=\'SALE_RETURN\'
            GROUP BY product_id
        ) sale_return
            ON sale_return.product_id = p.product_id

        LEFT JOIN (
            SELECT product_id, SUM(qty_in) qty
            FROM stock_ledger
            WHERE transaction_type=\'STOCK_IN\'
            GROUP BY product_id
        ) stock_in
            ON stock_in.product_id = p.product_id

        LEFT JOIN (
            SELECT product_id, SUM(qty_out) qty
            FROM stock_ledger
            WHERE transaction_type=\'STOCK_OUT\'
            GROUP BY product_id
        ) stock_out
            ON stock_out.product_id = p.product_id

        LEFT JOIN (
            SELECT product_id, SUM(qty_out) qty
            FROM stock_ledger
            WHERE transaction_type=\'PURCHASE_RETURN\'
            GROUP BY product_id
        ) purchase_return
            ON purchase_return.product_id = p.product_id

        LEFT JOIN (
            SELECT
                product_id,
                SUM(qty_in - qty_out) AS current_stock
            FROM stock_ledger
            GROUP BY product_id
        ) ledger
            ON ledger.product_id = p.product_id

        ORDER BY p.product_name ASC')
 2 APPPATH\Controllers\StockReportController.php(17): App\Models\ReportModel->getStockReport()
 3 SYSTEMPATH\CodeIgniter.php(933): App\Controllers\StockReportController->index()
 4 SYSTEMPATH\CodeIgniter.php(507): CodeIgniter\CodeIgniter->runController(Object(App\Controllers\StockReportController))
 5 SYSTEMPATH\CodeIgniter.php(354): CodeIgniter\CodeIgniter->handleRequest(null, Object(Config\Cache), false)
 6 SYSTEMPATH\Boot.php(363): CodeIgniter\CodeIgniter->run()
 7 SYSTEMPATH\Boot.php(68): CodeIgniter\Boot::runCodeIgniter(Object(CodeIgniter\CodeIgniter))
 8 FCPATH\index.php(59): CodeIgniter\Boot::bootWeb(Object(Config\Paths))
CRITICAL - 2026-08-15 08:56:53 --> [Caused by] CodeIgniter\Database\Exceptions\DatabaseException: Unknown column 'os.selling_price' in 'field list'
in SYSTEMPATH\Database\MySQLi\Connection.php on line 332.
 1 SYSTEMPATH\Database\BaseConnection.php(729): CodeIgniter\Database\MySQLi\Connection->execute('SELECT
            p.product_id,
            p.product_name,

            pc.category_name,
            pb.product_brand_name,
            pg.group_name,
            pu.product_unit_name,

            os.purchase_price_with_vat AS purchase_price,
            os.selling_price,
            os.tax_percentage,
            os.profit_margin_percent,

            COALESCE(opening.qty,0)          AS opening_stock,
            COALESCE(purchase.qty,0)         AS purchase_stock,
            COALESCE(sale.qty,0)             AS sale_stock,
            COALESCE(sale_return.qty,0)      AS sale_return_stock,
            COALESCE(stock_in.qty,0)         AS stock_in,
            COALESCE(stock_out.qty,0)        AS stock_out,
            COALESCE(purchase_return.qty,0)  AS purchase_return_stock,
            COALESCE(ledger.current_stock,0) AS current_stock

        FROM products p

        LEFT JOIN product_category pc
            ON pc.product_category_id = p.product_category

        LEFT JOIN product_brand pb
            ON pb.brand_id = p.product_brand

        LEFT JOIN product_group pg
            ON pg.product_group_id = p.product_group

        LEFT JOIN product_unit pu
            ON pu.product_unit_id = p.product_unit

        LEFT JOIN product_opening_stock os
            ON os.product_id = p.product_id

        LEFT JOIN (
            SELECT product_id, SUM(qty_in) qty
            FROM stock_ledger
            WHERE transaction_type=\'OPENING\'
            GROUP BY product_id
        ) opening
            ON opening.product_id = p.product_id

        LEFT JOIN (
            SELECT product_id, SUM(qty_in) qty
            FROM stock_ledger
            WHERE transaction_type=\'PURCHASE\'
            GROUP BY product_id
        ) purchase
            ON purchase.product_id = p.product_id

        LEFT JOIN (
            SELECT product_id, SUM(qty_out) qty
            FROM stock_ledger
            WHERE transaction_type=\'SALE\'
            GROUP BY product_id
        ) sale
            ON sale.product_id = p.product_id

        LEFT JOIN (
            SELECT product_id, SUM(qty_in) qty
            FROM stock_ledger
            WHERE transaction_type=\'SALE_RETURN\'
            GROUP BY product_id
        ) sale_return
            ON sale_return.product_id = p.product_id

        LEFT JOIN (
            SELECT product_id, SUM(qty_in) qty
            FROM stock_ledger
            WHERE transaction_type=\'STOCK_IN\'
            GROUP BY product_id
        ) stock_in
            ON stock_in.product_id = p.product_id

        LEFT JOIN (
            SELECT product_id, SUM(qty_out) qty
            FROM stock_ledger
            WHERE transaction_type=\'STOCK_OUT\'
            GROUP BY product_id
        ) stock_out
            ON stock_out.product_id = p.product_id

        LEFT JOIN (
            SELECT product_id, SUM(qty_out) qty
            FROM stock_ledger
            WHERE transaction_type=\'PURCHASE_RETURN\'
            GROUP BY product_id
        ) purchase_return
            ON purchase_return.product_id = p.product_id

        LEFT JOIN (
            SELECT
                product_id,
                SUM(qty_in - qty_out) AS current_stock
            FROM stock_ledger
            GROUP BY product_id
        ) ledger
            ON ledger.product_id = p.product_id

        ORDER BY p.product_name ASC')
 2 SYSTEMPATH\Database\BaseConnection.php(646): CodeIgniter\Database\BaseConnection->simpleQuery('SELECT
            p.product_id,
            p.product_name,

            pc.category_name,
            pb.product_brand_name,
            pg.group_name,
            pu.product_unit_name,

            os.purchase_price_with_vat AS purchase_price,
            os.selling_price,
            os.tax_percentage,
            os.profit_margin_percent,

            COALESCE(opening.qty,0)          AS opening_stock,
            COALESCE(purchase.qty,0)         AS purchase_stock,
            COALESCE(sale.qty,0)             AS sale_stock,
            COALESCE(sale_return.qty,0)      AS sale_return_stock,
            COALESCE(stock_in.qty,0)         AS stock_in,
            COALESCE(stock_out.qty,0)        AS stock_out,
            COALESCE(purchase_return.qty,0)  AS purchase_return_stock,
            COALESCE(ledger.current_stock,0) AS current_stock

        FROM products p

        LEFT JOIN product_category pc
            ON pc.product_category_id = p.product_category

        LEFT JOIN product_brand pb
            ON pb.brand_id = p.product_brand

        LEFT JOIN product_group pg
            ON pg.product_group_id = p.product_group

        LEFT JOIN product_unit pu
            ON pu.product_unit_id = p.product_unit

        LEFT JOIN product_opening_stock os
            ON os.product_id = p.product_id

        LEFT JOIN (
            SELECT product_id, SUM(qty_in) qty
            FROM stock_ledger
            WHERE transaction_type=\'OPENING\'
            GROUP BY product_id
        ) opening
            ON opening.product_id = p.product_id

        LEFT JOIN (
            SELECT product_id, SUM(qty_in) qty
            FROM stock_ledger
            WHERE transaction_type=\'PURCHASE\'
            GROUP BY product_id
        ) purchase
            ON purchase.product_id = p.product_id

        LEFT JOIN (
            SELECT product_id, SUM(qty_out) qty
            FROM stock_ledger
            WHERE transaction_type=\'SALE\'
            GROUP BY product_id
        ) sale
            ON sale.product_id = p.product_id

        LEFT JOIN (
            SELECT product_id, SUM(qty_in) qty
            FROM stock_ledger
            WHERE transaction_type=\'SALE_RETURN\'
            GROUP BY product_id
        ) sale_return
            ON sale_return.product_id = p.product_id

        LEFT JOIN (
            SELECT product_id, SUM(qty_in) qty
            FROM stock_ledger
            WHERE transaction_type=\'STOCK_IN\'
            GROUP BY product_id
        ) stock_in
            ON stock_in.product_id = p.product_id

        LEFT JOIN (
            SELECT product_id, SUM(qty_out) qty
            FROM stock_ledger
            WHERE transaction_type=\'STOCK_OUT\'
            GROUP BY product_id
        ) stock_out
            ON stock_out.product_id = p.product_id

        LEFT JOIN (
            SELECT product_id, SUM(qty_out) qty
            FROM stock_ledger
            WHERE transaction_type=\'PURCHASE_RETURN\'
            GROUP BY product_id
        ) purchase_return
            ON purchase_return.product_id = p.product_id

        LEFT JOIN (
            SELECT
                product_id,
                SUM(qty_in - qty_out) AS current_stock
            FROM stock_ledger
            GROUP BY product_id
        ) ledger
            ON ledger.product_id = p.product_id

        ORDER BY p.product_name ASC')
 3 APPPATH\Models\ReportModel.php(120): CodeIgniter\Database\BaseConnection->query('SELECT
            p.product_id,
            p.product_name,

            pc.category_name,
            pb.product_brand_name,
            pg.group_name,
            pu.product_unit_name,

            os.purchase_price_with_vat AS purchase_price,
            os.selling_price,
            os.tax_percentage,
            os.profit_margin_percent,

            COALESCE(opening.qty,0)          AS opening_stock,
            COALESCE(purchase.qty,0)         AS purchase_stock,
            COALESCE(sale.qty,0)             AS sale_stock,
            COALESCE(sale_return.qty,0)      AS sale_return_stock,
            COALESCE(stock_in.qty,0)         AS stock_in,
            COALESCE(stock_out.qty,0)        AS stock_out,
            COALESCE(purchase_return.qty,0)  AS purchase_return_stock,
            COALESCE(ledger.current_stock,0) AS current_stock

        FROM products p

        LEFT JOIN product_category pc
            ON pc.product_category_id = p.product_category

        LEFT JOIN product_brand pb
            ON pb.brand_id = p.product_brand

        LEFT JOIN product_group pg
            ON pg.product_group_id = p.product_group

        LEFT JOIN product_unit pu
            ON pu.product_unit_id = p.product_unit

        LEFT JOIN product_opening_stock os
            ON os.product_id = p.product_id

        LEFT JOIN (
            SELECT product_id, SUM(qty_in) qty
            FROM stock_ledger
            WHERE transaction_type=\'OPENING\'
            GROUP BY product_id
        ) opening
            ON opening.product_id = p.product_id

        LEFT JOIN (
            SELECT product_id, SUM(qty_in) qty
            FROM stock_ledger
            WHERE transaction_type=\'PURCHASE\'
            GROUP BY product_id
        ) purchase
            ON purchase.product_id = p.product_id

        LEFT JOIN (
            SELECT product_id, SUM(qty_out) qty
            FROM stock_ledger
            WHERE transaction_type=\'SALE\'
            GROUP BY product_id
        ) sale
            ON sale.product_id = p.product_id

        LEFT JOIN (
            SELECT product_id, SUM(qty_in) qty
            FROM stock_ledger
            WHERE transaction_type=\'SALE_RETURN\'
            GROUP BY product_id
        ) sale_return
            ON sale_return.product_id = p.product_id

        LEFT JOIN (
            SELECT product_id, SUM(qty_in) qty
            FROM stock_ledger
            WHERE transaction_type=\'STOCK_IN\'
            GROUP BY product_id
        ) stock_in
            ON stock_in.product_id = p.product_id

        LEFT JOIN (
            SELECT product_id, SUM(qty_out) qty
            FROM stock_ledger
            WHERE transaction_type=\'STOCK_OUT\'
            GROUP BY product_id
        ) stock_out
            ON stock_out.product_id = p.product_id

        LEFT JOIN (
            SELECT product_id, SUM(qty_out) qty
            FROM stock_ledger
            WHERE transaction_type=\'PURCHASE_RETURN\'
            GROUP BY product_id
        ) purchase_return
            ON purchase_return.product_id = p.product_id

        LEFT JOIN (
            SELECT
                product_id,
                SUM(qty_in - qty_out) AS current_stock
            FROM stock_ledger
            GROUP BY product_id
        ) ledger
            ON ledger.product_id = p.product_id

        ORDER BY p.product_name ASC')
 4 APPPATH\Controllers\StockReportController.php(17): App\Models\ReportModel->getStockReport()
 5 SYSTEMPATH\CodeIgniter.php(933): App\Controllers\StockReportController->index()
 6 SYSTEMPATH\CodeIgniter.php(507): CodeIgniter\CodeIgniter->runController(Object(App\Controllers\StockReportController))
 7 SYSTEMPATH\CodeIgniter.php(354): CodeIgniter\CodeIgniter->handleRequest(null, Object(Config\Cache), false)
 8 SYSTEMPATH\Boot.php(363): CodeIgniter\CodeIgniter->run()
 9 SYSTEMPATH\Boot.php(68): CodeIgniter\Boot::runCodeIgniter(Object(CodeIgniter\CodeIgniter))
10 FCPATH\index.php(59): CodeIgniter\Boot::bootWeb(Object(Config\Paths))
CRITICAL - 2026-08-15 08:56:53 --> [Caused by] mysqli_sql_exception: Unknown column 'os.selling_price' in 'field list'
in SYSTEMPATH\Database\MySQLi\Connection.php on line 327.
 1 SYSTEMPATH\Database\MySQLi\Connection.php(327): mysqli->query('SELECT
            p.product_id,
            p.product_name,

            pc.category_name,
            pb.product_brand_name,
            pg.group_name,
            pu.product_unit_name,

            os.purchase_price_with_vat AS purchase_price,
            os.selling_price,
            os.tax_percentage,
            os.profit_margin_percent,

            COALESCE(opening.qty,0)          AS opening_stock,
            COALESCE(purchase.qty,0)         AS purchase_stock,
            COALESCE(sale.qty,0)             AS sale_stock,
            COALESCE(sale_return.qty,0)      AS sale_return_stock,
            COALESCE(stock_in.qty,0)         AS stock_in,
            COALESCE(stock_out.qty,0)        AS stock_out,
            COALESCE(purchase_return.qty,0)  AS purchase_return_stock,
            COALESCE(ledger.current_stock,0) AS current_stock

        FROM products p

        LEFT JOIN product_category pc
            ON pc.product_category_id = p.product_category

        LEFT JOIN product_brand pb
            ON pb.brand_id = p.product_brand

        LEFT JOIN product_group pg
            ON pg.product_group_id = p.product_group

        LEFT JOIN product_unit pu
            ON pu.product_unit_id = p.product_unit

        LEFT JOIN product_opening_stock os
            ON os.product_id = p.product_id

        LEFT JOIN (
            SELECT product_id, SUM(qty_in) qty
            FROM stock_ledger
            WHERE transaction_type=\'OPENING\'
            GROUP BY product_id
        ) opening
            ON opening.product_id = p.product_id

        LEFT JOIN (
            SELECT product_id, SUM(qty_in) qty
            FROM stock_ledger
            WHERE transaction_type=\'PURCHASE\'
            GROUP BY product_id
        ) purchase
            ON purchase.product_id = p.product_id

        LEFT JOIN (
            SELECT product_id, SUM(qty_out) qty
            FROM stock_ledger
            WHERE transaction_type=\'SALE\'
            GROUP BY product_id
        ) sale
            ON sale.product_id = p.product_id

        LEFT JOIN (
            SELECT product_id, SUM(qty_in) qty
            FROM stock_ledger
            WHERE transaction_type=\'SALE_RETURN\'
            GROUP BY product_id
        ) sale_return
            ON sale_return.product_id = p.product_id

        LEFT JOIN (
            SELECT product_id, SUM(qty_in) qty
            FROM stock_ledger
            WHERE transaction_type=\'STOCK_IN\'
            GROUP BY product_id
        ) stock_in
            ON stock_in.product_id = p.product_id

        LEFT JOIN (
            SELECT product_id, SUM(qty_out) qty
            FROM stock_ledger
            WHERE transaction_type=\'STOCK_OUT\'
            GROUP BY product_id
        ) stock_out
            ON stock_out.product_id = p.product_id

        LEFT JOIN (
            SELECT product_id, SUM(qty_out) qty
            FROM stock_ledger
            WHERE transaction_type=\'PURCHASE_RETURN\'
            GROUP BY product_id
        ) purchase_return
            ON purchase_return.product_id = p.product_id

        LEFT JOIN (
            SELECT
                product_id,
                SUM(qty_in - qty_out) AS current_stock
            FROM stock_ledger
            GROUP BY product_id
        ) ledger
            ON ledger.product_id = p.product_id

        ORDER BY p.product_name ASC', 0)
 2 SYSTEMPATH\Database\BaseConnection.php(729): CodeIgniter\Database\MySQLi\Connection->execute('SELECT
            p.product_id,
            p.product_name,

            pc.category_name,
            pb.product_brand_name,
            pg.group_name,
            pu.product_unit_name,

            os.purchase_price_with_vat AS purchase_price,
            os.selling_price,
            os.tax_percentage,
            os.profit_margin_percent,

            COALESCE(opening.qty,0)          AS opening_stock,
            COALESCE(purchase.qty,0)         AS purchase_stock,
            COALESCE(sale.qty,0)             AS sale_stock,
            COALESCE(sale_return.qty,0)      AS sale_return_stock,
            COALESCE(stock_in.qty,0)         AS stock_in,
            COALESCE(stock_out.qty,0)        AS stock_out,
            COALESCE(purchase_return.qty,0)  AS purchase_return_stock,
            COALESCE(ledger.current_stock,0) AS current_stock

        FROM products p

        LEFT JOIN product_category pc
            ON pc.product_category_id = p.product_category

        LEFT JOIN product_brand pb
            ON pb.brand_id = p.product_brand

        LEFT JOIN product_group pg
            ON pg.product_group_id = p.product_group

        LEFT JOIN product_unit pu
            ON pu.product_unit_id = p.product_unit

        LEFT JOIN product_opening_stock os
            ON os.product_id = p.product_id

        LEFT JOIN (
            SELECT product_id, SUM(qty_in) qty
            FROM stock_ledger
            WHERE transaction_type=\'OPENING\'
            GROUP BY product_id
        ) opening
            ON opening.product_id = p.product_id

        LEFT JOIN (
            SELECT product_id, SUM(qty_in) qty
            FROM stock_ledger
            WHERE transaction_type=\'PURCHASE\'
            GROUP BY product_id
        ) purchase
            ON purchase.product_id = p.product_id

        LEFT JOIN (
            SELECT product_id, SUM(qty_out) qty
            FROM stock_ledger
            WHERE transaction_type=\'SALE\'
            GROUP BY product_id
        ) sale
            ON sale.product_id = p.product_id

        LEFT JOIN (
            SELECT product_id, SUM(qty_in) qty
            FROM stock_ledger
            WHERE transaction_type=\'SALE_RETURN\'
            GROUP BY product_id
        ) sale_return
            ON sale_return.product_id = p.product_id

        LEFT JOIN (
            SELECT product_id, SUM(qty_in) qty
            FROM stock_ledger
            WHERE transaction_type=\'STOCK_IN\'
            GROUP BY product_id
        ) stock_in
            ON stock_in.product_id = p.product_id

        LEFT JOIN (
            SELECT product_id, SUM(qty_out) qty
            FROM stock_ledger
            WHERE transaction_type=\'STOCK_OUT\'
            GROUP BY product_id
        ) stock_out
            ON stock_out.product_id = p.product_id

        LEFT JOIN (
            SELECT product_id, SUM(qty_out) qty
            FROM stock_ledger
            WHERE transaction_type=\'PURCHASE_RETURN\'
            GROUP BY product_id
        ) purchase_return
            ON purchase_return.product_id = p.product_id

        LEFT JOIN (
            SELECT
                product_id,
                SUM(qty_in - qty_out) AS current_stock
            FROM stock_ledger
            GROUP BY product_id
        ) ledger
            ON ledger.product_id = p.product_id

        ORDER BY p.product_name ASC')
 3 SYSTEMPATH\Database\BaseConnection.php(646): CodeIgniter\Database\BaseConnection->simpleQuery('SELECT
            p.product_id,
            p.product_name,

            pc.category_name,
            pb.product_brand_name,
            pg.group_name,
            pu.product_unit_name,

            os.purchase_price_with_vat AS purchase_price,
            os.selling_price,
            os.tax_percentage,
            os.profit_margin_percent,

            COALESCE(opening.qty,0)          AS opening_stock,
            COALESCE(purchase.qty,0)         AS purchase_stock,
            COALESCE(sale.qty,0)             AS sale_stock,
            COALESCE(sale_return.qty,0)      AS sale_return_stock,
            COALESCE(stock_in.qty,0)         AS stock_in,
            COALESCE(stock_out.qty,0)        AS stock_out,
            COALESCE(purchase_return.qty,0)  AS purchase_return_stock,
            COALESCE(ledger.current_stock,0) AS current_stock

        FROM products p

        LEFT JOIN product_category pc
            ON pc.product_category_id = p.product_category

        LEFT JOIN product_brand pb
            ON pb.brand_id = p.product_brand

        LEFT JOIN product_group pg
            ON pg.product_group_id = p.product_group

        LEFT JOIN product_unit pu
            ON pu.product_unit_id = p.product_unit

        LEFT JOIN product_opening_stock os
            ON os.product_id = p.product_id

        LEFT JOIN (
            SELECT product_id, SUM(qty_in) qty
            FROM stock_ledger
            WHERE transaction_type=\'OPENING\'
            GROUP BY product_id
        ) opening
            ON opening.product_id = p.product_id

        LEFT JOIN (
            SELECT product_id, SUM(qty_in) qty
            FROM stock_ledger
            WHERE transaction_type=\'PURCHASE\'
            GROUP BY product_id
        ) purchase
            ON purchase.product_id = p.product_id

        LEFT JOIN (
            SELECT product_id, SUM(qty_out) qty
            FROM stock_ledger
            WHERE transaction_type=\'SALE\'
            GROUP BY product_id
        ) sale
            ON sale.product_id = p.product_id

        LEFT JOIN (
            SELECT product_id, SUM(qty_in) qty
            FROM stock_ledger
            WHERE transaction_type=\'SALE_RETURN\'
            GROUP BY product_id
        ) sale_return
            ON sale_return.product_id = p.product_id

        LEFT JOIN (
            SELECT product_id, SUM(qty_in) qty
            FROM stock_ledger
            WHERE transaction_type=\'STOCK_IN\'
            GROUP BY product_id
        ) stock_in
            ON stock_in.product_id = p.product_id

        LEFT JOIN (
            SELECT product_id, SUM(qty_out) qty
            FROM stock_ledger
            WHERE transaction_type=\'STOCK_OUT\'
            GROUP BY product_id
        ) stock_out
            ON stock_out.product_id = p.product_id

        LEFT JOIN (
            SELECT product_id, SUM(qty_out) qty
            FROM stock_ledger
            WHERE transaction_type=\'PURCHASE_RETURN\'
            GROUP BY product_id
        ) purchase_return
            ON purchase_return.product_id = p.product_id

        LEFT JOIN (
            SELECT
                product_id,
                SUM(qty_in - qty_out) AS current_stock
            FROM stock_ledger
            GROUP BY product_id
        ) ledger
            ON ledger.product_id = p.product_id

        ORDER BY p.product_name ASC')
 4 APPPATH\Models\ReportModel.php(120): CodeIgniter\Database\BaseConnection->query('SELECT
            p.product_id,
            p.product_name,

            pc.category_name,
            pb.product_brand_name,
            pg.group_name,
            pu.product_unit_name,

            os.purchase_price_with_vat AS purchase_price,
            os.selling_price,
            os.tax_percentage,
            os.profit_margin_percent,

            COALESCE(opening.qty,0)          AS opening_stock,
            COALESCE(purchase.qty,0)         AS purchase_stock,
            COALESCE(sale.qty,0)             AS sale_stock,
            COALESCE(sale_return.qty,0)      AS sale_return_stock,
            COALESCE(stock_in.qty,0)         AS stock_in,
            COALESCE(stock_out.qty,0)        AS stock_out,
            COALESCE(purchase_return.qty,0)  AS purchase_return_stock,
            COALESCE(ledger.current_stock,0) AS current_stock

        FROM products p

        LEFT JOIN product_category pc
            ON pc.product_category_id = p.product_category

        LEFT JOIN product_brand pb
            ON pb.brand_id = p.product_brand

        LEFT JOIN product_group pg
            ON pg.product_group_id = p.product_group

        LEFT JOIN product_unit pu
            ON pu.product_unit_id = p.product_unit

        LEFT JOIN product_opening_stock os
            ON os.product_id = p.product_id

        LEFT JOIN (
            SELECT product_id, SUM(qty_in) qty
            FROM stock_ledger
            WHERE transaction_type=\'OPENING\'
            GROUP BY product_id
        ) opening
            ON opening.product_id = p.product_id

        LEFT JOIN (
            SELECT product_id, SUM(qty_in) qty
            FROM stock_ledger
            WHERE transaction_type=\'PURCHASE\'
            GROUP BY product_id
        ) purchase
            ON purchase.product_id = p.product_id

        LEFT JOIN (
            SELECT product_id, SUM(qty_out) qty
            FROM stock_ledger
            WHERE transaction_type=\'SALE\'
            GROUP BY product_id
        ) sale
            ON sale.product_id = p.product_id

        LEFT JOIN (
            SELECT product_id, SUM(qty_in) qty
            FROM stock_ledger
            WHERE transaction_type=\'SALE_RETURN\'
            GROUP BY product_id
        ) sale_return
            ON sale_return.product_id = p.product_id

        LEFT JOIN (
            SELECT product_id, SUM(qty_in) qty
            FROM stock_ledger
            WHERE transaction_type=\'STOCK_IN\'
            GROUP BY product_id
        ) stock_in
            ON stock_in.product_id = p.product_id

        LEFT JOIN (
            SELECT product_id, SUM(qty_out) qty
            FROM stock_ledger
            WHERE transaction_type=\'STOCK_OUT\'
            GROUP BY product_id
        ) stock_out
            ON stock_out.product_id = p.product_id

        LEFT JOIN (
            SELECT product_id, SUM(qty_out) qty
            FROM stock_ledger
            WHERE transaction_type=\'PURCHASE_RETURN\'
            GROUP BY product_id
        ) purchase_return
            ON purchase_return.product_id = p.product_id

        LEFT JOIN (
            SELECT
                product_id,
                SUM(qty_in - qty_out) AS current_stock
            FROM stock_ledger
            GROUP BY product_id
        ) ledger
            ON ledger.product_id = p.product_id

        ORDER BY p.product_name ASC')
 5 APPPATH\Controllers\StockReportController.php(17): App\Models\ReportModel->getStockReport()
 6 SYSTEMPATH\CodeIgniter.php(933): App\Controllers\StockReportController->index()
 7 SYSTEMPATH\CodeIgniter.php(507): CodeIgniter\CodeIgniter->runController(Object(App\Controllers\StockReportController))
 8 SYSTEMPATH\CodeIgniter.php(354): CodeIgniter\CodeIgniter->handleRequest(null, Object(Config\Cache), false)
 9 SYSTEMPATH\Boot.php(363): CodeIgniter\CodeIgniter->run()
10 SYSTEMPATH\Boot.php(68): CodeIgniter\Boot::runCodeIgniter(Object(CodeIgniter\CodeIgniter))
11 FCPATH\index.php(59): CodeIgniter\Boot::bootWeb(Object(Config\Paths))
DEBUG - 2026-08-15 09:01:29 --> Session: Class initialized using 'CodeIgniter\Session\Handlers\FileHandler' driver.
DEBUG - 2026-08-15 09:01:48 --> Session: Class initialized using 'CodeIgniter\Session\Handlers\FileHandler' driver.
DEBUG - 2026-08-15 09:02:09 --> Session: Class initialized using 'CodeIgniter\Session\Handlers\FileHandler' driver.
DEBUG - 2026-08-15 09:02:17 --> Session: Class initialized using 'CodeIgniter\Session\Handlers\FileHandler' driver.
DEBUG - 2026-08-15 09:02:36 --> Session: Class initialized using 'CodeIgniter\Session\Handlers\FileHandler' driver.
DEBUG - 2026-08-15 09:02:48 --> Session: Class initialized using 'CodeIgniter\Session\Handlers\FileHandler' driver.
DEBUG - 2026-08-15 09:03:01 --> Session: Class initialized using 'CodeIgniter\Session\Handlers\FileHandler' driver.
DEBUG - 2026-08-15 09:03:11 --> Session: Class initialized using 'CodeIgniter\Session\Handlers\FileHandler' driver.
DEBUG - 2026-08-15 09:03:21 --> Session: Class initialized using 'CodeIgniter\Session\Handlers\FileHandler' driver.
DEBUG - 2026-08-15 09:04:20 --> Session: Class initialized using 'CodeIgniter\Session\Handlers\FileHandler' driver.
DEBUG - 2026-08-15 09:04:49 --> Session: Class initialized using 'CodeIgniter\Session\Handlers\FileHandler' driver.
DEBUG - 2026-08-15 09:04:52 --> Session: Class initialized using 'CodeIgniter\Session\Handlers\FileHandler' driver.
DEBUG - 2026-08-15 09:05:05 --> Session: Class initialized using 'CodeIgniter\Session\Handlers\FileHandler' driver.
DEBUG - 2026-08-15 09:09:39 --> Session: Class initialized using 'CodeIgniter\Session\Handlers\FileHandler' driver.
DEBUG - 2026-08-15 09:09:48 --> Session: Class initialized using 'CodeIgniter\Session\Handlers\FileHandler' driver.
DEBUG - 2026-08-15 09:09:49 --> Session: Class initialized using 'CodeIgniter\Session\Handlers\FileHandler' driver.
DEBUG - 2026-08-15 09:09:58 --> Session: Class initialized using 'CodeIgniter\Session\Handlers\FileHandler' driver.
DEBUG - 2026-08-15 09:09:58 --> Session: Class initialized using 'CodeIgniter\Session\Handlers\FileHandler' driver.
DEBUG - 2026-08-15 09:10:06 --> Session: Class initialized using 'CodeIgniter\Session\Handlers\FileHandler' driver.
DEBUG - 2026-08-15 13:52:20 --> Session: Class initialized using 'CodeIgniter\Session\Handlers\FileHandler' driver.
DEBUG - 2026-08-15 13:52:20 --> Session: Class initialized using 'CodeIgniter\Session\Handlers\FileHandler' driver.
DEBUG - 2026-08-15 13:52:28 --> Session: Class initialized using 'CodeIgniter\Session\Handlers\FileHandler' driver.
DEBUG - 2026-08-15 13:52:28 --> Session: Class initialized using 'CodeIgniter\Session\Handlers\FileHandler' driver.
DEBUG - 2026-08-15 13:52:38 --> Session: Class initialized using 'CodeIgniter\Session\Handlers\FileHandler' driver.
DEBUG - 2026-08-15 13:55:05 --> Session: Class initialized using 'CodeIgniter\Session\Handlers\FileHandler' driver.
DEBUG - 2026-08-15 13:55:07 --> Session: Class initialized using 'CodeIgniter\Session\Handlers\FileHandler' driver.
DEBUG - 2026-08-15 13:55:22 --> Session: Class initialized using 'CodeIgniter\Session\Handlers\FileHandler' driver.
DEBUG - 2026-08-15 13:59:24 --> Session: Class initialized using 'CodeIgniter\Session\Handlers\FileHandler' driver.
DEBUG - 2026-08-15 13:59:50 --> Session: Class initialized using 'CodeIgniter\Session\Handlers\FileHandler' driver.
DEBUG - 2026-08-15 14:02:14 --> Session: Class initialized using 'CodeIgniter\Session\Handlers\FileHandler' driver.
DEBUG - 2026-08-15 14:02:47 --> Session: Class initialized using 'CodeIgniter\Session\Handlers\FileHandler' driver.
DEBUG - 2026-08-15 14:02:50 --> Session: Class initialized using 'CodeIgniter\Session\Handlers\FileHandler' driver.
DEBUG - 2026-08-15 14:06:44 --> Session: Class initialized using 'CodeIgniter\Session\Handlers\FileHandler' driver.
DEBUG - 2026-08-15 14:06:51 --> Session: Class initialized using 'CodeIgniter\Session\Handlers\FileHandler' driver.
DEBUG - 2026-08-15 14:07:06 --> Session: Class initialized using 'CodeIgniter\Session\Handlers\FileHandler' driver.
DEBUG - 2026-08-15 14:12:49 --> Session: Class initialized using 'CodeIgniter\Session\Handlers\FileHandler' driver.
DEBUG - 2026-08-15 14:13:00 --> Session: Class initialized using 'CodeIgniter\Session\Handlers\FileHandler' driver.
ERROR - 2026-08-15 14:13:00 --> mysqli_sql_exception: Unknown column 's.invoice_no' in 'field list' in C:\laragon\www\pharmacy-project\system\Database\MySQLi\Connection.php:327
Stack trace:
#0 C:\laragon\www\pharmacy-project\system\Database\MySQLi\Connection.php(327): mysqli->query('SELECT cd.due_i...', 0)
#1 C:\laragon\www\pharmacy-project\system\Database\BaseConnection.php(729): CodeIgniter\Database\MySQLi\Connection->execute('SELECT cd.due_i...')
#2 C:\laragon\www\pharmacy-project\system\Database\BaseConnection.php(646): CodeIgniter\Database\BaseConnection->simpleQuery('SELECT cd.due_i...')
#3 C:\laragon\www\pharmacy-project\system\Database\BaseBuilder.php(1649): CodeIgniter\Database\BaseConnection->query('SELECT cd.due_i...', Array, false)
#4 C:\laragon\www\pharmacy-project\app\Models\CustomerModel.php(147): CodeIgniter\Database\BaseBuilder->get()
#5 C:\laragon\www\pharmacy-project\app\Controllers\CustomerController.php(202): App\Models\CustomerModel->getCustomerAccountStatement('13')
#6 C:\laragon\www\pharmacy-project\system\CodeIgniter.php(933): App\Controllers\CustomerController->CustomerAccountStatementData()
#7 C:\laragon\www\pharmacy-project\system\CodeIgniter.php(507): CodeIgniter\CodeIgniter->runController(Object(App\Controllers\CustomerController))
#8 C:\laragon\www\pharmacy-project\system\CodeIgniter.php(354): CodeIgniter\CodeIgniter->handleRequest(NULL, Object(Config\Cache), false)
#9 C:\laragon\www\pharmacy-project\system\Boot.php(363): CodeIgniter\CodeIgniter->run()
#10 C:\laragon\www\pharmacy-project\system\Boot.php(68): CodeIgniter\Boot::runCodeIgniter(Object(CodeIgniter\CodeIgniter))
#11 C:\laragon\www\pharmacy-project\index.php(59): CodeIgniter\Boot::bootWeb(Object(Config\Paths))
#12 {main}
CRITICAL - 2026-08-15 14:13:00 --> CodeIgniter\Database\Exceptions\DatabaseException: Unknown column 's.invoice_no' in 'field list'
[Method: POST, Route: customer/account-statement-data]
in SYSTEMPATH\Database\BaseConnection.php on line 684.
 1 SYSTEMPATH\Database\BaseBuilder.php(1649): CodeIgniter\Database\BaseConnection->query('SELECT cd.due_id,
            cd.customer_id,
            cd.sales_id,

            s.invoice_no,
            s.sales_date,

            cd.due_amount,

            COALESCE(
                SUM(cdp.payment_amount),
                0
            ) AS paid_amount,

            (
                cd.due_amount
                -
                COALESCE(
                    SUM(cdp.payment_amount),
                    0
                )
            ) AS remaining_due,

            MAX(cdp.payment_date) AS last_payment_date
FROM `customer_due` `cd`
LEFT JOIN `sales` `s` ON `s`.`sales_id` = `cd`.`sales_id`
LEFT JOIN `customer_due_payment` `cdp` ON `cdp`.`due_id` = `cd`.`due_id`
WHERE `cd`.`customer_id` = :cd.customer_id:
GROUP BY `cd`.`due_id`, `cd`.`customer_id`, `cd`.`sales_id`, `s`.`invoice_no`, `s`.`sales_date`, `cd`.`due_amount`
ORDER BY `s`.`sales_date` ASC, `cd`.`due_id` ASC', [...], false)
 2 APPPATH\Models\CustomerModel.php(147): CodeIgniter\Database\BaseBuilder->get()
 3 APPPATH\Controllers\CustomerController.php(202): App\Models\CustomerModel->getCustomerAccountStatement('13')
 4 SYSTEMPATH\CodeIgniter.php(933): App\Controllers\CustomerController->CustomerAccountStatementData()
 5 SYSTEMPATH\CodeIgniter.php(507): CodeIgniter\CodeIgniter->runController(Object(App\Controllers\CustomerController))
 6 SYSTEMPATH\CodeIgniter.php(354): CodeIgniter\CodeIgniter->handleRequest(null, Object(Config\Cache), false)
 7 SYSTEMPATH\Boot.php(363): CodeIgniter\CodeIgniter->run()
 8 SYSTEMPATH\Boot.php(68): CodeIgniter\Boot::runCodeIgniter(Object(CodeIgniter\CodeIgniter))
 9 FCPATH\index.php(59): CodeIgniter\Boot::bootWeb(Object(Config\Paths))
CRITICAL - 2026-08-15 14:13:00 --> [Caused by] CodeIgniter\Database\Exceptions\DatabaseException: Unknown column 's.invoice_no' in 'field list'
in SYSTEMPATH\Database\MySQLi\Connection.php on line 332.
 1 SYSTEMPATH\Database\BaseConnection.php(729): CodeIgniter\Database\MySQLi\Connection->execute('SELECT cd.due_id,
            cd.customer_id,
            cd.sales_id,

            s.invoice_no,
            s.sales_date,

            cd.due_amount,

            COALESCE(
                SUM(cdp.payment_amount),
                0
            ) AS paid_amount,

            (
                cd.due_amount
                -
                COALESCE(
                    SUM(cdp.payment_amount),
                    0
                )
            ) AS remaining_due,

            MAX(cdp.payment_date) AS last_payment_date
FROM `customer_due` `cd`
LEFT JOIN `sales` `s` ON `s`.`sales_id` = `cd`.`sales_id`
LEFT JOIN `customer_due_payment` `cdp` ON `cdp`.`due_id` = `cd`.`due_id`
WHERE `cd`.`customer_id` = \'13\'
GROUP BY `cd`.`due_id`, `cd`.`customer_id`, `cd`.`sales_id`, `s`.`invoice_no`, `s`.`sales_date`, `cd`.`due_amount`
ORDER BY `s`.`sales_date` ASC, `cd`.`due_id` ASC')
 2 SYSTEMPATH\Database\BaseConnection.php(646): CodeIgniter\Database\BaseConnection->simpleQuery('SELECT cd.due_id,
            cd.customer_id,
            cd.sales_id,

            s.invoice_no,
            s.sales_date,

            cd.due_amount,

            COALESCE(
                SUM(cdp.payment_amount),
                0
            ) AS paid_amount,

            (
                cd.due_amount
                -
                COALESCE(
                    SUM(cdp.payment_amount),
                    0
                )
            ) AS remaining_due,

            MAX(cdp.payment_date) AS last_payment_date
FROM `customer_due` `cd`
LEFT JOIN `sales` `s` ON `s`.`sales_id` = `cd`.`sales_id`
LEFT JOIN `customer_due_payment` `cdp` ON `cdp`.`due_id` = `cd`.`due_id`
WHERE `cd`.`customer_id` = \'13\'
GROUP BY `cd`.`due_id`, `cd`.`customer_id`, `cd`.`sales_id`, `s`.`invoice_no`, `s`.`sales_date`, `cd`.`due_amount`
ORDER BY `s`.`sales_date` ASC, `cd`.`due_id` ASC')
 3 SYSTEMPATH\Database\BaseBuilder.php(1649): CodeIgniter\Database\BaseConnection->query('SELECT cd.due_id,
            cd.customer_id,
            cd.sales_id,

            s.invoice_no,
            s.sales_date,

            cd.due_amount,

            COALESCE(
                SUM(cdp.payment_amount),
                0
            ) AS paid_amount,

            (
                cd.due_amount
                -
                COALESCE(
                    SUM(cdp.payment_amount),
                    0
                )
            ) AS remaining_due,

            MAX(cdp.payment_date) AS last_payment_date
FROM `customer_due` `cd`
LEFT JOIN `sales` `s` ON `s`.`sales_id` = `cd`.`sales_id`
LEFT JOIN `customer_due_payment` `cdp` ON `cdp`.`due_id` = `cd`.`due_id`
WHERE `cd`.`customer_id` = :cd.customer_id:
GROUP BY `cd`.`due_id`, `cd`.`customer_id`, `cd`.`sales_id`, `s`.`invoice_no`, `s`.`sales_date`, `cd`.`due_amount`
ORDER BY `s`.`sales_date` ASC, `cd`.`due_id` ASC', [...], false)
 4 APPPATH\Models\CustomerModel.php(147): CodeIgniter\Database\BaseBuilder->get()
 5 APPPATH\Controllers\CustomerController.php(202): App\Models\CustomerModel->getCustomerAccountStatement('13')
 6 SYSTEMPATH\CodeIgniter.php(933): App\Controllers\CustomerController->CustomerAccountStatementData()
 7 SYSTEMPATH\CodeIgniter.php(507): CodeIgniter\CodeIgniter->runController(Object(App\Controllers\CustomerController))
 8 SYSTEMPATH\CodeIgniter.php(354): CodeIgniter\CodeIgniter->handleRequest(null, Object(Config\Cache), false)
 9 SYSTEMPATH\Boot.php(363): CodeIgniter\CodeIgniter->run()
10 SYSTEMPATH\Boot.php(68): CodeIgniter\Boot::runCodeIgniter(Object(CodeIgniter\CodeIgniter))
11 FCPATH\index.php(59): CodeIgniter\Boot::bootWeb(Object(Config\Paths))
CRITICAL - 2026-08-15 14:13:00 --> [Caused by] mysqli_sql_exception: Unknown column 's.invoice_no' in 'field list'
in SYSTEMPATH\Database\MySQLi\Connection.php on line 327.
 1 SYSTEMPATH\Database\MySQLi\Connection.php(327): mysqli->query('SELECT cd.due_id,
            cd.customer_id,
            cd.sales_id,

            s.invoice_no,
            s.sales_date,

            cd.due_amount,

            COALESCE(
                SUM(cdp.payment_amount),
                0
            ) AS paid_amount,

            (
                cd.due_amount
                -
                COALESCE(
                    SUM(cdp.payment_amount),
                    0
                )
            ) AS remaining_due,

            MAX(cdp.payment_date) AS last_payment_date
FROM `customer_due` `cd`
LEFT JOIN `sales` `s` ON `s`.`sales_id` = `cd`.`sales_id`
LEFT JOIN `customer_due_payment` `cdp` ON `cdp`.`due_id` = `cd`.`due_id`
WHERE `cd`.`customer_id` = \'13\'
GROUP BY `cd`.`due_id`, `cd`.`customer_id`, `cd`.`sales_id`, `s`.`invoice_no`, `s`.`sales_date`, `cd`.`due_amount`
ORDER BY `s`.`sales_date` ASC, `cd`.`due_id` ASC', 0)
 2 SYSTEMPATH\Database\BaseConnection.php(729): CodeIgniter\Database\MySQLi\Connection->execute('SELECT cd.due_id,
            cd.customer_id,
            cd.sales_id,

            s.invoice_no,
            s.sales_date,

            cd.due_amount,

            COALESCE(
                SUM(cdp.payment_amount),
                0
            ) AS paid_amount,

            (
                cd.due_amount
                -
                COALESCE(
                    SUM(cdp.payment_amount),
                    0
                )
            ) AS remaining_due,

            MAX(cdp.payment_date) AS last_payment_date
FROM `customer_due` `cd`
LEFT JOIN `sales` `s` ON `s`.`sales_id` = `cd`.`sales_id`
LEFT JOIN `customer_due_payment` `cdp` ON `cdp`.`due_id` = `cd`.`due_id`
WHERE `cd`.`customer_id` = \'13\'
GROUP BY `cd`.`due_id`, `cd`.`customer_id`, `cd`.`sales_id`, `s`.`invoice_no`, `s`.`sales_date`, `cd`.`due_amount`
ORDER BY `s`.`sales_date` ASC, `cd`.`due_id` ASC')
 3 SYSTEMPATH\Database\BaseConnection.php(646): CodeIgniter\Database\BaseConnection->simpleQuery('SELECT cd.due_id,
            cd.customer_id,
            cd.sales_id,

            s.invoice_no,
            s.sales_date,

            cd.due_amount,

            COALESCE(
                SUM(cdp.payment_amount),
                0
            ) AS paid_amount,

            (
                cd.due_amount
                -
                COALESCE(
                    SUM(cdp.payment_amount),
                    0
                )
            ) AS remaining_due,

            MAX(cdp.payment_date) AS last_payment_date
FROM `customer_due` `cd`
LEFT JOIN `sales` `s` ON `s`.`sales_id` = `cd`.`sales_id`
LEFT JOIN `customer_due_payment` `cdp` ON `cdp`.`due_id` = `cd`.`due_id`
WHERE `cd`.`customer_id` = \'13\'
GROUP BY `cd`.`due_id`, `cd`.`customer_id`, `cd`.`sales_id`, `s`.`invoice_no`, `s`.`sales_date`, `cd`.`due_amount`
ORDER BY `s`.`sales_date` ASC, `cd`.`due_id` ASC')
 4 SYSTEMPATH\Database\BaseBuilder.php(1649): CodeIgniter\Database\BaseConnection->query('SELECT cd.due_id,
            cd.customer_id,
            cd.sales_id,

            s.invoice_no,
            s.sales_date,

            cd.due_amount,

            COALESCE(
                SUM(cdp.payment_amount),
                0
            ) AS paid_amount,

            (
                cd.due_amount
                -
                COALESCE(
                    SUM(cdp.payment_amount),
                    0
                )
            ) AS remaining_due,

            MAX(cdp.payment_date) AS last_payment_date
FROM `customer_due` `cd`
LEFT JOIN `sales` `s` ON `s`.`sales_id` = `cd`.`sales_id`
LEFT JOIN `customer_due_payment` `cdp` ON `cdp`.`due_id` = `cd`.`due_id`
WHERE `cd`.`customer_id` = :cd.customer_id:
GROUP BY `cd`.`due_id`, `cd`.`customer_id`, `cd`.`sales_id`, `s`.`invoice_no`, `s`.`sales_date`, `cd`.`due_amount`
ORDER BY `s`.`sales_date` ASC, `cd`.`due_id` ASC', [...], false)
 5 APPPATH\Models\CustomerModel.php(147): CodeIgniter\Database\BaseBuilder->get()
 6 APPPATH\Controllers\CustomerController.php(202): App\Models\CustomerModel->getCustomerAccountStatement('13')
 7 SYSTEMPATH\CodeIgniter.php(933): App\Controllers\CustomerController->CustomerAccountStatementData()
 8 SYSTEMPATH\CodeIgniter.php(507): CodeIgniter\CodeIgniter->runController(Object(App\Controllers\CustomerController))
 9 SYSTEMPATH\CodeIgniter.php(354): CodeIgniter\CodeIgniter->handleRequest(null, Object(Config\Cache), false)
10 SYSTEMPATH\Boot.php(363): CodeIgniter\CodeIgniter->run()
11 SYSTEMPATH\Boot.php(68): CodeIgniter\Boot::runCodeIgniter(Object(CodeIgniter\CodeIgniter))
12 FCPATH\index.php(59): CodeIgniter\Boot::bootWeb(Object(Config\Paths))
DEBUG - 2026-08-15 14:15:58 --> Session: Class initialized using 'CodeIgniter\Session\Handlers\FileHandler' driver.
DEBUG - 2026-08-15 14:16:39 --> Session: Class initialized using 'CodeIgniter\Session\Handlers\FileHandler' driver.
DEBUG - 2026-08-15 14:18:06 --> Session: Class initialized using 'CodeIgniter\Session\Handlers\FileHandler' driver.
DEBUG - 2026-08-15 14:18:13 --> Session: Class initialized using 'CodeIgniter\Session\Handlers\FileHandler' driver.
DEBUG - 2026-08-15 14:20:07 --> Session: Class initialized using 'CodeIgniter\Session\Handlers\FileHandler' driver.
DEBUG - 2026-08-15 14:20:15 --> Session: Class initialized using 'CodeIgniter\Session\Handlers\FileHandler' driver.
DEBUG - 2026-08-15 14:20:29 --> Session: Class initialized using 'CodeIgniter\Session\Handlers\FileHandler' driver.
DEBUG - 2026-08-15 14:24:04 --> Session: Class initialized using 'CodeIgniter\Session\Handlers\FileHandler' driver.
DEBUG - 2026-08-15 14:24:10 --> Session: Class initialized using 'CodeIgniter\Session\Handlers\FileHandler' driver.
DEBUG - 2026-08-15 14:25:11 --> Session: Class initialized using 'CodeIgniter\Session\Handlers\FileHandler' driver.
DEBUG - 2026-08-15 14:25:16 --> Session: Class initialized using 'CodeIgniter\Session\Handlers\FileHandler' driver.
DEBUG - 2026-08-15 14:25:57 --> Session: Class initialized using 'CodeIgniter\Session\Handlers\FileHandler' driver.
DEBUG - 2026-08-15 14:25:59 --> Session: Class initialized using 'CodeIgniter\Session\Handlers\FileHandler' driver.
DEBUG - 2026-08-15 14:26:13 --> Session: Class initialized using 'CodeIgniter\Session\Handlers\FileHandler' driver.
DEBUG - 2026-08-15 14:26:54 --> Session: Class initialized using 'CodeIgniter\Session\Handlers\FileHandler' driver.
DEBUG - 2026-08-15 14:26:58 --> Session: Class initialized using 'CodeIgniter\Session\Handlers\FileHandler' driver.
DEBUG - 2026-08-15 14:27:01 --> Session: Class initialized using 'CodeIgniter\Session\Handlers\FileHandler' driver.
